// Generated by tools/gen_cp932 (from .NET Encoding.GetEncoding(932)).
// DO NOT EDIT — regenerate instead. See tools/gen_cp932/Program.cs.
#pragma once
#include <cstdint>

// byte -> codepoint+1 (0 = invalid). Covers ASCII + half-width katakana.
static const uint16_t kCp932SingleDecode[256] = {
    0x0001, 0x0002, 0x0003, 0x0004, 0x0005, 0x0006, 0x0007, 0x0008, 
    0x0009, 0x000A, 0x000B, 0x000C, 0x000D, 0x000E, 0x000F, 0x0010, 
    0x0011, 0x0012, 0x0013, 0x0014, 0x0015, 0x0016, 0x0017, 0x0018, 
    0x0019, 0x001A, 0x001B, 0x001C, 0x001D, 0x001E, 0x001F, 0x0020, 
    0x0021, 0x0022, 0x0023, 0x0024, 0x0025, 0x0026, 0x0027, 0x0028, 
    0x0029, 0x002A, 0x002B, 0x002C, 0x002D, 0x002E, 0x002F, 0x0030, 
    0x0031, 0x0032, 0x0033, 0x0034, 0x0035, 0x0036, 0x0037, 0x0038, 
    0x0039, 0x003A, 0x003B, 0x003C, 0x003D, 0x003E, 0x003F, 0x0040, 
    0x0041, 0x0042, 0x0043, 0x0044, 0x0045, 0x0046, 0x0047, 0x0048, 
    0x0049, 0x004A, 0x004B, 0x004C, 0x004D, 0x004E, 0x004F, 0x0050, 
    0x0051, 0x0052, 0x0053, 0x0054, 0x0055, 0x0056, 0x0057, 0x0058, 
    0x0059, 0x005A, 0x005B, 0x005C, 0x005D, 0x005E, 0x005F, 0x0060, 
    0x0061, 0x0062, 0x0063, 0x0064, 0x0065, 0x0066, 0x0067, 0x0068, 
    0x0069, 0x006A, 0x006B, 0x006C, 0x006D, 0x006E, 0x006F, 0x0070, 
    0x0071, 0x0072, 0x0073, 0x0074, 0x0075, 0x0076, 0x0077, 0x0078, 
    0x0079, 0x007A, 0x007B, 0x007C, 0x007D, 0x007E, 0x007F, 0x0080, 
    0x0081, 0x0000, 0x0000, 0x0000, 0x0000, 0x0000, 0x0000, 0x0000, 
    0x0000, 0x0000, 0x0000, 0x0000, 0x0000, 0x0000, 0x0000, 0x0000, 
    0x0000, 0x0000, 0x0000, 0x0000, 0x0000, 0x0000, 0x0000, 0x0000, 
    0x0000, 0x0000, 0x0000, 0x0000, 0x0000, 0x0000, 0x0000, 0x0000, 
    0xF8F1, 0xFF62, 0xFF63, 0xFF64, 0xFF65, 0xFF66, 0xFF67, 0xFF68, 
    0xFF69, 0xFF6A, 0xFF6B, 0xFF6C, 0xFF6D, 0xFF6E, 0xFF6F, 0xFF70, 
    0xFF71, 0xFF72, 0xFF73, 0xFF74, 0xFF75, 0xFF76, 0xFF77, 0xFF78, 
    0xFF79, 0xFF7A, 0xFF7B, 0xFF7C, 0xFF7D, 0xFF7E, 0xFF7F, 0xFF80, 
    0xFF81, 0xFF82, 0xFF83, 0xFF84, 0xFF85, 0xFF86, 0xFF87, 0xFF88, 
    0xFF89, 0xFF8A, 0xFF8B, 0xFF8C, 0xFF8D, 0xFF8E, 0xFF8F, 0xFF90, 
    0xFF91, 0xFF92, 0xFF93, 0xFF94, 0xFF95, 0xFF96, 0xFF97, 0xFF98, 
    0xFF99, 0xFF9A, 0xFF9B, 0xFF9C, 0xFF9D, 0xFF9E, 0xFF9F, 0xFFA0, 
    0x0000, 0x0000, 0x0000, 0x0000, 0x0000, 0x0000, 0x0000, 0x0000, 
    0x0000, 0x0000, 0x0000, 0x0000, 0x0000, 0x0000, 0x0000, 0x0000, 
    0x0000, 0x0000, 0x0000, 0x0000, 0x0000, 0x0000, 0x0000, 0x0000, 
    0x0000, 0x0000, 0x0000, 0x0000, 0x0000, 0xF8F2, 0xF8F3, 0xF8F4, 
};

// (lead<<8)|trail -> codepoint+1 (0 = invalid).
static const uint16_t kCp932PairDecode[65536] = {
    0x0000, 0x0000, 0x0000, 0x0000, 0x0000, 0x0000, 0x0000, 0x0000, 
    0x0000, 0x0000, 0x0000, 0x0000, 0x0000, 0x0000, 0x0000, 0x0000, 
    0x0000, 0x0000, 0x0000, 0x0000, 0x0000, 0x0000, 0x0000, 0x0000, 
    0x0000, 0x0000, 0x0000, 0x0000, 0x0000, 0x0000, 0x0000, 0x0000, 
    0x0000, 0x0000, 0x0000, 0x0000, 0x0000, 0x0000, 0x0000, 0x0000, 
    0x0000, 0x0000, 0x0000, 0x0000, 0x0000, 0x0000, 0x0000, 0x0000, 
    0x0000, 0x0000, 0x0000, 0x0000, 0x0000, 0x0000, 0x0000, 0x0000, 
    0x0000, 0x0000, 0x0000, 0x0000, 0x0000, 0x0000, 0x0000, 0x0000, 
    0x0000, 0x0000, 0x0000, 0x0000, 0x0000, 0x0000, 0x0000, 0x0000, 
    0x0000, 0x0000, 0x0000, 0x0000, 0x0000, 0x0000, 0x0000, 0x0000, 
    0x0000, 0x0000, 0x0000, 0x0000, 0x0000, 0x0000, 0x0000, 0x0000, 
    0x0000, 0x0000, 0x0000, 0x0000, 0x0000, 0x0000, 0x0000, 0x0000, 
    0x0000, 0x0000, 0x0000, 0x0000, 0x0000, 0x0000, 0x0000, 0x0000, 
    0x0000, 0x0000, 0x0000, 0x0000, 0x0000, 0x0000, 0x0000, 0x0000, 
    0x0000, 0x0000, 0x0000, 0x0000, 0x0000, 0x0000, 0x0000, 0x0000, 
    0x0000, 0x0000, 0x0000, 0x0000, 0x0000, 0x0000, 0x0000, 0x0000, 
    0x0000, 0x0000, 0x0000, 0x0000, 0x0000, 0x0000, 0x0000, 0x0000, 
    0x0000, 0x0000, 0x0000, 0x0000, 0x0000, 0x0000, 0x0000, 0x0000, 
    0x0000, 0x0000, 0x0000, 0x0000, 0x0000, 0x0000, 0x0000, 0x0000, 
    0x0000, 0x0000, 0x0000, 0x0000, 0x0000, 0x0000, 0x0000, 0x0000, 
    0x0000, 0x0000, 0x0000, 0x0000, 0x0000, 0x0000, 0x0000, 0x0000, 
    0x0000, 0x0000, 0x0000, 0x0000, 0x0000, 0x0000, 0x0000, 0x0000, 
    0x0000, 0x0000, 0x0000, 0x0000, 0x0000, 0x0000, 0x0000, 0x0000, 
    0x0000, 0x0000, 0x0000, 0x0000, 0x0000, 0x0000, 0x0000, 0x0000, 
    0x0000, 0x0000, 0x0000, 0x0000, 0x0000, 0x0000, 0x0000, 0x0000, 
    0x0000, 0x0000, 0x0000, 0x0000, 0x0000, 0x0000, 0x0000, 0x0000, 
    0x0000, 0x0000, 0x0000, 0x0000, 0x0000, 0x0000, 0x0000, 0x0000, 
    0x0000, 0x0000, 0x0000, 0x0000, 0x0000, 0x0000, 0x0000, 0x0000, 
    0x0000, 0x0000, 0x0000, 0x0000, 0x0000, 0x0000, 0x0000, 0x0000, 
    0x0000, 0x0000, 0x0000, 0x0000, 0x0000, 0x0000, 0x0000, 0x0000, 
    0x0000, 0x0000, 0x0000, 0x0000, 0x0000, 0x0000, 0x0000, 0x0000, 
    0x0000, 0x0000, 0x0000, 0x0000, 0x0000, 0x0000, 0x0000, 0x0000, 
    0x0000, 0x0000, 0x0000, 0x0000, 0x0000, 0x0000, 0x0000, 0x0000, 
    0x0000, 0x0000, 0x0000, 0x0000, 0x0000, 0x0000, 0x0000, 0x0000, 
    0x0000, 0x0000, 0x0000, 0x0000, 0x0000, 0x0000, 0x0000, 0x0000, 
    0x0000, 0x0000, 0x0000, 0x0000, 0x0000, 0x0000, 0x0000, 0x0000, 
    0x0000, 0x0000, 0x0000, 0x0000, 0x0000, 0x0000, 0x0000, 0x0000, 
    0x0000, 0x0000, 0x0000, 0x0000, 0x0000, 0x0000, 0x0000, 0x0000, 
    0x0000, 0x0000, 0x0000, 0x0000, 0x0000, 0x0000, 0x0000, 0x0000, 
    0x0000, 0x0000, 0x0000, 0x0000, 0x0000, 0x0000, 0x0000, 0x0000, 
    0x0000, 0x0000, 0x0000, 0x0000, 0x0000, 0x0000, 0x0000, 0x0000, 
    0x0000, 0x0000, 0x0000, 0x0000, 0x0000, 0x0000, 0x0000, 0x0000, 
    0x0000, 0x0000, 0x0000, 0x0000, 0x0000, 0x0000, 0x0000, 0x0000, 
    0x0000, 0x0000, 0x0000, 0x0000, 0x0000, 0x0000, 0x0000, 0x0000, 
    0x0000, 0x0000, 0x0000, 0x0000, 0x0000, 0x0000, 0x0000, 0x0000, 
    0x0000, 0x0000, 0x0000, 0x0000, 0x0000, 0x0000, 0x0000, 0x0000, 
    0x0000, 0x0000, 0x0000, 0x0000, 0x0000, 0x0000, 0x0000, 0x0000, 
    0x0000, 0x0000, 0x0000, 0x0000, 0x0000, 0x0000, 0x0000, 0x0000, 
    0x0000, 0x0000, 0x0000, 0x0000, 0x0000, 0x0000, 0x0000, 0x0000, 
    0x0000, 0x0000, 0x0000, 0x0000, 0x0000, 0x0000, 0x0000, 0x0000, 
    0x0000, 0x0000, 0x0000, 0x0000, 0x0000, 0x0000, 0x0000, 0x0000, 
    0x0000, 0x0000, 0x0000, 0x0000, 0x0000, 0x0000, 0x0000, 0x0000, 
    0x0000, 0x0000, 0x0000, 0x0000, 0x0000, 0x0000, 0x0000, 0x0000, 
    0x0000, 0x0000, 0x0000, 0x0000, 0x0000, 0x0000, 0x0000, 0x0000, 
    0x0000, 0x0000, 0x0000, 0x0000, 0x0000, 0x0000, 0x0000, 0x0000, 
    0x0000, 0x0000, 0x0000, 0x0000, 0x0000, 0x0000, 0x0000, 0x0000, 
    0x0000, 0x0000, 0x0000, 0x0000, 0x0000, 0x0000, 0x0000, 0x0000, 
    0x0000, 0x0000, 0x0000, 0x0000, 0x0000, 0x0000, 0x0000, 0x0000, 
    0x0000, 0x0000, 0x0000, 0x0000, 0x0000, 0x0000, 0x0000, 0x0000, 
    0x0000, 0x0000, 0x0000, 0x0000, 0x0000, 0x0000, 0x0000, 0x0000, 
    0x0000, 0x0000, 0x0000, 0x0000, 0x0000, 0x0000, 0x0000, 0x0000, 
    0x0000, 0x0000, 0x0000, 0x0000, 0x0000, 0x0000, 0x0000, 0x0000, 
    0x0000, 0x0000, 0x0000, 0x0000, 0x0000, 0x0000, 0x0000, 0x0000, 
    0x0000, 0x0000, 0x0000, 0x0000, 0x0000, 0x0000, 0x0000, 0x0000, 
    0x0000, 0x0000, 0x0000, 0x0000, 0x0000, 0x0000, 0x0000, 0x0000, 
    0x0000, 0x0000, 0x0000, 0x0000, 0x0000, 0x0000, 0x0000, 0x0000, 
    0x0000, 0x0000, 0x0000, 0x0000, 0x0000, 0x0000, 0x0000, 0x0000, 
    0x0000, 0x0000, 0x0000, 0x0000, 0x0000, 0x0000, 0x0000, 0x0000, 
    0x0000, 0x0000, 0x0000, 0x0000, 0x0000, 0x0000, 0x0000, 0x0000, 
    0x0000, 0x0000, 0x0000, 0x0000, 0x0000, 0x0000, 0x0000, 0x0000, 
    0x0000, 0x0000, 0x0000, 0x0000, 0x0000, 0x0000, 0x0000, 0x0000, 
    0x0000, 0x0000, 0x0000, 0x0000, 0x0000, 0x0000, 0x0000, 0x0000, 
    0x0000, 0x0000, 0x0000, 0x0000, 0x0000, 0x0000, 0x0000, 0x0000, 
    0x0000, 0x0000, 0x0000, 0x0000, 0x0000, 0x0000, 0x0000, 0x0000, 
    0x0000, 0x0000, 0x0000, 0x0000, 0x0000, 0x0000, 0x0000, 0x0000, 
    0x0000, 0x0000, 0x0000, 0x0000, 0x0000, 0x0000, 0x0000, 0x0000, 
    0x0000, 0x0000, 0x0000, 0x0000, 0x0000, 0x0000, 0x0000, 0x0000, 
    0x0000, 0x0000, 0x0000, 0x0000, 0x0000, 0x0000, 0x0000, 0x0000, 
    0x0000, 0x0000, 0x0000, 0x0000, 0x0000, 0x0000, 0x0000, 0x0000, 
    0x0000, 0x0000, 0x0000, 0x0000, 0x0000, 0x0000, 0x0000, 0x0000, 
    0x0000, 0x0000, 0x0000, 0x0000, 0x0000, 0x0000, 0x0000, 0x0000, 
    0x0000, 0x0000, 0x0000, 0x0000, 0x0000, 0x0000, 0x0000, 0x0000, 
    0x0000, 0x0000, 0x0000, 0x0000, 0x0000, 0x0000, 0x0000, 0x0000, 
    0x0000, 0x0000, 0x0000, 0x0000, 0x0000, 0x0000, 0x0000, 0x0000, 
    0x0000, 0x0000, 0x0000, 0x0000, 0x0000, 0x0000, 0x0000, 0x0000, 
    0x0000, 0x0000, 0x0000, 0x0000, 0x0000, 0x0000, 0x0000, 0x0000, 
    0x0000, 0x0000, 0x0000, 0x0000, 0x0000, 0x0000, 0x0000, 0x0000, 
    0x0000, 0x0000, 0x0000, 0x0000, 0x0000, 0x0000, 0x0000, 0x0000, 
    0x0000, 0x0000, 0x0000, 0x0000, 0x0000, 0x0000, 0x0000, 0x0000, 
    0x0000, 0x0000, 0x0000, 0x0000, 0x0000, 0x0000, 0x0000, 0x0000, 
    0x0000, 0x0000, 0x0000, 0x0000, 0x0000, 0x0000, 0x0000, 0x0000, 
    0x0000, 0x0000, 0x0000, 0x0000, 0x0000, 0x0000, 0x0000, 0x0000, 
    0x0000, 0x0000, 0x0000, 0x0000, 0x0000, 0x0000, 0x0000, 0x0000, 
    0x0000, 0x0000, 0x0000, 0x0000, 0x0000, 0x0000, 0x0000, 0x0000, 
    0x0000, 0x0000, 0x0000, 0x0000, 0x0000, 0x0000, 0x0000, 0x0000, 
    0x0000, 0x0000, 0x0000, 0x0000, 0x0000, 0x0000, 0x0000, 0x0000, 
    0x0000, 0x0000, 0x0000, 0x0000, 0x0000, 0x0000, 0x0000, 0x0000, 
    0x0000, 0x0000, 0x0000, 0x0000, 0x0000, 0x0000, 0x0000, 0x0000, 
    0x0000, 0x0000, 0x0000, 0x0000, 0x0000, 0x0000, 0x0000, 0x0000, 
    0x0000, 0x0000, 0x0000, 0x0000, 0x0000, 0x0000, 0x0000, 0x0000, 
    0x0000, 0x0000, 0x0000, 0x0000, 0x0000, 0x0000, 0x0000, 0x0000, 
    0x0000, 0x0000, 0x0000, 0x0000, 0x0000, 0x0000, 0x0000, 0x0000, 
    0x0000, 0x0000, 0x0000, 0x0000, 0x0000, 0x0000, 0x0000, 0x0000, 
    0x0000, 0x0000, 0x0000, 0x0000, 0x0000, 0x0000, 0x0000, 0x0000, 
    0x0000, 0x0000, 0x0000, 0x0000, 0x0000, 0x0000, 0x0000, 0x0000, 
    0x0000, 0x0000, 0x0000, 0x0000, 0x0000, 0x0000, 0x0000, 0x0000, 
    0x0000, 0x0000, 0x0000, 0x0000, 0x0000, 0x0000, 0x0000, 0x0000, 
    0x0000, 0x0000, 0x0000, 0x0000, 0x0000, 0x0000, 0x0000, 0x0000, 
    0x0000, 0x0000, 0x0000, 0x0000, 0x0000, 0x0000, 0x0000, 0x0000, 
    0x0000, 0x0000, 0x0000, 0x0000, 0x0000, 0x0000, 0x0000, 0x0000, 
    0x0000, 0x0000, 0x0000, 0x0000, 0x0000, 0x0000, 0x0000, 0x0000, 
    0x0000, 0x0000, 0x0000, 0x0000, 0x0000, 0x0000, 0x0000, 0x0000, 
    0x0000, 0x0000, 0x0000, 0x0000, 0x0000, 0x0000, 0x0000, 0x0000, 
    0x0000, 0x0000, 0x0000, 0x0000, 0x0000, 0x0000, 0x0000, 0x0000, 
    0x0000, 0x0000, 0x0000, 0x0000, 0x0000, 0x0000, 0x0000, 0x0000, 
    0x0000, 0x0000, 0x0000, 0x0000, 0x0000, 0x0000, 0x0000, 0x0000, 
    0x0000, 0x0000, 0x0000, 0x0000, 0x0000, 0x0000, 0x0000, 0x0000, 
    0x0000, 0x0000, 0x0000, 0x0000, 0x0000, 0x0000, 0x0000, 0x0000, 
    0x0000, 0x0000, 0x0000, 0x0000, 0x0000, 0x0000, 0x0000, 0x0000, 
    0x0000, 0x0000, 0x0000, 0x0000, 0x0000, 0x0000, 0x0000, 0x0000, 
    0x0000, 0x0000, 0x0000, 0x0000, 0x0000, 0x0000, 0x0000, 0x0000, 
    0x0000, 0x0000, 0x0000, 0x0000, 0x0000, 0x0000, 0x0000, 0x0000, 
    0x0000, 0x0000, 0x0000, 0x0000, 0x0000, 0x0000, 0x0000, 0x0000, 
    0x0000, 0x0000, 0x0000, 0x0000, 0x0000, 0x0000, 0x0000, 0x0000, 
    0x0000, 0x0000, 0x0000, 0x0000, 0x0000, 0x0000, 0x0000, 0x0000, 
    0x0000, 0x0000, 0x0000, 0x0000, 0x0000, 0x0000, 0x0000, 0x0000, 
    0x0000, 0x0000, 0x0000, 0x0000, 0x0000, 0x0000, 0x0000, 0x0000, 
    0x0000, 0x0000, 0x0000, 0x0000, 0x0000, 0x0000, 0x0000, 0x0000, 
    0x0000, 0x0000, 0x0000, 0x0000, 0x0000, 0x0000, 0x0000, 0x0000, 
    0x0000, 0x0000, 0x0000, 0x0000, 0x0000, 0x0000, 0x0000, 0x0000, 
    0x0000, 0x0000, 0x0000, 0x0000, 0x0000, 0x0000, 0x0000, 0x0000, 
    0x0000, 0x0000, 0x0000, 0x0000, 0x0000, 0x0000, 0x0000, 0x0000, 
    0x0000, 0x0000, 0x0000, 0x0000, 0x0000, 0x0000, 0x0000, 0x0000, 
    0x0000, 0x0000, 0x0000, 0x0000, 0x0000, 0x0000, 0x0000, 0x0000, 
    0x0000, 0x0000, 0x0000, 0x0000, 0x0000, 0x0000, 0x0000, 0x0000, 
    0x0000, 0x0000, 0x0000, 0x0000, 0x0000, 0x0000, 0x0000, 0x0000, 
    0x0000, 0x0000, 0x0000, 0x0000, 0x0000, 0x0000, 0x0000, 0x0000, 
    0x0000, 0x0000, 0x0000, 0x0000, 0x0000, 0x0000, 0x0000, 0x0000, 
    0x0000, 0x0000, 0x0000, 0x0000, 0x0000, 0x0000, 0x0000, 0x0000, 
    0x0000, 0x0000, 0x0000, 0x0000, 0x0000, 0x0000, 0x0000, 0x0000, 
    0x0000, 0x0000, 0x0000, 0x0000, 0x0000, 0x0000, 0x0000, 0x0000, 
    0x0000, 0x0000, 0x0000, 0x0000, 0x0000, 0x0000, 0x0000, 0x0000, 
    0x0000, 0x0000, 0x0000, 0x0000, 0x0000, 0x0000, 0x0000, 0x0000, 
    0x0000, 0x0000, 0x0000, 0x0000, 0x0000, 0x0000, 0x0000, 0x0000, 
    0x0000, 0x0000, 0x0000, 0x0000, 0x0000, 0x0000, 0x0000, 0x0000, 
    0x0000, 0x0000, 0x0000, 0x0000, 0x0000, 0x0000, 0x0000, 0x0000, 
    0x0000, 0x0000, 0x0000, 0x0000, 0x0000, 0x0000, 0x0000, 0x0000, 
    0x0000, 0x0000, 0x0000, 0x0000, 0x0000, 0x0000, 0x0000, 0x0000, 
    0x0000, 0x0000, 0x0000, 0x0000, 0x0000, 0x0000, 0x0000, 0x0000, 
    0x0000, 0x0000, 0x0000, 0x0000, 0x0000, 0x0000, 0x0000, 0x0000, 
    0x0000, 0x0000, 0x0000, 0x0000, 0x0000, 0x0000, 0x0000, 0x0000, 
    0x0000, 0x0000, 0x0000, 0x0000, 0x0000, 0x0000, 0x0000, 0x0000, 
    0x0000, 0x0000, 0x0000, 0x0000, 0x0000, 0x0000, 0x0000, 0x0000, 
    0x0000, 0x0000, 0x0000, 0x0000, 0x0000, 0x0000, 0x0000, 0x0000, 
    0x0000, 0x0000, 0x0000, 0x0000, 0x0000, 0x0000, 0x0000, 0x0000, 
    0x0000, 0x0000, 0x0000, 0x0000, 0x0000, 0x0000, 0x0000, 0x0000, 
    0x0000, 0x0000, 0x0000, 0x0000, 0x0000, 0x0000, 0x0000, 0x0000, 
    0x0000, 0x0000, 0x0000, 0x0000, 0x0000, 0x0000, 0x0000, 0x0000, 
    0x0000, 0x0000, 0x0000, 0x0000, 0x0000, 0x0000, 0x0000, 0x0000, 
    0x0000, 0x0000, 0x0000, 0x0000, 0x0000, 0x0000, 0x0000, 0x0000, 
    0x0000, 0x0000, 0x0000, 0x0000, 0x0000, 0x0000, 0x0000, 0x0000, 
    0x0000, 0x0000, 0x0000, 0x0000, 0x0000, 0x0000, 0x0000, 0x0000, 
    0x0000, 0x0000, 0x0000, 0x0000, 0x0000, 0x0000, 0x0000, 0x0000, 
    0x0000, 0x0000, 0x0000, 0x0000, 0x0000, 0x0000, 0x0000, 0x0000, 
    0x0000, 0x0000, 0x0000, 0x0000, 0x0000, 0x0000, 0x0000, 0x0000, 
    0x0000, 0x0000, 0x0000, 0x0000, 0x0000, 0x0000, 0x0000, 0x0000, 
    0x0000, 0x0000, 0x0000, 0x0000, 0x0000, 0x0000, 0x0000, 0x0000, 
    0x0000, 0x0000, 0x0000, 0x0000, 0x0000, 0x0000, 0x0000, 0x0000, 
    0x0000, 0x0000, 0x0000, 0x0000, 0x0000, 0x0000, 0x0000, 0x0000, 
    0x0000, 0x0000, 0x0000, 0x0000, 0x0000, 0x0000, 0x0000, 0x0000, 
    0x0000, 0x0000, 0x0000, 0x0000, 0x0000, 0x0000, 0x0000, 0x0000, 
    0x0000, 0x0000, 0x0000, 0x0000, 0x0000, 0x0000, 0x0000, 0x0000, 
    0x0000, 0x0000, 0x0000, 0x0000, 0x0000, 0x0000, 0x0000, 0x0000, 
    0x0000, 0x0000, 0x0000, 0x0000, 0x0000, 0x0000, 0x0000, 0x0000, 
    0x0000, 0x0000, 0x0000, 0x0000, 0x0000, 0x0000, 0x0000, 0x0000, 
    0x0000, 0x0000, 0x0000, 0x0000, 0x0000, 0x0000, 0x0000, 0x0000, 
    0x0000, 0x0000, 0x0000, 0x0000, 0x0000, 0x0000, 0x0000, 0x0000, 
    0x0000, 0x0000, 0x0000, 0x0000, 0x0000, 0x0000, 0x0000, 0x0000, 
    0x0000, 0x0000, 0x0000, 0x0000, 0x0000, 0x0000, 0x0000, 0x0000, 
    0x0000, 0x0000, 0x0000, 0x0000, 0x0000, 0x0000, 0x0000, 0x0000, 
    0x0000, 0x0000, 0x0000, 0x0000, 0x0000, 0x0000, 0x0000, 0x0000, 
    0x0000, 0x0000, 0x0000, 0x0000, 0x0000, 0x0000, 0x0000, 0x0000, 
    0x0000, 0x0000, 0x0000, 0x0000, 0x0000, 0x0000, 0x0000, 0x0000, 
    0x0000, 0x0000, 0x0000, 0x0000, 0x0000, 0x0000, 0x0000, 0x0000, 
    0x0000, 0x0000, 0x0000, 0x0000, 0x0000, 0x0000, 0x0000, 0x0000, 
    0x0000, 0x0000, 0x0000, 0x0000, 0x0000, 0x0000, 0x0000, 0x0000, 
    0x0000, 0x0000, 0x0000, 0x0000, 0x0000, 0x0000, 0x0000, 0x0000, 
    0x0000, 0x0000, 0x0000, 0x0000, 0x0000, 0x0000, 0x0000, 0x0000, 
    0x0000, 0x0000, 0x0000, 0x0000, 0x0000, 0x0000, 0x0000, 0x0000, 
    0x0000, 0x0000, 0x0000, 0x0000, 0x0000, 0x0000, 0x0000, 0x0000, 
    0x0000, 0x0000, 0x0000, 0x0000, 0x0000, 0x0000, 0x0000, 0x0000, 
    0x0000, 0x0000, 0x0000, 0x0000, 0x0000, 0x0000, 0x0000, 0x0000, 
    0x0000, 0x0000, 0x0000, 0x0000, 0x0000, 0x0000, 0x0000, 0x0000, 
    0x0000, 0x0000, 0x0000, 0x0000, 0x0000, 0x0000, 0x0000, 0x0000, 
    0x0000, 0x0000, 0x0000, 0x0000, 0x0000, 0x0000, 0x0000, 0x0000, 
    0x0000, 0x0000, 0x0000, 0x0000, 0x0000, 0x0000, 0x0000, 0x0000, 
    0x0000, 0x0000, 0x0000, 0x0000, 0x0000, 0x0000, 0x0000, 0x0000, 
    0x0000, 0x0000, 0x0000, 0x0000, 0x0000, 0x0000, 0x0000, 0x0000, 
    0x0000, 0x0000, 0x0000, 0x0000, 0x0000, 0x0000, 0x0000, 0x0000, 
    0x0000, 0x0000, 0x0000, 0x0000, 0x0000, 0x0000, 0x0000, 0x0000, 
    0x0000, 0x0000, 0x0000, 0x0000, 0x0000, 0x0000, 0x0000, 0x0000, 
    0x0000, 0x0000, 0x0000, 0x0000, 0x0000, 0x0000, 0x0000, 0x0000, 
    0x0000, 0x0000, 0x0000, 0x0000, 0x0000, 0x0000, 0x0000, 0x0000, 
    0x0000, 0x0000, 0x0000, 0x0000, 0x0000, 0x0000, 0x0000, 0x0000, 
    0x0000, 0x0000, 0x0000, 0x0000, 0x0000, 0x0000, 0x0000, 0x0000, 
    0x0000, 0x0000, 0x0000, 0x0000, 0x0000, 0x0000, 0x0000, 0x0000, 
    0x0000, 0x0000, 0x0000, 0x0000, 0x0000, 0x0000, 0x0000, 0x0000, 
    0x0000, 0x0000, 0x0000, 0x0000, 0x0000, 0x0000, 0x0000, 0x0000, 
    0x0000, 0x0000, 0x0000, 0x0000, 0x0000, 0x0000, 0x0000, 0x0000, 
    0x0000, 0x0000, 0x0000, 0x0000, 0x0000, 0x0000, 0x0000, 0x0000, 
    0x0000, 0x0000, 0x0000, 0x0000, 0x0000, 0x0000, 0x0000, 0x0000, 
    0x0000, 0x0000, 0x0000, 0x0000, 0x0000, 0x0000, 0x0000, 0x0000, 
    0x0000, 0x0000, 0x0000, 0x0000, 0x0000, 0x0000, 0x0000, 0x0000, 
    0x0000, 0x0000, 0x0000, 0x0000, 0x0000, 0x0000, 0x0000, 0x0000, 
    0x0000, 0x0000, 0x0000, 0x0000, 0x0000, 0x0000, 0x0000, 0x0000, 
    0x0000, 0x0000, 0x0000, 0x0000, 0x0000, 0x0000, 0x0000, 0x0000, 
    0x0000, 0x0000, 0x0000, 0x0000, 0x0000, 0x0000, 0x0000, 0x0000, 
    0x0000, 0x0000, 0x0000, 0x0000, 0x0000, 0x0000, 0x0000, 0x0000, 
    0x0000, 0x0000, 0x0000, 0x0000, 0x0000, 0x0000, 0x0000, 0x0000, 
    0x0000, 0x0000, 0x0000, 0x0000, 0x0000, 0x0000, 0x0000, 0x0000, 
    0x0000, 0x0000, 0x0000, 0x0000, 0x0000, 0x0000, 0x0000, 0x0000, 
    0x0000, 0x0000, 0x0000, 0x0000, 0x0000, 0x0000, 0x0000, 0x0000, 
    0x0000, 0x0000, 0x0000, 0x0000, 0x0000, 0x0000, 0x0000, 0x0000, 
    0x0000, 0x0000, 0x0000, 0x0000, 0x0000, 0x0000, 0x0000, 0x0000, 
    0x0000, 0x0000, 0x0000, 0x0000, 0x0000, 0x0000, 0x0000, 0x0000, 
    0x0000, 0x0000, 0x0000, 0x0000, 0x0000, 0x0000, 0x0000, 0x0000, 
    0x0000, 0x0000, 0x0000, 0x0000, 0x0000, 0x0000, 0x0000, 0x0000, 
    0x0000, 0x0000, 0x0000, 0x0000, 0x0000, 0x0000, 0x0000, 0x0000, 
    0x0000, 0x0000, 0x0000, 0x0000, 0x0000, 0x0000, 0x0000, 0x0000, 
    0x0000, 0x0000, 0x0000, 0x0000, 0x0000, 0x0000, 0x0000, 0x0000, 
    0x0000, 0x0000, 0x0000, 0x0000, 0x0000, 0x0000, 0x0000, 0x0000, 
    0x0000, 0x0000, 0x0000, 0x0000, 0x0000, 0x0000, 0x0000, 0x0000, 
    0x0000, 0x0000, 0x0000, 0x0000, 0x0000, 0x0000, 0x0000, 0x0000, 
    0x0000, 0x0000, 0x0000, 0x0000, 0x0000, 0x0000, 0x0000, 0x0000, 
    0x0000, 0x0000, 0x0000, 0x0000, 0x0000, 0x0000, 0x0000, 0x0000, 
    0x0000, 0x0000, 0x0000, 0x0000, 0x0000, 0x0000, 0x0000, 0x0000, 
    0x0000, 0x0000, 0x0000, 0x0000, 0x0000, 0x0000, 0x0000, 0x0000, 
    0x0000, 0x0000, 0x0000, 0x0000, 0x0000, 0x0000, 0x0000, 0x0000, 
    0x0000, 0x0000, 0x0000, 0x0000, 0x0000, 0x0000, 0x0000, 0x0000, 
    0x0000, 0x0000, 0x0000, 0x0000, 0x0000, 0x0000, 0x0000, 0x0000, 
    0x0000, 0x0000, 0x0000, 0x0000, 0x0000, 0x0000, 0x0000, 0x0000, 
    0x0000, 0x0000, 0x0000, 0x0000, 0x0000, 0x0000, 0x0000, 0x0000, 
    0x0000, 0x0000, 0x0000, 0x0000, 0x0000, 0x0000, 0x0000, 0x0000, 
    0x0000, 0x0000, 0x0000, 0x0000, 0x0000, 0x0000, 0x0000, 0x0000, 
    0x0000, 0x0000, 0x0000, 0x0000, 0x0000, 0x0000, 0x0000, 0x0000, 
    0x0000, 0x0000, 0x0000, 0x0000, 0x0000, 0x0000, 0x0000, 0x0000, 
    0x0000, 0x0000, 0x0000, 0x0000, 0x0000, 0x0000, 0x0000, 0x0000, 
    0x0000, 0x0000, 0x0000, 0x0000, 0x0000, 0x0000, 0x0000, 0x0000, 
    0x0000, 0x0000, 0x0000, 0x0000, 0x0000, 0x0000, 0x0000, 0x0000, 
    0x0000, 0x0000, 0x0000, 0x0000, 0x0000, 0x0000, 0x0000, 0x0000, 
    0x0000, 0x0000, 0x0000, 0x0000, 0x0000, 0x0000, 0x0000, 0x0000, 
    0x0000, 0x0000, 0x0000, 0x0000, 0x0000, 0x0000, 0x0000, 0x0000, 
    0x0000, 0x0000, 0x0000, 0x0000, 0x0000, 0x0000, 0x0000, 0x0000, 
    0x0000, 0x0000, 0x0000, 0x0000, 0x0000, 0x0000, 0x0000, 0x0000, 
    0x0000, 0x0000, 0x0000, 0x0000, 0x0000, 0x0000, 0x0000, 0x0000, 
    0x0000, 0x0000, 0x0000, 0x0000, 0x0000, 0x0000, 0x0000, 0x0000, 
    0x0000, 0x0000, 0x0000, 0x0000, 0x0000, 0x0000, 0x0000, 0x0000, 
    0x0000, 0x0000, 0x0000, 0x0000, 0x0000, 0x0000, 0x0000, 0x0000, 
    0x0000, 0x0000, 0x0000, 0x0000, 0x0000, 0x0000, 0x0000, 0x0000, 
    0x0000, 0x0000, 0x0000, 0x0000, 0x0000, 0x0000, 0x0000, 0x0000, 
    0x0000, 0x0000, 0x0000, 0x0000, 0x0000, 0x0000, 0x0000, 0x0000, 
    0x0000, 0x0000, 0x0000, 0x0000, 0x0000, 0x0000, 0x0000, 0x0000, 
    0x0000, 0x0000, 0x0000, 0x0000, 0x0000, 0x0000, 0x0000, 0x0000, 
    0x0000, 0x0000, 0x0000, 0x0000, 0x0000, 0x0000, 0x0000, 0x0000, 
    0x0000, 0x0000, 0x0000, 0x0000, 0x0000, 0x0000, 0x0000, 0x0000, 
    0x0000, 0x0000, 0x0000, 0x0000, 0x0000, 0x0000, 0x0000, 0x0000, 
    0x0000, 0x0000, 0x0000, 0x0000, 0x0000, 0x0000, 0x0000, 0x0000, 
    0x0000, 0x0000, 0x0000, 0x0000, 0x0000, 0x0000, 0x0000, 0x0000, 
    0x0000, 0x0000, 0x0000, 0x0000, 0x0000, 0x0000, 0x0000, 0x0000, 
    0x0000, 0x0000, 0x0000, 0x0000, 0x0000, 0x0000, 0x0000, 0x0000, 
    0x0000, 0x0000, 0x0000, 0x0000, 0x0000, 0x0000, 0x0000, 0x0000, 
    0x0000, 0x0000, 0x0000, 0x0000, 0x0000, 0x0000, 0x0000, 0x0000, 
    0x0000, 0x0000, 0x0000, 0x0000, 0x0000, 0x0000, 0x0000, 0x0000, 
    0x0000, 0x0000, 0x0000, 0x0000, 0x0000, 0x0000, 0x0000, 0x0000, 
    0x0000, 0x0000, 0x0000, 0x0000, 0x0000, 0x0000, 0x0000, 0x0000, 
    0x0000, 0x0000, 0x0000, 0x0000, 0x0000, 0x0000, 0x0000, 0x0000, 
    0x0000, 0x0000, 0x0000, 0x0000, 0x0000, 0x0000, 0x0000, 0x0000, 
    0x0000, 0x0000, 0x0000, 0x0000, 0x0000, 0x0000, 0x0000, 0x0000, 
    0x0000, 0x0000, 0x0000, 0x0000, 0x0000, 0x0000, 0x0000, 0x0000, 
    0x0000, 0x0000, 0x0000, 0x0000, 0x0000, 0x0000, 0x0000, 0x0000, 
    0x0000, 0x0000, 0x0000, 0x0000, 0x0000, 0x0000, 0x0000, 0x0000, 
    0x0000, 0x0000, 0x0000, 0x0000, 0x0000, 0x0000, 0x0000, 0x0000, 
    0x0000, 0x0000, 0x0000, 0x0000, 0x0000, 0x0000, 0x0000, 0x0000, 
    0x0000, 0x0000, 0x0000, 0x0000, 0x0000, 0x0000, 0x0000, 0x0000, 
    0x0000, 0x0000, 0x0000, 0x0000, 0x0000, 0x0000, 0x0000, 0x0000, 
    0x0000, 0x0000, 0x0000, 0x0000, 0x0000, 0x0000, 0x0000, 0x0000, 
    0x0000, 0x0000, 0x0000, 0x0000, 0x0000, 0x0000, 0x0000, 0x0000, 
    0x0000, 0x0000, 0x0000, 0x0000, 0x0000, 0x0000, 0x0000, 0x0000, 
    0x0000, 0x0000, 0x0000, 0x0000, 0x0000, 0x0000, 0x0000, 0x0000, 
    0x0000, 0x0000, 0x0000, 0x0000, 0x0000, 0x0000, 0x0000, 0x0000, 
    0x0000, 0x0000, 0x0000, 0x0000, 0x0000, 0x0000, 0x0000, 0x0000, 
    0x0000, 0x0000, 0x0000, 0x0000, 0x0000, 0x0000, 0x0000, 0x0000, 
    0x0000, 0x0000, 0x0000, 0x0000, 0x0000, 0x0000, 0x0000, 0x0000, 
    0x0000, 0x0000, 0x0000, 0x0000, 0x0000, 0x0000, 0x0000, 0x0000, 
    0x0000, 0x0000, 0x0000, 0x0000, 0x0000, 0x0000, 0x0000, 0x0000, 
    0x0000, 0x0000, 0x0000, 0x0000, 0x0000, 0x0000, 0x0000, 0x0000, 
    0x0000, 0x0000, 0x0000, 0x0000, 0x0000, 0x0000, 0x0000, 0x0000, 
    0x0000, 0x0000, 0x0000, 0x0000, 0x0000, 0x0000, 0x0000, 0x0000, 
    0x0000, 0x0000, 0x0000, 0x0000, 0x0000, 0x0000, 0x0000, 0x0000, 
    0x0000, 0x0000, 0x0000, 0x0000, 0x0000, 0x0000, 0x0000, 0x0000, 
    0x0000, 0x0000, 0x0000, 0x0000, 0x0000, 0x0000, 0x0000, 0x0000, 
    0x0000, 0x0000, 0x0000, 0x0000, 0x0000, 0x0000, 0x0000, 0x0000, 
    0x0000, 0x0000, 0x0000, 0x0000, 0x0000, 0x0000, 0x0000, 0x0000, 
    0x0000, 0x0000, 0x0000, 0x0000, 0x0000, 0x0000, 0x0000, 0x0000, 
    0x0000, 0x0000, 0x0000, 0x0000, 0x0000, 0x0000, 0x0000, 0x0000, 
    0x0000, 0x0000, 0x0000, 0x0000, 0x0000, 0x0000, 0x0000, 0x0000, 
    0x0000, 0x0000, 0x0000, 0x0000, 0x0000, 0x0000, 0x0000, 0x0000, 
    0x0000, 0x0000, 0x0000, 0x0000, 0x0000, 0x0000, 0x0000, 0x0000, 
    0x0000, 0x0000, 0x0000, 0x0000, 0x0000, 0x0000, 0x0000, 0x0000, 
    0x0000, 0x0000, 0x0000, 0x0000, 0x0000, 0x0000, 0x0000, 0x0000, 
    0x0000, 0x0000, 0x0000, 0x0000, 0x0000, 0x0000, 0x0000, 0x0000, 
    0x0000, 0x0000, 0x0000, 0x0000, 0x0000, 0x0000, 0x0000, 0x0000, 
    0x0000, 0x0000, 0x0000, 0x0000, 0x0000, 0x0000, 0x0000, 0x0000, 
    0x0000, 0x0000, 0x0000, 0x0000, 0x0000, 0x0000, 0x0000, 0x0000, 
    0x0000, 0x0000, 0x0000, 0x0000, 0x0000, 0x0000, 0x0000, 0x0000, 
    0x0000, 0x0000, 0x0000, 0x0000, 0x0000, 0x0000, 0x0000, 0x0000, 
    0x0000, 0x0000, 0x0000, 0x0000, 0x0000, 0x0000, 0x0000, 0x0000, 
    0x0000, 0x0000, 0x0000, 0x0000, 0x0000, 0x0000, 0x0000, 0x0000, 
    0x0000, 0x0000, 0x0000, 0x0000, 0x0000, 0x0000, 0x0000, 0x0000, 
    0x0000, 0x0000, 0x0000, 0x0000, 0x0000, 0x0000, 0x0000, 0x0000, 
    0x0000, 0x0000, 0x0000, 0x0000, 0x0000, 0x0000, 0x0000, 0x0000, 
    0x0000, 0x0000, 0x0000, 0x0000, 0x0000, 0x0000, 0x0000, 0x0000, 
    0x0000, 0x0000, 0x0000, 0x0000, 0x0000, 0x0000, 0x0000, 0x0000, 
    0x0000, 0x0000, 0x0000, 0x0000, 0x0000, 0x0000, 0x0000, 0x0000, 
    0x0000, 0x0000, 0x0000, 0x0000, 0x0000, 0x0000, 0x0000, 0x0000, 
    0x0000, 0x0000, 0x0000, 0x0000, 0x0000, 0x0000, 0x0000, 0x0000, 
    0x0000, 0x0000, 0x0000, 0x0000, 0x0000, 0x0000, 0x0000, 0x0000, 
    0x0000, 0x0000, 0x0000, 0x0000, 0x0000, 0x0000, 0x0000, 0x0000, 
    0x0000, 0x0000, 0x0000, 0x0000, 0x0000, 0x0000, 0x0000, 0x0000, 
    0x0000, 0x0000, 0x0000, 0x0000, 0x0000, 0x0000, 0x0000, 0x0000, 
    0x0000, 0x0000, 0x0000, 0x0000, 0x0000, 0x0000, 0x0000, 0x0000, 
    0x0000, 0x0000, 0x0000, 0x0000, 0x0000, 0x0000, 0x0000, 0x0000, 
    0x0000, 0x0000, 0x0000, 0x0000, 0x0000, 0x0000, 0x0000, 0x0000, 
    0x0000, 0x0000, 0x0000, 0x0000, 0x0000, 0x0000, 0x0000, 0x0000, 
    0x0000, 0x0000, 0x0000, 0x0000, 0x0000, 0x0000, 0x0000, 0x0000, 
    0x0000, 0x0000, 0x0000, 0x0000, 0x0000, 0x0000, 0x0000, 0x0000, 
    0x0000, 0x0000, 0x0000, 0x0000, 0x0000, 0x0000, 0x0000, 0x0000, 
    0x0000, 0x0000, 0x0000, 0x0000, 0x0000, 0x0000, 0x0000, 0x0000, 
    0x0000, 0x0000, 0x0000, 0x0000, 0x0000, 0x0000, 0x0000, 0x0000, 
    0x0000, 0x0000, 0x0000, 0x0000, 0x0000, 0x0000, 0x0000, 0x0000, 
    0x0000, 0x0000, 0x0000, 0x0000, 0x0000, 0x0000, 0x0000, 0x0000, 
    0x0000, 0x0000, 0x0000, 0x0000, 0x0000, 0x0000, 0x0000, 0x0000, 
    0x0000, 0x0000, 0x0000, 0x0000, 0x0000, 0x0000, 0x0000, 0x0000, 
    0x0000, 0x0000, 0x0000, 0x0000, 0x0000, 0x0000, 0x0000, 0x0000, 
    0x0000, 0x0000, 0x0000, 0x0000, 0x0000, 0x0000, 0x0000, 0x0000, 
    0x0000, 0x0000, 0x0000, 0x0000, 0x0000, 0x0000, 0x0000, 0x0000, 
    0x0000, 0x0000, 0x0000, 0x0000, 0x0000, 0x0000, 0x0000, 0x0000, 
    0x0000, 0x0000, 0x0000, 0x0000, 0x0000, 0x0000, 0x0000, 0x0000, 
    0x0000, 0x0000, 0x0000, 0x0000, 0x0000, 0x0000, 0x0000, 0x0000, 
    0x0000, 0x0000, 0x0000, 0x0000, 0x0000, 0x0000, 0x0000, 0x0000, 
    0x0000, 0x0000, 0x0000, 0x0000, 0x0000, 0x0000, 0x0000, 0x0000, 
    0x0000, 0x0000, 0x0000, 0x0000, 0x0000, 0x0000, 0x0000, 0x0000, 
    0x0000, 0x0000, 0x0000, 0x0000, 0x0000, 0x0000, 0x0000, 0x0000, 
    0x0000, 0x0000, 0x0000, 0x0000, 0x0000, 0x0000, 0x0000, 0x0000, 
    0x0000, 0x0000, 0x0000, 0x0000, 0x0000, 0x0000, 0x0000, 0x0000, 
    0x0000, 0x0000, 0x0000, 0x0000, 0x0000, 0x0000, 0x0000, 0x0000, 
    0x0000, 0x0000, 0x0000, 0x0000, 0x0000, 0x0000, 0x0000, 0x0000, 
    0x0000, 0x0000, 0x0000, 0x0000, 0x0000, 0x0000, 0x0000, 0x0000, 
    0x0000, 0x0000, 0x0000, 0x0000, 0x0000, 0x0000, 0x0000, 0x0000, 
    0x0000, 0x0000, 0x0000, 0x0000, 0x0000, 0x0000, 0x0000, 0x0000, 
    0x0000, 0x0000, 0x0000, 0x0000, 0x0000, 0x0000, 0x0000, 0x0000, 
    0x0000, 0x0000, 0x0000, 0x0000, 0x0000, 0x0000, 0x0000, 0x0000, 
    0x0000, 0x0000, 0x0000, 0x0000, 0x0000, 0x0000, 0x0000, 0x0000, 
    0x0000, 0x0000, 0x0000, 0x0000, 0x0000, 0x0000, 0x0000, 0x0000, 
    0x0000, 0x0000, 0x0000, 0x0000, 0x0000, 0x0000, 0x0000, 0x0000, 
    0x0000, 0x0000, 0x0000, 0x0000, 0x0000, 0x0000, 0x0000, 0x0000, 
    0x0000, 0x0000, 0x0000, 0x0000, 0x0000, 0x0000, 0x0000, 0x0000, 
    0x0000, 0x0000, 0x0000, 0x0000, 0x0000, 0x0000, 0x0000, 0x0000, 
    0x0000, 0x0000, 0x0000, 0x0000, 0x0000, 0x0000, 0x0000, 0x0000, 
    0x0000, 0x0000, 0x0000, 0x0000, 0x0000, 0x0000, 0x0000, 0x0000, 
    0x0000, 0x0000, 0x0000, 0x0000, 0x0000, 0x0000, 0x0000, 0x0000, 
    0x0000, 0x0000, 0x0000, 0x0000, 0x0000, 0x0000, 0x0000, 0x0000, 
    0x0000, 0x0000, 0x0000, 0x0000, 0x0000, 0x0000, 0x0000, 0x0000, 
    0x0000, 0x0000, 0x0000, 0x0000, 0x0000, 0x0000, 0x0000, 0x0000, 
    0x0000, 0x0000, 0x0000, 0x0000, 0x0000, 0x0000, 0x0000, 0x0000, 
    0x0000, 0x0000, 0x0000, 0x0000, 0x0000, 0x0000, 0x0000, 0x0000, 
    0x0000, 0x0000, 0x0000, 0x0000, 0x0000, 0x0000, 0x0000, 0x0000, 
    0x0000, 0x0000, 0x0000, 0x0000, 0x0000, 0x0000, 0x0000, 0x0000, 
    0x0000, 0x0000, 0x0000, 0x0000, 0x0000, 0x0000, 0x0000, 0x0000, 
    0x0000, 0x0000, 0x0000, 0x0000, 0x0000, 0x0000, 0x0000, 0x0000, 
    0x0000, 0x0000, 0x0000, 0x0000, 0x0000, 0x0000, 0x0000, 0x0000, 
    0x0000, 0x0000, 0x0000, 0x0000, 0x0000, 0x0000, 0x0000, 0x0000, 
    0x0000, 0x0000, 0x0000, 0x0000, 0x0000, 0x0000, 0x0000, 0x0000, 
    0x0000, 0x0000, 0x0000, 0x0000, 0x0000, 0x0000, 0x0000, 0x0000, 
    0x0000, 0x0000, 0x0000, 0x0000, 0x0000, 0x0000, 0x0000, 0x0000, 
    0x0000, 0x0000, 0x0000, 0x0000, 0x0000, 0x0000, 0x0000, 0x0000, 
    0x0000, 0x0000, 0x0000, 0x0000, 0x0000, 0x0000, 0x0000, 0x0000, 
    0x0000, 0x0000, 0x0000, 0x0000, 0x0000, 0x0000, 0x0000, 0x0000, 
    0x0000, 0x0000, 0x0000, 0x0000, 0x0000, 0x0000, 0x0000, 0x0000, 
    0x0000, 0x0000, 0x0000, 0x0000, 0x0000, 0x0000, 0x0000, 0x0000, 
    0x0000, 0x0000, 0x0000, 0x0000, 0x0000, 0x0000, 0x0000, 0x0000, 
    0x0000, 0x0000, 0x0000, 0x0000, 0x0000, 0x0000, 0x0000, 0x0000, 
    0x0000, 0x0000, 0x0000, 0x0000, 0x0000, 0x0000, 0x0000, 0x0000, 
    0x0000, 0x0000, 0x0000, 0x0000, 0x0000, 0x0000, 0x0000, 0x0000, 
    0x0000, 0x0000, 0x0000, 0x0000, 0x0000, 0x0000, 0x0000, 0x0000, 
    0x0000, 0x0000, 0x0000, 0x0000, 0x0000, 0x0000, 0x0000, 0x0000, 
    0x0000, 0x0000, 0x0000, 0x0000, 0x0000, 0x0000, 0x0000, 0x0000, 
    0x0000, 0x0000, 0x0000, 0x0000, 0x0000, 0x0000, 0x0000, 0x0000, 
    0x0000, 0x0000, 0x0000, 0x0000, 0x0000, 0x0000, 0x0000, 0x0000, 
    0x0000, 0x0000, 0x0000, 0x0000, 0x0000, 0x0000, 0x0000, 0x0000, 
    0x0000, 0x0000, 0x0000, 0x0000, 0x0000, 0x0000, 0x0000, 0x0000, 
    0x0000, 0x0000, 0x0000, 0x0000, 0x0000, 0x0000, 0x0000, 0x0000, 
    0x0000, 0x0000, 0x0000, 0x0000, 0x0000, 0x0000, 0x0000, 0x0000, 
    0x0000, 0x0000, 0x0000, 0x0000, 0x0000, 0x0000, 0x0000, 0x0000, 
    0x0000, 0x0000, 0x0000, 0x0000, 0x0000, 0x0000, 0x0000, 0x0000, 
    0x0000, 0x0000, 0x0000, 0x0000, 0x0000, 0x0000, 0x0000, 0x0000, 
    0x0000, 0x0000, 0x0000, 0x0000, 0x0000, 0x0000, 0x0000, 0x0000, 
    0x0000, 0x0000, 0x0000, 0x0000, 0x0000, 0x0000, 0x0000, 0x0000, 
    0x0000, 0x0000, 0x0000, 0x0000, 0x0000, 0x0000, 0x0000, 0x0000, 
    0x0000, 0x0000, 0x0000, 0x0000, 0x0000, 0x0000, 0x0000, 0x0000, 
    0x0000, 0x0000, 0x0000, 0x0000, 0x0000, 0x0000, 0x0000, 0x0000, 
    0x0000, 0x0000, 0x0000, 0x0000, 0x0000, 0x0000, 0x0000, 0x0000, 
    0x0000, 0x0000, 0x0000, 0x0000, 0x0000, 0x0000, 0x0000, 0x0000, 
    0x0000, 0x0000, 0x0000, 0x0000, 0x0000, 0x0000, 0x0000, 0x0000, 
    0x0000, 0x0000, 0x0000, 0x0000, 0x0000, 0x0000, 0x0000, 0x0000, 
    0x0000, 0x0000, 0x0000, 0x0000, 0x0000, 0x0000, 0x0000, 0x0000, 
    0x0000, 0x0000, 0x0000, 0x0000, 0x0000, 0x0000, 0x0000, 0x0000, 
    0x0000, 0x0000, 0x0000, 0x0000, 0x0000, 0x0000, 0x0000, 0x0000, 
    0x0000, 0x0000, 0x0000, 0x0000, 0x0000, 0x0000, 0x0000, 0x0000, 
    0x0000, 0x0000, 0x0000, 0x0000, 0x0000, 0x0000, 0x0000, 0x0000, 
    0x0000, 0x0000, 0x0000, 0x0000, 0x0000, 0x0000, 0x0000, 0x0000, 
    0x0000, 0x0000, 0x0000, 0x0000, 0x0000, 0x0000, 0x0000, 0x0000, 
    0x0000, 0x0000, 0x0000, 0x0000, 0x0000, 0x0000, 0x0000, 0x0000, 
    0x0000, 0x0000, 0x0000, 0x0000, 0x0000, 0x0000, 0x0000, 0x0000, 
    0x0000, 0x0000, 0x0000, 0x0000, 0x0000, 0x0000, 0x0000, 0x0000, 
    0x0000, 0x0000, 0x0000, 0x0000, 0x0000, 0x0000, 0x0000, 0x0000, 
    0x0000, 0x0000, 0x0000, 0x0000, 0x0000, 0x0000, 0x0000, 0x0000, 
    0x0000, 0x0000, 0x0000, 0x0000, 0x0000, 0x0000, 0x0000, 0x0000, 
    0x0000, 0x0000, 0x0000, 0x0000, 0x0000, 0x0000, 0x0000, 0x0000, 
    0x0000, 0x0000, 0x0000, 0x0000, 0x0000, 0x0000, 0x0000, 0x0000, 
    0x0000, 0x0000, 0x0000, 0x0000, 0x0000, 0x0000, 0x0000, 0x0000, 
    0x0000, 0x0000, 0x0000, 0x0000, 0x0000, 0x0000, 0x0000, 0x0000, 
    0x0000, 0x0000, 0x0000, 0x0000, 0x0000, 0x0000, 0x0000, 0x0000, 
    0x0000, 0x0000, 0x0000, 0x0000, 0x0000, 0x0000, 0x0000, 0x0000, 
    0x0000, 0x0000, 0x0000, 0x0000, 0x0000, 0x0000, 0x0000, 0x0000, 
    0x0000, 0x0000, 0x0000, 0x0000, 0x0000, 0x0000, 0x0000, 0x0000, 
    0x0000, 0x0000, 0x0000, 0x0000, 0x0000, 0x0000, 0x0000, 0x0000, 
    0x0000, 0x0000, 0x0000, 0x0000, 0x0000, 0x0000, 0x0000, 0x0000, 
    0x0000, 0x0000, 0x0000, 0x0000, 0x0000, 0x0000, 0x0000, 0x0000, 
    0x0000, 0x0000, 0x0000, 0x0000, 0x0000, 0x0000, 0x0000, 0x0000, 
    0x0000, 0x0000, 0x0000, 0x0000, 0x0000, 0x0000, 0x0000, 0x0000, 
    0x0000, 0x0000, 0x0000, 0x0000, 0x0000, 0x0000, 0x0000, 0x0000, 
    0x0000, 0x0000, 0x0000, 0x0000, 0x0000, 0x0000, 0x0000, 0x0000, 
    0x0000, 0x0000, 0x0000, 0x0000, 0x0000, 0x0000, 0x0000, 0x0000, 
    0x0000, 0x0000, 0x0000, 0x0000, 0x0000, 0x0000, 0x0000, 0x0000, 
    0x0000, 0x0000, 0x0000, 0x0000, 0x0000, 0x0000, 0x0000, 0x0000, 
    0x0000, 0x0000, 0x0000, 0x0000, 0x0000, 0x0000, 0x0000, 0x0000, 
    0x0000, 0x0000, 0x0000, 0x0000, 0x0000, 0x0000, 0x0000, 0x0000, 
    0x0000, 0x0000, 0x0000, 0x0000, 0x0000, 0x0000, 0x0000, 0x0000, 
    0x0000, 0x0000, 0x0000, 0x0000, 0x0000, 0x0000, 0x0000, 0x0000, 
    0x0000, 0x0000, 0x0000, 0x0000, 0x0000, 0x0000, 0x0000, 0x0000, 
    0x0000, 0x0000, 0x0000, 0x0000, 0x0000, 0x0000, 0x0000, 0x0000, 
    0x0000, 0x0000, 0x0000, 0x0000, 0x0000, 0x0000, 0x0000, 0x0000, 
    0x0000, 0x0000, 0x0000, 0x0000, 0x0000, 0x0000, 0x0000, 0x0000, 
    0x0000, 0x0000, 0x0000, 0x0000, 0x0000, 0x0000, 0x0000, 0x0000, 
    0x0000, 0x0000, 0x0000, 0x0000, 0x0000, 0x0000, 0x0000, 0x0000, 
    0x0000, 0x0000, 0x0000, 0x0000, 0x0000, 0x0000, 0x0000, 0x0000, 
    0x0000, 0x0000, 0x0000, 0x0000, 0x0000, 0x0000, 0x0000, 0x0000, 
    0x0000, 0x0000, 0x0000, 0x0000, 0x0000, 0x0000, 0x0000, 0x0000, 
    0x0000, 0x0000, 0x0000, 0x0000, 0x0000, 0x0000, 0x0000, 0x0000, 
    0x0000, 0x0000, 0x0000, 0x0000, 0x0000, 0x0000, 0x0000, 0x0000, 
    0x0000, 0x0000, 0x0000, 0x0000, 0x0000, 0x0000, 0x0000, 0x0000, 
    0x0000, 0x0000, 0x0000, 0x0000, 0x0000, 0x0000, 0x0000, 0x0000, 
    0x0000, 0x0000, 0x0000, 0x0000, 0x0000, 0x0000, 0x0000, 0x0000, 
    0x0000, 0x0000, 0x0000, 0x0000, 0x0000, 0x0000, 0x0000, 0x0000, 
    0x0000, 0x0000, 0x0000, 0x0000, 0x0000, 0x0000, 0x0000, 0x0000, 
    0x0000, 0x0000, 0x0000, 0x0000, 0x0000, 0x0000, 0x0000, 0x0000, 
    0x0000, 0x0000, 0x0000, 0x0000, 0x0000, 0x0000, 0x0000, 0x0000, 
    0x0000, 0x0000, 0x0000, 0x0000, 0x0000, 0x0000, 0x0000, 0x0000, 
    0x0000, 0x0000, 0x0000, 0x0000, 0x0000, 0x0000, 0x0000, 0x0000, 
    0x0000, 0x0000, 0x0000, 0x0000, 0x0000, 0x0000, 0x0000, 0x0000, 
    0x0000, 0x0000, 0x0000, 0x0000, 0x0000, 0x0000, 0x0000, 0x0000, 
    0x0000, 0x0000, 0x0000, 0x0000, 0x0000, 0x0000, 0x0000, 0x0000, 
    0x0000, 0x0000, 0x0000, 0x0000, 0x0000, 0x0000, 0x0000, 0x0000, 
    0x0000, 0x0000, 0x0000, 0x0000, 0x0000, 0x0000, 0x0000, 0x0000, 
    0x0000, 0x0000, 0x0000, 0x0000, 0x0000, 0x0000, 0x0000, 0x0000, 
    0x0000, 0x0000, 0x0000, 0x0000, 0x0000, 0x0000, 0x0000, 0x0000, 
    0x0000, 0x0000, 0x0000, 0x0000, 0x0000, 0x0000, 0x0000, 0x0000, 
    0x0000, 0x0000, 0x0000, 0x0000, 0x0000, 0x0000, 0x0000, 0x0000, 
    0x0000, 0x0000, 0x0000, 0x0000, 0x0000, 0x0000, 0x0000, 0x0000, 
    0x0000, 0x0000, 0x0000, 0x0000, 0x0000, 0x0000, 0x0000, 0x0000, 
    0x0000, 0x0000, 0x0000, 0x0000, 0x0000, 0x0000, 0x0000, 0x0000, 
    0x0000, 0x0000, 0x0000, 0x0000, 0x0000, 0x0000, 0x0000, 0x0000, 
    0x0000, 0x0000, 0x0000, 0x0000, 0x0000, 0x0000, 0x0000, 0x0000, 
    0x0000, 0x0000, 0x0000, 0x0000, 0x0000, 0x0000, 0x0000, 0x0000, 
    0x0000, 0x0000, 0x0000, 0x0000, 0x0000, 0x0000, 0x0000, 0x0000, 
    0x0000, 0x0000, 0x0000, 0x0000, 0x0000, 0x0000, 0x0000, 0x0000, 
    0x0000, 0x0000, 0x0000, 0x0000, 0x0000, 0x0000, 0x0000, 0x0000, 
    0x0000, 0x0000, 0x0000, 0x0000, 0x0000, 0x0000, 0x0000, 0x0000, 
    0x0000, 0x0000, 0x0000, 0x0000, 0x0000, 0x0000, 0x0000, 0x0000, 
    0x0000, 0x0000, 0x0000, 0x0000, 0x0000, 0x0000, 0x0000, 0x0000, 
    0x0000, 0x0000, 0x0000, 0x0000, 0x0000, 0x0000, 0x0000, 0x0000, 
    0x0000, 0x0000, 0x0000, 0x0000, 0x0000, 0x0000, 0x0000, 0x0000, 
    0x0000, 0x0000, 0x0000, 0x0000, 0x0000, 0x0000, 0x0000, 0x0000, 
    0x0000, 0x0000, 0x0000, 0x0000, 0x0000, 0x0000, 0x0000, 0x0000, 
    0x0000, 0x0000, 0x0000, 0x0000, 0x0000, 0x0000, 0x0000, 0x0000, 
    0x0000, 0x0000, 0x0000, 0x0000, 0x0000, 0x0000, 0x0000, 0x0000, 
    0x0000, 0x0000, 0x0000, 0x0000, 0x0000, 0x0000, 0x0000, 0x0000, 
    0x0000, 0x0000, 0x0000, 0x0000, 0x0000, 0x0000, 0x0000, 0x0000, 
    0x0000, 0x0000, 0x0000, 0x0000, 0x0000, 0x0000, 0x0000, 0x0000, 
    0x0000, 0x0000, 0x0000, 0x0000, 0x0000, 0x0000, 0x0000, 0x0000, 
    0x0000, 0x0000, 0x0000, 0x0000, 0x0000, 0x0000, 0x0000, 0x0000, 
    0x0000, 0x0000, 0x0000, 0x0000, 0x0000, 0x0000, 0x0000, 0x0000, 
    0x0000, 0x0000, 0x0000, 0x0000, 0x0000, 0x0000, 0x0000, 0x0000, 
    0x0000, 0x0000, 0x0000, 0x0000, 0x0000, 0x0000, 0x0000, 0x0000, 
    0x0000, 0x0000, 0x0000, 0x0000, 0x0000, 0x0000, 0x0000, 0x0000, 
    0x0000, 0x0000, 0x0000, 0x0000, 0x0000, 0x0000, 0x0000, 0x0000, 
    0x0000, 0x0000, 0x0000, 0x0000, 0x0000, 0x0000, 0x0000, 0x0000, 
    0x0000, 0x0000, 0x0000, 0x0000, 0x0000, 0x0000, 0x0000, 0x0000, 
    0x0000, 0x0000, 0x0000, 0x0000, 0x0000, 0x0000, 0x0000, 0x0000, 
    0x0000, 0x0000, 0x0000, 0x0000, 0x0000, 0x0000, 0x0000, 0x0000, 
    0x0000, 0x0000, 0x0000, 0x0000, 0x0000, 0x0000, 0x0000, 0x0000, 
    0x0000, 0x0000, 0x0000, 0x0000, 0x0000, 0x0000, 0x0000, 0x0000, 
    0x0000, 0x0000, 0x0000, 0x0000, 0x0000, 0x0000, 0x0000, 0x0000, 
    0x0000, 0x0000, 0x0000, 0x0000, 0x0000, 0x0000, 0x0000, 0x0000, 
    0x0000, 0x0000, 0x0000, 0x0000, 0x0000, 0x0000, 0x0000, 0x0000, 
    0x0000, 0x0000, 0x0000, 0x0000, 0x0000, 0x0000, 0x0000, 0x0000, 
    0x0000, 0x0000, 0x0000, 0x0000, 0x0000, 0x0000, 0x0000, 0x0000, 
    0x0000, 0x0000, 0x0000, 0x0000, 0x0000, 0x0000, 0x0000, 0x0000, 
    0x0000, 0x0000, 0x0000, 0x0000, 0x0000, 0x0000, 0x0000, 0x0000, 
    0x0000, 0x0000, 0x0000, 0x0000, 0x0000, 0x0000, 0x0000, 0x0000, 
    0x0000, 0x0000, 0x0000, 0x0000, 0x0000, 0x0000, 0x0000, 0x0000, 
    0x0000, 0x0000, 0x0000, 0x0000, 0x0000, 0x0000, 0x0000, 0x0000, 
    0x0000, 0x0000, 0x0000, 0x0000, 0x0000, 0x0000, 0x0000, 0x0000, 
    0x0000, 0x0000, 0x0000, 0x0000, 0x0000, 0x0000, 0x0000, 0x0000, 
    0x0000, 0x0000, 0x0000, 0x0000, 0x0000, 0x0000, 0x0000, 0x0000, 
    0x0000, 0x0000, 0x0000, 0x0000, 0x0000, 0x0000, 0x0000, 0x0000, 
    0x0000, 0x0000, 0x0000, 0x0000, 0x0000, 0x0000, 0x0000, 0x0000, 
    0x0000, 0x0000, 0x0000, 0x0000, 0x0000, 0x0000, 0x0000, 0x0000, 
    0x0000, 0x0000, 0x0000, 0x0000, 0x0000, 0x0000, 0x0000, 0x0000, 
    0x0000, 0x0000, 0x0000, 0x0000, 0x0000, 0x0000, 0x0000, 0x0000, 
    0x0000, 0x0000, 0x0000, 0x0000, 0x0000, 0x0000, 0x0000, 0x0000, 
    0x0000, 0x0000, 0x0000, 0x0000, 0x0000, 0x0000, 0x0000, 0x0000, 
    0x0000, 0x0000, 0x0000, 0x0000, 0x0000, 0x0000, 0x0000, 0x0000, 
    0x0000, 0x0000, 0x0000, 0x0000, 0x0000, 0x0000, 0x0000, 0x0000, 
    0x0000, 0x0000, 0x0000, 0x0000, 0x0000, 0x0000, 0x0000, 0x0000, 
    0x0000, 0x0000, 0x0000, 0x0000, 0x0000, 0x0000, 0x0000, 0x0000, 
    0x0000, 0x0000, 0x0000, 0x0000, 0x0000, 0x0000, 0x0000, 0x0000, 
    0x0000, 0x0000, 0x0000, 0x0000, 0x0000, 0x0000, 0x0000, 0x0000, 
    0x0000, 0x0000, 0x0000, 0x0000, 0x0000, 0x0000, 0x0000, 0x0000, 
    0x0000, 0x0000, 0x0000, 0x0000, 0x0000, 0x0000, 0x0000, 0x0000, 
    0x0000, 0x0000, 0x0000, 0x0000, 0x0000, 0x0000, 0x0000, 0x0000, 
    0x0000, 0x0000, 0x0000, 0x0000, 0x0000, 0x0000, 0x0000, 0x0000, 
    0x0000, 0x0000, 0x0000, 0x0000, 0x0000, 0x0000, 0x0000, 0x0000, 
    0x0000, 0x0000, 0x0000, 0x0000, 0x0000, 0x0000, 0x0000, 0x0000, 
    0x0000, 0x0000, 0x0000, 0x0000, 0x0000, 0x0000, 0x0000, 0x0000, 
    0x0000, 0x0000, 0x0000, 0x0000, 0x0000, 0x0000, 0x0000, 0x0000, 
    0x0000, 0x0000, 0x0000, 0x0000, 0x0000, 0x0000, 0x0000, 0x0000, 
    0x0000, 0x0000, 0x0000, 0x0000, 0x0000, 0x0000, 0x0000, 0x0000, 
    0x0000, 0x0000, 0x0000, 0x0000, 0x0000, 0x0000, 0x0000, 0x0000, 
    0x0000, 0x0000, 0x0000, 0x0000, 0x0000, 0x0000, 0x0000, 0x0000, 
    0x0000, 0x0000, 0x0000, 0x0000, 0x0000, 0x0000, 0x0000, 0x0000, 
    0x0000, 0x0000, 0x0000, 0x0000, 0x0000, 0x0000, 0x0000, 0x0000, 
    0x0000, 0x0000, 0x0000, 0x0000, 0x0000, 0x0000, 0x0000, 0x0000, 
    0x0000, 0x0000, 0x0000, 0x0000, 0x0000, 0x0000, 0x0000, 0x0000, 
    0x0000, 0x0000, 0x0000, 0x0000, 0x0000, 0x0000, 0x0000, 0x0000, 
    0x0000, 0x0000, 0x0000, 0x0000, 0x0000, 0x0000, 0x0000, 0x0000, 
    0x0000, 0x0000, 0x0000, 0x0000, 0x0000, 0x0000, 0x0000, 0x0000, 
    0x0000, 0x0000, 0x0000, 0x0000, 0x0000, 0x0000, 0x0000, 0x0000, 
    0x0000, 0x0000, 0x0000, 0x0000, 0x0000, 0x0000, 0x0000, 0x0000, 
    0x0000, 0x0000, 0x0000, 0x0000, 0x0000, 0x0000, 0x0000, 0x0000, 
    0x0000, 0x0000, 0x0000, 0x0000, 0x0000, 0x0000, 0x0000, 0x0000, 
    0x0000, 0x0000, 0x0000, 0x0000, 0x0000, 0x0000, 0x0000, 0x0000, 
    0x0000, 0x0000, 0x0000, 0x0000, 0x0000, 0x0000, 0x0000, 0x0000, 
    0x0000, 0x0000, 0x0000, 0x0000, 0x0000, 0x0000, 0x0000, 0x0000, 
    0x0000, 0x0000, 0x0000, 0x0000, 0x0000, 0x0000, 0x0000, 0x0000, 
    0x0000, 0x0000, 0x0000, 0x0000, 0x0000, 0x0000, 0x0000, 0x0000, 
    0x0000, 0x0000, 0x0000, 0x0000, 0x0000, 0x0000, 0x0000, 0x0000, 
    0x0000, 0x0000, 0x0000, 0x0000, 0x0000, 0x0000, 0x0000, 0x0000, 
    0x0000, 0x0000, 0x0000, 0x0000, 0x0000, 0x0000, 0x0000, 0x0000, 
    0x0000, 0x0000, 0x0000, 0x0000, 0x0000, 0x0000, 0x0000, 0x0000, 
    0x0000, 0x0000, 0x0000, 0x0000, 0x0000, 0x0000, 0x0000, 0x0000, 
    0x0000, 0x0000, 0x0000, 0x0000, 0x0000, 0x0000, 0x0000, 0x0000, 
    0x0000, 0x0000, 0x0000, 0x0000, 0x0000, 0x0000, 0x0000, 0x0000, 
    0x0000, 0x0000, 0x0000, 0x0000, 0x0000, 0x0000, 0x0000, 0x0000, 
    0x0000, 0x0000, 0x0000, 0x0000, 0x0000, 0x0000, 0x0000, 0x0000, 
    0x0000, 0x0000, 0x0000, 0x0000, 0x0000, 0x0000, 0x0000, 0x0000, 
    0x0000, 0x0000, 0x0000, 0x0000, 0x0000, 0x0000, 0x0000, 0x0000, 
    0x0000, 0x0000, 0x0000, 0x0000, 0x0000, 0x0000, 0x0000, 0x0000, 
    0x0000, 0x0000, 0x0000, 0x0000, 0x0000, 0x0000, 0x0000, 0x0000, 
    0x0000, 0x0000, 0x0000, 0x0000, 0x0000, 0x0000, 0x0000, 0x0000, 
    0x0000, 0x0000, 0x0000, 0x0000, 0x0000, 0x0000, 0x0000, 0x0000, 
    0x0000, 0x0000, 0x0000, 0x0000, 0x0000, 0x0000, 0x0000, 0x0000, 
    0x0000, 0x0000, 0x0000, 0x0000, 0x0000, 0x0000, 0x0000, 0x0000, 
    0x0000, 0x0000, 0x0000, 0x0000, 0x0000, 0x0000, 0x0000, 0x0000, 
    0x0000, 0x0000, 0x0000, 0x0000, 0x0000, 0x0000, 0x0000, 0x0000, 
    0x0000, 0x0000, 0x0000, 0x0000, 0x0000, 0x0000, 0x0000, 0x0000, 
    0x0000, 0x0000, 0x0000, 0x0000, 0x0000, 0x0000, 0x0000, 0x0000, 
    0x0000, 0x0000, 0x0000, 0x0000, 0x0000, 0x0000, 0x0000, 0x0000, 
    0x0000, 0x0000, 0x0000, 0x0000, 0x0000, 0x0000, 0x0000, 0x0000, 
    0x0000, 0x0000, 0x0000, 0x0000, 0x0000, 0x0000, 0x0000, 0x0000, 
    0x0000, 0x0000, 0x0000, 0x0000, 0x0000, 0x0000, 0x0000, 0x0000, 
    0x0000, 0x0000, 0x0000, 0x0000, 0x0000, 0x0000, 0x0000, 0x0000, 
    0x0000, 0x0000, 0x0000, 0x0000, 0x0000, 0x0000, 0x0000, 0x0000, 
    0x0000, 0x0000, 0x0000, 0x0000, 0x0000, 0x0000, 0x0000, 0x0000, 
    0x0000, 0x0000, 0x0000, 0x0000, 0x0000, 0x0000, 0x0000, 0x0000, 
    0x0000, 0x0000, 0x0000, 0x0000, 0x0000, 0x0000, 0x0000, 0x0000, 
    0x0000, 0x0000, 0x0000, 0x0000, 0x0000, 0x0000, 0x0000, 0x0000, 
    0x0000, 0x0000, 0x0000, 0x0000, 0x0000, 0x0000, 0x0000, 0x0000, 
    0x0000, 0x0000, 0x0000, 0x0000, 0x0000, 0x0000, 0x0000, 0x0000, 
    0x0000, 0x0000, 0x0000, 0x0000, 0x0000, 0x0000, 0x0000, 0x0000, 
    0x0000, 0x0000, 0x0000, 0x0000, 0x0000, 0x0000, 0x0000, 0x0000, 
    0x0000, 0x0000, 0x0000, 0x0000, 0x0000, 0x0000, 0x0000, 0x0000, 
    0x0000, 0x0000, 0x0000, 0x0000, 0x0000, 0x0000, 0x0000, 0x0000, 
    0x0000, 0x0000, 0x0000, 0x0000, 0x0000, 0x0000, 0x0000, 0x0000, 
    0x0000, 0x0000, 0x0000, 0x0000, 0x0000, 0x0000, 0x0000, 0x0000, 
    0x0000, 0x0000, 0x0000, 0x0000, 0x0000, 0x0000, 0x0000, 0x0000, 
    0x0000, 0x0000, 0x0000, 0x0000, 0x0000, 0x0000, 0x0000, 0x0000, 
    0x0000, 0x0000, 0x0000, 0x0000, 0x0000, 0x0000, 0x0000, 0x0000, 
    0x0000, 0x0000, 0x0000, 0x0000, 0x0000, 0x0000, 0x0000, 0x0000, 
    0x0000, 0x0000, 0x0000, 0x0000, 0x0000, 0x0000, 0x0000, 0x0000, 
    0x0000, 0x0000, 0x0000, 0x0000, 0x0000, 0x0000, 0x0000, 0x0000, 
    0x0000, 0x0000, 0x0000, 0x0000, 0x0000, 0x0000, 0x0000, 0x0000, 
    0x0000, 0x0000, 0x0000, 0x0000, 0x0000, 0x0000, 0x0000, 0x0000, 
    0x0000, 0x0000, 0x0000, 0x0000, 0x0000, 0x0000, 0x0000, 0x0000, 
    0x0000, 0x0000, 0x0000, 0x0000, 0x0000, 0x0000, 0x0000, 0x0000, 
    0x0000, 0x0000, 0x0000, 0x0000, 0x0000, 0x0000, 0x0000, 0x0000, 
    0x0000, 0x0000, 0x0000, 0x0000, 0x0000, 0x0000, 0x0000, 0x0000, 
    0x0000, 0x0000, 0x0000, 0x0000, 0x0000, 0x0000, 0x0000, 0x0000, 
    0x0000, 0x0000, 0x0000, 0x0000, 0x0000, 0x0000, 0x0000, 0x0000, 
    0x0000, 0x0000, 0x0000, 0x0000, 0x0000, 0x0000, 0x0000, 0x0000, 
    0x0000, 0x0000, 0x0000, 0x0000, 0x0000, 0x0000, 0x0000, 0x0000, 
    0x0000, 0x0000, 0x0000, 0x0000, 0x0000, 0x0000, 0x0000, 0x0000, 
    0x0000, 0x0000, 0x0000, 0x0000, 0x0000, 0x0000, 0x0000, 0x0000, 
    0x0000, 0x0000, 0x0000, 0x0000, 0x0000, 0x0000, 0x0000, 0x0000, 
    0x0000, 0x0000, 0x0000, 0x0000, 0x0000, 0x0000, 0x0000, 0x0000, 
    0x0000, 0x0000, 0x0000, 0x0000, 0x0000, 0x0000, 0x0000, 0x0000, 
    0x0000, 0x0000, 0x0000, 0x0000, 0x0000, 0x0000, 0x0000, 0x0000, 
    0x0000, 0x0000, 0x0000, 0x0000, 0x0000, 0x0000, 0x0000, 0x0000, 
    0x0000, 0x0000, 0x0000, 0x0000, 0x0000, 0x0000, 0x0000, 0x0000, 
    0x0000, 0x0000, 0x0000, 0x0000, 0x0000, 0x0000, 0x0000, 0x0000, 
    0x0000, 0x0000, 0x0000, 0x0000, 0x0000, 0x0000, 0x0000, 0x0000, 
    0x0000, 0x0000, 0x0000, 0x0000, 0x0000, 0x0000, 0x0000, 0x0000, 
    0x0000, 0x0000, 0x0000, 0x0000, 0x0000, 0x0000, 0x0000, 0x0000, 
    0x0000, 0x0000, 0x0000, 0x0000, 0x0000, 0x0000, 0x0000, 0x0000, 
    0x0000, 0x0000, 0x0000, 0x0000, 0x0000, 0x0000, 0x0000, 0x0000, 
    0x0000, 0x0000, 0x0000, 0x0000, 0x0000, 0x0000, 0x0000, 0x0000, 
    0x0000, 0x0000, 0x0000, 0x0000, 0x0000, 0x0000, 0x0000, 0x0000, 
    0x0000, 0x0000, 0x0000, 0x0000, 0x0000, 0x0000, 0x0000, 0x0000, 
    0x0000, 0x0000, 0x0000, 0x0000, 0x0000, 0x0000, 0x0000, 0x0000, 
    0x0000, 0x0000, 0x0000, 0x0000, 0x0000, 0x0000, 0x0000, 0x0000, 
    0x0000, 0x0000, 0x0000, 0x0000, 0x0000, 0x0000, 0x0000, 0x0000, 
    0x0000, 0x0000, 0x0000, 0x0000, 0x0000, 0x0000, 0x0000, 0x0000, 
    0x0000, 0x0000, 0x0000, 0x0000, 0x0000, 0x0000, 0x0000, 0x0000, 
    0x0000, 0x0000, 0x0000, 0x0000, 0x0000, 0x0000, 0x0000, 0x0000, 
    0x0000, 0x0000, 0x0000, 0x0000, 0x0000, 0x0000, 0x0000, 0x0000, 
    0x0000, 0x0000, 0x0000, 0x0000, 0x0000, 0x0000, 0x0000, 0x0000, 
    0x0000, 0x0000, 0x0000, 0x0000, 0x0000, 0x0000, 0x0000, 0x0000, 
    0x0000, 0x0000, 0x0000, 0x0000, 0x0000, 0x0000, 0x0000, 0x0000, 
    0x0000, 0x0000, 0x0000, 0x0000, 0x0000, 0x0000, 0x0000, 0x0000, 
    0x0000, 0x0000, 0x0000, 0x0000, 0x0000, 0x0000, 0x0000, 0x0000, 
    0x0000, 0x0000, 0x0000, 0x0000, 0x0000, 0x0000, 0x0000, 0x0000, 
    0x0000, 0x0000, 0x0000, 0x0000, 0x0000, 0x0000, 0x0000, 0x0000, 
    0x0000, 0x0000, 0x0000, 0x0000, 0x0000, 0x0000, 0x0000, 0x0000, 
    0x0000, 0x0000, 0x0000, 0x0000, 0x0000, 0x0000, 0x0000, 0x0000, 
    0x0000, 0x0000, 0x0000, 0x0000, 0x0000, 0x0000, 0x0000, 0x0000, 
    0x0000, 0x0000, 0x0000, 0x0000, 0x0000, 0x0000, 0x0000, 0x0000, 
    0x0000, 0x0000, 0x0000, 0x0000, 0x0000, 0x0000, 0x0000, 0x0000, 
    0x0000, 0x0000, 0x0000, 0x0000, 0x0000, 0x0000, 0x0000, 0x0000, 
    0x0000, 0x0000, 0x0000, 0x0000, 0x0000, 0x0000, 0x0000, 0x0000, 
    0x0000, 0x0000, 0x0000, 0x0000, 0x0000, 0x0000, 0x0000, 0x0000, 
    0x0000, 0x0000, 0x0000, 0x0000, 0x0000, 0x0000, 0x0000, 0x0000, 
    0x0000, 0x0000, 0x0000, 0x0000, 0x0000, 0x0000, 0x0000, 0x0000, 
    0x0000, 0x0000, 0x0000, 0x0000, 0x0000, 0x0000, 0x0000, 0x0000, 
    0x0000, 0x0000, 0x0000, 0x0000, 0x0000, 0x0000, 0x0000, 0x0000, 
    0x0000, 0x0000, 0x0000, 0x0000, 0x0000, 0x0000, 0x0000, 0x0000, 
    0x0000, 0x0000, 0x0000, 0x0000, 0x0000, 0x0000, 0x0000, 0x0000, 
    0x0000, 0x0000, 0x0000, 0x0000, 0x0000, 0x0000, 0x0000, 0x0000, 
    0x0000, 0x0000, 0x0000, 0x0000, 0x0000, 0x0000, 0x0000, 0x0000, 
    0x0000, 0x0000, 0x0000, 0x0000, 0x0000, 0x0000, 0x0000, 0x0000, 
    0x0000, 0x0000, 0x0000, 0x0000, 0x0000, 0x0000, 0x0000, 0x0000, 
    0x0000, 0x0000, 0x0000, 0x0000, 0x0000, 0x0000, 0x0000, 0x0000, 
    0x0000, 0x0000, 0x0000, 0x0000, 0x0000, 0x0000, 0x0000, 0x0000, 
    0x0000, 0x0000, 0x0000, 0x0000, 0x0000, 0x0000, 0x0000, 0x0000, 
    0x0000, 0x0000, 0x0000, 0x0000, 0x0000, 0x0000, 0x0000, 0x0000, 
    0x0000, 0x0000, 0x0000, 0x0000, 0x0000, 0x0000, 0x0000, 0x0000, 
    0x0000, 0x0000, 0x0000, 0x0000, 0x0000, 0x0000, 0x0000, 0x0000, 
    0x0000, 0x0000, 0x0000, 0x0000, 0x0000, 0x0000, 0x0000, 0x0000, 
    0x0000, 0x0000, 0x0000, 0x0000, 0x0000, 0x0000, 0x0000, 0x0000, 
    0x0000, 0x0000, 0x0000, 0x0000, 0x0000, 0x0000, 0x0000, 0x0000, 
    0x0000, 0x0000, 0x0000, 0x0000, 0x0000, 0x0000, 0x0000, 0x0000, 
    0x0000, 0x0000, 0x0000, 0x0000, 0x0000, 0x0000, 0x0000, 0x0000, 
    0x0000, 0x0000, 0x0000, 0x0000, 0x0000, 0x0000, 0x0000, 0x0000, 
    0x0000, 0x0000, 0x0000, 0x0000, 0x0000, 0x0000, 0x0000, 0x0000, 
    0x0000, 0x0000, 0x0000, 0x0000, 0x0000, 0x0000, 0x0000, 0x0000, 
    0x0000, 0x0000, 0x0000, 0x0000, 0x0000, 0x0000, 0x0000, 0x0000, 
    0x0000, 0x0000, 0x0000, 0x0000, 0x0000, 0x0000, 0x0000, 0x0000, 
    0x0000, 0x0000, 0x0000, 0x0000, 0x0000, 0x0000, 0x0000, 0x0000, 
    0x0000, 0x0000, 0x0000, 0x0000, 0x0000, 0x0000, 0x0000, 0x0000, 
    0x0000, 0x0000, 0x0000, 0x0000, 0x0000, 0x0000, 0x0000, 0x0000, 
    0x0000, 0x0000, 0x0000, 0x0000, 0x0000, 0x0000, 0x0000, 0x0000, 
    0x0000, 0x0000, 0x0000, 0x0000, 0x0000, 0x0000, 0x0000, 0x0000, 
    0x0000, 0x0000, 0x0000, 0x0000, 0x0000, 0x0000, 0x0000, 0x0000, 
    0x0000, 0x0000, 0x0000, 0x0000, 0x0000, 0x0000, 0x0000, 0x0000, 
    0x0000, 0x0000, 0x0000, 0x0000, 0x0000, 0x0000, 0x0000, 0x0000, 
    0x0000, 0x0000, 0x0000, 0x0000, 0x0000, 0x0000, 0x0000, 0x0000, 
    0x0000, 0x0000, 0x0000, 0x0000, 0x0000, 0x0000, 0x0000, 0x0000, 
    0x0000, 0x0000, 0x0000, 0x0000, 0x0000, 0x0000, 0x0000, 0x0000, 
    0x0000, 0x0000, 0x0000, 0x0000, 0x0000, 0x0000, 0x0000, 0x0000, 
    0x0000, 0x0000, 0x0000, 0x0000, 0x0000, 0x0000, 0x0000, 0x0000, 
    0x0000, 0x0000, 0x0000, 0x0000, 0x0000, 0x0000, 0x0000, 0x0000, 
    0x0000, 0x0000, 0x0000, 0x0000, 0x0000, 0x0000, 0x0000, 0x0000, 
    0x0000, 0x0000, 0x0000, 0x0000, 0x0000, 0x0000, 0x0000, 0x0000, 
    0x0000, 0x0000, 0x0000, 0x0000, 0x0000, 0x0000, 0x0000, 0x0000, 
    0x0000, 0x0000, 0x0000, 0x0000, 0x0000, 0x0000, 0x0000, 0x0000, 
    0x0000, 0x0000, 0x0000, 0x0000, 0x0000, 0x0000, 0x0000, 0x0000, 
    0x0000, 0x0000, 0x0000, 0x0000, 0x0000, 0x0000, 0x0000, 0x0000, 
    0x0000, 0x0000, 0x0000, 0x0000, 0x0000, 0x0000, 0x0000, 0x0000, 
    0x0000, 0x0000, 0x0000, 0x0000, 0x0000, 0x0000, 0x0000, 0x0000, 
    0x0000, 0x0000, 0x0000, 0x0000, 0x0000, 0x0000, 0x0000, 0x0000, 
    0x0000, 0x0000, 0x0000, 0x0000, 0x0000, 0x0000, 0x0000, 0x0000, 
    0x0000, 0x0000, 0x0000, 0x0000, 0x0000, 0x0000, 0x0000, 0x0000, 
    0x0000, 0x0000, 0x0000, 0x0000, 0x0000, 0x0000, 0x0000, 0x0000, 
    0x0000, 0x0000, 0x0000, 0x0000, 0x0000, 0x0000, 0x0000, 0x0000, 
    0x0000, 0x0000, 0x0000, 0x0000, 0x0000, 0x0000, 0x0000, 0x0000, 
    0x0000, 0x0000, 0x0000, 0x0000, 0x0000, 0x0000, 0x0000, 0x0000, 
    0x0000, 0x0000, 0x0000, 0x0000, 0x0000, 0x0000, 0x0000, 0x0000, 
    0x0000, 0x0000, 0x0000, 0x0000, 0x0000, 0x0000, 0x0000, 0x0000, 
    0x0000, 0x0000, 0x0000, 0x0000, 0x0000, 0x0000, 0x0000, 0x0000, 
    0x0000, 0x0000, 0x0000, 0x0000, 0x0000, 0x0000, 0x0000, 0x0000, 
    0x0000, 0x0000, 0x0000, 0x0000, 0x0000, 0x0000, 0x0000, 0x0000, 
    0x0000, 0x0000, 0x0000, 0x0000, 0x0000, 0x0000, 0x0000, 0x0000, 
    0x0000, 0x0000, 0x0000, 0x0000, 0x0000, 0x0000, 0x0000, 0x0000, 
    0x0000, 0x0000, 0x0000, 0x0000, 0x0000, 0x0000, 0x0000, 0x0000, 
    0x0000, 0x0000, 0x0000, 0x0000, 0x0000, 0x0000, 0x0000, 0x0000, 
    0x0000, 0x0000, 0x0000, 0x0000, 0x0000, 0x0000, 0x0000, 0x0000, 
    0x0000, 0x0000, 0x0000, 0x0000, 0x0000, 0x0000, 0x0000, 0x0000, 
    0x0000, 0x0000, 0x0000, 0x0000, 0x0000, 0x0000, 0x0000, 0x0000, 
    0x0000, 0x0000, 0x0000, 0x0000, 0x0000, 0x0000, 0x0000, 0x0000, 
    0x0000, 0x0000, 0x0000, 0x0000, 0x0000, 0x0000, 0x0000, 0x0000, 
    0x0000, 0x0000, 0x0000, 0x0000, 0x0000, 0x0000, 0x0000, 0x0000, 
    0x0000, 0x0000, 0x0000, 0x0000, 0x0000, 0x0000, 0x0000, 0x0000, 
    0x0000, 0x0000, 0x0000, 0x0000, 0x0000, 0x0000, 0x0000, 0x0000, 
    0x0000, 0x0000, 0x0000, 0x0000, 0x0000, 0x0000, 0x0000, 0x0000, 
    0x0000, 0x0000, 0x0000, 0x0000, 0x0000, 0x0000, 0x0000, 0x0000, 
    0x0000, 0x0000, 0x0000, 0x0000, 0x0000, 0x0000, 0x0000, 0x0000, 
    0x0000, 0x0000, 0x0000, 0x0000, 0x0000, 0x0000, 0x0000, 0x0000, 
    0x0000, 0x0000, 0x0000, 0x0000, 0x0000, 0x0000, 0x0000, 0x0000, 
    0x0000, 0x0000, 0x0000, 0x0000, 0x0000, 0x0000, 0x0000, 0x0000, 
    0x0000, 0x0000, 0x0000, 0x0000, 0x0000, 0x0000, 0x0000, 0x0000, 
    0x0000, 0x0000, 0x0000, 0x0000, 0x0000, 0x0000, 0x0000, 0x0000, 
    0x0000, 0x0000, 0x0000, 0x0000, 0x0000, 0x0000, 0x0000, 0x0000, 
    0x0000, 0x0000, 0x0000, 0x0000, 0x0000, 0x0000, 0x0000, 0x0000, 
    0x0000, 0x0000, 0x0000, 0x0000, 0x0000, 0x0000, 0x0000, 0x0000, 
    0x0000, 0x0000, 0x0000, 0x0000, 0x0000, 0x0000, 0x0000, 0x0000, 
    0x0000, 0x0000, 0x0000, 0x0000, 0x0000, 0x0000, 0x0000, 0x0000, 
    0x0000, 0x0000, 0x0000, 0x0000, 0x0000, 0x0000, 0x0000, 0x0000, 
    0x0000, 0x0000, 0x0000, 0x0000, 0x0000, 0x0000, 0x0000, 0x0000, 
    0x0000, 0x0000, 0x0000, 0x0000, 0x0000, 0x0000, 0x0000, 0x0000, 
    0x0000, 0x0000, 0x0000, 0x0000, 0x0000, 0x0000, 0x0000, 0x0000, 
    0x0000, 0x0000, 0x0000, 0x0000, 0x0000, 0x0000, 0x0000, 0x0000, 
    0x0000, 0x0000, 0x0000, 0x0000, 0x0000, 0x0000, 0x0000, 0x0000, 
    0x0000, 0x0000, 0x0000, 0x0000, 0x0000, 0x0000, 0x0000, 0x0000, 
    0x0000, 0x0000, 0x0000, 0x0000, 0x0000, 0x0000, 0x0000, 0x0000, 
    0x0000, 0x0000, 0x0000, 0x0000, 0x0000, 0x0000, 0x0000, 0x0000, 
    0x0000, 0x0000, 0x0000, 0x0000, 0x0000, 0x0000, 0x0000, 0x0000, 
    0x0000, 0x0000, 0x0000, 0x0000, 0x0000, 0x0000, 0x0000, 0x0000, 
    0x0000, 0x0000, 0x0000, 0x0000, 0x0000, 0x0000, 0x0000, 0x0000, 
    0x0000, 0x0000, 0x0000, 0x0000, 0x0000, 0x0000, 0x0000, 0x0000, 
    0x0000, 0x0000, 0x0000, 0x0000, 0x0000, 0x0000, 0x0000, 0x0000, 
    0x0000, 0x0000, 0x0000, 0x0000, 0x0000, 0x0000, 0x0000, 0x0000, 
    0x0000, 0x0000, 0x0000, 0x0000, 0x0000, 0x0000, 0x0000, 0x0000, 
    0x0000, 0x0000, 0x0000, 0x0000, 0x0000, 0x0000, 0x0000, 0x0000, 
    0x0000, 0x0000, 0x0000, 0x0000, 0x0000, 0x0000, 0x0000, 0x0000, 
    0x0000, 0x0000, 0x0000, 0x0000, 0x0000, 0x0000, 0x0000, 0x0000, 
    0x0000, 0x0000, 0x0000, 0x0000, 0x0000, 0x0000, 0x0000, 0x0000, 
    0x0000, 0x0000, 0x0000, 0x0000, 0x0000, 0x0000, 0x0000, 0x0000, 
    0x0000, 0x0000, 0x0000, 0x0000, 0x0000, 0x0000, 0x0000, 0x0000, 
    0x0000, 0x0000, 0x0000, 0x0000, 0x0000, 0x0000, 0x0000, 0x0000, 
    0x0000, 0x0000, 0x0000, 0x0000, 0x0000, 0x0000, 0x0000, 0x0000, 
    0x0000, 0x0000, 0x0000, 0x0000, 0x0000, 0x0000, 0x0000, 0x0000, 
    0x0000, 0x0000, 0x0000, 0x0000, 0x0000, 0x0000, 0x0000, 0x0000, 
    0x0000, 0x0000, 0x0000, 0x0000, 0x0000, 0x0000, 0x0000, 0x0000, 
    0x0000, 0x0000, 0x0000, 0x0000, 0x0000, 0x0000, 0x0000, 0x0000, 
    0x0000, 0x0000, 0x0000, 0x0000, 0x0000, 0x0000, 0x0000, 0x0000, 
    0x0000, 0x0000, 0x0000, 0x0000, 0x0000, 0x0000, 0x0000, 0x0000, 
    0x0000, 0x0000, 0x0000, 0x0000, 0x0000, 0x0000, 0x0000, 0x0000, 
    0x0000, 0x0000, 0x0000, 0x0000, 0x0000, 0x0000, 0x0000, 0x0000, 
    0x0000, 0x0000, 0x0000, 0x0000, 0x0000, 0x0000, 0x0000, 0x0000, 
    0x0000, 0x0000, 0x0000, 0x0000, 0x0000, 0x0000, 0x0000, 0x0000, 
    0x0000, 0x0000, 0x0000, 0x0000, 0x0000, 0x0000, 0x0000, 0x0000, 
    0x0000, 0x0000, 0x0000, 0x0000, 0x0000, 0x0000, 0x0000, 0x0000, 
    0x0000, 0x0000, 0x0000, 0x0000, 0x0000, 0x0000, 0x0000, 0x0000, 
    0x0000, 0x0000, 0x0000, 0x0000, 0x0000, 0x0000, 0x0000, 0x0000, 
    0x0000, 0x0000, 0x0000, 0x0000, 0x0000, 0x0000, 0x0000, 0x0000, 
    0x0000, 0x0000, 0x0000, 0x0000, 0x0000, 0x0000, 0x0000, 0x0000, 
    0x0000, 0x0000, 0x0000, 0x0000, 0x0000, 0x0000, 0x0000, 0x0000, 
    0x0000, 0x0000, 0x0000, 0x0000, 0x0000, 0x0000, 0x0000, 0x0000, 
    0x0000, 0x0000, 0x0000, 0x0000, 0x0000, 0x0000, 0x0000, 0x0000, 
    0x0000, 0x0000, 0x0000, 0x0000, 0x0000, 0x0000, 0x0000, 0x0000, 
    0x0000, 0x0000, 0x0000, 0x0000, 0x0000, 0x0000, 0x0000, 0x0000, 
    0x0000, 0x0000, 0x0000, 0x0000, 0x0000, 0x0000, 0x0000, 0x0000, 
    0x0000, 0x0000, 0x0000, 0x0000, 0x0000, 0x0000, 0x0000, 0x0000, 
    0x0000, 0x0000, 0x0000, 0x0000, 0x0000, 0x0000, 0x0000, 0x0000, 
    0x0000, 0x0000, 0x0000, 0x0000, 0x0000, 0x0000, 0x0000, 0x0000, 
    0x0000, 0x0000, 0x0000, 0x0000, 0x0000, 0x0000, 0x0000, 0x0000, 
    0x0000, 0x0000, 0x0000, 0x0000, 0x0000, 0x0000, 0x0000, 0x0000, 
    0x0000, 0x0000, 0x0000, 0x0000, 0x0000, 0x0000, 0x0000, 0x0000, 
    0x0000, 0x0000, 0x0000, 0x0000, 0x0000, 0x0000, 0x0000, 0x0000, 
    0x0000, 0x0000, 0x0000, 0x0000, 0x0000, 0x0000, 0x0000, 0x0000, 
    0x0000, 0x0000, 0x0000, 0x0000, 0x0000, 0x0000, 0x0000, 0x0000, 
    0x0000, 0x0000, 0x0000, 0x0000, 0x0000, 0x0000, 0x0000, 0x0000, 
    0x0000, 0x0000, 0x0000, 0x0000, 0x0000, 0x0000, 0x0000, 0x0000, 
    0x0000, 0x0000, 0x0000, 0x0000, 0x0000, 0x0000, 0x0000, 0x0000, 
    0x0000, 0x0000, 0x0000, 0x0000, 0x0000, 0x0000, 0x0000, 0x0000, 
    0x0000, 0x0000, 0x0000, 0x0000, 0x0000, 0x0000, 0x0000, 0x0000, 
    0x0000, 0x0000, 0x0000, 0x0000, 0x0000, 0x0000, 0x0000, 0x0000, 
    0x0000, 0x0000, 0x0000, 0x0000, 0x0000, 0x0000, 0x0000, 0x0000, 
    0x0000, 0x0000, 0x0000, 0x0000, 0x0000, 0x0000, 0x0000, 0x0000, 
    0x0000, 0x0000, 0x0000, 0x0000, 0x0000, 0x0000, 0x0000, 0x0000, 
    0x0000, 0x0000, 0x0000, 0x0000, 0x0000, 0x0000, 0x0000, 0x0000, 
    0x0000, 0x0000, 0x0000, 0x0000, 0x0000, 0x0000, 0x0000, 0x0000, 
    0x0000, 0x0000, 0x0000, 0x0000, 0x0000, 0x0000, 0x0000, 0x0000, 
    0x0000, 0x0000, 0x0000, 0x0000, 0x0000, 0x0000, 0x0000, 0x0000, 
    0x0000, 0x0000, 0x0000, 0x0000, 0x0000, 0x0000, 0x0000, 0x0000, 
    0x0000, 0x0000, 0x0000, 0x0000, 0x0000, 0x0000, 0x0000, 0x0000, 
    0x0000, 0x0000, 0x0000, 0x0000, 0x0000, 0x0000, 0x0000, 0x0000, 
    0x0000, 0x0000, 0x0000, 0x0000, 0x0000, 0x0000, 0x0000, 0x0000, 
    0x0000, 0x0000, 0x0000, 0x0000, 0x0000, 0x0000, 0x0000, 0x0000, 
    0x0000, 0x0000, 0x0000, 0x0000, 0x0000, 0x0000, 0x0000, 0x0000, 
    0x0000, 0x0000, 0x0000, 0x0000, 0x0000, 0x0000, 0x0000, 0x0000, 
    0x0000, 0x0000, 0x0000, 0x0000, 0x0000, 0x0000, 0x0000, 0x0000, 
    0x0000, 0x0000, 0x0000, 0x0000, 0x0000, 0x0000, 0x0000, 0x0000, 
    0x0000, 0x0000, 0x0000, 0x0000, 0x0000, 0x0000, 0x0000, 0x0000, 
    0x0000, 0x0000, 0x0000, 0x0000, 0x0000, 0x0000, 0x0000, 0x0000, 
    0x0000, 0x0000, 0x0000, 0x0000, 0x0000, 0x0000, 0x0000, 0x0000, 
    0x0000, 0x0000, 0x0000, 0x0000, 0x0000, 0x0000, 0x0000, 0x0000, 
    0x0000, 0x0000, 0x0000, 0x0000, 0x0000, 0x0000, 0x0000, 0x0000, 
    0x0000, 0x0000, 0x0000, 0x0000, 0x0000, 0x0000, 0x0000, 0x0000, 
    0x0000, 0x0000, 0x0000, 0x0000, 0x0000, 0x0000, 0x0000, 0x0000, 
    0x0000, 0x0000, 0x0000, 0x0000, 0x0000, 0x0000, 0x0000, 0x0000, 
    0x0000, 0x0000, 0x0000, 0x0000, 0x0000, 0x0000, 0x0000, 0x0000, 
    0x0000, 0x0000, 0x0000, 0x0000, 0x0000, 0x0000, 0x0000, 0x0000, 
    0x0000, 0x0000, 0x0000, 0x0000, 0x0000, 0x0000, 0x0000, 0x0000, 
    0x0000, 0x0000, 0x0000, 0x0000, 0x0000, 0x0000, 0x0000, 0x0000, 
    0x0000, 0x0000, 0x0000, 0x0000, 0x0000, 0x0000, 0x0000, 0x0000, 
    0x0000, 0x0000, 0x0000, 0x0000, 0x0000, 0x0000, 0x0000, 0x0000, 
    0x0000, 0x0000, 0x0000, 0x0000, 0x0000, 0x0000, 0x0000, 0x0000, 
    0x0000, 0x0000, 0x0000, 0x0000, 0x0000, 0x0000, 0x0000, 0x0000, 
    0x0000, 0x0000, 0x0000, 0x0000, 0x0000, 0x0000, 0x0000, 0x0000, 
    0x0000, 0x0000, 0x0000, 0x0000, 0x0000, 0x0000, 0x0000, 0x0000, 
    0x0000, 0x0000, 0x0000, 0x0000, 0x0000, 0x0000, 0x0000, 0x0000, 
    0x0000, 0x0000, 0x0000, 0x0000, 0x0000, 0x0000, 0x0000, 0x0000, 
    0x0000, 0x0000, 0x0000, 0x0000, 0x0000, 0x0000, 0x0000, 0x0000, 
    0x0000, 0x0000, 0x0000, 0x0000, 0x0000, 0x0000, 0x0000, 0x0000, 
    0x0000, 0x0000, 0x0000, 0x0000, 0x0000, 0x0000, 0x0000, 0x0000, 
    0x0000, 0x0000, 0x0000, 0x0000, 0x0000, 0x0000, 0x0000, 0x0000, 
    0x0000, 0x0000, 0x0000, 0x0000, 0x0000, 0x0000, 0x0000, 0x0000, 
    0x0000, 0x0000, 0x0000, 0x0000, 0x0000, 0x0000, 0x0000, 0x0000, 
    0x0000, 0x0000, 0x0000, 0x0000, 0x0000, 0x0000, 0x0000, 0x0000, 
    0x0000, 0x0000, 0x0000, 0x0000, 0x0000, 0x0000, 0x0000, 0x0000, 
    0x0000, 0x0000, 0x0000, 0x0000, 0x0000, 0x0000, 0x0000, 0x0000, 
    0x0000, 0x0000, 0x0000, 0x0000, 0x0000, 0x0000, 0x0000, 0x0000, 
    0x0000, 0x0000, 0x0000, 0x0000, 0x0000, 0x0000, 0x0000, 0x0000, 
    0x0000, 0x0000, 0x0000, 0x0000, 0x0000, 0x0000, 0x0000, 0x0000, 
    0x0000, 0x0000, 0x0000, 0x0000, 0x0000, 0x0000, 0x0000, 0x0000, 
    0x0000, 0x0000, 0x0000, 0x0000, 0x0000, 0x0000, 0x0000, 0x0000, 
    0x0000, 0x0000, 0x0000, 0x0000, 0x0000, 0x0000, 0x0000, 0x0000, 
    0x0000, 0x0000, 0x0000, 0x0000, 0x0000, 0x0000, 0x0000, 0x0000, 
    0x0000, 0x0000, 0x0000, 0x0000, 0x0000, 0x0000, 0x0000, 0x0000, 
    0x0000, 0x0000, 0x0000, 0x0000, 0x0000, 0x0000, 0x0000, 0x0000, 
    0x0000, 0x0000, 0x0000, 0x0000, 0x0000, 0x0000, 0x0000, 0x0000, 
    0x0000, 0x0000, 0x0000, 0x0000, 0x0000, 0x0000, 0x0000, 0x0000, 
    0x0000, 0x0000, 0x0000, 0x0000, 0x0000, 0x0000, 0x0000, 0x0000, 
    0x0000, 0x0000, 0x0000, 0x0000, 0x0000, 0x0000, 0x0000, 0x0000, 
    0x0000, 0x0000, 0x0000, 0x0000, 0x0000, 0x0000, 0x0000, 0x0000, 
    0x0000, 0x0000, 0x0000, 0x0000, 0x0000, 0x0000, 0x0000, 0x0000, 
    0x0000, 0x0000, 0x0000, 0x0000, 0x0000, 0x0000, 0x0000, 0x0000, 
    0x0000, 0x0000, 0x0000, 0x0000, 0x0000, 0x0000, 0x0000, 0x0000, 
    0x0000, 0x0000, 0x0000, 0x0000, 0x0000, 0x0000, 0x0000, 0x0000, 
    0x0000, 0x0000, 0x0000, 0x0000, 0x0000, 0x0000, 0x0000, 0x0000, 
    0x0000, 0x0000, 0x0000, 0x0000, 0x0000, 0x0000, 0x0000, 0x0000, 
    0x0000, 0x0000, 0x0000, 0x0000, 0x0000, 0x0000, 0x0000, 0x0000, 
    0x0000, 0x0000, 0x0000, 0x0000, 0x0000, 0x0000, 0x0000, 0x0000, 
    0x0000, 0x0000, 0x0000, 0x0000, 0x0000, 0x0000, 0x0000, 0x0000, 
    0x0000, 0x0000, 0x0000, 0x0000, 0x0000, 0x0000, 0x0000, 0x0000, 
    0x0000, 0x0000, 0x0000, 0x0000, 0x0000, 0x0000, 0x0000, 0x0000, 
    0x0000, 0x0000, 0x0000, 0x0000, 0x0000, 0x0000, 0x0000, 0x0000, 
    0x0000, 0x0000, 0x0000, 0x0000, 0x0000, 0x0000, 0x0000, 0x0000, 
    0x0000, 0x0000, 0x0000, 0x0000, 0x0000, 0x0000, 0x0000, 0x0000, 
    0x0000, 0x0000, 0x0000, 0x0000, 0x0000, 0x0000, 0x0000, 0x0000, 
    0x0000, 0x0000, 0x0000, 0x0000, 0x0000, 0x0000, 0x0000, 0x0000, 
    0x0000, 0x0000, 0x0000, 0x0000, 0x0000, 0x0000, 0x0000, 0x0000, 
    0x0000, 0x0000, 0x0000, 0x0000, 0x0000, 0x0000, 0x0000, 0x0000, 
    0x0000, 0x0000, 0x0000, 0x0000, 0x0000, 0x0000, 0x0000, 0x0000, 
    0x0000, 0x0000, 0x0000, 0x0000, 0x0000, 0x0000, 0x0000, 0x0000, 
    0x0000, 0x0000, 0x0000, 0x0000, 0x0000, 0x0000, 0x0000, 0x0000, 
    0x0000, 0x0000, 0x0000, 0x0000, 0x0000, 0x0000, 0x0000, 0x0000, 
    0x0000, 0x0000, 0x0000, 0x0000, 0x0000, 0x0000, 0x0000, 0x0000, 
    0x0000, 0x0000, 0x0000, 0x0000, 0x0000, 0x0000, 0x0000, 0x0000, 
    0x0000, 0x0000, 0x0000, 0x0000, 0x0000, 0x0000, 0x0000, 0x0000, 
    0x0000, 0x0000, 0x0000, 0x0000, 0x0000, 0x0000, 0x0000, 0x0000, 
    0x0000, 0x0000, 0x0000, 0x0000, 0x0000, 0x0000, 0x0000, 0x0000, 
    0x0000, 0x0000, 0x0000, 0x0000, 0x0000, 0x0000, 0x0000, 0x0000, 
    0x0000, 0x0000, 0x0000, 0x0000, 0x0000, 0x0000, 0x0000, 0x0000, 
    0x0000, 0x0000, 0x0000, 0x0000, 0x0000, 0x0000, 0x0000, 0x0000, 
    0x0000, 0x0000, 0x0000, 0x0000, 0x0000, 0x0000, 0x0000, 0x0000, 
    0x0000, 0x0000, 0x0000, 0x0000, 0x0000, 0x0000, 0x0000, 0x0000, 
    0x0000, 0x0000, 0x0000, 0x0000, 0x0000, 0x0000, 0x0000, 0x0000, 
    0x0000, 0x0000, 0x0000, 0x0000, 0x0000, 0x0000, 0x0000, 0x0000, 
    0x0000, 0x0000, 0x0000, 0x0000, 0x0000, 0x0000, 0x0000, 0x0000, 
    0x0000, 0x0000, 0x0000, 0x0000, 0x0000, 0x0000, 0x0000, 0x0000, 
    0x0000, 0x0000, 0x0000, 0x0000, 0x0000, 0x0000, 0x0000, 0x0000, 
    0x0000, 0x0000, 0x0000, 0x0000, 0x0000, 0x0000, 0x0000, 0x0000, 
    0x0000, 0x0000, 0x0000, 0x0000, 0x0000, 0x0000, 0x0000, 0x0000, 
    0x0000, 0x0000, 0x0000, 0x0000, 0x0000, 0x0000, 0x0000, 0x0000, 
    0x0000, 0x0000, 0x0000, 0x0000, 0x0000, 0x0000, 0x0000, 0x0000, 
    0x0000, 0x0000, 0x0000, 0x0000, 0x0000, 0x0000, 0x0000, 0x0000, 
    0x0000, 0x0000, 0x0000, 0x0000, 0x0000, 0x0000, 0x0000, 0x0000, 
    0x0000, 0x0000, 0x0000, 0x0000, 0x0000, 0x0000, 0x0000, 0x0000, 
    0x0000, 0x0000, 0x0000, 0x0000, 0x0000, 0x0000, 0x0000, 0x0000, 
    0x0000, 0x0000, 0x0000, 0x0000, 0x0000, 0x0000, 0x0000, 0x0000, 
    0x0000, 0x0000, 0x0000, 0x0000, 0x0000, 0x0000, 0x0000, 0x0000, 
    0x0000, 0x0000, 0x0000, 0x0000, 0x0000, 0x0000, 0x0000, 0x0000, 
    0x0000, 0x0000, 0x0000, 0x0000, 0x0000, 0x0000, 0x0000, 0x0000, 
    0x0000, 0x0000, 0x0000, 0x0000, 0x0000, 0x0000, 0x0000, 0x0000, 
    0x0000, 0x0000, 0x0000, 0x0000, 0x0000, 0x0000, 0x0000, 0x0000, 
    0x0000, 0x0000, 0x0000, 0x0000, 0x0000, 0x0000, 0x0000, 0x0000, 
    0x0000, 0x0000, 0x0000, 0x0000, 0x0000, 0x0000, 0x0000, 0x0000, 
    0x0000, 0x0000, 0x0000, 0x0000, 0x0000, 0x0000, 0x0000, 0x0000, 
    0x0000, 0x0000, 0x0000, 0x0000, 0x0000, 0x0000, 0x0000, 0x0000, 
    0x0000, 0x0000, 0x0000, 0x0000, 0x0000, 0x0000, 0x0000, 0x0000, 
    0x0000, 0x0000, 0x0000, 0x0000, 0x0000, 0x0000, 0x0000, 0x0000, 
    0x0000, 0x0000, 0x0000, 0x0000, 0x0000, 0x0000, 0x0000, 0x0000, 
    0x0000, 0x0000, 0x0000, 0x0000, 0x0000, 0x0000, 0x0000, 0x0000, 
    0x0000, 0x0000, 0x0000, 0x0000, 0x0000, 0x0000, 0x0000, 0x0000, 
    0x0000, 0x0000, 0x0000, 0x0000, 0x0000, 0x0000, 0x0000, 0x0000, 
    0x0000, 0x0000, 0x0000, 0x0000, 0x0000, 0x0000, 0x0000, 0x0000, 
    0x0000, 0x0000, 0x0000, 0x0000, 0x0000, 0x0000, 0x0000, 0x0000, 
    0x0000, 0x0000, 0x0000, 0x0000, 0x0000, 0x0000, 0x0000, 0x0000, 
    0x0000, 0x0000, 0x0000, 0x0000, 0x0000, 0x0000, 0x0000, 0x0000, 
    0x0000, 0x0000, 0x0000, 0x0000, 0x0000, 0x0000, 0x0000, 0x0000, 
    0x0000, 0x0000, 0x0000, 0x0000, 0x0000, 0x0000, 0x0000, 0x0000, 
    0x0000, 0x0000, 0x0000, 0x0000, 0x0000, 0x0000, 0x0000, 0x0000, 
    0x0000, 0x0000, 0x0000, 0x0000, 0x0000, 0x0000, 0x0000, 0x0000, 
    0x0000, 0x0000, 0x0000, 0x0000, 0x0000, 0x0000, 0x0000, 0x0000, 
    0x0000, 0x0000, 0x0000, 0x0000, 0x0000, 0x0000, 0x0000, 0x0000, 
    0x0000, 0x0000, 0x0000, 0x0000, 0x0000, 0x0000, 0x0000, 0x0000, 
    0x0000, 0x0000, 0x0000, 0x0000, 0x0000, 0x0000, 0x0000, 0x0000, 
    0x0000, 0x0000, 0x0000, 0x0000, 0x0000, 0x0000, 0x0000, 0x0000, 
    0x0000, 0x0000, 0x0000, 0x0000, 0x0000, 0x0000, 0x0000, 0x0000, 
    0x0000, 0x0000, 0x0000, 0x0000, 0x0000, 0x0000, 0x0000, 0x0000, 
    0x0000, 0x0000, 0x0000, 0x0000, 0x0000, 0x0000, 0x0000, 0x0000, 
    0x0000, 0x0000, 0x0000, 0x0000, 0x0000, 0x0000, 0x0000, 0x0000, 
    0x0000, 0x0000, 0x0000, 0x0000, 0x0000, 0x0000, 0x0000, 0x0000, 
    0x0000, 0x0000, 0x0000, 0x0000, 0x0000, 0x0000, 0x0000, 0x0000, 
    0x0000, 0x0000, 0x0000, 0x0000, 0x0000, 0x0000, 0x0000, 0x0000, 
    0x0000, 0x0000, 0x0000, 0x0000, 0x0000, 0x0000, 0x0000, 0x0000, 
    0x0000, 0x0000, 0x0000, 0x0000, 0x0000, 0x0000, 0x0000, 0x0000, 
    0x0000, 0x0000, 0x0000, 0x0000, 0x0000, 0x0000, 0x0000, 0x0000, 
    0x0000, 0x0000, 0x0000, 0x0000, 0x0000, 0x0000, 0x0000, 0x0000, 
    0x0000, 0x0000, 0x0000, 0x0000, 0x0000, 0x0000, 0x0000, 0x0000, 
    0x0000, 0x0000, 0x0000, 0x0000, 0x0000, 0x0000, 0x0000, 0x0000, 
    0x0000, 0x0000, 0x0000, 0x0000, 0x0000, 0x0000, 0x0000, 0x0000, 
    0x0000, 0x0000, 0x0000, 0x0000, 0x0000, 0x0000, 0x0000, 0x0000, 
    0x0000, 0x0000, 0x0000, 0x0000, 0x0000, 0x0000, 0x0000, 0x0000, 
    0x0000, 0x0000, 0x0000, 0x0000, 0x0000, 0x0000, 0x0000, 0x0000, 
    0x0000, 0x0000, 0x0000, 0x0000, 0x0000, 0x0000, 0x0000, 0x0000, 
    0x0000, 0x0000, 0x0000, 0x0000, 0x0000, 0x0000, 0x0000, 0x0000, 
    0x0000, 0x0000, 0x0000, 0x0000, 0x0000, 0x0000, 0x0000, 0x0000, 
    0x0000, 0x0000, 0x0000, 0x0000, 0x0000, 0x0000, 0x0000, 0x0000, 
    0x0000, 0x0000, 0x0000, 0x0000, 0x0000, 0x0000, 0x0000, 0x0000, 
    0x0000, 0x0000, 0x0000, 0x0000, 0x0000, 0x0000, 0x0000, 0x0000, 
    0x0000, 0x0000, 0x0000, 0x0000, 0x0000, 0x0000, 0x0000, 0x0000, 
    0x0000, 0x0000, 0x0000, 0x0000, 0x0000, 0x0000, 0x0000, 0x0000, 
    0x0000, 0x0000, 0x0000, 0x0000, 0x0000, 0x0000, 0x0000, 0x0000, 
    0x0000, 0x0000, 0x0000, 0x0000, 0x0000, 0x0000, 0x0000, 0x0000, 
    0x0000, 0x0000, 0x0000, 0x0000, 0x0000, 0x0000, 0x0000, 0x0000, 
    0x0000, 0x0000, 0x0000, 0x0000, 0x0000, 0x0000, 0x0000, 0x0000, 
    0x0000, 0x0000, 0x0000, 0x0000, 0x0000, 0x0000, 0x0000, 0x0000, 
    0x0000, 0x0000, 0x0000, 0x0000, 0x0000, 0x0000, 0x0000, 0x0000, 
    0x0000, 0x0000, 0x0000, 0x0000, 0x0000, 0x0000, 0x0000, 0x0000, 
    0x0000, 0x0000, 0x0000, 0x0000, 0x0000, 0x0000, 0x0000, 0x0000, 
    0x0000, 0x0000, 0x0000, 0x0000, 0x0000, 0x0000, 0x0000, 0x0000, 
    0x0000, 0x0000, 0x0000, 0x0000, 0x0000, 0x0000, 0x0000, 0x0000, 
    0x0000, 0x0000, 0x0000, 0x0000, 0x0000, 0x0000, 0x0000, 0x0000, 
    0x0000, 0x0000, 0x0000, 0x0000, 0x0000, 0x0000, 0x0000, 0x0000, 
    0x0000, 0x0000, 0x0000, 0x0000, 0x0000, 0x0000, 0x0000, 0x0000, 
    0x0000, 0x0000, 0x0000, 0x0000, 0x0000, 0x0000, 0x0000, 0x0000, 
    0x0000, 0x0000, 0x0000, 0x0000, 0x0000, 0x0000, 0x0000, 0x0000, 
    0x0000, 0x0000, 0x0000, 0x0000, 0x0000, 0x0000, 0x0000, 0x0000, 
    0x0000, 0x0000, 0x0000, 0x0000, 0x0000, 0x0000, 0x0000, 0x0000, 
    0x0000, 0x0000, 0x0000, 0x0000, 0x0000, 0x0000, 0x0000, 0x0000, 
    0x0000, 0x0000, 0x0000, 0x0000, 0x0000, 0x0000, 0x0000, 0x0000, 
    0x0000, 0x0000, 0x0000, 0x0000, 0x0000, 0x0000, 0x0000, 0x0000, 
    0x0000, 0x0000, 0x0000, 0x0000, 0x0000, 0x0000, 0x0000, 0x0000, 
    0x0000, 0x0000, 0x0000, 0x0000, 0x0000, 0x0000, 0x0000, 0x0000, 
    0x0000, 0x0000, 0x0000, 0x0000, 0x0000, 0x0000, 0x0000, 0x0000, 
    0x0000, 0x0000, 0x0000, 0x0000, 0x0000, 0x0000, 0x0000, 0x0000, 
    0x0000, 0x0000, 0x0000, 0x0000, 0x0000, 0x0000, 0x0000, 0x0000, 
    0x0000, 0x0000, 0x0000, 0x0000, 0x0000, 0x0000, 0x0000, 0x0000, 
    0x0000, 0x0000, 0x0000, 0x0000, 0x0000, 0x0000, 0x0000, 0x0000, 
    0x0000, 0x0000, 0x0000, 0x0000, 0x0000, 0x0000, 0x0000, 0x0000, 
    0x0000, 0x0000, 0x0000, 0x0000, 0x0000, 0x0000, 0x0000, 0x0000, 
    0x0000, 0x0000, 0x0000, 0x0000, 0x0000, 0x0000, 0x0000, 0x0000, 
    0x0000, 0x0000, 0x0000, 0x0000, 0x0000, 0x0000, 0x0000, 0x0000, 
    0x0000, 0x0000, 0x0000, 0x0000, 0x0000, 0x0000, 0x0000, 0x0000, 
    0x0000, 0x0000, 0x0000, 0x0000, 0x0000, 0x0000, 0x0000, 0x0000, 
    0x0000, 0x0000, 0x0000, 0x0000, 0x0000, 0x0000, 0x0000, 0x0000, 
    0x0000, 0x0000, 0x0000, 0x0000, 0x0000, 0x0000, 0x0000, 0x0000, 
    0x0000, 0x0000, 0x0000, 0x0000, 0x0000, 0x0000, 0x0000, 0x0000, 
    0x0000, 0x0000, 0x0000, 0x0000, 0x0000, 0x0000, 0x0000, 0x0000, 
    0x0000, 0x0000, 0x0000, 0x0000, 0x0000, 0x0000, 0x0000, 0x0000, 
    0x0000, 0x0000, 0x0000, 0x0000, 0x0000, 0x0000, 0x0000, 0x0000, 
    0x0000, 0x0000, 0x0000, 0x0000, 0x0000, 0x0000, 0x0000, 0x0000, 
    0x0000, 0x0000, 0x0000, 0x0000, 0x0000, 0x0000, 0x0000, 0x0000, 
    0x0000, 0x0000, 0x0000, 0x0000, 0x0000, 0x0000, 0x0000, 0x0000, 
    0x0000, 0x0000, 0x0000, 0x0000, 0x0000, 0x0000, 0x0000, 0x0000, 
    0x0000, 0x0000, 0x0000, 0x0000, 0x0000, 0x0000, 0x0000, 0x0000, 
    0x0000, 0x0000, 0x0000, 0x0000, 0x0000, 0x0000, 0x0000, 0x0000, 
    0x0000, 0x0000, 0x0000, 0x0000, 0x0000, 0x0000, 0x0000, 0x0000, 
    0x0000, 0x0000, 0x0000, 0x0000, 0x0000, 0x0000, 0x0000, 0x0000, 
    0x0000, 0x0000, 0x0000, 0x0000, 0x0000, 0x0000, 0x0000, 0x0000, 
    0x0000, 0x0000, 0x0000, 0x0000, 0x0000, 0x0000, 0x0000, 0x0000, 
    0x0000, 0x0000, 0x0000, 0x0000, 0x0000, 0x0000, 0x0000, 0x0000, 
    0x0000, 0x0000, 0x0000, 0x0000, 0x0000, 0x0000, 0x0000, 0x0000, 
    0x0000, 0x0000, 0x0000, 0x0000, 0x0000, 0x0000, 0x0000, 0x0000, 
    0x0000, 0x0000, 0x0000, 0x0000, 0x0000, 0x0000, 0x0000, 0x0000, 
    0x0000, 0x0000, 0x0000, 0x0000, 0x0000, 0x0000, 0x0000, 0x0000, 
    0x0000, 0x0000, 0x0000, 0x0000, 0x0000, 0x0000, 0x0000, 0x0000, 
    0x0000, 0x0000, 0x0000, 0x0000, 0x0000, 0x0000, 0x0000, 0x0000, 
    0x0000, 0x0000, 0x0000, 0x0000, 0x0000, 0x0000, 0x0000, 0x0000, 
    0x0000, 0x0000, 0x0000, 0x0000, 0x0000, 0x0000, 0x0000, 0x0000, 
    0x0000, 0x0000, 0x0000, 0x0000, 0x0000, 0x0000, 0x0000, 0x0000, 
    0x0000, 0x0000, 0x0000, 0x0000, 0x0000, 0x0000, 0x0000, 0x0000, 
    0x0000, 0x0000, 0x0000, 0x0000, 0x0000, 0x0000, 0x0000, 0x0000, 
    0x0000, 0x0000, 0x0000, 0x0000, 0x0000, 0x0000, 0x0000, 0x0000, 
    0x0000, 0x0000, 0x0000, 0x0000, 0x0000, 0x0000, 0x0000, 0x0000, 
    0x0000, 0x0000, 0x0000, 0x0000, 0x0000, 0x0000, 0x0000, 0x0000, 
    0x0000, 0x0000, 0x0000, 0x0000, 0x0000, 0x0000, 0x0000, 0x0000, 
    0x0000, 0x0000, 0x0000, 0x0000, 0x0000, 0x0000, 0x0000, 0x0000, 
    0x0000, 0x0000, 0x0000, 0x0000, 0x0000, 0x0000, 0x0000, 0x0000, 
    0x0000, 0x0000, 0x0000, 0x0000, 0x0000, 0x0000, 0x0000, 0x0000, 
    0x0000, 0x0000, 0x0000, 0x0000, 0x0000, 0x0000, 0x0000, 0x0000, 
    0x0000, 0x0000, 0x0000, 0x0000, 0x0000, 0x0000, 0x0000, 0x0000, 
    0x0000, 0x0000, 0x0000, 0x0000, 0x0000, 0x0000, 0x0000, 0x0000, 
    0x0000, 0x0000, 0x0000, 0x0000, 0x0000, 0x0000, 0x0000, 0x0000, 
    0x0000, 0x0000, 0x0000, 0x0000, 0x0000, 0x0000, 0x0000, 0x0000, 
    0x0000, 0x0000, 0x0000, 0x0000, 0x0000, 0x0000, 0x0000, 0x0000, 
    0x0000, 0x0000, 0x0000, 0x0000, 0x0000, 0x0000, 0x0000, 0x0000, 
    0x0000, 0x0000, 0x0000, 0x0000, 0x0000, 0x0000, 0x0000, 0x0000, 
    0x0000, 0x0000, 0x0000, 0x0000, 0x0000, 0x0000, 0x0000, 0x0000, 
    0x0000, 0x0000, 0x0000, 0x0000, 0x0000, 0x0000, 0x0000, 0x0000, 
    0x0000, 0x0000, 0x0000, 0x0000, 0x0000, 0x0000, 0x0000, 0x0000, 
    0x0000, 0x0000, 0x0000, 0x0000, 0x0000, 0x0000, 0x0000, 0x0000, 
    0x0000, 0x0000, 0x0000, 0x0000, 0x0000, 0x0000, 0x0000, 0x0000, 
    0x0000, 0x0000, 0x0000, 0x0000, 0x0000, 0x0000, 0x0000, 0x0000, 
    0x0000, 0x0000, 0x0000, 0x0000, 0x0000, 0x0000, 0x0000, 0x0000, 
    0x0000, 0x0000, 0x0000, 0x0000, 0x0000, 0x0000, 0x0000, 0x0000, 
    0x0000, 0x0000, 0x0000, 0x0000, 0x0000, 0x0000, 0x0000, 0x0000, 
    0x0000, 0x0000, 0x0000, 0x0000, 0x0000, 0x0000, 0x0000, 0x0000, 
    0x0000, 0x0000, 0x0000, 0x0000, 0x0000, 0x0000, 0x0000, 0x0000, 
    0x0000, 0x0000, 0x0000, 0x0000, 0x0000, 0x0000, 0x0000, 0x0000, 
    0x0000, 0x0000, 0x0000, 0x0000, 0x0000, 0x0000, 0x0000, 0x0000, 
    0x0000, 0x0000, 0x0000, 0x0000, 0x0000, 0x0000, 0x0000, 0x0000, 
    0x0000, 0x0000, 0x0000, 0x0000, 0x0000, 0x0000, 0x0000, 0x0000, 
    0x0000, 0x0000, 0x0000, 0x0000, 0x0000, 0x0000, 0x0000, 0x0000, 
    0x0000, 0x0000, 0x0000, 0x0000, 0x0000, 0x0000, 0x0000, 0x0000, 
    0x0000, 0x0000, 0x0000, 0x0000, 0x0000, 0x0000, 0x0000, 0x0000, 
    0x0000, 0x0000, 0x0000, 0x0000, 0x0000, 0x0000, 0x0000, 0x0000, 
    0x0000, 0x0000, 0x0000, 0x0000, 0x0000, 0x0000, 0x0000, 0x0000, 
    0x0000, 0x0000, 0x0000, 0x0000, 0x0000, 0x0000, 0x0000, 0x0000, 
    0x0000, 0x0000, 0x0000, 0x0000, 0x0000, 0x0000, 0x0000, 0x0000, 
    0x0000, 0x0000, 0x0000, 0x0000, 0x0000, 0x0000, 0x0000, 0x0000, 
    0x0000, 0x0000, 0x0000, 0x0000, 0x0000, 0x0000, 0x0000, 0x0000, 
    0x0000, 0x0000, 0x0000, 0x0000, 0x0000, 0x0000, 0x0000, 0x0000, 
    0x0000, 0x0000, 0x0000, 0x0000, 0x0000, 0x0000, 0x0000, 0x0000, 
    0x0000, 0x0000, 0x0000, 0x0000, 0x0000, 0x0000, 0x0000, 0x0000, 
    0x0000, 0x0000, 0x0000, 0x0000, 0x0000, 0x0000, 0x0000, 0x0000, 
    0x0000, 0x0000, 0x0000, 0x0000, 0x0000, 0x0000, 0x0000, 0x0000, 
    0x0000, 0x0000, 0x0000, 0x0000, 0x0000, 0x0000, 0x0000, 0x0000, 
    0x0000, 0x0000, 0x0000, 0x0000, 0x0000, 0x0000, 0x0000, 0x0000, 
    0x0000, 0x0000, 0x0000, 0x0000, 0x0000, 0x0000, 0x0000, 0x0000, 
    0x0000, 0x0000, 0x0000, 0x0000, 0x0000, 0x0000, 0x0000, 0x0000, 
    0x0000, 0x0000, 0x0000, 0x0000, 0x0000, 0x0000, 0x0000, 0x0000, 
    0x0000, 0x0000, 0x0000, 0x0000, 0x0000, 0x0000, 0x0000, 0x0000, 
    0x0000, 0x0000, 0x0000, 0x0000, 0x0000, 0x0000, 0x0000, 0x0000, 
    0x0000, 0x0000, 0x0000, 0x0000, 0x0000, 0x0000, 0x0000, 0x0000, 
    0x0000, 0x0000, 0x0000, 0x0000, 0x0000, 0x0000, 0x0000, 0x0000, 
    0x0000, 0x0000, 0x0000, 0x0000, 0x0000, 0x0000, 0x0000, 0x0000, 
    0x0000, 0x0000, 0x0000, 0x0000, 0x0000, 0x0000, 0x0000, 0x0000, 
    0x0000, 0x0000, 0x0000, 0x0000, 0x0000, 0x0000, 0x0000, 0x0000, 
    0x0000, 0x0000, 0x0000, 0x0000, 0x0000, 0x0000, 0x0000, 0x0000, 
    0x0000, 0x0000, 0x0000, 0x0000, 0x0000, 0x0000, 0x0000, 0x0000, 
    0x0000, 0x0000, 0x0000, 0x0000, 0x0000, 0x0000, 0x0000, 0x0000, 
    0x0000, 0x0000, 0x0000, 0x0000, 0x0000, 0x0000, 0x0000, 0x0000, 
    0x0000, 0x0000, 0x0000, 0x0000, 0x0000, 0x0000, 0x0000, 0x0000, 
    0x0000, 0x0000, 0x0000, 0x0000, 0x0000, 0x0000, 0x0000, 0x0000, 
    0x0000, 0x0000, 0x0000, 0x0000, 0x0000, 0x0000, 0x0000, 0x0000, 
    0x0000, 0x0000, 0x0000, 0x0000, 0x0000, 0x0000, 0x0000, 0x0000, 
    0x0000, 0x0000, 0x0000, 0x0000, 0x0000, 0x0000, 0x0000, 0x0000, 
    0x0000, 0x0000, 0x0000, 0x0000, 0x0000, 0x0000, 0x0000, 0x0000, 
    0x0000, 0x0000, 0x0000, 0x0000, 0x0000, 0x0000, 0x0000, 0x0000, 
    0x0000, 0x0000, 0x0000, 0x0000, 0x0000, 0x0000, 0x0000, 0x0000, 
    0x0000, 0x0000, 0x0000, 0x0000, 0x0000, 0x0000, 0x0000, 0x0000, 
    0x0000, 0x0000, 0x0000, 0x0000, 0x0000, 0x0000, 0x0000, 0x0000, 
    0x0000, 0x0000, 0x0000, 0x0000, 0x0000, 0x0000, 0x0000, 0x0000, 
    0x0000, 0x0000, 0x0000, 0x0000, 0x0000, 0x0000, 0x0000, 0x0000, 
    0x0000, 0x0000, 0x0000, 0x0000, 0x0000, 0x0000, 0x0000, 0x0000, 
    0x0000, 0x0000, 0x0000, 0x0000, 0x0000, 0x0000, 0x0000, 0x0000, 
    0x0000, 0x0000, 0x0000, 0x0000, 0x0000, 0x0000, 0x0000, 0x0000, 
    0x0000, 0x0000, 0x0000, 0x0000, 0x0000, 0x0000, 0x0000, 0x0000, 
    0x0000, 0x0000, 0x0000, 0x0000, 0x0000, 0x0000, 0x0000, 0x0000, 
    0x0000, 0x0000, 0x0000, 0x0000, 0x0000, 0x0000, 0x0000, 0x0000, 
    0x0000, 0x0000, 0x0000, 0x0000, 0x0000, 0x0000, 0x0000, 0x0000, 
    0x0000, 0x0000, 0x0000, 0x0000, 0x0000, 0x0000, 0x0000, 0x0000, 
    0x0000, 0x0000, 0x0000, 0x0000, 0x0000, 0x0000, 0x0000, 0x0000, 
    0x0000, 0x0000, 0x0000, 0x0000, 0x0000, 0x0000, 0x0000, 0x0000, 
    0x0000, 0x0000, 0x0000, 0x0000, 0x0000, 0x0000, 0x0000, 0x0000, 
    0x0000, 0x0000, 0x0000, 0x0000, 0x0000, 0x0000, 0x0000, 0x0000, 
    0x0000, 0x0000, 0x0000, 0x0000, 0x0000, 0x0000, 0x0000, 0x0000, 
    0x0000, 0x0000, 0x0000, 0x0000, 0x0000, 0x0000, 0x0000, 0x0000, 
    0x0000, 0x0000, 0x0000, 0x0000, 0x0000, 0x0000, 0x0000, 0x0000, 
    0x0000, 0x0000, 0x0000, 0x0000, 0x0000, 0x0000, 0x0000, 0x0000, 
    0x0000, 0x0000, 0x0000, 0x0000, 0x0000, 0x0000, 0x0000, 0x0000, 
    0x0000, 0x0000, 0x0000, 0x0000, 0x0000, 0x0000, 0x0000, 0x0000, 
    0x0000, 0x0000, 0x0000, 0x0000, 0x0000, 0x0000, 0x0000, 0x0000, 
    0x0000, 0x0000, 0x0000, 0x0000, 0x0000, 0x0000, 0x0000, 0x0000, 
    0x0000, 0x0000, 0x0000, 0x0000, 0x0000, 0x0000, 0x0000, 0x0000, 
    0x0000, 0x0000, 0x0000, 0x0000, 0x0000, 0x0000, 0x0000, 0x0000, 
    0x0000, 0x0000, 0x0000, 0x0000, 0x0000, 0x0000, 0x0000, 0x0000, 
    0x0000, 0x0000, 0x0000, 0x0000, 0x0000, 0x0000, 0x0000, 0x0000, 
    0x0000, 0x0000, 0x0000, 0x0000, 0x0000, 0x0000, 0x0000, 0x0000, 
    0x0000, 0x0000, 0x0000, 0x0000, 0x0000, 0x0000, 0x0000, 0x0000, 
    0x0000, 0x0000, 0x0000, 0x0000, 0x0000, 0x0000, 0x0000, 0x0000, 
    0x0000, 0x0000, 0x0000, 0x0000, 0x0000, 0x0000, 0x0000, 0x0000, 
    0x0000, 0x0000, 0x0000, 0x0000, 0x0000, 0x0000, 0x0000, 0x0000, 
    0x0000, 0x0000, 0x0000, 0x0000, 0x0000, 0x0000, 0x0000, 0x0000, 
    0x0000, 0x0000, 0x0000, 0x0000, 0x0000, 0x0000, 0x0000, 0x0000, 
    0x0000, 0x0000, 0x0000, 0x0000, 0x0000, 0x0000, 0x0000, 0x0000, 
    0x0000, 0x0000, 0x0000, 0x0000, 0x0000, 0x0000, 0x0000, 0x0000, 
    0x0000, 0x0000, 0x0000, 0x0000, 0x0000, 0x0000, 0x0000, 0x0000, 
    0x0000, 0x0000, 0x0000, 0x0000, 0x0000, 0x0000, 0x0000, 0x0000, 
    0x0000, 0x0000, 0x0000, 0x0000, 0x0000, 0x0000, 0x0000, 0x0000, 
    0x0000, 0x0000, 0x0000, 0x0000, 0x0000, 0x0000, 0x0000, 0x0000, 
    0x0000, 0x0000, 0x0000, 0x0000, 0x0000, 0x0000, 0x0000, 0x0000, 
    0x0000, 0x0000, 0x0000, 0x0000, 0x0000, 0x0000, 0x0000, 0x0000, 
    0x0000, 0x0000, 0x0000, 0x0000, 0x0000, 0x0000, 0x0000, 0x0000, 
    0x0000, 0x0000, 0x0000, 0x0000, 0x0000, 0x0000, 0x0000, 0x0000, 
    0x0000, 0x0000, 0x0000, 0x0000, 0x0000, 0x0000, 0x0000, 0x0000, 
    0x0000, 0x0000, 0x0000, 0x0000, 0x0000, 0x0000, 0x0000, 0x0000, 
    0x0000, 0x0000, 0x0000, 0x0000, 0x0000, 0x0000, 0x0000, 0x0000, 
    0x0000, 0x0000, 0x0000, 0x0000, 0x0000, 0x0000, 0x0000, 0x0000, 
    0x0000, 0x0000, 0x0000, 0x0000, 0x0000, 0x0000, 0x0000, 0x0000, 
    0x0000, 0x0000, 0x0000, 0x0000, 0x0000, 0x0000, 0x0000, 0x0000, 
    0x0000, 0x0000, 0x0000, 0x0000, 0x0000, 0x0000, 0x0000, 0x0000, 
    0x0000, 0x0000, 0x0000, 0x0000, 0x0000, 0x0000, 0x0000, 0x0000, 
    0x0000, 0x0000, 0x0000, 0x0000, 0x0000, 0x0000, 0x0000, 0x0000, 
    0x0000, 0x0000, 0x0000, 0x0000, 0x0000, 0x0000, 0x0000, 0x0000, 
    0x0000, 0x0000, 0x0000, 0x0000, 0x0000, 0x0000, 0x0000, 0x0000, 
    0x0000, 0x0000, 0x0000, 0x0000, 0x0000, 0x0000, 0x0000, 0x0000, 
    0x0000, 0x0000, 0x0000, 0x0000, 0x0000, 0x0000, 0x0000, 0x0000, 
    0x0000, 0x0000, 0x0000, 0x0000, 0x0000, 0x0000, 0x0000, 0x0000, 
    0x0000, 0x0000, 0x0000, 0x0000, 0x0000, 0x0000, 0x0000, 0x0000, 
    0x0000, 0x0000, 0x0000, 0x0000, 0x0000, 0x0000, 0x0000, 0x0000, 
    0x0000, 0x0000, 0x0000, 0x0000, 0x0000, 0x0000, 0x0000, 0x0000, 
    0x0000, 0x0000, 0x0000, 0x0000, 0x0000, 0x0000, 0x0000, 0x0000, 
    0x0000, 0x0000, 0x0000, 0x0000, 0x0000, 0x0000, 0x0000, 0x0000, 
    0x0000, 0x0000, 0x0000, 0x0000, 0x0000, 0x0000, 0x0000, 0x0000, 
    0x0000, 0x0000, 0x0000, 0x0000, 0x0000, 0x0000, 0x0000, 0x0000, 
    0x0000, 0x0000, 0x0000, 0x0000, 0x0000, 0x0000, 0x0000, 0x0000, 
    0x0000, 0x0000, 0x0000, 0x0000, 0x0000, 0x0000, 0x0000, 0x0000, 
    0x0000, 0x0000, 0x0000, 0x0000, 0x0000, 0x0000, 0x0000, 0x0000, 
    0x0000, 0x0000, 0x0000, 0x0000, 0x0000, 0x0000, 0x0000, 0x0000, 
    0x0000, 0x0000, 0x0000, 0x0000, 0x0000, 0x0000, 0x0000, 0x0000, 
    0x0000, 0x0000, 0x0000, 0x0000, 0x0000, 0x0000, 0x0000, 0x0000, 
    0x0000, 0x0000, 0x0000, 0x0000, 0x0000, 0x0000, 0x0000, 0x0000, 
    0x0000, 0x0000, 0x0000, 0x0000, 0x0000, 0x0000, 0x0000, 0x0000, 
    0x0000, 0x0000, 0x0000, 0x0000, 0x0000, 0x0000, 0x0000, 0x0000, 
    0x0000, 0x0000, 0x0000, 0x0000, 0x0000, 0x0000, 0x0000, 0x0000, 
    0x0000, 0x0000, 0x0000, 0x0000, 0x0000, 0x0000, 0x0000, 0x0000, 
    0x0000, 0x0000, 0x0000, 0x0000, 0x0000, 0x0000, 0x0000, 0x0000, 
    0x0000, 0x0000, 0x0000, 0x0000, 0x0000, 0x0000, 0x0000, 0x0000, 
    0x0000, 0x0000, 0x0000, 0x0000, 0x0000, 0x0000, 0x0000, 0x0000, 
    0x0000, 0x0000, 0x0000, 0x0000, 0x0000, 0x0000, 0x0000, 0x0000, 
    0x0000, 0x0000, 0x0000, 0x0000, 0x0000, 0x0000, 0x0000, 0x0000, 
    0x0000, 0x0000, 0x0000, 0x0000, 0x0000, 0x0000, 0x0000, 0x0000, 
    0x0000, 0x0000, 0x0000, 0x0000, 0x0000, 0x0000, 0x0000, 0x0000, 
    0x0000, 0x0000, 0x0000, 0x0000, 0x0000, 0x0000, 0x0000, 0x0000, 
    0x0000, 0x0000, 0x0000, 0x0000, 0x0000, 0x0000, 0x0000, 0x0000, 
    0x0000, 0x0000, 0x0000, 0x0000, 0x0000, 0x0000, 0x0000, 0x0000, 
    0x0000, 0x0000, 0x0000, 0x0000, 0x0000, 0x0000, 0x0000, 0x0000, 
    0x0000, 0x0000, 0x0000, 0x0000, 0x0000, 0x0000, 0x0000, 0x0000, 
    0x0000, 0x0000, 0x0000, 0x0000, 0x0000, 0x0000, 0x0000, 0x0000, 
    0x0000, 0x0000, 0x0000, 0x0000, 0x0000, 0x0000, 0x0000, 0x0000, 
    0x0000, 0x0000, 0x0000, 0x0000, 0x0000, 0x0000, 0x0000, 0x0000, 
    0x0000, 0x0000, 0x0000, 0x0000, 0x0000, 0x0000, 0x0000, 0x0000, 
    0x0000, 0x0000, 0x0000, 0x0000, 0x0000, 0x0000, 0x0000, 0x0000, 
    0x0000, 0x0000, 0x0000, 0x0000, 0x0000, 0x0000, 0x0000, 0x0000, 
    0x0000, 0x0000, 0x0000, 0x0000, 0x0000, 0x0000, 0x0000, 0x0000, 
    0x0000, 0x0000, 0x0000, 0x0000, 0x0000, 0x0000, 0x0000, 0x0000, 
    0x0000, 0x0000, 0x0000, 0x0000, 0x0000, 0x0000, 0x0000, 0x0000, 
    0x0000, 0x0000, 0x0000, 0x0000, 0x0000, 0x0000, 0x0000, 0x0000, 
    0x0000, 0x0000, 0x0000, 0x0000, 0x0000, 0x0000, 0x0000, 0x0000, 
    0x0000, 0x0000, 0x0000, 0x0000, 0x0000, 0x0000, 0x0000, 0x0000, 
    0x0000, 0x0000, 0x0000, 0x0000, 0x0000, 0x0000, 0x0000, 0x0000, 
    0x0000, 0x0000, 0x0000, 0x0000, 0x0000, 0x0000, 0x0000, 0x0000, 
    0x0000, 0x0000, 0x0000, 0x0000, 0x0000, 0x0000, 0x0000, 0x0000, 
    0x0000, 0x0000, 0x0000, 0x0000, 0x0000, 0x0000, 0x0000, 0x0000, 
    0x0000, 0x0000, 0x0000, 0x0000, 0x0000, 0x0000, 0x0000, 0x0000, 
    0x0000, 0x0000, 0x0000, 0x0000, 0x0000, 0x0000, 0x0000, 0x0000, 
    0x0000, 0x0000, 0x0000, 0x0000, 0x0000, 0x0000, 0x0000, 0x0000, 
    0x0000, 0x0000, 0x0000, 0x0000, 0x0000, 0x0000, 0x0000, 0x0000, 
    0x0000, 0x0000, 0x0000, 0x0000, 0x0000, 0x0000, 0x0000, 0x0000, 
    0x0000, 0x0000, 0x0000, 0x0000, 0x0000, 0x0000, 0x0000, 0x0000, 
    0x0000, 0x0000, 0x0000, 0x0000, 0x0000, 0x0000, 0x0000, 0x0000, 
    0x0000, 0x0000, 0x0000, 0x0000, 0x0000, 0x0000, 0x0000, 0x0000, 
    0x0000, 0x0000, 0x0000, 0x0000, 0x0000, 0x0000, 0x0000, 0x0000, 
    0x0000, 0x0000, 0x0000, 0x0000, 0x0000, 0x0000, 0x0000, 0x0000, 
    0x0000, 0x0000, 0x0000, 0x0000, 0x0000, 0x0000, 0x0000, 0x0000, 
    0x0000, 0x0000, 0x0000, 0x0000, 0x0000, 0x0000, 0x0000, 0x0000, 
    0x0000, 0x0000, 0x0000, 0x0000, 0x0000, 0x0000, 0x0000, 0x0000, 
    0x0000, 0x0000, 0x0000, 0x0000, 0x0000, 0x0000, 0x0000, 0x0000, 
    0x0000, 0x0000, 0x0000, 0x0000, 0x0000, 0x0000, 0x0000, 0x0000, 
    0x0000, 0x0000, 0x0000, 0x0000, 0x0000, 0x0000, 0x0000, 0x0000, 
    0x0000, 0x0000, 0x0000, 0x0000, 0x0000, 0x0000, 0x0000, 0x0000, 
    0x0000, 0x0000, 0x0000, 0x0000, 0x0000, 0x0000, 0x0000, 0x0000, 
    0x0000, 0x0000, 0x0000, 0x0000, 0x0000, 0x0000, 0x0000, 0x0000, 
    0x0000, 0x0000, 0x0000, 0x0000, 0x0000, 0x0000, 0x0000, 0x0000, 
    0x0000, 0x0000, 0x0000, 0x0000, 0x0000, 0x0000, 0x0000, 0x0000, 
    0x0000, 0x0000, 0x0000, 0x0000, 0x0000, 0x0000, 0x0000, 0x0000, 
    0x0000, 0x0000, 0x0000, 0x0000, 0x0000, 0x0000, 0x0000, 0x0000, 
    0x0000, 0x0000, 0x0000, 0x0000, 0x0000, 0x0000, 0x0000, 0x0000, 
    0x0000, 0x0000, 0x0000, 0x0000, 0x0000, 0x0000, 0x0000, 0x0000, 
    0x0000, 0x0000, 0x0000, 0x0000, 0x0000, 0x0000, 0x0000, 0x0000, 
    0x0000, 0x0000, 0x0000, 0x0000, 0x0000, 0x0000, 0x0000, 0x0000, 
    0x0000, 0x0000, 0x0000, 0x0000, 0x0000, 0x0000, 0x0000, 0x0000, 
    0x0000, 0x0000, 0x0000, 0x0000, 0x0000, 0x0000, 0x0000, 0x0000, 
    0x0000, 0x0000, 0x0000, 0x0000, 0x0000, 0x0000, 0x0000, 0x0000, 
    0x0000, 0x0000, 0x0000, 0x0000, 0x0000, 0x0000, 0x0000, 0x0000, 
    0x0000, 0x0000, 0x0000, 0x0000, 0x0000, 0x0000, 0x0000, 0x0000, 
    0x0000, 0x0000, 0x0000, 0x0000, 0x0000, 0x0000, 0x0000, 0x0000, 
    0x0000, 0x0000, 0x0000, 0x0000, 0x0000, 0x0000, 0x0000, 0x0000, 
    0x0000, 0x0000, 0x0000, 0x0000, 0x0000, 0x0000, 0x0000, 0x0000, 
    0x0000, 0x0000, 0x0000, 0x0000, 0x0000, 0x0000, 0x0000, 0x0000, 
    0x0000, 0x0000, 0x0000, 0x0000, 0x0000, 0x0000, 0x0000, 0x0000, 
    0x0000, 0x0000, 0x0000, 0x0000, 0x0000, 0x0000, 0x0000, 0x0000, 
    0x0000, 0x0000, 0x0000, 0x0000, 0x0000, 0x0000, 0x0000, 0x0000, 
    0x0000, 0x0000, 0x0000, 0x0000, 0x0000, 0x0000, 0x0000, 0x0000, 
    0x0000, 0x0000, 0x0000, 0x0000, 0x0000, 0x0000, 0x0000, 0x0000, 
    0x0000, 0x0000, 0x0000, 0x0000, 0x0000, 0x0000, 0x0000, 0x0000, 
    0x0000, 0x0000, 0x0000, 0x0000, 0x0000, 0x0000, 0x0000, 0x0000, 
    0x0000, 0x0000, 0x0000, 0x0000, 0x0000, 0x0000, 0x0000, 0x0000, 
    0x0000, 0x0000, 0x0000, 0x0000, 0x0000, 0x0000, 0x0000, 0x0000, 
    0x0000, 0x0000, 0x0000, 0x0000, 0x0000, 0x0000, 0x0000, 0x0000, 
    0x0000, 0x0000, 0x0000, 0x0000, 0x0000, 0x0000, 0x0000, 0x0000, 
    0x0000, 0x0000, 0x0000, 0x0000, 0x0000, 0x0000, 0x0000, 0x0000, 
    0x0000, 0x0000, 0x0000, 0x0000, 0x0000, 0x0000, 0x0000, 0x0000, 
    0x0000, 0x0000, 0x0000, 0x0000, 0x0000, 0x0000, 0x0000, 0x0000, 
    0x0000, 0x0000, 0x0000, 0x0000, 0x0000, 0x0000, 0x0000, 0x0000, 
    0x0000, 0x0000, 0x0000, 0x0000, 0x0000, 0x0000, 0x0000, 0x0000, 
    0x0000, 0x0000, 0x0000, 0x0000, 0x0000, 0x0000, 0x0000, 0x0000, 
    0x0000, 0x0000, 0x0000, 0x0000, 0x0000, 0x0000, 0x0000, 0x0000, 
    0x0000, 0x0000, 0x0000, 0x0000, 0x0000, 0x0000, 0x0000, 0x0000, 
    0x0000, 0x0000, 0x0000, 0x0000, 0x0000, 0x0000, 0x0000, 0x0000, 
    0x0000, 0x0000, 0x0000, 0x0000, 0x0000, 0x0000, 0x0000, 0x0000, 
    0x0000, 0x0000, 0x0000, 0x0000, 0x0000, 0x0000, 0x0000, 0x0000, 
    0x0000, 0x0000, 0x0000, 0x0000, 0x0000, 0x0000, 0x0000, 0x0000, 
    0x0000, 0x0000, 0x0000, 0x0000, 0x0000, 0x0000, 0x0000, 0x0000, 
    0x0000, 0x0000, 0x0000, 0x0000, 0x0000, 0x0000, 0x0000, 0x0000, 
    0x0000, 0x0000, 0x0000, 0x0000, 0x0000, 0x0000, 0x0000, 0x0000, 
    0x0000, 0x0000, 0x0000, 0x0000, 0x0000, 0x0000, 0x0000, 0x0000, 
    0x0000, 0x0000, 0x0000, 0x0000, 0x0000, 0x0000, 0x0000, 0x0000, 
    0x0000, 0x0000, 0x0000, 0x0000, 0x0000, 0x0000, 0x0000, 0x0000, 
    0x0000, 0x0000, 0x0000, 0x0000, 0x0000, 0x0000, 0x0000, 0x0000, 
    0x0000, 0x0000, 0x0000, 0x0000, 0x0000, 0x0000, 0x0000, 0x0000, 
    0x0000, 0x0000, 0x0000, 0x0000, 0x0000, 0x0000, 0x0000, 0x0000, 
    0x0000, 0x0000, 0x0000, 0x0000, 0x0000, 0x0000, 0x0000, 0x0000, 
    0x0000, 0x0000, 0x0000, 0x0000, 0x0000, 0x0000, 0x0000, 0x0000, 
    0x0000, 0x0000, 0x0000, 0x0000, 0x0000, 0x0000, 0x0000, 0x0000, 
    0x0000, 0x0000, 0x0000, 0x0000, 0x0000, 0x0000, 0x0000, 0x0000, 
    0x0000, 0x0000, 0x0000, 0x0000, 0x0000, 0x0000, 0x0000, 0x0000, 
    0x0000, 0x0000, 0x0000, 0x0000, 0x0000, 0x0000, 0x0000, 0x0000, 
    0x0000, 0x0000, 0x0000, 0x0000, 0x0000, 0x0000, 0x0000, 0x0000, 
    0x0000, 0x0000, 0x0000, 0x0000, 0x0000, 0x0000, 0x0000, 0x0000, 
    0x0000, 0x0000, 0x0000, 0x0000, 0x0000, 0x0000, 0x0000, 0x0000, 
    0x0000, 0x0000, 0x0000, 0x0000, 0x0000, 0x0000, 0x0000, 0x0000, 
    0x0000, 0x0000, 0x0000, 0x0000, 0x0000, 0x0000, 0x0000, 0x0000, 
    0x0000, 0x0000, 0x0000, 0x0000, 0x0000, 0x0000, 0x0000, 0x0000, 
    0x0000, 0x0000, 0x0000, 0x0000, 0x0000, 0x0000, 0x0000, 0x0000, 
    0x0000, 0x0000, 0x0000, 0x0000, 0x0000, 0x0000, 0x0000, 0x0000, 
    0x0000, 0x0000, 0x0000, 0x0000, 0x0000, 0x0000, 0x0000, 0x0000, 
    0x0000, 0x0000, 0x0000, 0x0000, 0x0000, 0x0000, 0x0000, 0x0000, 
    0x0000, 0x0000, 0x0000, 0x0000, 0x0000, 0x0000, 0x0000, 0x0000, 
    0x0000, 0x0000, 0x0000, 0x0000, 0x0000, 0x0000, 0x0000, 0x0000, 
    0x0000, 0x0000, 0x0000, 0x0000, 0x0000, 0x0000, 0x0000, 0x0000, 
    0x0000, 0x0000, 0x0000, 0x0000, 0x0000, 0x0000, 0x0000, 0x0000, 
    0x0000, 0x0000, 0x0000, 0x0000, 0x0000, 0x0000, 0x0000, 0x0000, 
    0x0000, 0x0000, 0x0000, 0x0000, 0x0000, 0x0000, 0x0000, 0x0000, 
    0x0000, 0x0000, 0x0000, 0x0000, 0x0000, 0x0000, 0x0000, 0x0000, 
    0x0000, 0x0000, 0x0000, 0x0000, 0x0000, 0x0000, 0x0000, 0x0000, 
    0x0000, 0x0000, 0x0000, 0x0000, 0x0000, 0x0000, 0x0000, 0x0000, 
    0x0000, 0x0000, 0x0000, 0x0000, 0x0000, 0x0000, 0x0000, 0x0000, 
    0x0000, 0x0000, 0x0000, 0x0000, 0x0000, 0x0000, 0x0000, 0x0000, 
    0x0000, 0x0000, 0x0000, 0x0000, 0x0000, 0x0000, 0x0000, 0x0000, 
    0x0000, 0x0000, 0x0000, 0x0000, 0x0000, 0x0000, 0x0000, 0x0000, 
    0x0000, 0x0000, 0x0000, 0x0000, 0x0000, 0x0000, 0x0000, 0x0000, 
    0x0000, 0x0000, 0x0000, 0x0000, 0x0000, 0x0000, 0x0000, 0x0000, 
    0x0000, 0x0000, 0x0000, 0x0000, 0x0000, 0x0000, 0x0000, 0x0000, 
    0x0000, 0x0000, 0x0000, 0x0000, 0x0000, 0x0000, 0x0000, 0x0000, 
    0x0000, 0x0000, 0x0000, 0x0000, 0x0000, 0x0000, 0x0000, 0x0000, 
    0x0000, 0x0000, 0x0000, 0x0000, 0x0000, 0x0000, 0x0000, 0x0000, 
    0x0000, 0x0000, 0x0000, 0x0000, 0x0000, 0x0000, 0x0000, 0x0000, 
    0x0000, 0x0000, 0x0000, 0x0000, 0x0000, 0x0000, 0x0000, 0x0000, 
    0x0000, 0x0000, 0x0000, 0x0000, 0x0000, 0x0000, 0x0000, 0x0000, 
    0x0000, 0x0000, 0x0000, 0x0000, 0x0000, 0x0000, 0x0000, 0x0000, 
    0x0000, 0x0000, 0x0000, 0x0000, 0x0000, 0x0000, 0x0000, 0x0000, 
    0x0000, 0x0000, 0x0000, 0x0000, 0x0000, 0x0000, 0x0000, 0x0000, 
    0x0000, 0x0000, 0x0000, 0x0000, 0x0000, 0x0000, 0x0000, 0x0000, 
    0x0000, 0x0000, 0x0000, 0x0000, 0x0000, 0x0000, 0x0000, 0x0000, 
    0x0000, 0x0000, 0x0000, 0x0000, 0x0000, 0x0000, 0x0000, 0x0000, 
    0x0000, 0x0000, 0x0000, 0x0000, 0x0000, 0x0000, 0x0000, 0x0000, 
    0x0000, 0x0000, 0x0000, 0x0000, 0x0000, 0x0000, 0x0000, 0x0000, 
    0x0000, 0x0000, 0x0000, 0x0000, 0x0000, 0x0000, 0x0000, 0x0000, 
    0x0000, 0x0000, 0x0000, 0x0000, 0x0000, 0x0000, 0x0000, 0x0000, 
    0x0000, 0x0000, 0x0000, 0x0000, 0x0000, 0x0000, 0x0000, 0x0000, 
    0x0000, 0x0000, 0x0000, 0x0000, 0x0000, 0x0000, 0x0000, 0x0000, 
    0x0000, 0x0000, 0x0000, 0x0000, 0x0000, 0x0000, 0x0000, 0x0000, 
    0x0000, 0x0000, 0x0000, 0x0000, 0x0000, 0x0000, 0x0000, 0x0000, 
    0x0000, 0x0000, 0x0000, 0x0000, 0x0000, 0x0000, 0x0000, 0x0000, 
    0x0000, 0x0000, 0x0000, 0x0000, 0x0000, 0x0000, 0x0000, 0x0000, 
    0x0000, 0x0000, 0x0000, 0x0000, 0x0000, 0x0000, 0x0000, 0x0000, 
    0x0000, 0x0000, 0x0000, 0x0000, 0x0000, 0x0000, 0x0000, 0x0000, 
    0x0000, 0x0000, 0x0000, 0x0000, 0x0000, 0x0000, 0x0000, 0x0000, 
    0x0000, 0x0000, 0x0000, 0x0000, 0x0000, 0x0000, 0x0000, 0x0000, 
    0x0000, 0x0000, 0x0000, 0x0000, 0x0000, 0x0000, 0x0000, 0x0000, 
    0x0000, 0x0000, 0x0000, 0x0000, 0x0000, 0x0000, 0x0000, 0x0000, 
    0x0000, 0x0000, 0x0000, 0x0000, 0x0000, 0x0000, 0x0000, 0x0000, 
    0x0000, 0x0000, 0x0000, 0x0000, 0x0000, 0x0000, 0x0000, 0x0000, 
    0x0000, 0x0000, 0x0000, 0x0000, 0x0000, 0x0000, 0x0000, 0x0000, 
    0x0000, 0x0000, 0x0000, 0x0000, 0x0000, 0x0000, 0x0000, 0x0000, 
    0x0000, 0x0000, 0x0000, 0x0000, 0x0000, 0x0000, 0x0000, 0x0000, 
    0x0000, 0x0000, 0x0000, 0x0000, 0x0000, 0x0000, 0x0000, 0x0000, 
    0x0000, 0x0000, 0x0000, 0x0000, 0x0000, 0x0000, 0x0000, 0x0000, 
    0x0000, 0x0000, 0x0000, 0x0000, 0x0000, 0x0000, 0x0000, 0x0000, 
    0x0000, 0x0000, 0x0000, 0x0000, 0x0000, 0x0000, 0x0000, 0x0000, 
    0x0000, 0x0000, 0x0000, 0x0000, 0x0000, 0x0000, 0x0000, 0x0000, 
    0x0000, 0x0000, 0x0000, 0x0000, 0x0000, 0x0000, 0x0000, 0x0000, 
    0x0000, 0x0000, 0x0000, 0x0000, 0x0000, 0x0000, 0x0000, 0x0000, 
    0x0000, 0x0000, 0x0000, 0x0000, 0x0000, 0x0000, 0x0000, 0x0000, 
    0x0000, 0x0000, 0x0000, 0x0000, 0x0000, 0x0000, 0x0000, 0x0000, 
    0x0000, 0x0000, 0x0000, 0x0000, 0x0000, 0x0000, 0x0000, 0x0000, 
    0x0000, 0x0000, 0x0000, 0x0000, 0x0000, 0x0000, 0x0000, 0x0000, 
    0x0000, 0x0000, 0x0000, 0x0000, 0x0000, 0x0000, 0x0000, 0x0000, 
    0x0000, 0x0000, 0x0000, 0x0000, 0x0000, 0x0000, 0x0000, 0x0000, 
    0x0000, 0x0000, 0x0000, 0x0000, 0x0000, 0x0000, 0x0000, 0x0000, 
    0x0000, 0x0000, 0x0000, 0x0000, 0x0000, 0x0000, 0x0000, 0x0000, 
    0x0000, 0x0000, 0x0000, 0x0000, 0x0000, 0x0000, 0x0000, 0x0000, 
    0x0000, 0x0000, 0x0000, 0x0000, 0x0000, 0x0000, 0x0000, 0x0000, 
    0x0000, 0x0000, 0x0000, 0x0000, 0x0000, 0x0000, 0x0000, 0x0000, 
    0x0000, 0x0000, 0x0000, 0x0000, 0x0000, 0x0000, 0x0000, 0x0000, 
    0x0000, 0x0000, 0x0000, 0x0000, 0x0000, 0x0000, 0x0000, 0x0000, 
    0x0000, 0x0000, 0x0000, 0x0000, 0x0000, 0x0000, 0x0000, 0x0000, 
    0x0000, 0x0000, 0x0000, 0x0000, 0x0000, 0x0000, 0x0000, 0x0000, 
    0x0000, 0x0000, 0x0000, 0x0000, 0x0000, 0x0000, 0x0000, 0x0000, 
    0x0000, 0x0000, 0x0000, 0x0000, 0x0000, 0x0000, 0x0000, 0x0000, 
    0x0000, 0x0000, 0x0000, 0x0000, 0x0000, 0x0000, 0x0000, 0x0000, 
    0x0000, 0x0000, 0x0000, 0x0000, 0x0000, 0x0000, 0x0000, 0x0000, 
    0x0000, 0x0000, 0x0000, 0x0000, 0x0000, 0x0000, 0x0000, 0x0000, 
    0x0000, 0x0000, 0x0000, 0x0000, 0x0000, 0x0000, 0x0000, 0x0000, 
    0x0000, 0x0000, 0x0000, 0x0000, 0x0000, 0x0000, 0x0000, 0x0000, 
    0x0000, 0x0000, 0x0000, 0x0000, 0x0000, 0x0000, 0x0000, 0x0000, 
    0x0000, 0x0000, 0x0000, 0x0000, 0x0000, 0x0000, 0x0000, 0x0000, 
    0x0000, 0x0000, 0x0000, 0x0000, 0x0000, 0x0000, 0x0000, 0x0000, 
    0x0000, 0x0000, 0x0000, 0x0000, 0x0000, 0x0000, 0x0000, 0x0000, 
    0x0000, 0x0000, 0x0000, 0x0000, 0x0000, 0x0000, 0x0000, 0x0000, 
    0x0000, 0x0000, 0x0000, 0x0000, 0x0000, 0x0000, 0x0000, 0x0000, 
    0x0000, 0x0000, 0x0000, 0x0000, 0x0000, 0x0000, 0x0000, 0x0000, 
    0x0000, 0x0000, 0x0000, 0x0000, 0x0000, 0x0000, 0x0000, 0x0000, 
    0x0000, 0x0000, 0x0000, 0x0000, 0x0000, 0x0000, 0x0000, 0x0000, 
    0x0000, 0x0000, 0x0000, 0x0000, 0x0000, 0x0000, 0x0000, 0x0000, 
    0x0000, 0x0000, 0x0000, 0x0000, 0x0000, 0x0000, 0x0000, 0x0000, 
    0x0000, 0x0000, 0x0000, 0x0000, 0x0000, 0x0000, 0x0000, 0x0000, 
    0x0000, 0x0000, 0x0000, 0x0000, 0x0000, 0x0000, 0x0000, 0x0000, 
    0x0000, 0x0000, 0x0000, 0x0000, 0x0000, 0x0000, 0x0000, 0x0000, 
    0x0000, 0x0000, 0x0000, 0x0000, 0x0000, 0x0000, 0x0000, 0x0000, 
    0x0000, 0x0000, 0x0000, 0x0000, 0x0000, 0x0000, 0x0000, 0x0000, 
    0x0000, 0x0000, 0x0000, 0x0000, 0x0000, 0x0000, 0x0000, 0x0000, 
    0x0000, 0x0000, 0x0000, 0x0000, 0x0000, 0x0000, 0x0000, 0x0000, 
    0x0000, 0x0000, 0x0000, 0x0000, 0x0000, 0x0000, 0x0000, 0x0000, 
    0x0000, 0x0000, 0x0000, 0x0000, 0x0000, 0x0000, 0x0000, 0x0000, 
    0x0000, 0x0000, 0x0000, 0x0000, 0x0000, 0x0000, 0x0000, 0x0000, 
    0x0000, 0x0000, 0x0000, 0x0000, 0x0000, 0x0000, 0x0000, 0x0000, 
    0x0000, 0x0000, 0x0000, 0x0000, 0x0000, 0x0000, 0x0000, 0x0000, 
    0x0000, 0x0000, 0x0000, 0x0000, 0x0000, 0x0000, 0x0000, 0x0000, 
    0x0000, 0x0000, 0x0000, 0x0000, 0x0000, 0x0000, 0x0000, 0x0000, 
    0x0000, 0x0000, 0x0000, 0x0000, 0x0000, 0x0000, 0x0000, 0x0000, 
    0x0000, 0x0000, 0x0000, 0x0000, 0x0000, 0x0000, 0x0000, 0x0000, 
    0x0000, 0x0000, 0x0000, 0x0000, 0x0000, 0x0000, 0x0000, 0x0000, 
    0x0000, 0x0000, 0x0000, 0x0000, 0x0000, 0x0000, 0x0000, 0x0000, 
    0x0000, 0x0000, 0x0000, 0x0000, 0x0000, 0x0000, 0x0000, 0x0000, 
    0x0000, 0x0000, 0x0000, 0x0000, 0x0000, 0x0000, 0x0000, 0x0000, 
    0x0000, 0x0000, 0x0000, 0x0000, 0x0000, 0x0000, 0x0000, 0x0000, 
    0x0000, 0x0000, 0x0000, 0x0000, 0x0000, 0x0000, 0x0000, 0x0000, 
    0x0000, 0x0000, 0x0000, 0x0000, 0x0000, 0x0000, 0x0000, 0x0000, 
    0x0000, 0x0000, 0x0000, 0x0000, 0x0000, 0x0000, 0x0000, 0x0000, 
    0x0000, 0x0000, 0x0000, 0x0000, 0x0000, 0x0000, 0x0000, 0x0000, 
    0x0000, 0x0000, 0x0000, 0x0000, 0x0000, 0x0000, 0x0000, 0x0000, 
    0x0000, 0x0000, 0x0000, 0x0000, 0x0000, 0x0000, 0x0000, 0x0000, 
    0x0000, 0x0000, 0x0000, 0x0000, 0x0000, 0x0000, 0x0000, 0x0000, 
    0x0000, 0x0000, 0x0000, 0x0000, 0x0000, 0x0000, 0x0000, 0x0000, 
    0x0000, 0x0000, 0x0000, 0x0000, 0x0000, 0x0000, 0x0000, 0x0000, 
    0x0000, 0x0000, 0x0000, 0x0000, 0x0000, 0x0000, 0x0000, 0x0000, 
    0x0000, 0x0000, 0x0000, 0x0000, 0x0000, 0x0000, 0x0000, 0x0000, 
    0x0000, 0x0000, 0x0000, 0x0000, 0x0000, 0x0000, 0x0000, 0x0000, 
    0x0000, 0x0000, 0x0000, 0x0000, 0x0000, 0x0000, 0x0000, 0x0000, 
    0x0000, 0x0000, 0x0000, 0x0000, 0x0000, 0x0000, 0x0000, 0x0000, 
    0x0000, 0x0000, 0x0000, 0x0000, 0x0000, 0x0000, 0x0000, 0x0000, 
    0x0000, 0x0000, 0x0000, 0x0000, 0x0000, 0x0000, 0x0000, 0x0000, 
    0x0000, 0x0000, 0x0000, 0x0000, 0x0000, 0x0000, 0x0000, 0x0000, 
    0x0000, 0x0000, 0x0000, 0x0000, 0x0000, 0x0000, 0x0000, 0x0000, 
    0x0000, 0x0000, 0x0000, 0x0000, 0x0000, 0x0000, 0x0000, 0x0000, 
    0x0000, 0x0000, 0x0000, 0x0000, 0x0000, 0x0000, 0x0000, 0x0000, 
    0x0000, 0x0000, 0x0000, 0x0000, 0x0000, 0x0000, 0x0000, 0x0000, 
    0x0000, 0x0000, 0x0000, 0x0000, 0x0000, 0x0000, 0x0000, 0x0000, 
    0x0000, 0x0000, 0x0000, 0x0000, 0x0000, 0x0000, 0x0000, 0x0000, 
    0x0000, 0x0000, 0x0000, 0x0000, 0x0000, 0x0000, 0x0000, 0x0000, 
    0x0000, 0x0000, 0x0000, 0x0000, 0x0000, 0x0000, 0x0000, 0x0000, 
    0x0000, 0x0000, 0x0000, 0x0000, 0x0000, 0x0000, 0x0000, 0x0000, 
    0x0000, 0x0000, 0x0000, 0x0000, 0x0000, 0x0000, 0x0000, 0x0000, 
    0x0000, 0x0000, 0x0000, 0x0000, 0x0000, 0x0000, 0x0000, 0x0000, 
    0x0000, 0x0000, 0x0000, 0x0000, 0x0000, 0x0000, 0x0000, 0x0000, 
    0x0000, 0x0000, 0x0000, 0x0000, 0x0000, 0x0000, 0x0000, 0x0000, 
    0x0000, 0x0000, 0x0000, 0x0000, 0x0000, 0x0000, 0x0000, 0x0000, 
    0x0000, 0x0000, 0x0000, 0x0000, 0x0000, 0x0000, 0x0000, 0x0000, 
    0x0000, 0x0000, 0x0000, 0x0000, 0x0000, 0x0000, 0x0000, 0x0000, 
    0x0000, 0x0000, 0x0000, 0x0000, 0x0000, 0x0000, 0x0000, 0x0000, 
    0x0000, 0x0000, 0x0000, 0x0000, 0x0000, 0x0000, 0x0000, 0x0000, 
    0x0000, 0x0000, 0x0000, 0x0000, 0x0000, 0x0000, 0x0000, 0x0000, 
    0x0000, 0x0000, 0x0000, 0x0000, 0x0000, 0x0000, 0x0000, 0x0000, 
    0x0000, 0x0000, 0x0000, 0x0000, 0x0000, 0x0000, 0x0000, 0x0000, 
    0x0000, 0x0000, 0x0000, 0x0000, 0x0000, 0x0000, 0x0000, 0x0000, 
    0x0000, 0x0000, 0x0000, 0x0000, 0x0000, 0x0000, 0x0000, 0x0000, 
    0x0000, 0x0000, 0x0000, 0x0000, 0x0000, 0x0000, 0x0000, 0x0000, 
    0x0000, 0x0000, 0x0000, 0x0000, 0x0000, 0x0000, 0x0000, 0x0000, 
    0x0000, 0x0000, 0x0000, 0x0000, 0x0000, 0x0000, 0x0000, 0x0000, 
    0x0000, 0x0000, 0x0000, 0x0000, 0x0000, 0x0000, 0x0000, 0x0000, 
    0x0000, 0x0000, 0x0000, 0x0000, 0x0000, 0x0000, 0x0000, 0x0000, 
    0x0000, 0x0000, 0x0000, 0x0000, 0x0000, 0x0000, 0x0000, 0x0000, 
    0x0000, 0x0000, 0x0000, 0x0000, 0x0000, 0x0000, 0x0000, 0x0000, 
    0x0000, 0x0000, 0x0000, 0x0000, 0x0000, 0x0000, 0x0000, 0x0000, 
    0x0000, 0x0000, 0x0000, 0x0000, 0x0000, 0x0000, 0x0000, 0x0000, 
    0x0000, 0x0000, 0x0000, 0x0000, 0x0000, 0x0000, 0x0000, 0x0000, 
    0x0000, 0x0000, 0x0000, 0x0000, 0x0000, 0x0000, 0x0000, 0x0000, 
    0x0000, 0x0000, 0x0000, 0x0000, 0x0000, 0x0000, 0x0000, 0x0000, 
    0x0000, 0x0000, 0x0000, 0x0000, 0x0000, 0x0000, 0x0000, 0x0000, 
    0x0000, 0x0000, 0x0000, 0x0000, 0x0000, 0x0000, 0x0000, 0x0000, 
    0x0000, 0x0000, 0x0000, 0x0000, 0x0000, 0x0000, 0x0000, 0x0000, 
    0x0000, 0x0000, 0x0000, 0x0000, 0x0000, 0x0000, 0x0000, 0x0000, 
    0x0000, 0x0000, 0x0000, 0x0000, 0x0000, 0x0000, 0x0000, 0x0000, 
    0x0000, 0x0000, 0x0000, 0x0000, 0x0000, 0x0000, 0x0000, 0x0000, 
    0x0000, 0x0000, 0x0000, 0x0000, 0x0000, 0x0000, 0x0000, 0x0000, 
    0x0000, 0x0000, 0x0000, 0x0000, 0x0000, 0x0000, 0x0000, 0x0000, 
    0x0000, 0x0000, 0x0000, 0x0000, 0x0000, 0x0000, 0x0000, 0x0000, 
    0x0000, 0x0000, 0x0000, 0x0000, 0x0000, 0x0000, 0x0000, 0x0000, 
    0x0000, 0x0000, 0x0000, 0x0000, 0x0000, 0x0000, 0x0000, 0x0000, 
    0x0000, 0x0000, 0x0000, 0x0000, 0x0000, 0x0000, 0x0000, 0x0000, 
    0x0000, 0x0000, 0x0000, 0x0000, 0x0000, 0x0000, 0x0000, 0x0000, 
    0x0000, 0x0000, 0x0000, 0x0000, 0x0000, 0x0000, 0x0000, 0x0000, 
    0x0000, 0x0000, 0x0000, 0x0000, 0x0000, 0x0000, 0x0000, 0x0000, 
    0x0000, 0x0000, 0x0000, 0x0000, 0x0000, 0x0000, 0x0000, 0x0000, 
    0x0000, 0x0000, 0x0000, 0x0000, 0x0000, 0x0000, 0x0000, 0x0000, 
    0x0000, 0x0000, 0x0000, 0x0000, 0x0000, 0x0000, 0x0000, 0x0000, 
    0x0000, 0x0000, 0x0000, 0x0000, 0x0000, 0x0000, 0x0000, 0x0000, 
    0x0000, 0x0000, 0x0000, 0x0000, 0x0000, 0x0000, 0x0000, 0x0000, 
    0x0000, 0x0000, 0x0000, 0x0000, 0x0000, 0x0000, 0x0000, 0x0000, 
    0x0000, 0x0000, 0x0000, 0x0000, 0x0000, 0x0000, 0x0000, 0x0000, 
    0x0000, 0x0000, 0x0000, 0x0000, 0x0000, 0x0000, 0x0000, 0x0000, 
    0x0000, 0x0000, 0x0000, 0x0000, 0x0000, 0x0000, 0x0000, 0x0000, 
    0x0000, 0x0000, 0x0000, 0x0000, 0x0000, 0x0000, 0x0000, 0x0000, 
    0x0000, 0x0000, 0x0000, 0x0000, 0x0000, 0x0000, 0x0000, 0x0000, 
    0x0000, 0x0000, 0x0000, 0x0000, 0x0000, 0x0000, 0x0000, 0x0000, 
    0x0000, 0x0000, 0x0000, 0x0000, 0x0000, 0x0000, 0x0000, 0x0000, 
    0x0000, 0x0000, 0x0000, 0x0000, 0x0000, 0x0000, 0x0000, 0x0000, 
    0x0000, 0x0000, 0x0000, 0x0000, 0x0000, 0x0000, 0x0000, 0x0000, 
    0x0000, 0x0000, 0x0000, 0x0000, 0x0000, 0x0000, 0x0000, 0x0000, 
    0x0000, 0x0000, 0x0000, 0x0000, 0x0000, 0x0000, 0x0000, 0x0000, 
    0x0000, 0x0000, 0x0000, 0x0000, 0x0000, 0x0000, 0x0000, 0x0000, 
    0x0000, 0x0000, 0x0000, 0x0000, 0x0000, 0x0000, 0x0000, 0x0000, 
    0x0000, 0x0000, 0x0000, 0x0000, 0x0000, 0x0000, 0x0000, 0x0000, 
    0x0000, 0x0000, 0x0000, 0x0000, 0x0000, 0x0000, 0x0000, 0x0000, 
    0x0000, 0x0000, 0x0000, 0x0000, 0x0000, 0x0000, 0x0000, 0x0000, 
    0x0000, 0x0000, 0x0000, 0x0000, 0x0000, 0x0000, 0x0000, 0x0000, 
    0x0000, 0x0000, 0x0000, 0x0000, 0x0000, 0x0000, 0x0000, 0x0000, 
    0x0000, 0x0000, 0x0000, 0x0000, 0x0000, 0x0000, 0x0000, 0x0000, 
    0x0000, 0x0000, 0x0000, 0x0000, 0x0000, 0x0000, 0x0000, 0x0000, 
    0x0000, 0x0000, 0x0000, 0x0000, 0x0000, 0x0000, 0x0000, 0x0000, 
    0x0000, 0x0000, 0x0000, 0x0000, 0x0000, 0x0000, 0x0000, 0x0000, 
    0x0000, 0x0000, 0x0000, 0x0000, 0x0000, 0x0000, 0x0000, 0x0000, 
    0x0000, 0x0000, 0x0000, 0x0000, 0x0000, 0x0000, 0x0000, 0x0000, 
    0x0000, 0x0000, 0x0000, 0x0000, 0x0000, 0x0000, 0x0000, 0x0000, 
    0x0000, 0x0000, 0x0000, 0x0000, 0x0000, 0x0000, 0x0000, 0x0000, 
    0x0000, 0x0000, 0x0000, 0x0000, 0x0000, 0x0000, 0x0000, 0x0000, 
    0x0000, 0x0000, 0x0000, 0x0000, 0x0000, 0x0000, 0x0000, 0x0000, 
    0x0000, 0x0000, 0x0000, 0x0000, 0x0000, 0x0000, 0x0000, 0x0000, 
    0x0000, 0x0000, 0x0000, 0x0000, 0x0000, 0x0000, 0x0000, 0x0000, 
    0x0000, 0x0000, 0x0000, 0x0000, 0x0000, 0x0000, 0x0000, 0x0000, 
    0x0000, 0x0000, 0x0000, 0x0000, 0x0000, 0x0000, 0x0000, 0x0000, 
    0x0000, 0x0000, 0x0000, 0x0000, 0x0000, 0x0000, 0x0000, 0x0000, 
    0x0000, 0x0000, 0x0000, 0x0000, 0x0000, 0x0000, 0x0000, 0x0000, 
    0x0000, 0x0000, 0x0000, 0x0000, 0x0000, 0x0000, 0x0000, 0x0000, 
    0x0000, 0x0000, 0x0000, 0x0000, 0x0000, 0x0000, 0x0000, 0x0000, 
    0x0000, 0x0000, 0x0000, 0x0000, 0x0000, 0x0000, 0x0000, 0x0000, 
    0x0000, 0x0000, 0x0000, 0x0000, 0x0000, 0x0000, 0x0000, 0x0000, 
    0x0000, 0x0000, 0x0000, 0x0000, 0x0000, 0x0000, 0x0000, 0x0000, 
    0x0000, 0x0000, 0x0000, 0x0000, 0x0000, 0x0000, 0x0000, 0x0000, 
    0x0000, 0x0000, 0x0000, 0x0000, 0x0000, 0x0000, 0x0000, 0x0000, 
    0x0000, 0x0000, 0x0000, 0x0000, 0x0000, 0x0000, 0x0000, 0x0000, 
    0x0000, 0x0000, 0x0000, 0x0000, 0x0000, 0x0000, 0x0000, 0x0000, 
    0x0000, 0x0000, 0x0000, 0x0000, 0x0000, 0x0000, 0x0000, 0x0000, 
    0x0000, 0x0000, 0x0000, 0x0000, 0x0000, 0x0000, 0x0000, 0x0000, 
    0x0000, 0x0000, 0x0000, 0x0000, 0x0000, 0x0000, 0x0000, 0x0000, 
    0x0000, 0x0000, 0x0000, 0x0000, 0x0000, 0x0000, 0x0000, 0x0000, 
    0x0000, 0x0000, 0x0000, 0x0000, 0x0000, 0x0000, 0x0000, 0x0000, 
    0x0000, 0x0000, 0x0000, 0x0000, 0x0000, 0x0000, 0x0000, 0x0000, 
    0x0000, 0x0000, 0x0000, 0x0000, 0x0000, 0x0000, 0x0000, 0x0000, 
    0x0000, 0x0000, 0x0000, 0x0000, 0x0000, 0x0000, 0x0000, 0x0000, 
    0x0000, 0x0000, 0x0000, 0x0000, 0x0000, 0x0000, 0x0000, 0x0000, 
    0x0000, 0x0000, 0x0000, 0x0000, 0x0000, 0x0000, 0x0000, 0x0000, 
    0x0000, 0x0000, 0x0000, 0x0000, 0x0000, 0x0000, 0x0000, 0x0000, 
    0x0000, 0x0000, 0x0000, 0x0000, 0x0000, 0x0000, 0x0000, 0x0000, 
    0x0000, 0x0000, 0x0000, 0x0000, 0x0000, 0x0000, 0x0000, 0x0000, 
    0x0000, 0x0000, 0x0000, 0x0000, 0x0000, 0x0000, 0x0000, 0x0000, 
    0x0000, 0x0000, 0x0000, 0x0000, 0x0000, 0x0000, 0x0000, 0x0000, 
    0x0000, 0x0000, 0x0000, 0x0000, 0x0000, 0x0000, 0x0000, 0x0000, 
    0x0000, 0x0000, 0x0000, 0x0000, 0x0000, 0x0000, 0x0000, 0x0000, 
    0x0000, 0x0000, 0x0000, 0x0000, 0x0000, 0x0000, 0x0000, 0x0000, 
    0x0000, 0x0000, 0x0000, 0x0000, 0x0000, 0x0000, 0x0000, 0x0000, 
    0x0000, 0x0000, 0x0000, 0x0000, 0x0000, 0x0000, 0x0000, 0x0000, 
    0x0000, 0x0000, 0x0000, 0x0000, 0x0000, 0x0000, 0x0000, 0x0000, 
    0x0000, 0x0000, 0x0000, 0x0000, 0x0000, 0x0000, 0x0000, 0x0000, 
    0x0000, 0x0000, 0x0000, 0x0000, 0x0000, 0x0000, 0x0000, 0x0000, 
    0x0000, 0x0000, 0x0000, 0x0000, 0x0000, 0x0000, 0x0000, 0x0000, 
    0x0000, 0x0000, 0x0000, 0x0000, 0x0000, 0x0000, 0x0000, 0x0000, 
    0x0000, 0x0000, 0x0000, 0x0000, 0x0000, 0x0000, 0x0000, 0x0000, 
    0x0000, 0x0000, 0x0000, 0x0000, 0x0000, 0x0000, 0x0000, 0x0000, 
    0x0000, 0x0000, 0x0000, 0x0000, 0x0000, 0x0000, 0x0000, 0x0000, 
    0x0000, 0x0000, 0x0000, 0x0000, 0x0000, 0x0000, 0x0000, 0x0000, 
    0x0000, 0x0000, 0x0000, 0x0000, 0x0000, 0x0000, 0x0000, 0x0000, 
    0x0000, 0x0000, 0x0000, 0x0000, 0x0000, 0x0000, 0x0000, 0x0000, 
    0x0000, 0x0000, 0x0000, 0x0000, 0x0000, 0x0000, 0x0000, 0x0000, 
    0x0000, 0x0000, 0x0000, 0x0000, 0x0000, 0x0000, 0x0000, 0x0000, 
    0x0000, 0x0000, 0x0000, 0x0000, 0x0000, 0x0000, 0x0000, 0x0000, 
    0x0000, 0x0000, 0x0000, 0x0000, 0x0000, 0x0000, 0x0000, 0x0000, 
    0x0000, 0x0000, 0x0000, 0x0000, 0x0000, 0x0000, 0x0000, 0x0000, 
    0x0000, 0x0000, 0x0000, 0x0000, 0x0000, 0x0000, 0x0000, 0x0000, 
    0x0000, 0x0000, 0x0000, 0x0000, 0x0000, 0x0000, 0x0000, 0x0000, 
    0x0000, 0x0000, 0x0000, 0x0000, 0x0000, 0x0000, 0x0000, 0x0000, 
    0x0000, 0x0000, 0x0000, 0x0000, 0x0000, 0x0000, 0x0000, 0x0000, 
    0x0000, 0x0000, 0x0000, 0x0000, 0x0000, 0x0000, 0x0000, 0x0000, 
    0x0000, 0x0000, 0x0000, 0x0000, 0x0000, 0x0000, 0x0000, 0x0000, 
    0x0000, 0x0000, 0x0000, 0x0000, 0x0000, 0x0000, 0x0000, 0x0000, 
    0x0000, 0x0000, 0x0000, 0x0000, 0x0000, 0x0000, 0x0000, 0x0000, 
    0x0000, 0x0000, 0x0000, 0x0000, 0x0000, 0x0000, 0x0000, 0x0000, 
    0x0000, 0x0000, 0x0000, 0x0000, 0x0000, 0x0000, 0x0000, 0x0000, 
    0x0000, 0x0000, 0x0000, 0x0000, 0x0000, 0x0000, 0x0000, 0x0000, 
    0x0000, 0x0000, 0x0000, 0x0000, 0x0000, 0x0000, 0x0000, 0x0000, 
    0x0000, 0x0000, 0x0000, 0x0000, 0x0000, 0x0000, 0x0000, 0x0000, 
    0x0000, 0x0000, 0x0000, 0x0000, 0x0000, 0x0000, 0x0000, 0x0000, 
    0x0000, 0x0000, 0x0000, 0x0000, 0x0000, 0x0000, 0x0000, 0x0000, 
    0x0000, 0x0000, 0x0000, 0x0000, 0x0000, 0x0000, 0x0000, 0x0000, 
    0x0000, 0x0000, 0x0000, 0x0000, 0x0000, 0x0000, 0x0000, 0x0000, 
    0x0000, 0x0000, 0x0000, 0x0000, 0x0000, 0x0000, 0x0000, 0x0000, 
    0x0000, 0x0000, 0x0000, 0x0000, 0x0000, 0x0000, 0x0000, 0x0000, 
    0x0000, 0x0000, 0x0000, 0x0000, 0x0000, 0x0000, 0x0000, 0x0000, 
    0x0000, 0x0000, 0x0000, 0x0000, 0x0000, 0x0000, 0x0000, 0x0000, 
    0x0000, 0x0000, 0x0000, 0x0000, 0x0000, 0x0000, 0x0000, 0x0000, 
    0x0000, 0x0000, 0x0000, 0x0000, 0x0000, 0x0000, 0x0000, 0x0000, 
    0x0000, 0x0000, 0x0000, 0x0000, 0x0000, 0x0000, 0x0000, 0x0000, 
    0x0000, 0x0000, 0x0000, 0x0000, 0x0000, 0x0000, 0x0000, 0x0000, 
    0x0000, 0x0000, 0x0000, 0x0000, 0x0000, 0x0000, 0x0000, 0x0000, 
    0x0000, 0x0000, 0x0000, 0x0000, 0x0000, 0x0000, 0x0000, 0x0000, 
    0x0000, 0x0000, 0x0000, 0x0000, 0x0000, 0x0000, 0x0000, 0x0000, 
    0x0000, 0x0000, 0x0000, 0x0000, 0x0000, 0x0000, 0x0000, 0x0000, 
    0x0000, 0x0000, 0x0000, 0x0000, 0x0000, 0x0000, 0x0000, 0x0000, 
    0x0000, 0x0000, 0x0000, 0x0000, 0x0000, 0x0000, 0x0000, 0x0000, 
    0x0000, 0x0000, 0x0000, 0x0000, 0x0000, 0x0000, 0x0000, 0x0000, 
    0x0000, 0x0000, 0x0000, 0x0000, 0x0000, 0x0000, 0x0000, 0x0000, 
    0x0000, 0x0000, 0x0000, 0x0000, 0x0000, 0x0000, 0x0000, 0x0000, 
    0x0000, 0x0000, 0x0000, 0x0000, 0x0000, 0x0000, 0x0000, 0x0000, 
    0x0000, 0x0000, 0x0000, 0x0000, 0x0000, 0x0000, 0x0000, 0x0000, 
    0x0000, 0x0000, 0x0000, 0x0000, 0x0000, 0x0000, 0x0000, 0x0000, 
    0x0000, 0x0000, 0x0000, 0x0000, 0x0000, 0x0000, 0x0000, 0x0000, 
    0x0000, 0x0000, 0x0000, 0x0000, 0x0000, 0x0000, 0x0000, 0x0000, 
    0x0000, 0x0000, 0x0000, 0x0000, 0x0000, 0x0000, 0x0000, 0x0000, 
    0x0000, 0x0000, 0x0000, 0x0000, 0x0000, 0x0000, 0x0000, 0x0000, 
    0x0000, 0x0000, 0x0000, 0x0000, 0x0000, 0x0000, 0x0000, 0x0000, 
    0x0000, 0x0000, 0x0000, 0x0000, 0x0000, 0x0000, 0x0000, 0x0000, 
    0x0000, 0x0000, 0x0000, 0x0000, 0x0000, 0x0000, 0x0000, 0x0000, 
    0x0000, 0x0000, 0x0000, 0x0000, 0x0000, 0x0000, 0x0000, 0x0000, 
    0x0000, 0x0000, 0x0000, 0x0000, 0x0000, 0x0000, 0x0000, 0x0000, 
    0x0000, 0x0000, 0x0000, 0x0000, 0x0000, 0x0000, 0x0000, 0x0000, 
    0x0000, 0x0000, 0x0000, 0x0000, 0x0000, 0x0000, 0x0000, 0x0000, 
    0x0000, 0x0000, 0x0000, 0x0000, 0x0000, 0x0000, 0x0000, 0x0000, 
    0x0000, 0x0000, 0x0000, 0x0000, 0x0000, 0x0000, 0x0000, 0x0000, 
    0x0000, 0x0000, 0x0000, 0x0000, 0x0000, 0x0000, 0x0000, 0x0000, 
    0x0000, 0x0000, 0x0000, 0x0000, 0x0000, 0x0000, 0x0000, 0x0000, 
    0x0000, 0x0000, 0x0000, 0x0000, 0x0000, 0x0000, 0x0000, 0x0000, 
    0x0000, 0x0000, 0x0000, 0x0000, 0x0000, 0x0000, 0x0000, 0x0000, 
    0x0000, 0x0000, 0x0000, 0x0000, 0x0000, 0x0000, 0x0000, 0x0000, 
    0x0000, 0x0000, 0x0000, 0x0000, 0x0000, 0x0000, 0x0000, 0x0000, 
    0x0000, 0x0000, 0x0000, 0x0000, 0x0000, 0x0000, 0x0000, 0x0000, 
    0x0000, 0x0000, 0x0000, 0x0000, 0x0000, 0x0000, 0x0000, 0x0000, 
    0x0000, 0x0000, 0x0000, 0x0000, 0x0000, 0x0000, 0x0000, 0x0000, 
    0x0000, 0x0000, 0x0000, 0x0000, 0x0000, 0x0000, 0x0000, 0x0000, 
    0x0000, 0x0000, 0x0000, 0x0000, 0x0000, 0x0000, 0x0000, 0x0000, 
    0x0000, 0x0000, 0x0000, 0x0000, 0x0000, 0x0000, 0x0000, 0x0000, 
    0x0000, 0x0000, 0x0000, 0x0000, 0x0000, 0x0000, 0x0000, 0x0000, 
    0x0000, 0x0000, 0x0000, 0x0000, 0x0000, 0x0000, 0x0000, 0x0000, 
    0x0000, 0x0000, 0x0000, 0x0000, 0x0000, 0x0000, 0x0000, 0x0000, 
    0x0000, 0x0000, 0x0000, 0x0000, 0x0000, 0x0000, 0x0000, 0x0000, 
    0x0000, 0x0000, 0x0000, 0x0000, 0x0000, 0x0000, 0x0000, 0x0000, 
    0x0000, 0x0000, 0x0000, 0x0000, 0x0000, 0x0000, 0x0000, 0x0000, 
    0x0000, 0x0000, 0x0000, 0x0000, 0x0000, 0x0000, 0x0000, 0x0000, 
    0x0000, 0x0000, 0x0000, 0x0000, 0x0000, 0x0000, 0x0000, 0x0000, 
    0x0000, 0x0000, 0x0000, 0x0000, 0x0000, 0x0000, 0x0000, 0x0000, 
    0x0000, 0x0000, 0x0000, 0x0000, 0x0000, 0x0000, 0x0000, 0x0000, 
    0x0000, 0x0000, 0x0000, 0x0000, 0x0000, 0x0000, 0x0000, 0x0000, 
    0x0000, 0x0000, 0x0000, 0x0000, 0x0000, 0x0000, 0x0000, 0x0000, 
    0x0000, 0x0000, 0x0000, 0x0000, 0x0000, 0x0000, 0x0000, 0x0000, 
    0x0000, 0x0000, 0x0000, 0x0000, 0x0000, 0x0000, 0x0000, 0x0000, 
    0x0000, 0x0000, 0x0000, 0x0000, 0x0000, 0x0000, 0x0000, 0x0000, 
    0x0000, 0x0000, 0x0000, 0x0000, 0x0000, 0x0000, 0x0000, 0x0000, 
    0x0000, 0x0000, 0x0000, 0x0000, 0x0000, 0x0000, 0x0000, 0x0000, 
    0x0000, 0x0000, 0x0000, 0x0000, 0x0000, 0x0000, 0x0000, 0x0000, 
    0x0000, 0x0000, 0x0000, 0x0000, 0x0000, 0x0000, 0x0000, 0x0000, 
    0x0000, 0x0000, 0x0000, 0x0000, 0x0000, 0x0000, 0x0000, 0x0000, 
    0x0000, 0x0000, 0x0000, 0x0000, 0x0000, 0x0000, 0x0000, 0x0000, 
    0x0000, 0x0000, 0x0000, 0x0000, 0x0000, 0x0000, 0x0000, 0x0000, 
    0x0000, 0x0000, 0x0000, 0x0000, 0x0000, 0x0000, 0x0000, 0x0000, 
    0x0000, 0x0000, 0x0000, 0x0000, 0x0000, 0x0000, 0x0000, 0x0000, 
    0x0000, 0x0000, 0x0000, 0x0000, 0x0000, 0x0000, 0x0000, 0x0000, 
    0x0000, 0x0000, 0x0000, 0x0000, 0x0000, 0x0000, 0x0000, 0x0000, 
    0x0000, 0x0000, 0x0000, 0x0000, 0x0000, 0x0000, 0x0000, 0x0000, 
    0x0000, 0x0000, 0x0000, 0x0000, 0x0000, 0x0000, 0x0000, 0x0000, 
    0x0000, 0x0000, 0x0000, 0x0000, 0x0000, 0x0000, 0x0000, 0x0000, 
    0x0000, 0x0000, 0x0000, 0x0000, 0x0000, 0x0000, 0x0000, 0x0000, 
    0x0000, 0x0000, 0x0000, 0x0000, 0x0000, 0x0000, 0x0000, 0x0000, 
    0x0000, 0x0000, 0x0000, 0x0000, 0x0000, 0x0000, 0x0000, 0x0000, 
    0x0000, 0x0000, 0x0000, 0x0000, 0x0000, 0x0000, 0x0000, 0x0000, 
    0x0000, 0x0000, 0x0000, 0x0000, 0x0000, 0x0000, 0x0000, 0x0000, 
    0x0000, 0x0000, 0x0000, 0x0000, 0x0000, 0x0000, 0x0000, 0x0000, 
    0x0000, 0x0000, 0x0000, 0x0000, 0x0000, 0x0000, 0x0000, 0x0000, 
    0x0000, 0x0000, 0x0000, 0x0000, 0x0000, 0x0000, 0x0000, 0x0000, 
    0x0000, 0x0000, 0x0000, 0x0000, 0x0000, 0x0000, 0x0000, 0x0000, 
    0x0000, 0x0000, 0x0000, 0x0000, 0x0000, 0x0000, 0x0000, 0x0000, 
    0x0000, 0x0000, 0x0000, 0x0000, 0x0000, 0x0000, 0x0000, 0x0000, 
    0x0000, 0x0000, 0x0000, 0x0000, 0x0000, 0x0000, 0x0000, 0x0000, 
    0x0000, 0x0000, 0x0000, 0x0000, 0x0000, 0x0000, 0x0000, 0x0000, 
    0x0000, 0x0000, 0x0000, 0x0000, 0x0000, 0x0000, 0x0000, 0x0000, 
    0x0000, 0x0000, 0x0000, 0x0000, 0x0000, 0x0000, 0x0000, 0x0000, 
    0x0000, 0x0000, 0x0000, 0x0000, 0x0000, 0x0000, 0x0000, 0x0000, 
    0x0000, 0x0000, 0x0000, 0x0000, 0x0000, 0x0000, 0x0000, 0x0000, 
    0x0000, 0x0000, 0x0000, 0x0000, 0x0000, 0x0000, 0x0000, 0x0000, 
    0x0000, 0x0000, 0x0000, 0x0000, 0x0000, 0x0000, 0x0000, 0x0000, 
    0x0000, 0x0000, 0x0000, 0x0000, 0x0000, 0x0000, 0x0000, 0x0000, 
    0x0000, 0x0000, 0x0000, 0x0000, 0x0000, 0x0000, 0x0000, 0x0000, 
    0x0000, 0x0000, 0x0000, 0x0000, 0x0000, 0x0000, 0x0000, 0x0000, 
    0x0000, 0x0000, 0x0000, 0x0000, 0x0000, 0x0000, 0x0000, 0x0000, 
    0x0000, 0x0000, 0x0000, 0x0000, 0x0000, 0x0000, 0x0000, 0x0000, 
    0x0000, 0x0000, 0x0000, 0x0000, 0x0000, 0x0000, 0x0000, 0x0000, 
    0x0000, 0x0000, 0x0000, 0x0000, 0x0000, 0x0000, 0x0000, 0x0000, 
    0x0000, 0x0000, 0x0000, 0x0000, 0x0000, 0x0000, 0x0000, 0x0000, 
    0x0000, 0x0000, 0x0000, 0x0000, 0x0000, 0x0000, 0x0000, 0x0000, 
    0x0000, 0x0000, 0x0000, 0x0000, 0x0000, 0x0000, 0x0000, 0x0000, 
    0x0000, 0x0000, 0x0000, 0x0000, 0x0000, 0x0000, 0x0000, 0x0000, 
    0x0000, 0x0000, 0x0000, 0x0000, 0x0000, 0x0000, 0x0000, 0x0000, 
    0x0000, 0x0000, 0x0000, 0x0000, 0x0000, 0x0000, 0x0000, 0x0000, 
    0x0000, 0x0000, 0x0000, 0x0000, 0x0000, 0x0000, 0x0000, 0x0000, 
    0x0000, 0x0000, 0x0000, 0x0000, 0x0000, 0x0000, 0x0000, 0x0000, 
    0x0000, 0x0000, 0x0000, 0x0000, 0x0000, 0x0000, 0x0000, 0x0000, 
    0x0000, 0x0000, 0x0000, 0x0000, 0x0000, 0x0000, 0x0000, 0x0000, 
    0x0000, 0x0000, 0x0000, 0x0000, 0x0000, 0x0000, 0x0000, 0x0000, 
    0x0000, 0x0000, 0x0000, 0x0000, 0x0000, 0x0000, 0x0000, 0x0000, 
    0x0000, 0x0000, 0x0000, 0x0000, 0x0000, 0x0000, 0x0000, 0x0000, 
    0x0000, 0x0000, 0x0000, 0x0000, 0x0000, 0x0000, 0x0000, 0x0000, 
    0x0000, 0x0000, 0x0000, 0x0000, 0x0000, 0x0000, 0x0000, 0x0000, 
    0x0000, 0x0000, 0x0000, 0x0000, 0x0000, 0x0000, 0x0000, 0x0000, 
    0x0000, 0x0000, 0x0000, 0x0000, 0x0000, 0x0000, 0x0000, 0x0000, 
    0x0000, 0x0000, 0x0000, 0x0000, 0x0000, 0x0000, 0x0000, 0x0000, 
    0x0000, 0x0000, 0x0000, 0x0000, 0x0000, 0x0000, 0x0000, 0x0000, 
    0x0000, 0x0000, 0x0000, 0x0000, 0x0000, 0x0000, 0x0000, 0x0000, 
    0x0000, 0x0000, 0x0000, 0x0000, 0x0000, 0x0000, 0x0000, 0x0000, 
    0x0000, 0x0000, 0x0000, 0x0000, 0x0000, 0x0000, 0x0000, 0x0000, 
    0x0000, 0x0000, 0x0000, 0x0000, 0x0000, 0x0000, 0x0000, 0x0000, 
    0x0000, 0x0000, 0x0000, 0x0000, 0x0000, 0x0000, 0x0000, 0x0000, 
    0x0000, 0x0000, 0x0000, 0x0000, 0x0000, 0x0000, 0x0000, 0x0000, 
    0x0000, 0x0000, 0x0000, 0x0000, 0x0000, 0x0000, 0x0000, 0x0000, 
    0x0000, 0x0000, 0x0000, 0x0000, 0x0000, 0x0000, 0x0000, 0x0000, 
    0x0000, 0x0000, 0x0000, 0x0000, 0x0000, 0x0000, 0x0000, 0x0000, 
    0x0000, 0x0000, 0x0000, 0x0000, 0x0000, 0x0000, 0x0000, 0x0000, 
    0x0000, 0x0000, 0x0000, 0x0000, 0x0000, 0x0000, 0x0000, 0x0000, 
    0x0000, 0x0000, 0x0000, 0x0000, 0x0000, 0x0000, 0x0000, 0x0000, 
    0x0000, 0x0000, 0x0000, 0x0000, 0x0000, 0x0000, 0x0000, 0x0000, 
    0x0000, 0x0000, 0x0000, 0x0000, 0x0000, 0x0000, 0x0000, 0x0000, 
    0x0000, 0x0000, 0x0000, 0x0000, 0x0000, 0x0000, 0x0000, 0x0000, 
    0x0000, 0x0000, 0x0000, 0x0000, 0x0000, 0x0000, 0x0000, 0x0000, 
    0x0000, 0x0000, 0x0000, 0x0000, 0x0000, 0x0000, 0x0000, 0x0000, 
    0x0000, 0x0000, 0x0000, 0x0000, 0x0000, 0x0000, 0x0000, 0x0000, 
    0x0000, 0x0000, 0x0000, 0x0000, 0x0000, 0x0000, 0x0000, 0x0000, 
    0x0000, 0x0000, 0x0000, 0x0000, 0x0000, 0x0000, 0x0000, 0x0000, 
    0x0000, 0x0000, 0x0000, 0x0000, 0x0000, 0x0000, 0x0000, 0x0000, 
    0x0000, 0x0000, 0x0000, 0x0000, 0x0000, 0x0000, 0x0000, 0x0000, 
    0x0000, 0x0000, 0x0000, 0x0000, 0x0000, 0x0000, 0x0000, 0x0000, 
    0x0000, 0x0000, 0x0000, 0x0000, 0x0000, 0x0000, 0x0000, 0x0000, 
    0x0000, 0x0000, 0x0000, 0x0000, 0x0000, 0x0000, 0x0000, 0x0000, 
    0x0000, 0x0000, 0x0000, 0x0000, 0x0000, 0x0000, 0x0000, 0x0000, 
    0x0000, 0x0000, 0x0000, 0x0000, 0x0000, 0x0000, 0x0000, 0x0000, 
    0x0000, 0x0000, 0x0000, 0x0000, 0x0000, 0x0000, 0x0000, 0x0000, 
    0x0000, 0x0000, 0x0000, 0x0000, 0x0000, 0x0000, 0x0000, 0x0000, 
    0x0000, 0x0000, 0x0000, 0x0000, 0x0000, 0x0000, 0x0000, 0x0000, 
    0x0000, 0x0000, 0x0000, 0x0000, 0x0000, 0x0000, 0x0000, 0x0000, 
    0x0000, 0x0000, 0x0000, 0x0000, 0x0000, 0x0000, 0x0000, 0x0000, 
    0x0000, 0x0000, 0x0000, 0x0000, 0x0000, 0x0000, 0x0000, 0x0000, 
    0x0000, 0x0000, 0x0000, 0x0000, 0x0000, 0x0000, 0x0000, 0x0000, 
    0x0000, 0x0000, 0x0000, 0x0000, 0x0000, 0x0000, 0x0000, 0x0000, 
    0x0000, 0x0000, 0x0000, 0x0000, 0x0000, 0x0000, 0x0000, 0x0000, 
    0x0000, 0x0000, 0x0000, 0x0000, 0x0000, 0x0000, 0x0000, 0x0000, 
    0x0000, 0x0000, 0x0000, 0x0000, 0x0000, 0x0000, 0x0000, 0x0000, 
    0x0000, 0x0000, 0x0000, 0x0000, 0x0000, 0x0000, 0x0000, 0x0000, 
    0x0000, 0x0000, 0x0000, 0x0000, 0x0000, 0x0000, 0x0000, 0x0000, 
    0x0000, 0x0000, 0x0000, 0x0000, 0x0000, 0x0000, 0x0000, 0x0000, 
    0x0000, 0x0000, 0x0000, 0x0000, 0x0000, 0x0000, 0x0000, 0x0000, 
    0x0000, 0x0000, 0x0000, 0x0000, 0x0000, 0x0000, 0x0000, 0x0000, 
    0x0000, 0x0000, 0x0000, 0x0000, 0x0000, 0x0000, 0x0000, 0x0000, 
    0x0000, 0x0000, 0x0000, 0x0000, 0x0000, 0x0000, 0x0000, 0x0000, 
    0x0000, 0x0000, 0x0000, 0x0000, 0x0000, 0x0000, 0x0000, 0x0000, 
    0x0000, 0x0000, 0x0000, 0x0000, 0x0000, 0x0000, 0x0000, 0x0000, 
    0x0000, 0x0000, 0x0000, 0x0000, 0x0000, 0x0000, 0x0000, 0x0000, 
    0x0000, 0x0000, 0x0000, 0x0000, 0x0000, 0x0000, 0x0000, 0x0000, 
    0x0000, 0x0000, 0x0000, 0x0000, 0x0000, 0x0000, 0x0000, 0x0000, 
    0x0000, 0x0000, 0x0000, 0x0000, 0x0000, 0x0000, 0x0000, 0x0000, 
    0x0000, 0x0000, 0x0000, 0x0000, 0x0000, 0x0000, 0x0000, 0x0000, 
    0x0000, 0x0000, 0x0000, 0x0000, 0x0000, 0x0000, 0x0000, 0x0000, 
    0x0000, 0x0000, 0x0000, 0x0000, 0x0000, 0x0000, 0x0000, 0x0000, 
    0x0000, 0x0000, 0x0000, 0x0000, 0x0000, 0x0000, 0x0000, 0x0000, 
    0x0000, 0x0000, 0x0000, 0x0000, 0x0000, 0x0000, 0x0000, 0x0000, 
    0x0000, 0x0000, 0x0000, 0x0000, 0x0000, 0x0000, 0x0000, 0x0000, 
    0x0000, 0x0000, 0x0000, 0x0000, 0x0000, 0x0000, 0x0000, 0x0000, 
    0x0000, 0x0000, 0x0000, 0x0000, 0x0000, 0x0000, 0x0000, 0x0000, 
    0x0000, 0x0000, 0x0000, 0x0000, 0x0000, 0x0000, 0x0000, 0x0000, 
    0x0000, 0x0000, 0x0000, 0x0000, 0x0000, 0x0000, 0x0000, 0x0000, 
    0x0000, 0x0000, 0x0000, 0x0000, 0x0000, 0x0000, 0x0000, 0x0000, 
    0x0000, 0x0000, 0x0000, 0x0000, 0x0000, 0x0000, 0x0000, 0x0000, 
    0x0000, 0x0000, 0x0000, 0x0000, 0x0000, 0x0000, 0x0000, 0x0000, 
    0x0000, 0x0000, 0x0000, 0x0000, 0x0000, 0x0000, 0x0000, 0x0000, 
    0x0000, 0x0000, 0x0000, 0x0000, 0x0000, 0x0000, 0x0000, 0x0000, 
    0x0000, 0x0000, 0x0000, 0x0000, 0x0000, 0x0000, 0x0000, 0x0000, 
    0x0000, 0x0000, 0x0000, 0x0000, 0x0000, 0x0000, 0x0000, 0x0000, 
    0x0000, 0x0000, 0x0000, 0x0000, 0x0000, 0x0000, 0x0000, 0x0000, 
    0x0000, 0x0000, 0x0000, 0x0000, 0x0000, 0x0000, 0x0000, 0x0000, 
    0x0000, 0x0000, 0x0000, 0x0000, 0x0000, 0x0000, 0x0000, 0x0000, 
    0x0000, 0x0000, 0x0000, 0x0000, 0x0000, 0x0000, 0x0000, 0x0000, 
    0x0000, 0x0000, 0x0000, 0x0000, 0x0000, 0x0000, 0x0000, 0x0000, 
    0x0000, 0x0000, 0x0000, 0x0000, 0x0000, 0x0000, 0x0000, 0x0000, 
    0x0000, 0x0000, 0x0000, 0x0000, 0x0000, 0x0000, 0x0000, 0x0000, 
    0x0000, 0x0000, 0x0000, 0x0000, 0x0000, 0x0000, 0x0000, 0x0000, 
    0x0000, 0x0000, 0x0000, 0x0000, 0x0000, 0x0000, 0x0000, 0x0000, 
    0x0000, 0x0000, 0x0000, 0x0000, 0x0000, 0x0000, 0x0000, 0x0000, 
    0x0000, 0x0000, 0x0000, 0x0000, 0x0000, 0x0000, 0x0000, 0x0000, 
    0x0000, 0x0000, 0x0000, 0x0000, 0x0000, 0x0000, 0x0000, 0x0000, 
    0x0000, 0x0000, 0x0000, 0x0000, 0x0000, 0x0000, 0x0000, 0x0000, 
    0x0000, 0x0000, 0x0000, 0x0000, 0x0000, 0x0000, 0x0000, 0x0000, 
    0x0000, 0x0000, 0x0000, 0x0000, 0x0000, 0x0000, 0x0000, 0x0000, 
    0x0000, 0x0000, 0x0000, 0x0000, 0x0000, 0x0000, 0x0000, 0x0000, 
    0x0000, 0x0000, 0x0000, 0x0000, 0x0000, 0x0000, 0x0000, 0x0000, 
    0x0000, 0x0000, 0x0000, 0x0000, 0x0000, 0x0000, 0x0000, 0x0000, 
    0x0000, 0x0000, 0x0000, 0x0000, 0x0000, 0x0000, 0x0000, 0x0000, 
    0x0000, 0x0000, 0x0000, 0x0000, 0x0000, 0x0000, 0x0000, 0x0000, 
    0x0000, 0x0000, 0x0000, 0x0000, 0x0000, 0x0000, 0x0000, 0x0000, 
    0x0000, 0x0000, 0x0000, 0x0000, 0x0000, 0x0000, 0x0000, 0x0000, 
    0x0000, 0x0000, 0x0000, 0x0000, 0x0000, 0x0000, 0x0000, 0x0000, 
    0x0000, 0x0000, 0x0000, 0x0000, 0x0000, 0x0000, 0x0000, 0x0000, 
    0x0000, 0x0000, 0x0000, 0x0000, 0x0000, 0x0000, 0x0000, 0x0000, 
    0x0000, 0x0000, 0x0000, 0x0000, 0x0000, 0x0000, 0x0000, 0x0000, 
    0x0000, 0x0000, 0x0000, 0x0000, 0x0000, 0x0000, 0x0000, 0x0000, 
    0x0000, 0x0000, 0x0000, 0x0000, 0x0000, 0x0000, 0x0000, 0x0000, 
    0x0000, 0x0000, 0x0000, 0x0000, 0x0000, 0x0000, 0x0000, 0x0000, 
    0x0000, 0x0000, 0x0000, 0x0000, 0x0000, 0x0000, 0x0000, 0x0000, 
    0x0000, 0x0000, 0x0000, 0x0000, 0x0000, 0x0000, 0x0000, 0x0000, 
    0x0000, 0x0000, 0x0000, 0x0000, 0x0000, 0x0000, 0x0000, 0x0000, 
    0x0000, 0x0000, 0x0000, 0x0000, 0x0000, 0x0000, 0x0000, 0x0000, 
    0x0000, 0x0000, 0x0000, 0x0000, 0x0000, 0x0000, 0x0000, 0x0000, 
    0x0000, 0x0000, 0x0000, 0x0000, 0x0000, 0x0000, 0x0000, 0x0000, 
    0x0000, 0x0000, 0x0000, 0x0000, 0x0000, 0x0000, 0x0000, 0x0000, 
    0x0000, 0x0000, 0x0000, 0x0000, 0x0000, 0x0000, 0x0000, 0x0000, 
    0x0000, 0x0000, 0x0000, 0x0000, 0x0000, 0x0000, 0x0000, 0x0000, 
    0x0000, 0x0000, 0x0000, 0x0000, 0x0000, 0x0000, 0x0000, 0x0000, 
    0x0000, 0x0000, 0x0000, 0x0000, 0x0000, 0x0000, 0x0000, 0x0000, 
    0x0000, 0x0000, 0x0000, 0x0000, 0x0000, 0x0000, 0x0000, 0x0000, 
    0x0000, 0x0000, 0x0000, 0x0000, 0x0000, 0x0000, 0x0000, 0x0000, 
    0x0000, 0x0000, 0x0000, 0x0000, 0x0000, 0x0000, 0x0000, 0x0000, 
    0x0000, 0x0000, 0x0000, 0x0000, 0x0000, 0x0000, 0x0000, 0x0000, 
    0x0000, 0x0000, 0x0000, 0x0000, 0x0000, 0x0000, 0x0000, 0x0000, 
    0x0000, 0x0000, 0x0000, 0x0000, 0x0000, 0x0000, 0x0000, 0x0000, 
    0x0000, 0x0000, 0x0000, 0x0000, 0x0000, 0x0000, 0x0000, 0x0000, 
    0x0000, 0x0000, 0x0000, 0x0000, 0x0000, 0x0000, 0x0000, 0x0000, 
    0x0000, 0x0000, 0x0000, 0x0000, 0x0000, 0x0000, 0x0000, 0x0000, 
    0x0000, 0x0000, 0x0000, 0x0000, 0x0000, 0x0000, 0x0000, 0x0000, 
    0x0000, 0x0000, 0x0000, 0x0000, 0x0000, 0x0000, 0x0000, 0x0000, 
    0x0000, 0x0000, 0x0000, 0x0000, 0x0000, 0x0000, 0x0000, 0x0000, 
    0x0000, 0x0000, 0x0000, 0x0000, 0x0000, 0x0000, 0x0000, 0x0000, 
    0x0000, 0x0000, 0x0000, 0x0000, 0x0000, 0x0000, 0x0000, 0x0000, 
    0x0000, 0x0000, 0x0000, 0x0000, 0x0000, 0x0000, 0x0000, 0x0000, 
    0x0000, 0x0000, 0x0000, 0x0000, 0x0000, 0x0000, 0x0000, 0x0000, 
    0x0000, 0x0000, 0x0000, 0x0000, 0x0000, 0x0000, 0x0000, 0x0000, 
    0x0000, 0x0000, 0x0000, 0x0000, 0x0000, 0x0000, 0x0000, 0x0000, 
    0x0000, 0x0000, 0x0000, 0x0000, 0x0000, 0x0000, 0x0000, 0x0000, 
    0x0000, 0x0000, 0x0000, 0x0000, 0x0000, 0x0000, 0x0000, 0x0000, 
    0x0000, 0x0000, 0x0000, 0x0000, 0x0000, 0x0000, 0x0000, 0x0000, 
    0x0000, 0x0000, 0x0000, 0x0000, 0x0000, 0x0000, 0x0000, 0x0000, 
    0x0000, 0x0000, 0x0000, 0x0000, 0x0000, 0x0000, 0x0000, 0x0000, 
    0x0000, 0x0000, 0x0000, 0x0000, 0x0000, 0x0000, 0x0000, 0x0000, 
    0x0000, 0x0000, 0x0000, 0x0000, 0x0000, 0x0000, 0x0000, 0x0000, 
    0x0000, 0x0000, 0x0000, 0x0000, 0x0000, 0x0000, 0x0000, 0x0000, 
    0x0000, 0x0000, 0x0000, 0x0000, 0x0000, 0x0000, 0x0000, 0x0000, 
    0x0000, 0x0000, 0x0000, 0x0000, 0x0000, 0x0000, 0x0000, 0x0000, 
    0x0000, 0x0000, 0x0000, 0x0000, 0x0000, 0x0000, 0x0000, 0x0000, 
    0x0000, 0x0000, 0x0000, 0x0000, 0x0000, 0x0000, 0x0000, 0x0000, 
    0x0000, 0x0000, 0x0000, 0x0000, 0x0000, 0x0000, 0x0000, 0x0000, 
    0x0000, 0x0000, 0x0000, 0x0000, 0x0000, 0x0000, 0x0000, 0x0000, 
    0x0000, 0x0000, 0x0000, 0x0000, 0x0000, 0x0000, 0x0000, 0x0000, 
    0x0000, 0x0000, 0x0000, 0x0000, 0x0000, 0x0000, 0x0000, 0x0000, 
    0x0000, 0x0000, 0x0000, 0x0000, 0x0000, 0x0000, 0x0000, 0x0000, 
    0x0000, 0x0000, 0x0000, 0x0000, 0x0000, 0x0000, 0x0000, 0x0000, 
    0x0000, 0x0000, 0x0000, 0x0000, 0x0000, 0x0000, 0x0000, 0x0000, 
    0x0000, 0x0000, 0x0000, 0x0000, 0x0000, 0x0000, 0x0000, 0x0000, 
    0x0000, 0x0000, 0x0000, 0x0000, 0x0000, 0x0000, 0x0000, 0x0000, 
    0x0000, 0x0000, 0x0000, 0x0000, 0x0000, 0x0000, 0x0000, 0x0000, 
    0x0000, 0x0000, 0x0000, 0x0000, 0x0000, 0x0000, 0x0000, 0x0000, 
    0x0000, 0x0000, 0x0000, 0x0000, 0x0000, 0x0000, 0x0000, 0x0000, 
    0x0000, 0x0000, 0x0000, 0x0000, 0x0000, 0x0000, 0x0000, 0x0000, 
    0x0000, 0x0000, 0x0000, 0x0000, 0x0000, 0x0000, 0x0000, 0x0000, 
    0x0000, 0x0000, 0x0000, 0x0000, 0x0000, 0x0000, 0x0000, 0x0000, 
    0x0000, 0x0000, 0x0000, 0x0000, 0x0000, 0x0000, 0x0000, 0x0000, 
    0x0000, 0x0000, 0x0000, 0x0000, 0x0000, 0x0000, 0x0000, 0x0000, 
    0x0000, 0x0000, 0x0000, 0x0000, 0x0000, 0x0000, 0x0000, 0x0000, 
    0x0000, 0x0000, 0x0000, 0x0000, 0x0000, 0x0000, 0x0000, 0x0000, 
    0x0000, 0x0000, 0x0000, 0x0000, 0x0000, 0x0000, 0x0000, 0x0000, 
    0x0000, 0x0000, 0x0000, 0x0000, 0x0000, 0x0000, 0x0000, 0x0000, 
    0x0000, 0x0000, 0x0000, 0x0000, 0x0000, 0x0000, 0x0000, 0x0000, 
    0x0000, 0x0000, 0x0000, 0x0000, 0x0000, 0x0000, 0x0000, 0x0000, 
    0x0000, 0x0000, 0x0000, 0x0000, 0x0000, 0x0000, 0x0000, 0x0000, 
    0x0000, 0x0000, 0x0000, 0x0000, 0x0000, 0x0000, 0x0000, 0x0000, 
    0x0000, 0x0000, 0x0000, 0x0000, 0x0000, 0x0000, 0x0000, 0x0000, 
    0x0000, 0x0000, 0x0000, 0x0000, 0x0000, 0x0000, 0x0000, 0x0000, 
    0x0000, 0x0000, 0x0000, 0x0000, 0x0000, 0x0000, 0x0000, 0x0000, 
    0x0000, 0x0000, 0x0000, 0x0000, 0x0000, 0x0000, 0x0000, 0x0000, 
    0x0000, 0x0000, 0x0000, 0x0000, 0x0000, 0x0000, 0x0000, 0x0000, 
    0x0000, 0x0000, 0x0000, 0x0000, 0x0000, 0x0000, 0x0000, 0x0000, 
    0x0000, 0x0000, 0x0000, 0x0000, 0x0000, 0x0000, 0x0000, 0x0000, 
    0x0000, 0x0000, 0x0000, 0x0000, 0x0000, 0x0000, 0x0000, 0x0000, 
    0x0000, 0x0000, 0x0000, 0x0000, 0x0000, 0x0000, 0x0000, 0x0000, 
    0x0000, 0x0000, 0x0000, 0x0000, 0x0000, 0x0000, 0x0000, 0x0000, 
    0x0000, 0x0000, 0x0000, 0x0000, 0x0000, 0x0000, 0x0000, 0x0000, 
    0x0000, 0x0000, 0x0000, 0x0000, 0x0000, 0x0000, 0x0000, 0x0000, 
    0x0000, 0x0000, 0x0000, 0x0000, 0x0000, 0x0000, 0x0000, 0x0000, 
    0x0000, 0x0000, 0x0000, 0x0000, 0x0000, 0x0000, 0x0000, 0x0000, 
    0x0000, 0x0000, 0x0000, 0x0000, 0x0000, 0x0000, 0x0000, 0x0000, 
    0x0000, 0x0000, 0x0000, 0x0000, 0x0000, 0x0000, 0x0000, 0x0000, 
    0x0000, 0x0000, 0x0000, 0x0000, 0x0000, 0x0000, 0x0000, 0x0000, 
    0x0000, 0x0000, 0x0000, 0x0000, 0x0000, 0x0000, 0x0000, 0x0000, 
    0x0000, 0x0000, 0x0000, 0x0000, 0x0000, 0x0000, 0x0000, 0x0000, 
    0x0000, 0x0000, 0x0000, 0x0000, 0x0000, 0x0000, 0x0000, 0x0000, 
    0x0000, 0x0000, 0x0000, 0x0000, 0x0000, 0x0000, 0x0000, 0x0000, 
    0x0000, 0x0000, 0x0000, 0x0000, 0x0000, 0x0000, 0x0000, 0x0000, 
    0x0000, 0x0000, 0x0000, 0x0000, 0x0000, 0x0000, 0x0000, 0x0000, 
    0x0000, 0x0000, 0x0000, 0x0000, 0x0000, 0x0000, 0x0000, 0x0000, 
    0x0000, 0x0000, 0x0000, 0x0000, 0x0000, 0x0000, 0x0000, 0x0000, 
    0x0000, 0x0000, 0x0000, 0x0000, 0x0000, 0x0000, 0x0000, 0x0000, 
    0x0000, 0x0000, 0x0000, 0x0000, 0x0000, 0x0000, 0x0000, 0x0000, 
    0x0000, 0x0000, 0x0000, 0x0000, 0x0000, 0x0000, 0x0000, 0x0000, 
    0x0000, 0x0000, 0x0000, 0x0000, 0x0000, 0x0000, 0x0000, 0x0000, 
    0x0000, 0x0000, 0x0000, 0x0000, 0x0000, 0x0000, 0x0000, 0x0000, 
    0x0000, 0x0000, 0x0000, 0x0000, 0x0000, 0x0000, 0x0000, 0x0000, 
    0x0000, 0x0000, 0x0000, 0x0000, 0x0000, 0x0000, 0x0000, 0x0000, 
    0x0000, 0x0000, 0x0000, 0x0000, 0x0000, 0x0000, 0x0000, 0x0000, 
    0x0000, 0x0000, 0x0000, 0x0000, 0x0000, 0x0000, 0x0000, 0x0000, 
    0x0000, 0x0000, 0x0000, 0x0000, 0x0000, 0x0000, 0x0000, 0x0000, 
    0x0000, 0x0000, 0x0000, 0x0000, 0x0000, 0x0000, 0x0000, 0x0000, 
    0x0000, 0x0000, 0x0000, 0x0000, 0x0000, 0x0000, 0x0000, 0x0000, 
    0x0000, 0x0000, 0x0000, 0x0000, 0x0000, 0x0000, 0x0000, 0x0000, 
    0x0000, 0x0000, 0x0000, 0x0000, 0x0000, 0x0000, 0x0000, 0x0000, 
    0x0000, 0x0000, 0x0000, 0x0000, 0x0000, 0x0000, 0x0000, 0x0000, 
    0x0000, 0x0000, 0x0000, 0x0000, 0x0000, 0x0000, 0x0000, 0x0000, 
    0x0000, 0x0000, 0x0000, 0x0000, 0x0000, 0x0000, 0x0000, 0x0000, 
    0x0000, 0x0000, 0x0000, 0x0000, 0x0000, 0x0000, 0x0000, 0x0000, 
    0x0000, 0x0000, 0x0000, 0x0000, 0x0000, 0x0000, 0x0000, 0x0000, 
    0x0000, 0x0000, 0x0000, 0x0000, 0x0000, 0x0000, 0x0000, 0x0000, 
    0x0000, 0x0000, 0x0000, 0x0000, 0x0000, 0x0000, 0x0000, 0x0000, 
    0x0000, 0x0000, 0x0000, 0x0000, 0x0000, 0x0000, 0x0000, 0x0000, 
    0x0000, 0x0000, 0x0000, 0x0000, 0x0000, 0x0000, 0x0000, 0x0000, 
    0x0000, 0x0000, 0x0000, 0x0000, 0x0000, 0x0000, 0x0000, 0x0000, 
    0x0000, 0x0000, 0x0000, 0x0000, 0x0000, 0x0000, 0x0000, 0x0000, 
    0x0000, 0x0000, 0x0000, 0x0000, 0x0000, 0x0000, 0x0000, 0x0000, 
    0x0000, 0x0000, 0x0000, 0x0000, 0x0000, 0x0000, 0x0000, 0x0000, 
    0x0000, 0x0000, 0x0000, 0x0000, 0x0000, 0x0000, 0x0000, 0x0000, 
    0x0000, 0x0000, 0x0000, 0x0000, 0x0000, 0x0000, 0x0000, 0x0000, 
    0x0000, 0x0000, 0x0000, 0x0000, 0x0000, 0x0000, 0x0000, 0x0000, 
    0x0000, 0x0000, 0x0000, 0x0000, 0x0000, 0x0000, 0x0000, 0x0000, 
    0x0000, 0x0000, 0x0000, 0x0000, 0x0000, 0x0000, 0x0000, 0x0000, 
    0x0000, 0x0000, 0x0000, 0x0000, 0x0000, 0x0000, 0x0000, 0x0000, 
    0x0000, 0x0000, 0x0000, 0x0000, 0x0000, 0x0000, 0x0000, 0x0000, 
    0x0000, 0x0000, 0x0000, 0x0000, 0x0000, 0x0000, 0x0000, 0x0000, 
    0x0000, 0x0000, 0x0000, 0x0000, 0x0000, 0x0000, 0x0000, 0x0000, 
    0x0000, 0x0000, 0x0000, 0x0000, 0x0000, 0x0000, 0x0000, 0x0000, 
    0x0000, 0x0000, 0x0000, 0x0000, 0x0000, 0x0000, 0x0000, 0x0000, 
    0x0000, 0x0000, 0x0000, 0x0000, 0x0000, 0x0000, 0x0000, 0x0000, 
    0x0000, 0x0000, 0x0000, 0x0000, 0x0000, 0x0000, 0x0000, 0x0000, 
    0x0000, 0x0000, 0x0000, 0x0000, 0x0000, 0x0000, 0x0000, 0x0000, 
    0x0000, 0x0000, 0x0000, 0x0000, 0x0000, 0x0000, 0x0000, 0x0000, 
    0x0000, 0x0000, 0x0000, 0x0000, 0x0000, 0x0000, 0x0000, 0x0000, 
    0x0000, 0x0000, 0x0000, 0x0000, 0x0000, 0x0000, 0x0000, 0x0000, 
    0x0000, 0x0000, 0x0000, 0x0000, 0x0000, 0x0000, 0x0000, 0x0000, 
    0x0000, 0x0000, 0x0000, 0x0000, 0x0000, 0x0000, 0x0000, 0x0000, 
    0x0000, 0x0000, 0x0000, 0x0000, 0x0000, 0x0000, 0x0000, 0x0000, 
    0x0000, 0x0000, 0x0000, 0x0000, 0x0000, 0x0000, 0x0000, 0x0000, 
    0x0000, 0x0000, 0x0000, 0x0000, 0x0000, 0x0000, 0x0000, 0x0000, 
    0x0000, 0x0000, 0x0000, 0x0000, 0x0000, 0x0000, 0x0000, 0x0000, 
    0x0000, 0x0000, 0x0000, 0x0000, 0x0000, 0x0000, 0x0000, 0x0000, 
    0x0000, 0x0000, 0x0000, 0x0000, 0x0000, 0x0000, 0x0000, 0x0000, 
    0x0000, 0x0000, 0x0000, 0x0000, 0x0000, 0x0000, 0x0000, 0x0000, 
    0x0000, 0x0000, 0x0000, 0x0000, 0x0000, 0x0000, 0x0000, 0x0000, 
    0x0000, 0x0000, 0x0000, 0x0000, 0x0000, 0x0000, 0x0000, 0x0000, 
    0x0000, 0x0000, 0x0000, 0x0000, 0x0000, 0x0000, 0x0000, 0x0000, 
    0x0000, 0x0000, 0x0000, 0x0000, 0x0000, 0x0000, 0x0000, 0x0000, 
    0x0000, 0x0000, 0x0000, 0x0000, 0x0000, 0x0000, 0x0000, 0x0000, 
    0x0000, 0x0000, 0x0000, 0x0000, 0x0000, 0x0000, 0x0000, 0x0000, 
    0x0000, 0x0000, 0x0000, 0x0000, 0x0000, 0x0000, 0x0000, 0x0000, 
    0x0000, 0x0000, 0x0000, 0x0000, 0x0000, 0x0000, 0x0000, 0x0000, 
    0x0000, 0x0000, 0x0000, 0x0000, 0x0000, 0x0000, 0x0000, 0x0000, 
    0x0000, 0x0000, 0x0000, 0x0000, 0x0000, 0x0000, 0x0000, 0x0000, 
    0x0000, 0x0000, 0x0000, 0x0000, 0x0000, 0x0000, 0x0000, 0x0000, 
    0x0000, 0x0000, 0x0000, 0x0000, 0x0000, 0x0000, 0x0000, 0x0000, 
    0x0000, 0x0000, 0x0000, 0x0000, 0x0000, 0x0000, 0x0000, 0x0000, 
    0x0000, 0x0000, 0x0000, 0x0000, 0x0000, 0x0000, 0x0000, 0x0000, 
    0x0000, 0x0000, 0x0000, 0x0000, 0x0000, 0x0000, 0x0000, 0x0000, 
    0x0000, 0x0000, 0x0000, 0x0000, 0x0000, 0x0000, 0x0000, 0x0000, 
    0x0000, 0x0000, 0x0000, 0x0000, 0x0000, 0x0000, 0x0000, 0x0000, 
    0x0000, 0x0000, 0x0000, 0x0000, 0x0000, 0x0000, 0x0000, 0x0000, 
    0x0000, 0x0000, 0x0000, 0x0000, 0x0000, 0x0000, 0x0000, 0x0000, 
    0x0000, 0x0000, 0x0000, 0x0000, 0x0000, 0x0000, 0x0000, 0x0000, 
    0x0000, 0x0000, 0x0000, 0x0000, 0x0000, 0x0000, 0x0000, 0x0000, 
    0x0000, 0x0000, 0x0000, 0x0000, 0x0000, 0x0000, 0x0000, 0x0000, 
    0x0000, 0x0000, 0x0000, 0x0000, 0x0000, 0x0000, 0x0000, 0x0000, 
    0x0000, 0x0000, 0x0000, 0x0000, 0x0000, 0x0000, 0x0000, 0x0000, 
    0x0000, 0x0000, 0x0000, 0x0000, 0x0000, 0x0000, 0x0000, 0x0000, 
    0x0000, 0x0000, 0x0000, 0x0000, 0x0000, 0x0000, 0x0000, 0x0000, 
    0x0000, 0x0000, 0x0000, 0x0000, 0x0000, 0x0000, 0x0000, 0x0000, 
    0x0000, 0x0000, 0x0000, 0x0000, 0x0000, 0x0000, 0x0000, 0x0000, 
    0x0000, 0x0000, 0x0000, 0x0000, 0x0000, 0x0000, 0x0000, 0x0000, 
    0x0000, 0x0000, 0x0000, 0x0000, 0x0000, 0x0000, 0x0000, 0x0000, 
    0x0000, 0x0000, 0x0000, 0x0000, 0x0000, 0x0000, 0x0000, 0x0000, 
    0x0000, 0x0000, 0x0000, 0x0000, 0x0000, 0x0000, 0x0000, 0x0000, 
    0x0000, 0x0000, 0x0000, 0x0000, 0x0000, 0x0000, 0x0000, 0x0000, 
    0x0000, 0x0000, 0x0000, 0x0000, 0x0000, 0x0000, 0x0000, 0x0000, 
    0x0000, 0x0000, 0x0000, 0x0000, 0x0000, 0x0000, 0x0000, 0x0000, 
    0x0000, 0x0000, 0x0000, 0x0000, 0x0000, 0x0000, 0x0000, 0x0000, 
    0x0000, 0x0000, 0x0000, 0x0000, 0x0000, 0x0000, 0x0000, 0x0000, 
    0x0000, 0x0000, 0x0000, 0x0000, 0x0000, 0x0000, 0x0000, 0x0000, 
    0x0000, 0x0000, 0x0000, 0x0000, 0x0000, 0x0000, 0x0000, 0x0000, 
    0x0000, 0x0000, 0x0000, 0x0000, 0x0000, 0x0000, 0x0000, 0x0000, 
    0x0000, 0x0000, 0x0000, 0x0000, 0x0000, 0x0000, 0x0000, 0x0000, 
    0x0000, 0x0000, 0x0000, 0x0000, 0x0000, 0x0000, 0x0000, 0x0000, 
    0x0000, 0x0000, 0x0000, 0x0000, 0x0000, 0x0000, 0x0000, 0x0000, 
    0x0000, 0x0000, 0x0000, 0x0000, 0x0000, 0x0000, 0x0000, 0x0000, 
    0x0000, 0x0000, 0x0000, 0x0000, 0x0000, 0x0000, 0x0000, 0x0000, 
    0x0000, 0x0000, 0x0000, 0x0000, 0x0000, 0x0000, 0x0000, 0x0000, 
    0x0000, 0x0000, 0x0000, 0x0000, 0x0000, 0x0000, 0x0000, 0x0000, 
    0x0000, 0x0000, 0x0000, 0x0000, 0x0000, 0x0000, 0x0000, 0x0000, 
    0x0000, 0x0000, 0x0000, 0x0000, 0x0000, 0x0000, 0x0000, 0x0000, 
    0x0000, 0x0000, 0x0000, 0x0000, 0x0000, 0x0000, 0x0000, 0x0000, 
    0x0000, 0x0000, 0x0000, 0x0000, 0x0000, 0x0000, 0x0000, 0x0000, 
    0x0000, 0x0000, 0x0000, 0x0000, 0x0000, 0x0000, 0x0000, 0x0000, 
    0x0000, 0x0000, 0x0000, 0x0000, 0x0000, 0x0000, 0x0000, 0x0000, 
    0x0000, 0x0000, 0x0000, 0x0000, 0x0000, 0x0000, 0x0000, 0x0000, 
    0x0000, 0x0000, 0x0000, 0x0000, 0x0000, 0x0000, 0x0000, 0x0000, 
    0x0000, 0x0000, 0x0000, 0x0000, 0x0000, 0x0000, 0x0000, 0x0000, 
    0x0000, 0x0000, 0x0000, 0x0000, 0x0000, 0x0000, 0x0000, 0x0000, 
    0x0000, 0x0000, 0x0000, 0x0000, 0x0000, 0x0000, 0x0000, 0x0000, 
    0x0000, 0x0000, 0x0000, 0x0000, 0x0000, 0x0000, 0x0000, 0x0000, 
    0x0000, 0x0000, 0x0000, 0x0000, 0x0000, 0x0000, 0x0000, 0x0000, 
    0x0000, 0x0000, 0x0000, 0x0000, 0x0000, 0x0000, 0x0000, 0x0000, 
    0x0000, 0x0000, 0x0000, 0x0000, 0x0000, 0x0000, 0x0000, 0x0000, 
    0x0000, 0x0000, 0x0000, 0x0000, 0x0000, 0x0000, 0x0000, 0x0000, 
    0x0000, 0x0000, 0x0000, 0x0000, 0x0000, 0x0000, 0x0000, 0x0000, 
    0x0000, 0x0000, 0x0000, 0x0000, 0x0000, 0x0000, 0x0000, 0x0000, 
    0x0000, 0x0000, 0x0000, 0x0000, 0x0000, 0x0000, 0x0000, 0x0000, 
    0x0000, 0x0000, 0x0000, 0x0000, 0x0000, 0x0000, 0x0000, 0x0000, 
    0x0000, 0x0000, 0x0000, 0x0000, 0x0000, 0x0000, 0x0000, 0x0000, 
    0x0000, 0x0000, 0x0000, 0x0000, 0x0000, 0x0000, 0x0000, 0x0000, 
    0x0000, 0x0000, 0x0000, 0x0000, 0x0000, 0x0000, 0x0000, 0x0000, 
    0x0000, 0x0000, 0x0000, 0x0000, 0x0000, 0x0000, 0x0000, 0x0000, 
    0x0000, 0x0000, 0x0000, 0x0000, 0x0000, 0x0000, 0x0000, 0x0000, 
    0x0000, 0x0000, 0x0000, 0x0000, 0x0000, 0x0000, 0x0000, 0x0000, 
    0x0000, 0x0000, 0x0000, 0x0000, 0x0000, 0x0000, 0x0000, 0x0000, 
    0x0000, 0x0000, 0x0000, 0x0000, 0x0000, 0x0000, 0x0000, 0x0000, 
    0x0000, 0x0000, 0x0000, 0x0000, 0x0000, 0x0000, 0x0000, 0x0000, 
    0x0000, 0x0000, 0x0000, 0x0000, 0x0000, 0x0000, 0x0000, 0x0000, 
    0x0000, 0x0000, 0x0000, 0x0000, 0x0000, 0x0000, 0x0000, 0x0000, 
    0x0000, 0x0000, 0x0000, 0x0000, 0x0000, 0x0000, 0x0000, 0x0000, 
    0x0000, 0x0000, 0x0000, 0x0000, 0x0000, 0x0000, 0x0000, 0x0000, 
    0x0000, 0x0000, 0x0000, 0x0000, 0x0000, 0x0000, 0x0000, 0x0000, 
    0x0000, 0x0000, 0x0000, 0x0000, 0x0000, 0x0000, 0x0000, 0x0000, 
    0x0000, 0x0000, 0x0000, 0x0000, 0x0000, 0x0000, 0x0000, 0x0000, 
    0x0000, 0x0000, 0x0000, 0x0000, 0x0000, 0x0000, 0x0000, 0x0000, 
    0x0000, 0x0000, 0x0000, 0x0000, 0x0000, 0x0000, 0x0000, 0x0000, 
    0x0000, 0x0000, 0x0000, 0x0000, 0x0000, 0x0000, 0x0000, 0x0000, 
    0x0000, 0x0000, 0x0000, 0x0000, 0x0000, 0x0000, 0x0000, 0x0000, 
    0x0000, 0x0000, 0x0000, 0x0000, 0x0000, 0x0000, 0x0000, 0x0000, 
    0x0000, 0x0000, 0x0000, 0x0000, 0x0000, 0x0000, 0x0000, 0x0000, 
    0x0000, 0x0000, 0x0000, 0x0000, 0x0000, 0x0000, 0x0000, 0x0000, 
    0x0000, 0x0000, 0x0000, 0x0000, 0x0000, 0x0000, 0x0000, 0x0000, 
    0x0000, 0x0000, 0x0000, 0x0000, 0x0000, 0x0000, 0x0000, 0x0000, 
    0x0000, 0x0000, 0x0000, 0x0000, 0x0000, 0x0000, 0x0000, 0x0000, 
    0x0000, 0x0000, 0x0000, 0x0000, 0x0000, 0x0000, 0x0000, 0x0000, 
    0x0000, 0x0000, 0x0000, 0x0000, 0x0000, 0x0000, 0x0000, 0x0000, 
    0x0000, 0x0000, 0x0000, 0x0000, 0x0000, 0x0000, 0x0000, 0x0000, 
    0x0000, 0x0000, 0x0000, 0x0000, 0x0000, 0x0000, 0x0000, 0x0000, 
    0x0000, 0x0000, 0x0000, 0x0000, 0x0000, 0x0000, 0x0000, 0x0000, 
    0x0000, 0x0000, 0x0000, 0x0000, 0x0000, 0x0000, 0x0000, 0x0000, 
    0x0000, 0x0000, 0x0000, 0x0000, 0x0000, 0x0000, 0x0000, 0x0000, 
    0x0000, 0x0000, 0x0000, 0x0000, 0x0000, 0x0000, 0x0000, 0x0000, 
    0x0000, 0x0000, 0x0000, 0x0000, 0x0000, 0x0000, 0x0000, 0x0000, 
    0x0000, 0x0000, 0x0000, 0x0000, 0x0000, 0x0000, 0x0000, 0x0000, 
    0x0000, 0x0000, 0x0000, 0x0000, 0x0000, 0x0000, 0x0000, 0x0000, 
    0x0000, 0x0000, 0x0000, 0x0000, 0x0000, 0x0000, 0x0000, 0x0000, 
    0x0000, 0x0000, 0x0000, 0x0000, 0x0000, 0x0000, 0x0000, 0x0000, 
    0x0000, 0x0000, 0x0000, 0x0000, 0x0000, 0x0000, 0x0000, 0x0000, 
    0x0000, 0x0000, 0x0000, 0x0000, 0x0000, 0x0000, 0x0000, 0x0000, 
    0x0000, 0x0000, 0x0000, 0x0000, 0x0000, 0x0000, 0x0000, 0x0000, 
    0x0000, 0x0000, 0x0000, 0x0000, 0x0000, 0x0000, 0x0000, 0x0000, 
    0x0000, 0x0000, 0x0000, 0x0000, 0x0000, 0x0000, 0x0000, 0x0000, 
    0x0000, 0x0000, 0x0000, 0x0000, 0x0000, 0x0000, 0x0000, 0x0000, 
    0x0000, 0x0000, 0x0000, 0x0000, 0x0000, 0x0000, 0x0000, 0x0000, 
    0x0000, 0x0000, 0x0000, 0x0000, 0x0000, 0x0000, 0x0000, 0x0000, 
    0x0000, 0x0000, 0x0000, 0x0000, 0x0000, 0x0000, 0x0000, 0x0000, 
    0x0000, 0x0000, 0x0000, 0x0000, 0x0000, 0x0000, 0x0000, 0x0000, 
    0x0000, 0x0000, 0x0000, 0x0000, 0x0000, 0x0000, 0x0000, 0x0000, 
    0x0000, 0x0000, 0x0000, 0x0000, 0x0000, 0x0000, 0x0000, 0x0000, 
    0x0000, 0x0000, 0x0000, 0x0000, 0x0000, 0x0000, 0x0000, 0x0000, 
    0x0000, 0x0000, 0x0000, 0x0000, 0x0000, 0x0000, 0x0000, 0x0000, 
    0x0000, 0x0000, 0x0000, 0x0000, 0x0000, 0x0000, 0x0000, 0x0000, 
    0x0000, 0x0000, 0x0000, 0x0000, 0x0000, 0x0000, 0x0000, 0x0000, 
    0x0000, 0x0000, 0x0000, 0x0000, 0x0000, 0x0000, 0x0000, 0x0000, 
    0x0000, 0x0000, 0x0000, 0x0000, 0x0000, 0x0000, 0x0000, 0x0000, 
    0x0000, 0x0000, 0x0000, 0x0000, 0x0000, 0x0000, 0x0000, 0x0000, 
    0x0000, 0x0000, 0x0000, 0x0000, 0x0000, 0x0000, 0x0000, 0x0000, 
    0x0000, 0x0000, 0x0000, 0x0000, 0x0000, 0x0000, 0x0000, 0x0000, 
    0x0000, 0x0000, 0x0000, 0x0000, 0x0000, 0x0000, 0x0000, 0x0000, 
    0x0000, 0x0000, 0x0000, 0x0000, 0x0000, 0x0000, 0x0000, 0x0000, 
    0x0000, 0x0000, 0x0000, 0x0000, 0x0000, 0x0000, 0x0000, 0x0000, 
    0x0000, 0x0000, 0x0000, 0x0000, 0x0000, 0x0000, 0x0000, 0x0000, 
    0x0000, 0x0000, 0x0000, 0x0000, 0x0000, 0x0000, 0x0000, 0x0000, 
    0x0000, 0x0000, 0x0000, 0x0000, 0x0000, 0x0000, 0x0000, 0x0000, 
    0x0000, 0x0000, 0x0000, 0x0000, 0x0000, 0x0000, 0x0000, 0x0000, 
    0x0000, 0x0000, 0x0000, 0x0000, 0x0000, 0x0000, 0x0000, 0x0000, 
    0x0000, 0x0000, 0x0000, 0x0000, 0x0000, 0x0000, 0x0000, 0x0000, 
    0x0000, 0x0000, 0x0000, 0x0000, 0x0000, 0x0000, 0x0000, 0x0000, 
    0x0000, 0x0000, 0x0000, 0x0000, 0x0000, 0x0000, 0x0000, 0x0000, 
    0x0000, 0x0000, 0x0000, 0x0000, 0x0000, 0x0000, 0x0000, 0x0000, 
    0x0000, 0x0000, 0x0000, 0x0000, 0x0000, 0x0000, 0x0000, 0x0000, 
    0x0000, 0x0000, 0x0000, 0x0000, 0x0000, 0x0000, 0x0000, 0x0000, 
    0x0000, 0x0000, 0x0000, 0x0000, 0x0000, 0x0000, 0x0000, 0x0000, 
    0x0000, 0x0000, 0x0000, 0x0000, 0x0000, 0x0000, 0x0000, 0x0000, 
    0x0000, 0x0000, 0x0000, 0x0000, 0x0000, 0x0000, 0x0000, 0x0000, 
    0x0000, 0x0000, 0x0000, 0x0000, 0x0000, 0x0000, 0x0000, 0x0000, 
    0x0000, 0x0000, 0x0000, 0x0000, 0x0000, 0x0000, 0x0000, 0x0000, 
    0x0000, 0x0000, 0x0000, 0x0000, 0x0000, 0x0000, 0x0000, 0x0000, 
    0x0000, 0x0000, 0x0000, 0x0000, 0x0000, 0x0000, 0x0000, 0x0000, 
    0x0000, 0x0000, 0x0000, 0x0000, 0x0000, 0x0000, 0x0000, 0x0000, 
    0x0000, 0x0000, 0x0000, 0x0000, 0x0000, 0x0000, 0x0000, 0x0000, 
    0x0000, 0x0000, 0x0000, 0x0000, 0x0000, 0x0000, 0x0000, 0x0000, 
    0x0000, 0x0000, 0x0000, 0x0000, 0x0000, 0x0000, 0x0000, 0x0000, 
    0x0000, 0x0000, 0x0000, 0x0000, 0x0000, 0x0000, 0x0000, 0x0000, 
    0x0000, 0x0000, 0x0000, 0x0000, 0x0000, 0x0000, 0x0000, 0x0000, 
    0x0000, 0x0000, 0x0000, 0x0000, 0x0000, 0x0000, 0x0000, 0x0000, 
    0x0000, 0x0000, 0x0000, 0x0000, 0x0000, 0x0000, 0x0000, 0x0000, 
    0x0000, 0x0000, 0x0000, 0x0000, 0x0000, 0x0000, 0x0000, 0x0000, 
    0x0000, 0x0000, 0x0000, 0x0000, 0x0000, 0x0000, 0x0000, 0x0000, 
    0x0000, 0x0000, 0x0000, 0x0000, 0x0000, 0x0000, 0x0000, 0x0000, 
    0x0000, 0x0000, 0x0000, 0x0000, 0x0000, 0x0000, 0x0000, 0x0000, 
    0x0000, 0x0000, 0x0000, 0x0000, 0x0000, 0x0000, 0x0000, 0x0000, 
    0x0000, 0x0000, 0x0000, 0x0000, 0x0000, 0x0000, 0x0000, 0x0000, 
    0x0000, 0x0000, 0x0000, 0x0000, 0x0000, 0x0000, 0x0000, 0x0000, 
    0x0000, 0x0000, 0x0000, 0x0000, 0x0000, 0x0000, 0x0000, 0x0000, 
    0x0000, 0x0000, 0x0000, 0x0000, 0x0000, 0x0000, 0x0000, 0x0000, 
    0x0000, 0x0000, 0x0000, 0x0000, 0x0000, 0x0000, 0x0000, 0x0000, 
    0x0000, 0x0000, 0x0000, 0x0000, 0x0000, 0x0000, 0x0000, 0x0000, 
    0x0000, 0x0000, 0x0000, 0x0000, 0x0000, 0x0000, 0x0000, 0x0000, 
    0x0000, 0x0000, 0x0000, 0x0000, 0x0000, 0x0000, 0x0000, 0x0000, 
    0x0000, 0x0000, 0x0000, 0x0000, 0x0000, 0x0000, 0x0000, 0x0000, 
    0x0000, 0x0000, 0x0000, 0x0000, 0x0000, 0x0000, 0x0000, 0x0000, 
    0x0000, 0x0000, 0x0000, 0x0000, 0x0000, 0x0000, 0x0000, 0x0000, 
    0x0000, 0x0000, 0x0000, 0x0000, 0x0000, 0x0000, 0x0000, 0x0000, 
    0x0000, 0x0000, 0x0000, 0x0000, 0x0000, 0x0000, 0x0000, 0x0000, 
    0x0000, 0x0000, 0x0000, 0x0000, 0x0000, 0x0000, 0x0000, 0x0000, 
    0x0000, 0x0000, 0x0000, 0x0000, 0x0000, 0x0000, 0x0000, 0x0000, 
    0x0000, 0x0000, 0x0000, 0x0000, 0x0000, 0x0000, 0x0000, 0x0000, 
    0x0000, 0x0000, 0x0000, 0x0000, 0x0000, 0x0000, 0x0000, 0x0000, 
    0x0000, 0x0000, 0x0000, 0x0000, 0x0000, 0x0000, 0x0000, 0x0000, 
    0x0000, 0x0000, 0x0000, 0x0000, 0x0000, 0x0000, 0x0000, 0x0000, 
    0x0000, 0x0000, 0x0000, 0x0000, 0x0000, 0x0000, 0x0000, 0x0000, 
    0x0000, 0x0000, 0x0000, 0x0000, 0x0000, 0x0000, 0x0000, 0x0000, 
    0x0000, 0x0000, 0x0000, 0x0000, 0x0000, 0x0000, 0x0000, 0x0000, 
    0x0000, 0x0000, 0x0000, 0x0000, 0x0000, 0x0000, 0x0000, 0x0000, 
    0x0000, 0x0000, 0x0000, 0x0000, 0x0000, 0x0000, 0x0000, 0x0000, 
    0x0000, 0x0000, 0x0000, 0x0000, 0x0000, 0x0000, 0x0000, 0x0000, 
    0x0000, 0x0000, 0x0000, 0x0000, 0x0000, 0x0000, 0x0000, 0x0000, 
    0x0000, 0x0000, 0x0000, 0x0000, 0x0000, 0x0000, 0x0000, 0x0000, 
    0x0000, 0x0000, 0x0000, 0x0000, 0x0000, 0x0000, 0x0000, 0x0000, 
    0x0000, 0x0000, 0x0000, 0x0000, 0x0000, 0x0000, 0x0000, 0x0000, 
    0x0000, 0x0000, 0x0000, 0x0000, 0x0000, 0x0000, 0x0000, 0x0000, 
    0x0000, 0x0000, 0x0000, 0x0000, 0x0000, 0x0000, 0x0000, 0x0000, 
    0x0000, 0x0000, 0x0000, 0x0000, 0x0000, 0x0000, 0x0000, 0x0000, 
    0x0000, 0x0000, 0x0000, 0x0000, 0x0000, 0x0000, 0x0000, 0x0000, 
    0x0000, 0x0000, 0x0000, 0x0000, 0x0000, 0x0000, 0x0000, 0x0000, 
    0x0000, 0x0000, 0x0000, 0x0000, 0x0000, 0x0000, 0x0000, 0x0000, 
    0x0000, 0x0000, 0x0000, 0x0000, 0x0000, 0x0000, 0x0000, 0x0000, 
    0x0000, 0x0000, 0x0000, 0x0000, 0x0000, 0x0000, 0x0000, 0x0000, 
    0x0000, 0x0000, 0x0000, 0x0000, 0x0000, 0x0000, 0x0000, 0x0000, 
    0x0000, 0x0000, 0x0000, 0x0000, 0x0000, 0x0000, 0x0000, 0x0000, 
    0x0000, 0x0000, 0x0000, 0x0000, 0x0000, 0x0000, 0x0000, 0x0000, 
    0x0000, 0x0000, 0x0000, 0x0000, 0x0000, 0x0000, 0x0000, 0x0000, 
    0x0000, 0x0000, 0x0000, 0x0000, 0x0000, 0x0000, 0x0000, 0x0000, 
    0x0000, 0x0000, 0x0000, 0x0000, 0x0000, 0x0000, 0x0000, 0x0000, 
    0x0000, 0x0000, 0x0000, 0x0000, 0x0000, 0x0000, 0x0000, 0x0000, 
    0x0000, 0x0000, 0x0000, 0x0000, 0x0000, 0x0000, 0x0000, 0x0000, 
    0x0000, 0x0000, 0x0000, 0x0000, 0x0000, 0x0000, 0x0000, 0x0000, 
    0x0000, 0x0000, 0x0000, 0x0000, 0x0000, 0x0000, 0x0000, 0x0000, 
    0x0000, 0x0000, 0x0000, 0x0000, 0x0000, 0x0000, 0x0000, 0x0000, 
    0x0000, 0x0000, 0x0000, 0x0000, 0x0000, 0x0000, 0x0000, 0x0000, 
    0x0000, 0x0000, 0x0000, 0x0000, 0x0000, 0x0000, 0x0000, 0x0000, 
    0x0000, 0x0000, 0x0000, 0x0000, 0x0000, 0x0000, 0x0000, 0x0000, 
    0x0000, 0x0000, 0x0000, 0x0000, 0x0000, 0x0000, 0x0000, 0x0000, 
    0x0000, 0x0000, 0x0000, 0x0000, 0x0000, 0x0000, 0x0000, 0x0000, 
    0x0000, 0x0000, 0x0000, 0x0000, 0x0000, 0x0000, 0x0000, 0x0000, 
    0x0000, 0x0000, 0x0000, 0x0000, 0x0000, 0x0000, 0x0000, 0x0000, 
    0x0000, 0x0000, 0x0000, 0x0000, 0x0000, 0x0000, 0x0000, 0x0000, 
    0x0000, 0x0000, 0x0000, 0x0000, 0x0000, 0x0000, 0x0000, 0x0000, 
    0x0000, 0x0000, 0x0000, 0x0000, 0x0000, 0x0000, 0x0000, 0x0000, 
    0x0000, 0x0000, 0x0000, 0x0000, 0x0000, 0x0000, 0x0000, 0x0000, 
    0x0000, 0x0000, 0x0000, 0x0000, 0x0000, 0x0000, 0x0000, 0x0000, 
    0x0000, 0x0000, 0x0000, 0x0000, 0x0000, 0x0000, 0x0000, 0x0000, 
    0x0000, 0x0000, 0x0000, 0x0000, 0x0000, 0x0000, 0x0000, 0x0000, 
    0x0000, 0x0000, 0x0000, 0x0000, 0x0000, 0x0000, 0x0000, 0x0000, 
    0x0000, 0x0000, 0x0000, 0x0000, 0x0000, 0x0000, 0x0000, 0x0000, 
    0x0000, 0x0000, 0x0000, 0x0000, 0x0000, 0x0000, 0x0000, 0x0000, 
    0x0000, 0x0000, 0x0000, 0x0000, 0x0000, 0x0000, 0x0000, 0x0000, 
    0x0000, 0x0000, 0x0000, 0x0000, 0x0000, 0x0000, 0x0000, 0x0000, 
    0x0000, 0x0000, 0x0000, 0x0000, 0x0000, 0x0000, 0x0000, 0x0000, 
    0x0000, 0x0000, 0x0000, 0x0000, 0x0000, 0x0000, 0x0000, 0x0000, 
    0x0000, 0x0000, 0x0000, 0x0000, 0x0000, 0x0000, 0x0000, 0x0000, 
    0x0000, 0x0000, 0x0000, 0x0000, 0x0000, 0x0000, 0x0000, 0x0000, 
    0x0000, 0x0000, 0x0000, 0x0000, 0x0000, 0x0000, 0x0000, 0x0000, 
    0x0000, 0x0000, 0x0000, 0x0000, 0x0000, 0x0000, 0x0000, 0x0000, 
    0x0000, 0x0000, 0x0000, 0x0000, 0x0000, 0x0000, 0x0000, 0x0000, 
    0x0000, 0x0000, 0x0000, 0x0000, 0x0000, 0x0000, 0x0000, 0x0000, 
    0x0000, 0x0000, 0x0000, 0x0000, 0x0000, 0x0000, 0x0000, 0x0000, 
    0x0000, 0x0000, 0x0000, 0x0000, 0x0000, 0x0000, 0x0000, 0x0000, 
    0x0000, 0x0000, 0x0000, 0x0000, 0x0000, 0x0000, 0x0000, 0x0000, 
    0x0000, 0x0000, 0x0000, 0x0000, 0x0000, 0x0000, 0x0000, 0x0000, 
    0x0000, 0x0000, 0x0000, 0x0000, 0x0000, 0x0000, 0x0000, 0x0000, 
    0x0000, 0x0000, 0x0000, 0x0000, 0x0000, 0x0000, 0x0000, 0x0000, 
    0x0000, 0x0000, 0x0000, 0x0000, 0x0000, 0x0000, 0x0000, 0x0000, 
    0x0000, 0x0000, 0x0000, 0x0000, 0x0000, 0x0000, 0x0000, 0x0000, 
    0x0000, 0x0000, 0x0000, 0x0000, 0x0000, 0x0000, 0x0000, 0x0000, 
    0x0000, 0x0000, 0x0000, 0x0000, 0x0000, 0x0000, 0x0000, 0x0000, 
    0x0000, 0x0000, 0x0000, 0x0000, 0x0000, 0x0000, 0x0000, 0x0000, 
    0x0000, 0x0000, 0x0000, 0x0000, 0x0000, 0x0000, 0x0000, 0x0000, 
    0x0000, 0x0000, 0x0000, 0x0000, 0x0000, 0x0000, 0x0000, 0x0000, 
    0x0000, 0x0000, 0x0000, 0x0000, 0x0000, 0x0000, 0x0000, 0x0000, 
    0x0000, 0x0000, 0x0000, 0x0000, 0x0000, 0x0000, 0x0000, 0x0000, 
    0x0000, 0x0000, 0x0000, 0x0000, 0x0000, 0x0000, 0x0000, 0x0000, 
    0x0000, 0x0000, 0x0000, 0x0000, 0x0000, 0x0000, 0x0000, 0x0000, 
    0x0000, 0x0000, 0x0000, 0x0000, 0x0000, 0x0000, 0x0000, 0x0000, 
    0x0000, 0x0000, 0x0000, 0x0000, 0x0000, 0x0000, 0x0000, 0x0000, 
    0x0000, 0x0000, 0x0000, 0x0000, 0x0000, 0x0000, 0x0000, 0x0000, 
    0x0000, 0x0000, 0x0000, 0x0000, 0x0000, 0x0000, 0x0000, 0x0000, 
    0x0000, 0x0000, 0x0000, 0x0000, 0x0000, 0x0000, 0x0000, 0x0000, 
    0x0000, 0x0000, 0x0000, 0x0000, 0x0000, 0x0000, 0x0000, 0x0000, 
    0x0000, 0x0000, 0x0000, 0x0000, 0x0000, 0x0000, 0x0000, 0x0000, 
    0x0000, 0x0000, 0x0000, 0x0000, 0x0000, 0x0000, 0x0000, 0x0000, 
    0x0000, 0x0000, 0x0000, 0x0000, 0x0000, 0x0000, 0x0000, 0x0000, 
    0x0000, 0x0000, 0x0000, 0x0000, 0x0000, 0x0000, 0x0000, 0x0000, 
    0x0000, 0x0000, 0x0000, 0x0000, 0x0000, 0x0000, 0x0000, 0x0000, 
    0x0000, 0x0000, 0x0000, 0x0000, 0x0000, 0x0000, 0x0000, 0x0000, 
    0x0000, 0x0000, 0x0000, 0x0000, 0x0000, 0x0000, 0x0000, 0x0000, 
    0x0000, 0x0000, 0x0000, 0x0000, 0x0000, 0x0000, 0x0000, 0x0000, 
    0x0000, 0x0000, 0x0000, 0x0000, 0x0000, 0x0000, 0x0000, 0x0000, 
    0x0000, 0x0000, 0x0000, 0x0000, 0x0000, 0x0000, 0x0000, 0x0000, 
    0x0000, 0x0000, 0x0000, 0x0000, 0x0000, 0x0000, 0x0000, 0x0000, 
    0x0000, 0x0000, 0x0000, 0x0000, 0x0000, 0x0000, 0x0000, 0x0000, 
    0x0000, 0x0000, 0x0000, 0x0000, 0x0000, 0x0000, 0x0000, 0x0000, 
    0x0000, 0x0000, 0x0000, 0x0000, 0x0000, 0x0000, 0x0000, 0x0000, 
    0x0000, 0x0000, 0x0000, 0x0000, 0x0000, 0x0000, 0x0000, 0x0000, 
    0x0000, 0x0000, 0x0000, 0x0000, 0x0000, 0x0000, 0x0000, 0x0000, 
    0x0000, 0x0000, 0x0000, 0x0000, 0x0000, 0x0000, 0x0000, 0x0000, 
    0x0000, 0x0000, 0x0000, 0x0000, 0x0000, 0x0000, 0x0000, 0x0000, 
    0x0000, 0x0000, 0x0000, 0x0000, 0x0000, 0x0000, 0x0000, 0x0000, 
    0x0000, 0x0000, 0x0000, 0x0000, 0x0000, 0x0000, 0x0000, 0x0000, 
    0x0000, 0x0000, 0x0000, 0x0000, 0x0000, 0x0000, 0x0000, 0x0000, 
    0x0000, 0x0000, 0x0000, 0x0000, 0x0000, 0x0000, 0x0000, 0x0000, 
    0x0000, 0x0000, 0x0000, 0x0000, 0x0000, 0x0000, 0x0000, 0x0000, 
    0x0000, 0x0000, 0x0000, 0x0000, 0x0000, 0x0000, 0x0000, 0x0000, 
    0x0000, 0x0000, 0x0000, 0x0000, 0x0000, 0x0000, 0x0000, 0x0000, 
    0x0000, 0x0000, 0x0000, 0x0000, 0x0000, 0x0000, 0x0000, 0x0000, 
    0x0000, 0x0000, 0x0000, 0x0000, 0x0000, 0x0000, 0x0000, 0x0000, 
    0x0000, 0x0000, 0x0000, 0x0000, 0x0000, 0x0000, 0x0000, 0x0000, 
    0x0000, 0x0000, 0x0000, 0x0000, 0x0000, 0x0000, 0x0000, 0x0000, 
    0x0000, 0x0000, 0x0000, 0x0000, 0x0000, 0x0000, 0x0000, 0x0000, 
    0x0000, 0x0000, 0x0000, 0x0000, 0x0000, 0x0000, 0x0000, 0x0000, 
    0x0000, 0x0000, 0x0000, 0x0000, 0x0000, 0x0000, 0x0000, 0x0000, 
    0x0000, 0x0000, 0x0000, 0x0000, 0x0000, 0x0000, 0x0000, 0x0000, 
    0x0000, 0x0000, 0x0000, 0x0000, 0x0000, 0x0000, 0x0000, 0x0000, 
    0x0000, 0x0000, 0x0000, 0x0000, 0x0000, 0x0000, 0x0000, 0x0000, 
    0x0000, 0x0000, 0x0000, 0x0000, 0x0000, 0x0000, 0x0000, 0x0000, 
    0x0000, 0x0000, 0x0000, 0x0000, 0x0000, 0x0000, 0x0000, 0x0000, 
    0x0000, 0x0000, 0x0000, 0x0000, 0x0000, 0x0000, 0x0000, 0x0000, 
    0x0000, 0x0000, 0x0000, 0x0000, 0x0000, 0x0000, 0x0000, 0x0000, 
    0x0000, 0x0000, 0x0000, 0x0000, 0x0000, 0x0000, 0x0000, 0x0000, 
    0x0000, 0x0000, 0x0000, 0x0000, 0x0000, 0x0000, 0x0000, 0x0000, 
    0x0000, 0x0000, 0x0000, 0x0000, 0x0000, 0x0000, 0x0000, 0x0000, 
    0x0000, 0x0000, 0x0000, 0x0000, 0x0000, 0x0000, 0x0000, 0x0000, 
    0x0000, 0x0000, 0x0000, 0x0000, 0x0000, 0x0000, 0x0000, 0x0000, 
    0x0000, 0x0000, 0x0000, 0x0000, 0x0000, 0x0000, 0x0000, 0x0000, 
    0x0000, 0x0000, 0x0000, 0x0000, 0x0000, 0x0000, 0x0000, 0x0000, 
    0x0000, 0x0000, 0x0000, 0x0000, 0x0000, 0x0000, 0x0000, 0x0000, 
    0x0000, 0x0000, 0x0000, 0x0000, 0x0000, 0x0000, 0x0000, 0x0000, 
    0x0000, 0x0000, 0x0000, 0x0000, 0x0000, 0x0000, 0x0000, 0x0000, 
    0x0000, 0x0000, 0x0000, 0x0000, 0x0000, 0x0000, 0x0000, 0x0000, 
    0x0000, 0x0000, 0x0000, 0x0000, 0x0000, 0x0000, 0x0000, 0x0000, 
    0x0000, 0x0000, 0x0000, 0x0000, 0x0000, 0x0000, 0x0000, 0x0000, 
    0x0000, 0x0000, 0x0000, 0x0000, 0x0000, 0x0000, 0x0000, 0x0000, 
    0x0000, 0x0000, 0x0000, 0x0000, 0x0000, 0x0000, 0x0000, 0x0000, 
    0x0000, 0x0000, 0x0000, 0x0000, 0x0000, 0x0000, 0x0000, 0x0000, 
    0x0000, 0x0000, 0x0000, 0x0000, 0x0000, 0x0000, 0x0000, 0x0000, 
    0x0000, 0x0000, 0x0000, 0x0000, 0x0000, 0x0000, 0x0000, 0x0000, 
    0x0000, 0x0000, 0x0000, 0x0000, 0x0000, 0x0000, 0x0000, 0x0000, 
    0x0000, 0x0000, 0x0000, 0x0000, 0x0000, 0x0000, 0x0000, 0x0000, 
    0x0000, 0x0000, 0x0000, 0x0000, 0x0000, 0x0000, 0x0000, 0x0000, 
    0x0000, 0x0000, 0x0000, 0x0000, 0x0000, 0x0000, 0x0000, 0x0000, 
    0x0000, 0x0000, 0x0000, 0x0000, 0x0000, 0x0000, 0x0000, 0x0000, 
    0x0000, 0x0000, 0x0000, 0x0000, 0x0000, 0x0000, 0x0000, 0x0000, 
    0x0000, 0x0000, 0x0000, 0x0000, 0x0000, 0x0000, 0x0000, 0x0000, 
    0x0000, 0x0000, 0x0000, 0x0000, 0x0000, 0x0000, 0x0000, 0x0000, 
    0x0000, 0x0000, 0x0000, 0x0000, 0x0000, 0x0000, 0x0000, 0x0000, 
    0x0000, 0x0000, 0x0000, 0x0000, 0x0000, 0x0000, 0x0000, 0x0000, 
    0x0000, 0x0000, 0x0000, 0x0000, 0x0000, 0x0000, 0x0000, 0x0000, 
    0x0000, 0x0000, 0x0000, 0x0000, 0x0000, 0x0000, 0x0000, 0x0000, 
    0x0000, 0x0000, 0x0000, 0x0000, 0x0000, 0x0000, 0x0000, 0x0000, 
    0x0000, 0x0000, 0x0000, 0x0000, 0x0000, 0x0000, 0x0000, 0x0000, 
    0x0000, 0x0000, 0x0000, 0x0000, 0x0000, 0x0000, 0x0000, 0x0000, 
    0x0000, 0x0000, 0x0000, 0x0000, 0x0000, 0x0000, 0x0000, 0x0000, 
    0x0000, 0x0000, 0x0000, 0x0000, 0x0000, 0x0000, 0x0000, 0x0000, 
    0x0000, 0x0000, 0x0000, 0x0000, 0x0000, 0x0000, 0x0000, 0x0000, 
    0x0000, 0x0000, 0x0000, 0x0000, 0x0000, 0x0000, 0x0000, 0x0000, 
    0x0000, 0x0000, 0x0000, 0x0000, 0x0000, 0x0000, 0x0000, 0x0000, 
    0x0000, 0x0000, 0x0000, 0x0000, 0x0000, 0x0000, 0x0000, 0x0000, 
    0x0000, 0x0000, 0x0000, 0x0000, 0x0000, 0x0000, 0x0000, 0x0000, 
    0x0000, 0x0000, 0x0000, 0x0000, 0x0000, 0x0000, 0x0000, 0x0000, 
    0x0000, 0x0000, 0x0000, 0x0000, 0x0000, 0x0000, 0x0000, 0x0000, 
    0x0000, 0x0000, 0x0000, 0x0000, 0x0000, 0x0000, 0x0000, 0x0000, 
    0x0000, 0x0000, 0x0000, 0x0000, 0x0000, 0x0000, 0x0000, 0x0000, 
    0x0000, 0x0000, 0x0000, 0x0000, 0x0000, 0x0000, 0x0000, 0x0000, 
    0x0000, 0x0000, 0x0000, 0x0000, 0x0000, 0x0000, 0x0000, 0x0000, 
    0x0000, 0x0000, 0x0000, 0x0000, 0x0000, 0x0000, 0x0000, 0x0000, 
    0x0000, 0x0000, 0x0000, 0x0000, 0x0000, 0x0000, 0x0000, 0x0000, 
    0x0000, 0x0000, 0x0000, 0x0000, 0x0000, 0x0000, 0x0000, 0x0000, 
    0x0000, 0x0000, 0x0000, 0x0000, 0x0000, 0x0000, 0x0000, 0x0000, 
    0x0000, 0x0000, 0x0000, 0x0000, 0x0000, 0x0000, 0x0000, 0x0000, 
    0x0000, 0x0000, 0x0000, 0x0000, 0x0000, 0x0000, 0x0000, 0x0000, 
    0x0000, 0x0000, 0x0000, 0x0000, 0x0000, 0x0000, 0x0000, 0x0000, 
    0x0000, 0x0000, 0x0000, 0x0000, 0x0000, 0x0000, 0x0000, 0x0000, 
    0x0000, 0x0000, 0x0000, 0x0000, 0x0000, 0x0000, 0x0000, 0x0000, 
    0x0000, 0x0000, 0x0000, 0x0000, 0x0000, 0x0000, 0x0000, 0x0000, 
    0x0000, 0x0000, 0x0000, 0x0000, 0x0000, 0x0000, 0x0000, 0x0000, 
    0x0000, 0x0000, 0x0000, 0x0000, 0x0000, 0x0000, 0x0000, 0x0000, 
    0x0000, 0x0000, 0x0000, 0x0000, 0x0000, 0x0000, 0x0000, 0x0000, 
    0x0000, 0x0000, 0x0000, 0x0000, 0x0000, 0x0000, 0x0000, 0x0000, 
    0x0000, 0x0000, 0x0000, 0x0000, 0x0000, 0x0000, 0x0000, 0x0000, 
    0x0000, 0x0000, 0x0000, 0x0000, 0x0000, 0x0000, 0x0000, 0x0000, 
    0x0000, 0x0000, 0x0000, 0x0000, 0x0000, 0x0000, 0x0000, 0x0000, 
    0x0000, 0x0000, 0x0000, 0x0000, 0x0000, 0x0000, 0x0000, 0x0000, 
    0x0000, 0x0000, 0x0000, 0x0000, 0x0000, 0x0000, 0x0000, 0x0000, 
    0x0000, 0x0000, 0x0000, 0x0000, 0x0000, 0x0000, 0x0000, 0x0000, 
    0x0000, 0x0000, 0x0000, 0x0000, 0x0000, 0x0000, 0x0000, 0x0000, 
    0x0000, 0x0000, 0x0000, 0x0000, 0x0000, 0x0000, 0x0000, 0x0000, 
    0x0000, 0x0000, 0x0000, 0x0000, 0x0000, 0x0000, 0x0000, 0x0000, 
    0x0000, 0x0000, 0x0000, 0x0000, 0x0000, 0x0000, 0x0000, 0x0000, 
    0x0000, 0x0000, 0x0000, 0x0000, 0x0000, 0x0000, 0x0000, 0x0000, 
    0x0000, 0x0000, 0x0000, 0x0000, 0x0000, 0x0000, 0x0000, 0x0000, 
    0x0000, 0x0000, 0x0000, 0x0000, 0x0000, 0x0000, 0x0000, 0x0000, 
    0x0000, 0x0000, 0x0000, 0x0000, 0x0000, 0x0000, 0x0000, 0x0000, 
    0x0000, 0x0000, 0x0000, 0x0000, 0x0000, 0x0000, 0x0000, 0x0000, 
    0x0000, 0x0000, 0x0000, 0x0000, 0x0000, 0x0000, 0x0000, 0x0000, 
    0x0000, 0x0000, 0x0000, 0x0000, 0x0000, 0x0000, 0x0000, 0x0000, 
    0x0000, 0x0000, 0x0000, 0x0000, 0x0000, 0x0000, 0x0000, 0x0000, 
    0x0000, 0x0000, 0x0000, 0x0000, 0x0000, 0x0000, 0x0000, 0x0000, 
    0x0000, 0x0000, 0x0000, 0x0000, 0x0000, 0x0000, 0x0000, 0x0000, 
    0x0000, 0x0000, 0x0000, 0x0000, 0x0000, 0x0000, 0x0000, 0x0000, 
    0x0000, 0x0000, 0x0000, 0x0000, 0x0000, 0x0000, 0x0000, 0x0000, 
    0x0000, 0x0000, 0x0000, 0x0000, 0x0000, 0x0000, 0x0000, 0x0000, 
    0x0000, 0x0000, 0x0000, 0x0000, 0x0000, 0x0000, 0x0000, 0x0000, 
    0x0000, 0x0000, 0x0000, 0x0000, 0x0000, 0x0000, 0x0000, 0x0000, 
    0x0000, 0x0000, 0x0000, 0x0000, 0x0000, 0x0000, 0x0000, 0x0000, 
    0x0000, 0x0000, 0x0000, 0x0000, 0x0000, 0x0000, 0x0000, 0x0000, 
    0x0000, 0x0000, 0x0000, 0x0000, 0x0000, 0x0000, 0x0000, 0x0000, 
    0x0000, 0x0000, 0x0000, 0x0000, 0x0000, 0x0000, 0x0000, 0x0000, 
    0x0000, 0x0000, 0x0000, 0x0000, 0x0000, 0x0000, 0x0000, 0x0000, 
    0x0000, 0x0000, 0x0000, 0x0000, 0x0000, 0x0000, 0x0000, 0x0000, 
    0x0000, 0x0000, 0x0000, 0x0000, 0x0000, 0x0000, 0x0000, 0x0000, 
    0x0000, 0x0000, 0x0000, 0x0000, 0x0000, 0x0000, 0x0000, 0x0000, 
    0x0000, 0x0000, 0x0000, 0x0000, 0x0000, 0x0000, 0x0000, 0x0000, 
    0x0000, 0x0000, 0x0000, 0x0000, 0x0000, 0x0000, 0x0000, 0x0000, 
    0x0000, 0x0000, 0x0000, 0x0000, 0x0000, 0x0000, 0x0000, 0x0000, 
    0x0000, 0x0000, 0x0000, 0x0000, 0x0000, 0x0000, 0x0000, 0x0000, 
    0x0000, 0x0000, 0x0000, 0x0000, 0x0000, 0x0000, 0x0000, 0x0000, 
    0x0000, 0x0000, 0x0000, 0x0000, 0x0000, 0x0000, 0x0000, 0x0000, 
    0x0000, 0x0000, 0x0000, 0x0000, 0x0000, 0x0000, 0x0000, 0x0000, 
    0x0000, 0x0000, 0x0000, 0x0000, 0x0000, 0x0000, 0x0000, 0x0000, 
    0x0000, 0x0000, 0x0000, 0x0000, 0x0000, 0x0000, 0x0000, 0x0000, 
    0x0000, 0x0000, 0x0000, 0x0000, 0x0000, 0x0000, 0x0000, 0x0000, 
    0x0000, 0x0000, 0x0000, 0x0000, 0x0000, 0x0000, 0x0000, 0x0000, 
    0x0000, 0x0000, 0x0000, 0x0000, 0x0000, 0x0000, 0x0000, 0x0000, 
    0x0000, 0x0000, 0x0000, 0x0000, 0x0000, 0x0000, 0x0000, 0x0000, 
    0x0000, 0x0000, 0x0000, 0x0000, 0x0000, 0x0000, 0x0000, 0x0000, 
    0x0000, 0x0000, 0x0000, 0x0000, 0x0000, 0x0000, 0x0000, 0x0000, 
    0x0000, 0x0000, 0x0000, 0x0000, 0x0000, 0x0000, 0x0000, 0x0000, 
    0x0000, 0x0000, 0x0000, 0x0000, 0x0000, 0x0000, 0x0000, 0x0000, 
    0x0000, 0x0000, 0x0000, 0x0000, 0x0000, 0x0000, 0x0000, 0x0000, 
    0x0000, 0x0000, 0x0000, 0x0000, 0x0000, 0x0000, 0x0000, 0x0000, 
    0x0000, 0x0000, 0x0000, 0x0000, 0x0000, 0x0000, 0x0000, 0x0000, 
    0x0000, 0x0000, 0x0000, 0x0000, 0x0000, 0x0000, 0x0000, 0x0000, 
    0x0000, 0x0000, 0x0000, 0x0000, 0x0000, 0x0000, 0x0000, 0x0000, 
    0x0000, 0x0000, 0x0000, 0x0000, 0x0000, 0x0000, 0x0000, 0x0000, 
    0x0000, 0x0000, 0x0000, 0x0000, 0x0000, 0x0000, 0x0000, 0x0000, 
    0x0000, 0x0000, 0x0000, 0x0000, 0x0000, 0x0000, 0x0000, 0x0000, 
    0x0000, 0x0000, 0x0000, 0x0000, 0x0000, 0x0000, 0x0000, 0x0000, 
    0x0000, 0x0000, 0x0000, 0x0000, 0x0000, 0x0000, 0x0000, 0x0000, 
    0x0000, 0x0000, 0x0000, 0x0000, 0x0000, 0x0000, 0x0000, 0x0000, 
    0x0000, 0x0000, 0x0000, 0x0000, 0x0000, 0x0000, 0x0000, 0x0000, 
    0x0000, 0x0000, 0x0000, 0x0000, 0x0000, 0x0000, 0x0000, 0x0000, 
    0x0000, 0x0000, 0x0000, 0x0000, 0x0000, 0x0000, 0x0000, 0x0000, 
    0x0000, 0x0000, 0x0000, 0x0000, 0x0000, 0x0000, 0x0000, 0x0000, 
    0x0000, 0x0000, 0x0000, 0x0000, 0x0000, 0x0000, 0x0000, 0x0000, 
    0x0000, 0x0000, 0x0000, 0x0000, 0x0000, 0x0000, 0x0000, 0x0000, 
    0x0000, 0x0000, 0x0000, 0x0000, 0x0000, 0x0000, 0x0000, 0x0000, 
    0x0000, 0x0000, 0x0000, 0x0000, 0x0000, 0x0000, 0x0000, 0x0000, 
    0x0000, 0x0000, 0x0000, 0x0000, 0x0000, 0x0000, 0x0000, 0x0000, 
    0x0000, 0x0000, 0x0000, 0x0000, 0x0000, 0x0000, 0x0000, 0x0000, 
    0x0000, 0x0000, 0x0000, 0x0000, 0x0000, 0x0000, 0x0000, 0x0000, 
    0x0000, 0x0000, 0x0000, 0x0000, 0x0000, 0x0000, 0x0000, 0x0000, 
    0x0000, 0x0000, 0x0000, 0x0000, 0x0000, 0x0000, 0x0000, 0x0000, 
    0x0000, 0x0000, 0x0000, 0x0000, 0x0000, 0x0000, 0x0000, 0x0000, 
    0x0000, 0x0000, 0x0000, 0x0000, 0x0000, 0x0000, 0x0000, 0x0000, 
    0x0000, 0x0000, 0x0000, 0x0000, 0x0000, 0x0000, 0x0000, 0x0000, 
    0x0000, 0x0000, 0x0000, 0x0000, 0x0000, 0x0000, 0x0000, 0x0000, 
    0x0000, 0x0000, 0x0000, 0x0000, 0x0000, 0x0000, 0x0000, 0x0000, 
    0x0000, 0x0000, 0x0000, 0x0000, 0x0000, 0x0000, 0x0000, 0x0000, 
    0x0000, 0x0000, 0x0000, 0x0000, 0x0000, 0x0000, 0x0000, 0x0000, 
    0x0000, 0x0000, 0x0000, 0x0000, 0x0000, 0x0000, 0x0000, 0x0000, 
    0x0000, 0x0000, 0x0000, 0x0000, 0x0000, 0x0000, 0x0000, 0x0000, 
    0x0000, 0x0000, 0x0000, 0x0000, 0x0000, 0x0000, 0x0000, 0x0000, 
    0x0000, 0x0000, 0x0000, 0x0000, 0x0000, 0x0000, 0x0000, 0x0000, 
    0x0000, 0x0000, 0x0000, 0x0000, 0x0000, 0x0000, 0x0000, 0x0000, 
    0x0000, 0x0000, 0x0000, 0x0000, 0x0000, 0x0000, 0x0000, 0x0000, 
    0x0000, 0x0000, 0x0000, 0x0000, 0x0000, 0x0000, 0x0000, 0x0000, 
    0x0000, 0x0000, 0x0000, 0x0000, 0x0000, 0x0000, 0x0000, 0x0000, 
    0x0000, 0x0000, 0x0000, 0x0000, 0x0000, 0x0000, 0x0000, 0x0000, 
    0x0000, 0x0000, 0x0000, 0x0000, 0x0000, 0x0000, 0x0000, 0x0000, 
    0x0000, 0x0000, 0x0000, 0x0000, 0x0000, 0x0000, 0x0000, 0x0000, 
    0x0000, 0x0000, 0x0000, 0x0000, 0x0000, 0x0000, 0x0000, 0x0000, 
    0x0000, 0x0000, 0x0000, 0x0000, 0x0000, 0x0000, 0x0000, 0x0000, 
    0x0000, 0x0000, 0x0000, 0x0000, 0x0000, 0x0000, 0x0000, 0x0000, 
    0x0000, 0x0000, 0x0000, 0x0000, 0x0000, 0x0000, 0x0000, 0x0000, 
    0x0000, 0x0000, 0x0000, 0x0000, 0x0000, 0x0000, 0x0000, 0x0000, 
    0x0000, 0x0000, 0x0000, 0x0000, 0x0000, 0x0000, 0x0000, 0x0000, 
    0x0000, 0x0000, 0x0000, 0x0000, 0x0000, 0x0000, 0x0000, 0x0000, 
    0x0000, 0x0000, 0x0000, 0x0000, 0x0000, 0x0000, 0x0000, 0x0000, 
    0x0000, 0x0000, 0x0000, 0x0000, 0x0000, 0x0000, 0x0000, 0x0000, 
    0x0000, 0x0000, 0x0000, 0x0000, 0x0000, 0x0000, 0x0000, 0x0000, 
    0x0000, 0x0000, 0x0000, 0x0000, 0x0000, 0x0000, 0x0000, 0x0000, 
    0x0000, 0x0000, 0x0000, 0x0000, 0x0000, 0x0000, 0x0000, 0x0000, 
    0x0000, 0x0000, 0x0000, 0x0000, 0x0000, 0x0000, 0x0000, 0x0000, 
    0x0000, 0x0000, 0x0000, 0x0000, 0x0000, 0x0000, 0x0000, 0x0000, 
    0x0000, 0x0000, 0x0000, 0x0000, 0x0000, 0x0000, 0x0000, 0x0000, 
    0x0000, 0x0000, 0x0000, 0x0000, 0x0000, 0x0000, 0x0000, 0x0000, 
    0x0000, 0x0000, 0x0000, 0x0000, 0x0000, 0x0000, 0x0000, 0x0000, 
    0x0000, 0x0000, 0x0000, 0x0000, 0x0000, 0x0000, 0x0000, 0x0000, 
    0x0000, 0x0000, 0x0000, 0x0000, 0x0000, 0x0000, 0x0000, 0x0000, 
    0x0000, 0x0000, 0x0000, 0x0000, 0x0000, 0x0000, 0x0000, 0x0000, 
    0x0000, 0x0000, 0x0000, 0x0000, 0x0000, 0x0000, 0x0000, 0x0000, 
    0x0000, 0x0000, 0x0000, 0x0000, 0x0000, 0x0000, 0x0000, 0x0000, 
    0x0000, 0x0000, 0x0000, 0x0000, 0x0000, 0x0000, 0x0000, 0x0000, 
    0x0000, 0x0000, 0x0000, 0x0000, 0x0000, 0x0000, 0x0000, 0x0000, 
    0x0000, 0x0000, 0x0000, 0x0000, 0x0000, 0x0000, 0x0000, 0x0000, 
    0x0000, 0x0000, 0x0000, 0x0000, 0x0000, 0x0000, 0x0000, 0x0000, 
    0x0000, 0x0000, 0x0000, 0x0000, 0x0000, 0x0000, 0x0000, 0x0000, 
    0x0000, 0x0000, 0x0000, 0x0000, 0x0000, 0x0000, 0x0000, 0x0000, 
    0x0000, 0x0000, 0x0000, 0x0000, 0x0000, 0x0000, 0x0000, 0x0000, 
    0x0000, 0x0000, 0x0000, 0x0000, 0x0000, 0x0000, 0x0000, 0x0000, 
    0x0000, 0x0000, 0x0000, 0x0000, 0x0000, 0x0000, 0x0000, 0x0000, 
    0x0000, 0x0000, 0x0000, 0x0000, 0x0000, 0x0000, 0x0000, 0x0000, 
    0x0000, 0x0000, 0x0000, 0x0000, 0x0000, 0x0000, 0x0000, 0x0000, 
    0x0000, 0x0000, 0x0000, 0x0000, 0x0000, 0x0000, 0x0000, 0x0000, 
    0x0000, 0x0000, 0x0000, 0x0000, 0x0000, 0x0000, 0x0000, 0x0000, 
    0x0000, 0x0000, 0x0000, 0x0000, 0x0000, 0x0000, 0x0000, 0x0000, 
    0x0000, 0x0000, 0x0000, 0x0000, 0x0000, 0x0000, 0x0000, 0x0000, 
    0x0000, 0x0000, 0x0000, 0x0000, 0x0000, 0x0000, 0x0000, 0x0000, 
    0x0000, 0x0000, 0x0000, 0x0000, 0x0000, 0x0000, 0x0000, 0x0000, 
    0x0000, 0x0000, 0x0000, 0x0000, 0x0000, 0x0000, 0x0000, 0x0000, 
    0x0000, 0x0000, 0x0000, 0x0000, 0x0000, 0x0000, 0x0000, 0x0000, 
    0x0000, 0x0000, 0x0000, 0x0000, 0x0000, 0x0000, 0x0000, 0x0000, 
    0x0000, 0x0000, 0x0000, 0x0000, 0x0000, 0x0000, 0x0000, 0x0000, 
    0x0000, 0x0000, 0x0000, 0x0000, 0x0000, 0x0000, 0x0000, 0x0000, 
    0x0000, 0x0000, 0x0000, 0x0000, 0x0000, 0x0000, 0x0000, 0x0000, 
    0x0000, 0x0000, 0x0000, 0x0000, 0x0000, 0x0000, 0x0000, 0x0000, 
    0x0000, 0x0000, 0x0000, 0x0000, 0x0000, 0x0000, 0x0000, 0x0000, 
    0x0000, 0x0000, 0x0000, 0x0000, 0x0000, 0x0000, 0x0000, 0x0000, 
    0x0000, 0x0000, 0x0000, 0x0000, 0x0000, 0x0000, 0x0000, 0x0000, 
    0x0000, 0x0000, 0x0000, 0x0000, 0x0000, 0x0000, 0x0000, 0x0000, 
    0x0000, 0x0000, 0x0000, 0x0000, 0x0000, 0x0000, 0x0000, 0x0000, 
    0x0000, 0x0000, 0x0000, 0x0000, 0x0000, 0x0000, 0x0000, 0x0000, 
    0x0000, 0x0000, 0x0000, 0x0000, 0x0000, 0x0000, 0x0000, 0x0000, 
    0x0000, 0x0000, 0x0000, 0x0000, 0x0000, 0x0000, 0x0000, 0x0000, 
    0x0000, 0x0000, 0x0000, 0x0000, 0x0000, 0x0000, 0x0000, 0x0000, 
    0x0000, 0x0000, 0x0000, 0x0000, 0x0000, 0x0000, 0x0000, 0x0000, 
    0x0000, 0x0000, 0x0000, 0x0000, 0x0000, 0x0000, 0x0000, 0x0000, 
    0x0000, 0x0000, 0x0000, 0x0000, 0x0000, 0x0000, 0x0000, 0x0000, 
    0x0000, 0x0000, 0x0000, 0x0000, 0x0000, 0x0000, 0x0000, 0x0000, 
    0x0000, 0x0000, 0x0000, 0x0000, 0x0000, 0x0000, 0x0000, 0x0000, 
    0x0000, 0x0000, 0x0000, 0x0000, 0x0000, 0x0000, 0x0000, 0x0000, 
    0x0000, 0x0000, 0x0000, 0x0000, 0x0000, 0x0000, 0x0000, 0x0000, 
    0x0000, 0x0000, 0x0000, 0x0000, 0x0000, 0x0000, 0x0000, 0x0000, 
    0x0000, 0x0000, 0x0000, 0x0000, 0x0000, 0x0000, 0x0000, 0x0000, 
    0x0000, 0x0000, 0x0000, 0x0000, 0x0000, 0x0000, 0x0000, 0x0000, 
    0x0000, 0x0000, 0x0000, 0x0000, 0x0000, 0x0000, 0x0000, 0x0000, 
    0x0000, 0x0000, 0x0000, 0x0000, 0x0000, 0x0000, 0x0000, 0x0000, 
    0x0000, 0x0000, 0x0000, 0x0000, 0x0000, 0x0000, 0x0000, 0x0000, 
    0x0000, 0x0000, 0x0000, 0x0000, 0x0000, 0x0000, 0x0000, 0x0000, 
    0x0000, 0x0000, 0x0000, 0x0000, 0x0000, 0x0000, 0x0000, 0x0000, 
    0x0000, 0x0000, 0x0000, 0x0000, 0x0000, 0x0000, 0x0000, 0x0000, 
    0x0000, 0x0000, 0x0000, 0x0000, 0x0000, 0x0000, 0x0000, 0x0000, 
    0x0000, 0x0000, 0x0000, 0x0000, 0x0000, 0x0000, 0x0000, 0x0000, 
    0x0000, 0x0000, 0x0000, 0x0000, 0x0000, 0x0000, 0x0000, 0x0000, 
    0x0000, 0x0000, 0x0000, 0x0000, 0x0000, 0x0000, 0x0000, 0x0000, 
    0x0000, 0x0000, 0x0000, 0x0000, 0x0000, 0x0000, 0x0000, 0x0000, 
    0x0000, 0x0000, 0x0000, 0x0000, 0x0000, 0x0000, 0x0000, 0x0000, 
    0x0000, 0x0000, 0x0000, 0x0000, 0x0000, 0x0000, 0x0000, 0x0000, 
    0x0000, 0x0000, 0x0000, 0x0000, 0x0000, 0x0000, 0x0000, 0x0000, 
    0x0000, 0x0000, 0x0000, 0x0000, 0x0000, 0x0000, 0x0000, 0x0000, 
    0x0000, 0x0000, 0x0000, 0x0000, 0x0000, 0x0000, 0x0000, 0x0000, 
    0x0000, 0x0000, 0x0000, 0x0000, 0x0000, 0x0000, 0x0000, 0x0000, 
    0x0000, 0x0000, 0x0000, 0x0000, 0x0000, 0x0000, 0x0000, 0x0000, 
    0x0000, 0x0000, 0x0000, 0x0000, 0x0000, 0x0000, 0x0000, 0x0000, 
    0x0000, 0x0000, 0x0000, 0x0000, 0x0000, 0x0000, 0x0000, 0x0000, 
    0x0000, 0x0000, 0x0000, 0x0000, 0x0000, 0x0000, 0x0000, 0x0000, 
    0x0000, 0x0000, 0x0000, 0x0000, 0x0000, 0x0000, 0x0000, 0x0000, 
    0x0000, 0x0000, 0x0000, 0x0000, 0x0000, 0x0000, 0x0000, 0x0000, 
    0x0000, 0x0000, 0x0000, 0x0000, 0x0000, 0x0000, 0x0000, 0x0000, 
    0x0000, 0x0000, 0x0000, 0x0000, 0x0000, 0x0000, 0x0000, 0x0000, 
    0x0000, 0x0000, 0x0000, 0x0000, 0x0000, 0x0000, 0x0000, 0x0000, 
    0x0000, 0x0000, 0x0000, 0x0000, 0x0000, 0x0000, 0x0000, 0x0000, 
    0x0000, 0x0000, 0x0000, 0x0000, 0x0000, 0x0000, 0x0000, 0x0000, 
    0x0000, 0x0000, 0x0000, 0x0000, 0x0000, 0x0000, 0x0000, 0x0000, 
    0x0000, 0x0000, 0x0000, 0x0000, 0x0000, 0x0000, 0x0000, 0x0000, 
    0x0000, 0x0000, 0x0000, 0x0000, 0x0000, 0x0000, 0x0000, 0x0000, 
    0x0000, 0x0000, 0x0000, 0x0000, 0x0000, 0x0000, 0x0000, 0x0000, 
    0x0000, 0x0000, 0x0000, 0x0000, 0x0000, 0x0000, 0x0000, 0x0000, 
    0x0000, 0x0000, 0x0000, 0x0000, 0x0000, 0x0000, 0x0000, 0x0000, 
    0x0000, 0x0000, 0x0000, 0x0000, 0x0000, 0x0000, 0x0000, 0x0000, 
    0x0000, 0x0000, 0x0000, 0x0000, 0x0000, 0x0000, 0x0000, 0x0000, 
    0x0000, 0x0000, 0x0000, 0x0000, 0x0000, 0x0000, 0x0000, 0x0000, 
    0x0000, 0x0000, 0x0000, 0x0000, 0x0000, 0x0000, 0x0000, 0x0000, 
    0x0000, 0x0000, 0x0000, 0x0000, 0x0000, 0x0000, 0x0000, 0x0000, 
    0x0000, 0x0000, 0x0000, 0x0000, 0x0000, 0x0000, 0x0000, 0x0000, 
    0x0000, 0x0000, 0x0000, 0x0000, 0x0000, 0x0000, 0x0000, 0x0000, 
    0x0000, 0x0000, 0x0000, 0x0000, 0x0000, 0x0000, 0x0000, 0x0000, 
    0x0000, 0x0000, 0x0000, 0x0000, 0x0000, 0x0000, 0x0000, 0x0000, 
    0x0000, 0x0000, 0x0000, 0x0000, 0x0000, 0x0000, 0x0000, 0x0000, 
    0x0000, 0x0000, 0x0000, 0x0000, 0x0000, 0x0000, 0x0000, 0x0000, 
    0x0000, 0x0000, 0x0000, 0x0000, 0x0000, 0x0000, 0x0000, 0x0000, 
    0x0000, 0x0000, 0x0000, 0x0000, 0x0000, 0x0000, 0x0000, 0x0000, 
    0x0000, 0x0000, 0x0000, 0x0000, 0x0000, 0x0000, 0x0000, 0x0000, 
    0x0000, 0x0000, 0x0000, 0x0000, 0x0000, 0x0000, 0x0000, 0x0000, 
    0x0000, 0x0000, 0x0000, 0x0000, 0x0000, 0x0000, 0x0000, 0x0000, 
    0x0000, 0x0000, 0x0000, 0x0000, 0x0000, 0x0000, 0x0000, 0x0000, 
    0x0000, 0x0000, 0x0000, 0x0000, 0x0000, 0x0000, 0x0000, 0x0000, 
    0x0000, 0x0000, 0x0000, 0x0000, 0x0000, 0x0000, 0x0000, 0x0000, 
    0x0000, 0x0000, 0x0000, 0x0000, 0x0000, 0x0000, 0x0000, 0x0000, 
    0x0000, 0x0000, 0x0000, 0x0000, 0x0000, 0x0000, 0x0000, 0x0000, 
    0x0000, 0x0000, 0x0000, 0x0000, 0x0000, 0x0000, 0x0000, 0x0000, 
    0x0000, 0x0000, 0x0000, 0x0000, 0x0000, 0x0000, 0x0000, 0x0000, 
    0x0000, 0x0000, 0x0000, 0x0000, 0x0000, 0x0000, 0x0000, 0x0000, 
    0x0000, 0x0000, 0x0000, 0x0000, 0x0000, 0x0000, 0x0000, 0x0000, 
    0x0000, 0x0000, 0x0000, 0x0000, 0x0000, 0x0000, 0x0000, 0x0000, 
    0x0000, 0x0000, 0x0000, 0x0000, 0x0000, 0x0000, 0x0000, 0x0000, 
    0x0000, 0x0000, 0x0000, 0x0000, 0x0000, 0x0000, 0x0000, 0x0000, 
    0x0000, 0x0000, 0x0000, 0x0000, 0x0000, 0x0000, 0x0000, 0x0000, 
    0x0000, 0x0000, 0x0000, 0x0000, 0x0000, 0x0000, 0x0000, 0x0000, 
    0x0000, 0x0000, 0x0000, 0x0000, 0x0000, 0x0000, 0x0000, 0x0000, 
    0x0000, 0x0000, 0x0000, 0x0000, 0x0000, 0x0000, 0x0000, 0x0000, 
    0x0000, 0x0000, 0x0000, 0x0000, 0x0000, 0x0000, 0x0000, 0x0000, 
    0x0000, 0x0000, 0x0000, 0x0000, 0x0000, 0x0000, 0x0000, 0x0000, 
    0x0000, 0x0000, 0x0000, 0x0000, 0x0000, 0x0000, 0x0000, 0x0000, 
    0x0000, 0x0000, 0x0000, 0x0000, 0x0000, 0x0000, 0x0000, 0x0000, 
    0x0000, 0x0000, 0x0000, 0x0000, 0x0000, 0x0000, 0x0000, 0x0000, 
    0x0000, 0x0000, 0x0000, 0x0000, 0x0000, 0x0000, 0x0000, 0x0000, 
    0x0000, 0x0000, 0x0000, 0x0000, 0x0000, 0x0000, 0x0000, 0x0000, 
    0x0000, 0x0000, 0x0000, 0x0000, 0x0000, 0x0000, 0x0000, 0x0000, 
    0x0000, 0x0000, 0x0000, 0x0000, 0x0000, 0x0000, 0x0000, 0x0000, 
    0x0000, 0x0000, 0x0000, 0x0000, 0x0000, 0x0000, 0x0000, 0x0000, 
    0x0000, 0x0000, 0x0000, 0x0000, 0x0000, 0x0000, 0x0000, 0x0000, 
    0x0000, 0x0000, 0x0000, 0x0000, 0x0000, 0x0000, 0x0000, 0x0000, 
    0x0000, 0x0000, 0x0000, 0x0000, 0x0000, 0x0000, 0x0000, 0x0000, 
    0x0000, 0x0000, 0x0000, 0x0000, 0x0000, 0x0000, 0x0000, 0x0000, 
    0x0000, 0x0000, 0x0000, 0x0000, 0x0000, 0x0000, 0x0000, 0x0000, 
    0x0000, 0x0000, 0x0000, 0x0000, 0x0000, 0x0000, 0x0000, 0x0000, 
    0x0000, 0x0000, 0x0000, 0x0000, 0x0000, 0x0000, 0x0000, 0x0000, 
    0x0000, 0x0000, 0x0000, 0x0000, 0x0000, 0x0000, 0x0000, 0x0000, 
    0x0000, 0x0000, 0x0000, 0x0000, 0x0000, 0x0000, 0x0000, 0x0000, 
    0x0000, 0x0000, 0x0000, 0x0000, 0x0000, 0x0000, 0x0000, 0x0000, 
    0x0000, 0x0000, 0x0000, 0x0000, 0x0000, 0x0000, 0x0000, 0x0000, 
    0x0000, 0x0000, 0x0000, 0x0000, 0x0000, 0x0000, 0x0000, 0x0000, 
    0x0000, 0x0000, 0x0000, 0x0000, 0x0000, 0x0000, 0x0000, 0x0000, 
    0x0000, 0x0000, 0x0000, 0x0000, 0x0000, 0x0000, 0x0000, 0x0000, 
    0x0000, 0x0000, 0x0000, 0x0000, 0x0000, 0x0000, 0x0000, 0x0000, 
    0x0000, 0x0000, 0x0000, 0x0000, 0x0000, 0x0000, 0x0000, 0x0000, 
    0x0000, 0x0000, 0x0000, 0x0000, 0x0000, 0x0000, 0x0000, 0x0000, 
    0x0000, 0x0000, 0x0000, 0x0000, 0x0000, 0x0000, 0x0000, 0x0000, 
    0x0000, 0x0000, 0x0000, 0x0000, 0x0000, 0x0000, 0x0000, 0x0000, 
    0x0000, 0x0000, 0x0000, 0x0000, 0x0000, 0x0000, 0x0000, 0x0000, 
    0x0000, 0x0000, 0x0000, 0x0000, 0x0000, 0x0000, 0x0000, 0x0000, 
    0x0000, 0x0000, 0x0000, 0x0000, 0x0000, 0x0000, 0x0000, 0x0000, 
    0x0000, 0x0000, 0x0000, 0x0000, 0x0000, 0x0000, 0x0000, 0x0000, 
    0x0000, 0x0000, 0x0000, 0x0000, 0x0000, 0x0000, 0x0000, 0x0000, 
    0x0000, 0x0000, 0x0000, 0x0000, 0x0000, 0x0000, 0x0000, 0x0000, 
    0x0000, 0x0000, 0x0000, 0x0000, 0x0000, 0x0000, 0x0000, 0x0000, 
    0x0000, 0x0000, 0x0000, 0x0000, 0x0000, 0x0000, 0x0000, 0x0000, 
    0x0000, 0x0000, 0x0000, 0x0000, 0x0000, 0x0000, 0x0000, 0x0000, 
    0x0000, 0x0000, 0x0000, 0x0000, 0x0000, 0x0000, 0x0000, 0x0000, 
    0x0000, 0x0000, 0x0000, 0x0000, 0x0000, 0x0000, 0x0000, 0x0000, 
    0x0000, 0x0000, 0x0000, 0x0000, 0x0000, 0x0000, 0x0000, 0x0000, 
    0x0000, 0x0000, 0x0000, 0x0000, 0x0000, 0x0000, 0x0000, 0x0000, 
    0x0000, 0x0000, 0x0000, 0x0000, 0x0000, 0x0000, 0x0000, 0x0000, 
    0x0000, 0x0000, 0x0000, 0x0000, 0x0000, 0x0000, 0x0000, 0x0000, 
    0x0000, 0x0000, 0x0000, 0x0000, 0x0000, 0x0000, 0x0000, 0x0000, 
    0x0000, 0x0000, 0x0000, 0x0000, 0x0000, 0x0000, 0x0000, 0x0000, 
    0x0000, 0x0000, 0x0000, 0x0000, 0x0000, 0x0000, 0x0000, 0x0000, 
    0x0000, 0x0000, 0x0000, 0x0000, 0x0000, 0x0000, 0x0000, 0x0000, 
    0x0000, 0x0000, 0x0000, 0x0000, 0x0000, 0x0000, 0x0000, 0x0000, 
    0x0000, 0x0000, 0x0000, 0x0000, 0x0000, 0x0000, 0x0000, 0x0000, 
    0x0000, 0x0000, 0x0000, 0x0000, 0x0000, 0x0000, 0x0000, 0x0000, 
    0x0000, 0x0000, 0x0000, 0x0000, 0x0000, 0x0000, 0x0000, 0x0000, 
    0x0000, 0x0000, 0x0000, 0x0000, 0x0000, 0x0000, 0x0000, 0x0000, 
    0x0000, 0x0000, 0x0000, 0x0000, 0x0000, 0x0000, 0x0000, 0x0000, 
    0x0000, 0x0000, 0x0000, 0x0000, 0x0000, 0x0000, 0x0000, 0x0000, 
    0x0000, 0x0000, 0x0000, 0x0000, 0x0000, 0x0000, 0x0000, 0x0000, 
    0x0000, 0x0000, 0x0000, 0x0000, 0x0000, 0x0000, 0x0000, 0x0000, 
    0x0000, 0x0000, 0x0000, 0x0000, 0x0000, 0x0000, 0x0000, 0x0000, 
    0x0000, 0x0000, 0x0000, 0x0000, 0x0000, 0x0000, 0x0000, 0x0000, 
    0x0000, 0x0000, 0x0000, 0x0000, 0x0000, 0x0000, 0x0000, 0x0000, 
    0x0000, 0x0000, 0x0000, 0x0000, 0x0000, 0x0000, 0x0000, 0x0000, 
    0x0000, 0x0000, 0x0000, 0x0000, 0x0000, 0x0000, 0x0000, 0x0000, 
    0x0000, 0x0000, 0x0000, 0x0000, 0x0000, 0x0000, 0x0000, 0x0000, 
    0x0000, 0x0000, 0x0000, 0x0000, 0x0000, 0x0000, 0x0000, 0x0000, 
    0x0000, 0x0000, 0x0000, 0x0000, 0x0000, 0x0000, 0x0000, 0x0000, 
    0x0000, 0x0000, 0x0000, 0x0000, 0x0000, 0x0000, 0x0000, 0x0000, 
    0x0000, 0x0000, 0x0000, 0x0000, 0x0000, 0x0000, 0x0000, 0x0000, 
    0x0000, 0x0000, 0x0000, 0x0000, 0x0000, 0x0000, 0x0000, 0x0000, 
    0x0000, 0x0000, 0x0000, 0x0000, 0x0000, 0x0000, 0x0000, 0x0000, 
    0x0000, 0x0000, 0x0000, 0x0000, 0x0000, 0x0000, 0x0000, 0x0000, 
    0x0000, 0x0000, 0x0000, 0x0000, 0x0000, 0x0000, 0x0000, 0x0000, 
    0x0000, 0x0000, 0x0000, 0x0000, 0x0000, 0x0000, 0x0000, 0x0000, 
    0x0000, 0x0000, 0x0000, 0x0000, 0x0000, 0x0000, 0x0000, 0x0000, 
    0x0000, 0x0000, 0x0000, 0x0000, 0x0000, 0x0000, 0x0000, 0x0000, 
    0x0000, 0x0000, 0x0000, 0x0000, 0x0000, 0x0000, 0x0000, 0x0000, 
    0x0000, 0x0000, 0x0000, 0x0000, 0x0000, 0x0000, 0x0000, 0x0000, 
    0x0000, 0x0000, 0x0000, 0x0000, 0x0000, 0x0000, 0x0000, 0x0000, 
    0x0000, 0x0000, 0x0000, 0x0000, 0x0000, 0x0000, 0x0000, 0x0000, 
    0x0000, 0x0000, 0x0000, 0x0000, 0x0000, 0x0000, 0x0000, 0x0000, 
    0x0000, 0x0000, 0x0000, 0x0000, 0x0000, 0x0000, 0x0000, 0x0000, 
    0x0000, 0x0000, 0x0000, 0x0000, 0x0000, 0x0000, 0x0000, 0x0000, 
    0x0000, 0x0000, 0x0000, 0x0000, 0x0000, 0x0000, 0x0000, 0x0000, 
    0x0000, 0x0000, 0x0000, 0x0000, 0x0000, 0x0000, 0x0000, 0x0000, 
    0x0000, 0x0000, 0x0000, 0x0000, 0x0000, 0x0000, 0x0000, 0x0000, 
    0x0000, 0x0000, 0x0000, 0x0000, 0x0000, 0x0000, 0x0000, 0x0000, 
    0x0000, 0x0000, 0x0000, 0x0000, 0x0000, 0x0000, 0x0000, 0x0000, 
    0x0000, 0x0000, 0x0000, 0x0000, 0x0000, 0x0000, 0x0000, 0x0000, 
    0x0000, 0x0000, 0x0000, 0x0000, 0x0000, 0x0000, 0x0000, 0x0000, 
    0x0000, 0x0000, 0x0000, 0x0000, 0x0000, 0x0000, 0x0000, 0x0000, 
    0x0000, 0x0000, 0x0000, 0x0000, 0x0000, 0x0000, 0x0000, 0x0000, 
    0x0000, 0x0000, 0x0000, 0x0000, 0x0000, 0x0000, 0x0000, 0x0000, 
    0x0000, 0x0000, 0x0000, 0x0000, 0x0000, 0x0000, 0x0000, 0x0000, 
    0x0000, 0x0000, 0x0000, 0x0000, 0x0000, 0x0000, 0x0000, 0x0000, 
    0x0000, 0x0000, 0x0000, 0x0000, 0x0000, 0x0000, 0x0000, 0x0000, 
    0x0000, 0x0000, 0x0000, 0x0000, 0x0000, 0x0000, 0x0000, 0x0000, 
    0x0000, 0x0000, 0x0000, 0x0000, 0x0000, 0x0000, 0x0000, 0x0000, 
    0x0000, 0x0000, 0x0000, 0x0000, 0x0000, 0x0000, 0x0000, 0x0000, 
    0x0000, 0x0000, 0x0000, 0x0000, 0x0000, 0x0000, 0x0000, 0x0000, 
    0x0000, 0x0000, 0x0000, 0x0000, 0x0000, 0x0000, 0x0000, 0x0000, 
    0x0000, 0x0000, 0x0000, 0x0000, 0x0000, 0x0000, 0x0000, 0x0000, 
    0x0000, 0x0000, 0x0000, 0x0000, 0x0000, 0x0000, 0x0000, 0x0000, 
    0x0000, 0x0000, 0x0000, 0x0000, 0x0000, 0x0000, 0x0000, 0x0000, 
    0x0000, 0x0000, 0x0000, 0x0000, 0x0000, 0x0000, 0x0000, 0x0000, 
    0x0000, 0x0000, 0x0000, 0x0000, 0x0000, 0x0000, 0x0000, 0x0000, 
    0x0000, 0x0000, 0x0000, 0x0000, 0x0000, 0x0000, 0x0000, 0x0000, 
    0x0000, 0x0000, 0x0000, 0x0000, 0x0000, 0x0000, 0x0000, 0x0000, 
    0x0000, 0x0000, 0x0000, 0x0000, 0x0000, 0x0000, 0x0000, 0x0000, 
    0x0000, 0x0000, 0x0000, 0x0000, 0x0000, 0x0000, 0x0000, 0x0000, 
    0x0000, 0x0000, 0x0000, 0x0000, 0x0000, 0x0000, 0x0000, 0x0000, 
    0x0000, 0x0000, 0x0000, 0x0000, 0x0000, 0x0000, 0x0000, 0x0000, 
    0x0000, 0x0000, 0x0000, 0x0000, 0x0000, 0x0000, 0x0000, 0x0000, 
    0x0000, 0x0000, 0x0000, 0x0000, 0x0000, 0x0000, 0x0000, 0x0000, 
    0x0000, 0x0000, 0x0000, 0x0000, 0x0000, 0x0000, 0x0000, 0x0000, 
    0x0000, 0x0000, 0x0000, 0x0000, 0x0000, 0x0000, 0x0000, 0x0000, 
    0x0000, 0x0000, 0x0000, 0x0000, 0x0000, 0x0000, 0x0000, 0x0000, 
    0x0000, 0x0000, 0x0000, 0x0000, 0x0000, 0x0000, 0x0000, 0x0000, 
    0x0000, 0x0000, 0x0000, 0x0000, 0x0000, 0x0000, 0x0000, 0x0000, 
    0x0000, 0x0000, 0x0000, 0x0000, 0x0000, 0x0000, 0x0000, 0x0000, 
    0x0000, 0x0000, 0x0000, 0x0000, 0x0000, 0x0000, 0x0000, 0x0000, 
    0x0000, 0x0000, 0x0000, 0x0000, 0x0000, 0x0000, 0x0000, 0x0000, 
    0x0000, 0x0000, 0x0000, 0x0000, 0x0000, 0x0000, 0x0000, 0x0000, 
    0x0000, 0x0000, 0x0000, 0x0000, 0x0000, 0x0000, 0x0000, 0x0000, 
    0x0000, 0x0000, 0x0000, 0x0000, 0x0000, 0x0000, 0x0000, 0x0000, 
    0x0000, 0x0000, 0x0000, 0x0000, 0x0000, 0x0000, 0x0000, 0x0000, 
    0x0000, 0x0000, 0x0000, 0x0000, 0x0000, 0x0000, 0x0000, 0x0000, 
    0x0000, 0x0000, 0x0000, 0x0000, 0x0000, 0x0000, 0x0000, 0x0000, 
    0x0000, 0x0000, 0x0000, 0x0000, 0x0000, 0x0000, 0x0000, 0x0000, 
    0x0000, 0x0000, 0x0000, 0x0000, 0x0000, 0x0000, 0x0000, 0x0000, 
    0x0000, 0x0000, 0x0000, 0x0000, 0x0000, 0x0000, 0x0000, 0x0000, 
    0x0000, 0x0000, 0x0000, 0x0000, 0x0000, 0x0000, 0x0000, 0x0000, 
    0x0000, 0x0000, 0x0000, 0x0000, 0x0000, 0x0000, 0x0000, 0x0000, 
    0x0000, 0x0000, 0x0000, 0x0000, 0x0000, 0x0000, 0x0000, 0x0000, 
    0x0000, 0x0000, 0x0000, 0x0000, 0x0000, 0x0000, 0x0000, 0x0000, 
    0x0000, 0x0000, 0x0000, 0x0000, 0x0000, 0x0000, 0x0000, 0x0000, 
    0x0000, 0x0000, 0x0000, 0x0000, 0x0000, 0x0000, 0x0000, 0x0000, 
    0x0000, 0x0000, 0x0000, 0x0000, 0x0000, 0x0000, 0x0000, 0x0000, 
    0x0000, 0x0000, 0x0000, 0x0000, 0x0000, 0x0000, 0x0000, 0x0000, 
    0x0000, 0x0000, 0x0000, 0x0000, 0x0000, 0x0000, 0x0000, 0x0000, 
    0x0000, 0x0000, 0x0000, 0x0000, 0x0000, 0x0000, 0x0000, 0x0000, 
    0x0000, 0x0000, 0x0000, 0x0000, 0x0000, 0x0000, 0x0000, 0x0000, 
    0x0000, 0x0000, 0x0000, 0x0000, 0x0000, 0x0000, 0x0000, 0x0000, 
    0x0000, 0x0000, 0x0000, 0x0000, 0x0000, 0x0000, 0x0000, 0x0000, 
    0x0000, 0x0000, 0x0000, 0x0000, 0x0000, 0x0000, 0x0000, 0x0000, 
    0x0000, 0x0000, 0x0000, 0x0000, 0x0000, 0x0000, 0x0000, 0x0000, 
    0x0000, 0x0000, 0x0000, 0x0000, 0x0000, 0x0000, 0x0000, 0x0000, 
    0x0000, 0x0000, 0x0000, 0x0000, 0x0000, 0x0000, 0x0000, 0x0000, 
    0x0000, 0x0000, 0x0000, 0x0000, 0x0000, 0x0000, 0x0000, 0x0000, 
    0x0000, 0x0000, 0x0000, 0x0000, 0x0000, 0x0000, 0x0000, 0x0000, 
    0x0000, 0x0000, 0x0000, 0x0000, 0x0000, 0x0000, 0x0000, 0x0000, 
    0x0000, 0x0000, 0x0000, 0x0000, 0x0000, 0x0000, 0x0000, 0x0000, 
    0x0000, 0x0000, 0x0000, 0x0000, 0x0000, 0x0000, 0x0000, 0x0000, 
    0x0000, 0x0000, 0x0000, 0x0000, 0x0000, 0x0000, 0x0000, 0x0000, 
    0x0000, 0x0000, 0x0000, 0x0000, 0x0000, 0x0000, 0x0000, 0x0000, 
    0x0000, 0x0000, 0x0000, 0x0000, 0x0000, 0x0000, 0x0000, 0x0000, 
    0x0000, 0x0000, 0x0000, 0x0000, 0x0000, 0x0000, 0x0000, 0x0000, 
    0x0000, 0x0000, 0x0000, 0x0000, 0x0000, 0x0000, 0x0000, 0x0000, 
    0x0000, 0x0000, 0x0000, 0x0000, 0x0000, 0x0000, 0x0000, 0x0000, 
    0x0000, 0x0000, 0x0000, 0x0000, 0x0000, 0x0000, 0x0000, 0x0000, 
    0x0000, 0x0000, 0x0000, 0x0000, 0x0000, 0x0000, 0x0000, 0x0000, 
    0x0000, 0x0000, 0x0000, 0x0000, 0x0000, 0x0000, 0x0000, 0x0000, 
    0x0000, 0x0000, 0x0000, 0x0000, 0x0000, 0x0000, 0x0000, 0x0000, 
    0x0000, 0x0000, 0x0000, 0x0000, 0x0000, 0x0000, 0x0000, 0x0000, 
    0x0000, 0x0000, 0x0000, 0x0000, 0x0000, 0x0000, 0x0000, 0x0000, 
    0x0000, 0x0000, 0x0000, 0x0000, 0x0000, 0x0000, 0x0000, 0x0000, 
    0x0000, 0x0000, 0x0000, 0x0000, 0x0000, 0x0000, 0x0000, 0x0000, 
    0x0000, 0x0000, 0x0000, 0x0000, 0x0000, 0x0000, 0x0000, 0x0000, 
    0x0000, 0x0000, 0x0000, 0x0000, 0x0000, 0x0000, 0x0000, 0x0000, 
    0x0000, 0x0000, 0x0000, 0x0000, 0x0000, 0x0000, 0x0000, 0x0000, 
    0x0000, 0x0000, 0x0000, 0x0000, 0x0000, 0x0000, 0x0000, 0x0000, 
    0x0000, 0x0000, 0x0000, 0x0000, 0x0000, 0x0000, 0x0000, 0x0000, 
    0x0000, 0x0000, 0x0000, 0x0000, 0x0000, 0x0000, 0x0000, 0x0000, 
    0x0000, 0x0000, 0x0000, 0x0000, 0x0000, 0x0000, 0x0000, 0x0000, 
    0x0000, 0x0000, 0x0000, 0x0000, 0x0000, 0x0000, 0x0000, 0x0000, 
    0x0000, 0x0000, 0x0000, 0x0000, 0x0000, 0x0000, 0x0000, 0x0000, 
    0x0000, 0x0000, 0x0000, 0x0000, 0x0000, 0x0000, 0x0000, 0x0000, 
    0x0000, 0x0000, 0x0000, 0x0000, 0x0000, 0x0000, 0x0000, 0x0000, 
    0x0000, 0x0000, 0x0000, 0x0000, 0x0000, 0x0000, 0x0000, 0x0000, 
    0x0000, 0x0000, 0x0000, 0x0000, 0x0000, 0x0000, 0x0000, 0x0000, 
    0x0000, 0x0000, 0x0000, 0x0000, 0x0000, 0x0000, 0x0000, 0x0000, 
    0x0000, 0x0000, 0x0000, 0x0000, 0x0000, 0x0000, 0x0000, 0x0000, 
    0x0000, 0x0000, 0x0000, 0x0000, 0x0000, 0x0000, 0x0000, 0x0000, 
    0x0000, 0x0000, 0x0000, 0x0000, 0x0000, 0x0000, 0x0000, 0x0000, 
    0x0000, 0x0000, 0x0000, 0x0000, 0x0000, 0x0000, 0x0000, 0x0000, 
    0x0000, 0x0000, 0x0000, 0x0000, 0x0000, 0x0000, 0x0000, 0x0000, 
    0x0000, 0x0000, 0x0000, 0x0000, 0x0000, 0x0000, 0x0000, 0x0000, 
    0x0000, 0x0000, 0x0000, 0x0000, 0x0000, 0x0000, 0x0000, 0x0000, 
    0x0000, 0x0000, 0x0000, 0x0000, 0x0000, 0x0000, 0x0000, 0x0000, 
    0x0000, 0x0000, 0x0000, 0x0000, 0x0000, 0x0000, 0x0000, 0x0000, 
    0x0000, 0x0000, 0x0000, 0x0000, 0x0000, 0x0000, 0x0000, 0x0000, 
    0x0000, 0x0000, 0x0000, 0x0000, 0x0000, 0x0000, 0x0000, 0x0000, 
    0x0000, 0x0000, 0x0000, 0x0000, 0x0000, 0x0000, 0x0000, 0x0000, 
    0x0000, 0x0000, 0x0000, 0x0000, 0x0000, 0x0000, 0x0000, 0x0000, 
    0x0000, 0x0000, 0x0000, 0x0000, 0x0000, 0x0000, 0x0000, 0x0000, 
    0x0000, 0x0000, 0x0000, 0x0000, 0x0000, 0x0000, 0x0000, 0x0000, 
    0x0000, 0x0000, 0x0000, 0x0000, 0x0000, 0x0000, 0x0000, 0x0000, 
    0x0000, 0x0000, 0x0000, 0x0000, 0x0000, 0x0000, 0x0000, 0x0000, 
    0x0000, 0x0000, 0x0000, 0x0000, 0x0000, 0x0000, 0x0000, 0x0000, 
    0x0000, 0x0000, 0x0000, 0x0000, 0x0000, 0x0000, 0x0000, 0x0000, 
    0x0000, 0x0000, 0x0000, 0x0000, 0x0000, 0x0000, 0x0000, 0x0000, 
    0x0000, 0x0000, 0x0000, 0x0000, 0x0000, 0x0000, 0x0000, 0x0000, 
    0x0000, 0x0000, 0x0000, 0x0000, 0x0000, 0x0000, 0x0000, 0x0000, 
    0x0000, 0x0000, 0x0000, 0x0000, 0x0000, 0x0000, 0x0000, 0x0000, 
    0x0000, 0x0000, 0x0000, 0x0000, 0x0000, 0x0000, 0x0000, 0x0000, 
    0x0000, 0x0000, 0x0000, 0x0000, 0x0000, 0x0000, 0x0000, 0x0000, 
    0x0000, 0x0000, 0x0000, 0x0000, 0x0000, 0x0000, 0x0000, 0x0000, 
    0x0000, 0x0000, 0x0000, 0x0000, 0x0000, 0x0000, 0x0000, 0x0000, 
    0x0000, 0x0000, 0x0000, 0x0000, 0x0000, 0x0000, 0x0000, 0x0000, 
    0x0000, 0x0000, 0x0000, 0x0000, 0x0000, 0x0000, 0x0000, 0x0000, 
    0x0000, 0x0000, 0x0000, 0x0000, 0x0000, 0x0000, 0x0000, 0x0000, 
    0x0000, 0x0000, 0x0000, 0x0000, 0x0000, 0x0000, 0x0000, 0x0000, 
    0x0000, 0x0000, 0x0000, 0x0000, 0x0000, 0x0000, 0x0000, 0x0000, 
    0x0000, 0x0000, 0x0000, 0x0000, 0x0000, 0x0000, 0x0000, 0x0000, 
    0x0000, 0x0000, 0x0000, 0x0000, 0x0000, 0x0000, 0x0000, 0x0000, 
    0x0000, 0x0000, 0x0000, 0x0000, 0x0000, 0x0000, 0x0000, 0x0000, 
    0x0000, 0x0000, 0x0000, 0x0000, 0x0000, 0x0000, 0x0000, 0x0000, 
    0x0000, 0x0000, 0x0000, 0x0000, 0x0000, 0x0000, 0x0000, 0x0000, 
    0x0000, 0x0000, 0x0000, 0x0000, 0x0000, 0x0000, 0x0000, 0x0000, 
    0x0000, 0x0000, 0x0000, 0x0000, 0x0000, 0x0000, 0x0000, 0x0000, 
    0x0000, 0x0000, 0x0000, 0x0000, 0x0000, 0x0000, 0x0000, 0x0000, 
    0x0000, 0x0000, 0x0000, 0x0000, 0x0000, 0x0000, 0x0000, 0x0000, 
    0x0000, 0x0000, 0x0000, 0x0000, 0x0000, 0x0000, 0x0000, 0x0000, 
    0x0000, 0x0000, 0x0000, 0x0000, 0x0000, 0x0000, 0x0000, 0x0000, 
    0x0000, 0x0000, 0x0000, 0x0000, 0x0000, 0x0000, 0x0000, 0x0000, 
    0x0000, 0x0000, 0x0000, 0x0000, 0x0000, 0x0000, 0x0000, 0x0000, 
    0x0000, 0x0000, 0x0000, 0x0000, 0x0000, 0x0000, 0x0000, 0x0000, 
    0x0000, 0x0000, 0x0000, 0x0000, 0x0000, 0x0000, 0x0000, 0x0000, 
    0x0000, 0x0000, 0x0000, 0x0000, 0x0000, 0x0000, 0x0000, 0x0000, 
    0x0000, 0x0000, 0x0000, 0x0000, 0x0000, 0x0000, 0x0000, 0x0000, 
    0x0000, 0x0000, 0x0000, 0x0000, 0x0000, 0x0000, 0x0000, 0x0000, 
    0x0000, 0x0000, 0x0000, 0x0000, 0x0000, 0x0000, 0x0000, 0x0000, 
    0x0000, 0x0000, 0x0000, 0x0000, 0x0000, 0x0000, 0x0000, 0x0000, 
    0x0000, 0x0000, 0x0000, 0x0000, 0x0000, 0x0000, 0x0000, 0x0000, 
    0x0000, 0x0000, 0x0000, 0x0000, 0x0000, 0x0000, 0x0000, 0x0000, 
    0x0000, 0x0000, 0x0000, 0x0000, 0x0000, 0x0000, 0x0000, 0x0000, 
    0x0000, 0x0000, 0x0000, 0x0000, 0x0000, 0x0000, 0x0000, 0x0000, 
    0x0000, 0x0000, 0x0000, 0x0000, 0x0000, 0x0000, 0x0000, 0x0000, 
    0x0000, 0x0000, 0x0000, 0x0000, 0x0000, 0x0000, 0x0000, 0x0000, 
    0x0000, 0x0000, 0x0000, 0x0000, 0x0000, 0x0000, 0x0000, 0x0000, 
    0x0000, 0x0000, 0x0000, 0x0000, 0x0000, 0x0000, 0x0000, 0x0000, 
    0x0000, 0x0000, 0x0000, 0x0000, 0x0000, 0x0000, 0x0000, 0x0000, 
    0x0000, 0x0000, 0x0000, 0x0000, 0x0000, 0x0000, 0x0000, 0x0000, 
    0x0000, 0x0000, 0x0000, 0x0000, 0x0000, 0x0000, 0x0000, 0x0000, 
    0x0000, 0x0000, 0x0000, 0x0000, 0x0000, 0x0000, 0x0000, 0x0000, 
    0x0000, 0x0000, 0x0000, 0x0000, 0x0000, 0x0000, 0x0000, 0x0000, 
    0x0000, 0x0000, 0x0000, 0x0000, 0x0000, 0x0000, 0x0000, 0x0000, 
    0x0000, 0x0000, 0x0000, 0x0000, 0x0000, 0x0000, 0x0000, 0x0000, 
    0x0000, 0x0000, 0x0000, 0x0000, 0x0000, 0x0000, 0x0000, 0x0000, 
    0x0000, 0x0000, 0x0000, 0x0000, 0x0000, 0x0000, 0x0000, 0x0000, 
    0x0000, 0x0000, 0x0000, 0x0000, 0x0000, 0x0000, 0x0000, 0x0000, 
    0x0000, 0x0000, 0x0000, 0x0000, 0x0000, 0x0000, 0x0000, 0x0000, 
    0x0000, 0x0000, 0x0000, 0x0000, 0x0000, 0x0000, 0x0000, 0x0000, 
    0x0000, 0x0000, 0x0000, 0x0000, 0x0000, 0x0000, 0x0000, 0x0000, 
    0x0000, 0x0000, 0x0000, 0x0000, 0x0000, 0x0000, 0x0000, 0x0000, 
    0x0000, 0x0000, 0x0000, 0x0000, 0x0000, 0x0000, 0x0000, 0x0000, 
    0x0000, 0x0000, 0x0000, 0x0000, 0x0000, 0x0000, 0x0000, 0x0000, 
    0x0000, 0x0000, 0x0000, 0x0000, 0x0000, 0x0000, 0x0000, 0x0000, 
    0x0000, 0x0000, 0x0000, 0x0000, 0x0000, 0x0000, 0x0000, 0x0000, 
    0x0000, 0x0000, 0x0000, 0x0000, 0x0000, 0x0000, 0x0000, 0x0000, 
    0x0000, 0x0000, 0x0000, 0x0000, 0x0000, 0x0000, 0x0000, 0x0000, 
    0x0000, 0x0000, 0x0000, 0x0000, 0x0000, 0x0000, 0x0000, 0x0000, 
    0x0000, 0x0000, 0x0000, 0x0000, 0x0000, 0x0000, 0x0000, 0x0000, 
    0x0000, 0x0000, 0x0000, 0x0000, 0x0000, 0x0000, 0x0000, 0x0000, 
    0x0000, 0x0000, 0x0000, 0x0000, 0x0000, 0x0000, 0x0000, 0x0000, 
    0x0000, 0x0000, 0x0000, 0x0000, 0x0000, 0x0000, 0x0000, 0x0000, 
    0x0000, 0x0000, 0x0000, 0x0000, 0x0000, 0x0000, 0x0000, 0x0000, 
    0x0000, 0x0000, 0x0000, 0x0000, 0x0000, 0x0000, 0x0000, 0x0000, 
    0x0000, 0x0000, 0x0000, 0x0000, 0x0000, 0x0000, 0x0000, 0x0000, 
    0x0000, 0x0000, 0x0000, 0x0000, 0x0000, 0x0000, 0x0000, 0x0000, 
    0x0000, 0x0000, 0x0000, 0x0000, 0x0000, 0x0000, 0x0000, 0x0000, 
    0x0000, 0x0000, 0x0000, 0x0000, 0x0000, 0x0000, 0x0000, 0x0000, 
    0x0000, 0x0000, 0x0000, 0x0000, 0x0000, 0x0000, 0x0000, 0x0000, 
    0x0000, 0x0000, 0x0000, 0x0000, 0x0000, 0x0000, 0x0000, 0x0000, 
    0x0000, 0x0000, 0x0000, 0x0000, 0x0000, 0x0000, 0x0000, 0x0000, 
    0x0000, 0x0000, 0x0000, 0x0000, 0x0000, 0x0000, 0x0000, 0x0000, 
    0x0000, 0x0000, 0x0000, 0x0000, 0x0000, 0x0000, 0x0000, 0x0000, 
    0x0000, 0x0000, 0x0000, 0x0000, 0x0000, 0x0000, 0x0000, 0x0000, 
    0x0000, 0x0000, 0x0000, 0x0000, 0x0000, 0x0000, 0x0000, 0x0000, 
    0x0000, 0x0000, 0x0000, 0x0000, 0x0000, 0x0000, 0x0000, 0x0000, 
    0x0000, 0x0000, 0x0000, 0x0000, 0x0000, 0x0000, 0x0000, 0x0000, 
    0x0000, 0x0000, 0x0000, 0x0000, 0x0000, 0x0000, 0x0000, 0x0000, 
    0x0000, 0x0000, 0x0000, 0x0000, 0x0000, 0x0000, 0x0000, 0x0000, 
    0x0000, 0x0000, 0x0000, 0x0000, 0x0000, 0x0000, 0x0000, 0x0000, 
    0x0000, 0x0000, 0x0000, 0x0000, 0x0000, 0x0000, 0x0000, 0x0000, 
    0x0000, 0x0000, 0x0000, 0x0000, 0x0000, 0x0000, 0x0000, 0x0000, 
    0x0000, 0x0000, 0x0000, 0x0000, 0x0000, 0x0000, 0x0000, 0x0000, 
    0x0000, 0x0000, 0x0000, 0x0000, 0x0000, 0x0000, 0x0000, 0x0000, 
    0x0000, 0x0000, 0x0000, 0x0000, 0x0000, 0x0000, 0x0000, 0x0000, 
    0x0000, 0x0000, 0x0000, 0x0000, 0x0000, 0x0000, 0x0000, 0x0000, 
    0x0000, 0x0000, 0x0000, 0x0000, 0x0000, 0x0000, 0x0000, 0x0000, 
    0x0000, 0x0000, 0x0000, 0x0000, 0x0000, 0x0000, 0x0000, 0x0000, 
    0x0000, 0x0000, 0x0000, 0x0000, 0x0000, 0x0000, 0x0000, 0x0000, 
    0x0000, 0x0000, 0x0000, 0x0000, 0x0000, 0x0000, 0x0000, 0x0000, 
    0x0000, 0x0000, 0x0000, 0x0000, 0x0000, 0x0000, 0x0000, 0x0000, 
    0x0000, 0x0000, 0x0000, 0x0000, 0x0000, 0x0000, 0x0000, 0x0000, 
    0x0000, 0x0000, 0x0000, 0x0000, 0x0000, 0x0000, 0x0000, 0x0000, 
    0x0000, 0x0000, 0x0000, 0x0000, 0x0000, 0x0000, 0x0000, 0x0000, 
    0x0000, 0x0000, 0x0000, 0x0000, 0x0000, 0x0000, 0x0000, 0x0000, 
    0x0000, 0x0000, 0x0000, 0x0000, 0x0000, 0x0000, 0x0000, 0x0000, 
    0x0000, 0x0000, 0x0000, 0x0000, 0x0000, 0x0000, 0x0000, 0x0000, 
    0x0000, 0x0000, 0x0000, 0x0000, 0x0000, 0x0000, 0x0000, 0x0000, 
    0x0000, 0x0000, 0x0000, 0x0000, 0x0000, 0x0000, 0x0000, 0x0000, 
    0x0000, 0x0000, 0x0000, 0x0000, 0x0000, 0x0000, 0x0000, 0x0000, 
    0x0000, 0x0000, 0x0000, 0x0000, 0x0000, 0x0000, 0x0000, 0x0000, 
    0x0000, 0x0000, 0x0000, 0x0000, 0x0000, 0x0000, 0x0000, 0x0000, 
    0x0000, 0x0000, 0x0000, 0x0000, 0x0000, 0x0000, 0x0000, 0x0000, 
    0x0000, 0x0000, 0x0000, 0x0000, 0x0000, 0x0000, 0x0000, 0x0000, 
    0x0000, 0x0000, 0x0000, 0x0000, 0x0000, 0x0000, 0x0000, 0x0000, 
    0x0000, 0x0000, 0x0000, 0x0000, 0x0000, 0x0000, 0x0000, 0x0000, 
    0x0000, 0x0000, 0x0000, 0x0000, 0x0000, 0x0000, 0x0000, 0x0000, 
    0x0000, 0x0000, 0x0000, 0x0000, 0x0000, 0x0000, 0x0000, 0x0000, 
    0x0000, 0x0000, 0x0000, 0x0000, 0x0000, 0x0000, 0x0000, 0x0000, 
    0x0000, 0x0000, 0x0000, 0x0000, 0x0000, 0x0000, 0x0000, 0x0000, 
    0x0000, 0x0000, 0x0000, 0x0000, 0x0000, 0x0000, 0x0000, 0x0000, 
    0x0000, 0x0000, 0x0000, 0x0000, 0x0000, 0x0000, 0x0000, 0x0000, 
    0x0000, 0x0000, 0x0000, 0x0000, 0x0000, 0x0000, 0x0000, 0x0000, 
    0x0000, 0x0000, 0x0000, 0x0000, 0x0000, 0x0000, 0x0000, 0x0000, 
    0x0000, 0x0000, 0x0000, 0x0000, 0x0000, 0x0000, 0x0000, 0x0000, 
    0x0000, 0x0000, 0x0000, 0x0000, 0x0000, 0x0000, 0x0000, 0x0000, 
    0x0000, 0x0000, 0x0000, 0x0000, 0x0000, 0x0000, 0x0000, 0x0000, 
    0x0000, 0x0000, 0x0000, 0x0000, 0x0000, 0x0000, 0x0000, 0x0000, 
    0x0000, 0x0000, 0x0000, 0x0000, 0x0000, 0x0000, 0x0000, 0x0000, 
    0x0000, 0x0000, 0x0000, 0x0000, 0x0000, 0x0000, 0x0000, 0x0000, 
    0x0000, 0x0000, 0x0000, 0x0000, 0x0000, 0x0000, 0x0000, 0x0000, 
    0x0000, 0x0000, 0x0000, 0x0000, 0x0000, 0x0000, 0x0000, 0x0000, 
    0x0000, 0x0000, 0x0000, 0x0000, 0x0000, 0x0000, 0x0000, 0x0000, 
    0x0000, 0x0000, 0x0000, 0x0000, 0x0000, 0x0000, 0x0000, 0x0000, 
    0x0000, 0x0000, 0x0000, 0x0000, 0x0000, 0x0000, 0x0000, 0x0000, 
    0x0000, 0x0000, 0x0000, 0x0000, 0x0000, 0x0000, 0x0000, 0x0000, 
    0x0000, 0x0000, 0x0000, 0x0000, 0x0000, 0x0000, 0x0000, 0x0000, 
    0x0000, 0x0000, 0x0000, 0x0000, 0x0000, 0x0000, 0x0000, 0x0000, 
    0x0000, 0x0000, 0x0000, 0x0000, 0x0000, 0x0000, 0x0000, 0x0000, 
    0x0000, 0x0000, 0x0000, 0x0000, 0x0000, 0x0000, 0x0000, 0x0000, 
    0x0000, 0x0000, 0x0000, 0x0000, 0x0000, 0x0000, 0x0000, 0x0000, 
    0x0000, 0x0000, 0x0000, 0x0000, 0x0000, 0x0000, 0x0000, 0x0000, 
    0x0000, 0x0000, 0x0000, 0x0000, 0x0000, 0x0000, 0x0000, 0x0000, 
    0x0000, 0x0000, 0x0000, 0x0000, 0x0000, 0x0000, 0x0000, 0x0000, 
    0x0000, 0x0000, 0x0000, 0x0000, 0x0000, 0x0000, 0x0000, 0x0000, 
    0x0000, 0x0000, 0x0000, 0x0000, 0x0000, 0x0000, 0x0000, 0x0000, 
    0x0000, 0x0000, 0x0000, 0x0000, 0x0000, 0x0000, 0x0000, 0x0000, 
    0x0000, 0x0000, 0x0000, 0x0000, 0x0000, 0x0000, 0x0000, 0x0000, 
    0x0000, 0x0000, 0x0000, 0x0000, 0x0000, 0x0000, 0x0000, 0x0000, 
    0x0000, 0x0000, 0x0000, 0x0000, 0x0000, 0x0000, 0x0000, 0x0000, 
    0x0000, 0x0000, 0x0000, 0x0000, 0x0000, 0x0000, 0x0000, 0x0000, 
    0x0000, 0x0000, 0x0000, 0x0000, 0x0000, 0x0000, 0x0000, 0x0000, 
    0x0000, 0x0000, 0x0000, 0x0000, 0x0000, 0x0000, 0x0000, 0x0000, 
    0x0000, 0x0000, 0x0000, 0x0000, 0x0000, 0x0000, 0x0000, 0x0000, 
    0x0000, 0x0000, 0x0000, 0x0000, 0x0000, 0x0000, 0x0000, 0x0000, 
    0x0000, 0x0000, 0x0000, 0x0000, 0x0000, 0x0000, 0x0000, 0x0000, 
    0x0000, 0x0000, 0x0000, 0x0000, 0x0000, 0x0000, 0x0000, 0x0000, 
    0x0000, 0x0000, 0x0000, 0x0000, 0x0000, 0x0000, 0x0000, 0x0000, 
    0x0000, 0x0000, 0x0000, 0x0000, 0x0000, 0x0000, 0x0000, 0x0000, 
    0x0000, 0x0000, 0x0000, 0x0000, 0x0000, 0x0000, 0x0000, 0x0000, 
    0x0000, 0x0000, 0x0000, 0x0000, 0x0000, 0x0000, 0x0000, 0x0000, 
    0x0000, 0x0000, 0x0000, 0x0000, 0x0000, 0x0000, 0x0000, 0x0000, 
    0x0000, 0x0000, 0x0000, 0x0000, 0x0000, 0x0000, 0x0000, 0x0000, 
    0x0000, 0x0000, 0x0000, 0x0000, 0x0000, 0x0000, 0x0000, 0x0000, 
    0x0000, 0x0000, 0x0000, 0x0000, 0x0000, 0x0000, 0x0000, 0x0000, 
    0x0000, 0x0000, 0x0000, 0x0000, 0x0000, 0x0000, 0x0000, 0x0000, 
    0x0000, 0x0000, 0x0000, 0x0000, 0x0000, 0x0000, 0x0000, 0x0000, 
    0x0000, 0x0000, 0x0000, 0x0000, 0x0000, 0x0000, 0x0000, 0x0000, 
    0x0000, 0x0000, 0x0000, 0x0000, 0x0000, 0x0000, 0x0000, 0x0000, 
    0x0000, 0x0000, 0x0000, 0x0000, 0x0000, 0x0000, 0x0000, 0x0000, 
    0x0000, 0x0000, 0x0000, 0x0000, 0x0000, 0x0000, 0x0000, 0x0000, 
    0x0000, 0x0000, 0x0000, 0x0000, 0x0000, 0x0000, 0x0000, 0x0000, 
    0x0000, 0x0000, 0x0000, 0x0000, 0x0000, 0x0000, 0x0000, 0x0000, 
    0x0000, 0x0000, 0x0000, 0x0000, 0x0000, 0x0000, 0x0000, 0x0000, 
    0x0000, 0x0000, 0x0000, 0x0000, 0x0000, 0x0000, 0x0000, 0x0000, 
    0x0000, 0x0000, 0x0000, 0x0000, 0x0000, 0x0000, 0x0000, 0x0000, 
    0x0000, 0x0000, 0x0000, 0x0000, 0x0000, 0x0000, 0x0000, 0x0000, 
    0x0000, 0x0000, 0x0000, 0x0000, 0x0000, 0x0000, 0x0000, 0x0000, 
    0x0000, 0x0000, 0x0000, 0x0000, 0x0000, 0x0000, 0x0000, 0x0000, 
    0x0000, 0x0000, 0x0000, 0x0000, 0x0000, 0x0000, 0x0000, 0x0000, 
    0x0000, 0x0000, 0x0000, 0x0000, 0x0000, 0x0000, 0x0000, 0x0000, 
    0x0000, 0x0000, 0x0000, 0x0000, 0x0000, 0x0000, 0x0000, 0x0000, 
    0x0000, 0x0000, 0x0000, 0x0000, 0x0000, 0x0000, 0x0000, 0x0000, 
    0x0000, 0x0000, 0x0000, 0x0000, 0x0000, 0x0000, 0x0000, 0x0000, 
    0x0000, 0x0000, 0x0000, 0x0000, 0x0000, 0x0000, 0x0000, 0x0000, 
    0x0000, 0x0000, 0x0000, 0x0000, 0x0000, 0x0000, 0x0000, 0x0000, 
    0x0000, 0x0000, 0x0000, 0x0000, 0x0000, 0x0000, 0x0000, 0x0000, 
    0x0000, 0x0000, 0x0000, 0x0000, 0x0000, 0x0000, 0x0000, 0x0000, 
    0x0000, 0x0000, 0x0000, 0x0000, 0x0000, 0x0000, 0x0000, 0x0000, 
    0x0000, 0x0000, 0x0000, 0x0000, 0x0000, 0x0000, 0x0000, 0x0000, 
    0x0000, 0x0000, 0x0000, 0x0000, 0x0000, 0x0000, 0x0000, 0x0000, 
    0x0000, 0x0000, 0x0000, 0x0000, 0x0000, 0x0000, 0x0000, 0x0000, 
    0x0000, 0x0000, 0x0000, 0x0000, 0x0000, 0x0000, 0x0000, 0x0000, 
    0x0000, 0x0000, 0x0000, 0x0000, 0x0000, 0x0000, 0x0000, 0x0000, 
    0x0000, 0x0000, 0x0000, 0x0000, 0x0000, 0x0000, 0x0000, 0x0000, 
    0x0000, 0x0000, 0x0000, 0x0000, 0x0000, 0x0000, 0x0000, 0x0000, 
    0x0000, 0x0000, 0x0000, 0x0000, 0x0000, 0x0000, 0x0000, 0x0000, 
    0x0000, 0x0000, 0x0000, 0x0000, 0x0000, 0x0000, 0x0000, 0x0000, 
    0x0000, 0x0000, 0x0000, 0x0000, 0x0000, 0x0000, 0x0000, 0x0000, 
    0x0000, 0x0000, 0x0000, 0x0000, 0x0000, 0x0000, 0x0000, 0x0000, 
    0x0000, 0x0000, 0x0000, 0x0000, 0x0000, 0x0000, 0x0000, 0x0000, 
    0x0000, 0x0000, 0x0000, 0x0000, 0x0000, 0x0000, 0x0000, 0x0000, 
    0x0000, 0x0000, 0x0000, 0x0000, 0x0000, 0x0000, 0x0000, 0x0000, 
    0x0000, 0x0000, 0x0000, 0x0000, 0x0000, 0x0000, 0x0000, 0x0000, 
    0x0000, 0x0000, 0x0000, 0x0000, 0x0000, 0x0000, 0x0000, 0x0000, 
    0x0000, 0x0000, 0x0000, 0x0000, 0x0000, 0x0000, 0x0000, 0x0000, 
    0x0000, 0x0000, 0x0000, 0x0000, 0x0000, 0x0000, 0x0000, 0x0000, 
    0x0000, 0x0000, 0x0000, 0x0000, 0x0000, 0x0000, 0x0000, 0x0000, 
    0x0000, 0x0000, 0x0000, 0x0000, 0x0000, 0x0000, 0x0000, 0x0000, 
    0x0000, 0x0000, 0x0000, 0x0000, 0x0000, 0x0000, 0x0000, 0x0000, 
    0x0000, 0x0000, 0x0000, 0x0000, 0x0000, 0x0000, 0x0000, 0x0000, 
    0x0000, 0x0000, 0x0000, 0x0000, 0x0000, 0x0000, 0x0000, 0x0000, 
    0x0000, 0x0000, 0x0000, 0x0000, 0x0000, 0x0000, 0x0000, 0x0000, 
    0x0000, 0x0000, 0x0000, 0x0000, 0x0000, 0x0000, 0x0000, 0x0000, 
    0x0000, 0x0000, 0x0000, 0x0000, 0x0000, 0x0000, 0x0000, 0x0000, 
    0x0000, 0x0000, 0x0000, 0x0000, 0x0000, 0x0000, 0x0000, 0x0000, 
    0x0000, 0x0000, 0x0000, 0x0000, 0x0000, 0x0000, 0x0000, 0x0000, 
    0x0000, 0x0000, 0x0000, 0x0000, 0x0000, 0x0000, 0x0000, 0x0000, 
    0x0000, 0x0000, 0x0000, 0x0000, 0x0000, 0x0000, 0x0000, 0x0000, 
    0x0000, 0x0000, 0x0000, 0x0000, 0x0000, 0x0000, 0x0000, 0x0000, 
    0x0000, 0x0000, 0x0000, 0x0000, 0x0000, 0x0000, 0x0000, 0x0000, 
    0x0000, 0x0000, 0x0000, 0x0000, 0x0000, 0x0000, 0x0000, 0x0000, 
    0x0000, 0x0000, 0x0000, 0x0000, 0x0000, 0x0000, 0x0000, 0x0000, 
    0x0000, 0x0000, 0x0000, 0x0000, 0x0000, 0x0000, 0x0000, 0x0000, 
    0x0000, 0x0000, 0x0000, 0x0000, 0x0000, 0x0000, 0x0000, 0x0000, 
    0x0000, 0x0000, 0x0000, 0x0000, 0x0000, 0x0000, 0x0000, 0x0000, 
    0x0000, 0x0000, 0x0000, 0x0000, 0x0000, 0x0000, 0x0000, 0x0000, 
    0x0000, 0x0000, 0x0000, 0x0000, 0x0000, 0x0000, 0x0000, 0x0000, 
    0x0000, 0x0000, 0x0000, 0x0000, 0x0000, 0x0000, 0x0000, 0x0000, 
    0x0000, 0x0000, 0x0000, 0x0000, 0x0000, 0x0000, 0x0000, 0x0000, 
    0x0000, 0x0000, 0x0000, 0x0000, 0x0000, 0x0000, 0x0000, 0x0000, 
    0x0000, 0x0000, 0x0000, 0x0000, 0x0000, 0x0000, 0x0000, 0x0000, 
    0x0000, 0x0000, 0x0000, 0x0000, 0x0000, 0x0000, 0x0000, 0x0000, 
    0x0000, 0x0000, 0x0000, 0x0000, 0x0000, 0x0000, 0x0000, 0x0000, 
    0x0000, 0x0000, 0x0000, 0x0000, 0x0000, 0x0000, 0x0000, 0x0000, 
    0x0000, 0x0000, 0x0000, 0x0000, 0x0000, 0x0000, 0x0000, 0x0000, 
    0x0000, 0x0000, 0x0000, 0x0000, 0x0000, 0x0000, 0x0000, 0x0000, 
    0x0000, 0x0000, 0x0000, 0x0000, 0x0000, 0x0000, 0x0000, 0x0000, 
    0x0000, 0x0000, 0x0000, 0x0000, 0x0000, 0x0000, 0x0000, 0x0000, 
    0x0000, 0x0000, 0x0000, 0x0000, 0x0000, 0x0000, 0x0000, 0x0000, 
    0x0000, 0x0000, 0x0000, 0x0000, 0x0000, 0x0000, 0x0000, 0x0000, 
    0x0000, 0x0000, 0x0000, 0x0000, 0x0000, 0x0000, 0x0000, 0x0000, 
    0x0000, 0x0000, 0x0000, 0x0000, 0x0000, 0x0000, 0x0000, 0x0000, 
    0x0000, 0x0000, 0x0000, 0x0000, 0x0000, 0x0000, 0x0000, 0x0000, 
    0x0000, 0x0000, 0x0000, 0x0000, 0x0000, 0x0000, 0x0000, 0x0000, 
    0x0000, 0x0000, 0x0000, 0x0000, 0x0000, 0x0000, 0x0000, 0x0000, 
    0x0000, 0x0000, 0x0000, 0x0000, 0x0000, 0x0000, 0x0000, 0x0000, 
    0x0000, 0x0000, 0x0000, 0x0000, 0x0000, 0x0000, 0x0000, 0x0000, 
    0x0000, 0x0000, 0x0000, 0x0000, 0x0000, 0x0000, 0x0000, 0x0000, 
    0x0000, 0x0000, 0x0000, 0x0000, 0x0000, 0x0000, 0x0000, 0x0000, 
    0x0000, 0x0000, 0x0000, 0x0000, 0x0000, 0x0000, 0x0000, 0x0000, 
    0x0000, 0x0000, 0x0000, 0x0000, 0x0000, 0x0000, 0x0000, 0x0000, 
    0x0000, 0x0000, 0x0000, 0x0000, 0x0000, 0x0000, 0x0000, 0x0000, 
    0x0000, 0x0000, 0x0000, 0x0000, 0x0000, 0x0000, 0x0000, 0x0000, 
    0x0000, 0x0000, 0x0000, 0x0000, 0x0000, 0x0000, 0x0000, 0x0000, 
    0x0000, 0x0000, 0x0000, 0x0000, 0x0000, 0x0000, 0x0000, 0x0000, 
    0x0000, 0x0000, 0x0000, 0x0000, 0x0000, 0x0000, 0x0000, 0x0000, 
    0x0000, 0x0000, 0x0000, 0x0000, 0x0000, 0x0000, 0x0000, 0x0000, 
    0x0000, 0x0000, 0x0000, 0x0000, 0x0000, 0x0000, 0x0000, 0x0000, 
    0x0000, 0x0000, 0x0000, 0x0000, 0x0000, 0x0000, 0x0000, 0x0000, 
    0x0000, 0x0000, 0x0000, 0x0000, 0x0000, 0x0000, 0x0000, 0x0000, 
    0x0000, 0x0000, 0x0000, 0x0000, 0x0000, 0x0000, 0x0000, 0x0000, 
    0x0000, 0x0000, 0x0000, 0x0000, 0x0000, 0x0000, 0x0000, 0x0000, 
    0x0000, 0x0000, 0x0000, 0x0000, 0x0000, 0x0000, 0x0000, 0x0000, 
    0x0000, 0x0000, 0x0000, 0x0000, 0x0000, 0x0000, 0x0000, 0x0000, 
    0x0000, 0x0000, 0x0000, 0x0000, 0x0000, 0x0000, 0x0000, 0x0000, 
    0x0000, 0x0000, 0x0000, 0x0000, 0x0000, 0x0000, 0x0000, 0x0000, 
    0x0000, 0x0000, 0x0000, 0x0000, 0x0000, 0x0000, 0x0000, 0x0000, 
    0x0000, 0x0000, 0x0000, 0x0000, 0x0000, 0x0000, 0x0000, 0x0000, 
    0x0000, 0x0000, 0x0000, 0x0000, 0x0000, 0x0000, 0x0000, 0x0000, 
    0x0000, 0x0000, 0x0000, 0x0000, 0x0000, 0x0000, 0x0000, 0x0000, 
    0x0000, 0x0000, 0x0000, 0x0000, 0x0000, 0x0000, 0x0000, 0x0000, 
    0x0000, 0x0000, 0x0000, 0x0000, 0x0000, 0x0000, 0x0000, 0x0000, 
    0x0000, 0x0000, 0x0000, 0x0000, 0x0000, 0x0000, 0x0000, 0x0000, 
    0x0000, 0x0000, 0x0000, 0x0000, 0x0000, 0x0000, 0x0000, 0x0000, 
    0x0000, 0x0000, 0x0000, 0x0000, 0x0000, 0x0000, 0x0000, 0x0000, 
    0x0000, 0x0000, 0x0000, 0x0000, 0x0000, 0x0000, 0x0000, 0x0000, 
    0x0000, 0x0000, 0x0000, 0x0000, 0x0000, 0x0000, 0x0000, 0x0000, 
    0x0000, 0x0000, 0x0000, 0x0000, 0x0000, 0x0000, 0x0000, 0x0000, 
    0x0000, 0x0000, 0x0000, 0x0000, 0x0000, 0x0000, 0x0000, 0x0000, 
    0x0000, 0x0000, 0x0000, 0x0000, 0x0000, 0x0000, 0x0000, 0x0000, 
    0x0000, 0x0000, 0x0000, 0x0000, 0x0000, 0x0000, 0x0000, 0x0000, 
    0x0000, 0x0000, 0x0000, 0x0000, 0x0000, 0x0000, 0x0000, 0x0000, 
    0x0000, 0x0000, 0x0000, 0x0000, 0x0000, 0x0000, 0x0000, 0x0000, 
    0x0000, 0x0000, 0x0000, 0x0000, 0x0000, 0x0000, 0x0000, 0x0000, 
    0x0000, 0x0000, 0x0000, 0x0000, 0x0000, 0x0000, 0x0000, 0x0000, 
    0x0000, 0x0000, 0x0000, 0x0000, 0x0000, 0x0000, 0x0000, 0x0000, 
    0x0000, 0x0000, 0x0000, 0x0000, 0x0000, 0x0000, 0x0000, 0x0000, 
    0x0000, 0x0000, 0x0000, 0x0000, 0x0000, 0x0000, 0x0000, 0x0000, 
    0x0000, 0x0000, 0x0000, 0x0000, 0x0000, 0x0000, 0x0000, 0x0000, 
    0x0000, 0x0000, 0x0000, 0x0000, 0x0000, 0x0000, 0x0000, 0x0000, 
    0x0000, 0x0000, 0x0000, 0x0000, 0x0000, 0x0000, 0x0000, 0x0000, 
    0x0000, 0x0000, 0x0000, 0x0000, 0x0000, 0x0000, 0x0000, 0x0000, 
    0x0000, 0x0000, 0x0000, 0x0000, 0x0000, 0x0000, 0x0000, 0x0000, 
    0x0000, 0x0000, 0x0000, 0x0000, 0x0000, 0x0000, 0x0000, 0x0000, 
    0x0000, 0x0000, 0x0000, 0x0000, 0x0000, 0x0000, 0x0000, 0x0000, 
    0x0000, 0x0000, 0x0000, 0x0000, 0x0000, 0x0000, 0x0000, 0x0000, 
    0x0000, 0x0000, 0x0000, 0x0000, 0x0000, 0x0000, 0x0000, 0x0000, 
    0x0000, 0x0000, 0x0000, 0x0000, 0x0000, 0x0000, 0x0000, 0x0000, 
    0x0000, 0x0000, 0x0000, 0x0000, 0x0000, 0x0000, 0x0000, 0x0000, 
    0x0000, 0x0000, 0x0000, 0x0000, 0x0000, 0x0000, 0x0000, 0x0000, 
    0x0000, 0x0000, 0x0000, 0x0000, 0x0000, 0x0000, 0x0000, 0x0000, 
    0x0000, 0x0000, 0x0000, 0x0000, 0x0000, 0x0000, 0x0000, 0x0000, 
    0x0000, 0x0000, 0x0000, 0x0000, 0x0000, 0x0000, 0x0000, 0x0000, 
    0x0000, 0x0000, 0x0000, 0x0000, 0x0000, 0x0000, 0x0000, 0x0000, 
    0x0000, 0x0000, 0x0000, 0x0000, 0x0000, 0x0000, 0x0000, 0x0000, 
    0x0000, 0x0000, 0x0000, 0x0000, 0x0000, 0x0000, 0x0000, 0x0000, 
    0x0000, 0x0000, 0x0000, 0x0000, 0x0000, 0x0000, 0x0000, 0x0000, 
    0x0000, 0x0000, 0x0000, 0x0000, 0x0000, 0x0000, 0x0000, 0x0000, 
    0x0000, 0x0000, 0x0000, 0x0000, 0x0000, 0x0000, 0x0000, 0x0000, 
    0x0000, 0x0000, 0x0000, 0x0000, 0x0000, 0x0000, 0x0000, 0x0000, 
    0x0000, 0x0000, 0x0000, 0x0000, 0x0000, 0x0000, 0x0000, 0x0000, 
    0x0000, 0x0000, 0x0000, 0x0000, 0x0000, 0x0000, 0x0000, 0x0000, 
    0x0000, 0x0000, 0x0000, 0x0000, 0x0000, 0x0000, 0x0000, 0x0000, 
    0x0000, 0x0000, 0x0000, 0x0000, 0x0000, 0x0000, 0x0000, 0x0000, 
    0x0000, 0x0000, 0x0000, 0x0000, 0x0000, 0x0000, 0x0000, 0x0000, 
    0x0000, 0x0000, 0x0000, 0x0000, 0x0000, 0x0000, 0x0000, 0x0000, 
    0x0000, 0x0000, 0x0000, 0x0000, 0x0000, 0x0000, 0x0000, 0x0000, 
    0x0000, 0x0000, 0x0000, 0x0000, 0x0000, 0x0000, 0x0000, 0x0000, 
    0x0000, 0x0000, 0x0000, 0x0000, 0x0000, 0x0000, 0x0000, 0x0000, 
    0x0000, 0x0000, 0x0000, 0x0000, 0x0000, 0x0000, 0x0000, 0x0000, 
    0x0000, 0x0000, 0x0000, 0x0000, 0x0000, 0x0000, 0x0000, 0x0000, 
    0x0000, 0x0000, 0x0000, 0x0000, 0x0000, 0x0000, 0x0000, 0x0000, 
    0x0000, 0x0000, 0x0000, 0x0000, 0x0000, 0x0000, 0x0000, 0x0000, 
    0x0000, 0x0000, 0x0000, 0x0000, 0x0000, 0x0000, 0x0000, 0x0000, 
    0x0000, 0x0000, 0x0000, 0x0000, 0x0000, 0x0000, 0x0000, 0x0000, 
    0x0000, 0x0000, 0x0000, 0x0000, 0x0000, 0x0000, 0x0000, 0x0000, 
    0x0000, 0x0000, 0x0000, 0x0000, 0x0000, 0x0000, 0x0000, 0x0000, 
    0x0000, 0x0000, 0x0000, 0x0000, 0x0000, 0x0000, 0x0000, 0x0000, 
    0x0000, 0x0000, 0x0000, 0x0000, 0x0000, 0x0000, 0x0000, 0x0000, 
    0x0000, 0x0000, 0x0000, 0x0000, 0x0000, 0x0000, 0x0000, 0x0000, 
    0x0000, 0x0000, 0x0000, 0x0000, 0x0000, 0x0000, 0x0000, 0x0000, 
    0x0000, 0x0000, 0x0000, 0x0000, 0x0000, 0x0000, 0x0000, 0x0000, 
    0x0000, 0x0000, 0x0000, 0x0000, 0x0000, 0x0000, 0x0000, 0x0000, 
    0x0000, 0x0000, 0x0000, 0x0000, 0x0000, 0x0000, 0x0000, 0x0000, 
    0x0000, 0x0000, 0x0000, 0x0000, 0x0000, 0x0000, 0x0000, 0x0000, 
    0x0000, 0x0000, 0x0000, 0x0000, 0x0000, 0x0000, 0x0000, 0x0000, 
    0x0000, 0x0000, 0x0000, 0x0000, 0x0000, 0x0000, 0x0000, 0x0000, 
    0x0000, 0x0000, 0x0000, 0x0000, 0x0000, 0x0000, 0x0000, 0x0000, 
    0x0000, 0x0000, 0x0000, 0x0000, 0x0000, 0x0000, 0x0000, 0x0000, 
    0x0000, 0x0000, 0x0000, 0x0000, 0x0000, 0x0000, 0x0000, 0x0000, 
    0x0000, 0x0000, 0x0000, 0x0000, 0x0000, 0x0000, 0x0000, 0x0000, 
    0x0000, 0x0000, 0x0000, 0x0000, 0x0000, 0x0000, 0x0000, 0x0000, 
    0x0000, 0x0000, 0x0000, 0x0000, 0x0000, 0x0000, 0x0000, 0x0000, 
    0x0000, 0x0000, 0x0000, 0x0000, 0x0000, 0x0000, 0x0000, 0x0000, 
    0x0000, 0x0000, 0x0000, 0x0000, 0x0000, 0x0000, 0x0000, 0x0000, 
    0x0000, 0x0000, 0x0000, 0x0000, 0x0000, 0x0000, 0x0000, 0x0000, 
    0x0000, 0x0000, 0x0000, 0x0000, 0x0000, 0x0000, 0x0000, 0x0000, 
    0x0000, 0x0000, 0x0000, 0x0000, 0x0000, 0x0000, 0x0000, 0x0000, 
    0x0000, 0x0000, 0x0000, 0x0000, 0x0000, 0x0000, 0x0000, 0x0000, 
    0x0000, 0x0000, 0x0000, 0x0000, 0x0000, 0x0000, 0x0000, 0x0000, 
    0x0000, 0x0000, 0x0000, 0x0000, 0x0000, 0x0000, 0x0000, 0x0000, 
    0x0000, 0x0000, 0x0000, 0x0000, 0x0000, 0x0000, 0x0000, 0x0000, 
    0x0000, 0x0000, 0x0000, 0x0000, 0x0000, 0x0000, 0x0000, 0x0000, 
    0x0000, 0x0000, 0x0000, 0x0000, 0x0000, 0x0000, 0x0000, 0x0000, 
    0x0000, 0x0000, 0x0000, 0x0000, 0x0000, 0x0000, 0x0000, 0x0000, 
    0x0000, 0x0000, 0x0000, 0x0000, 0x0000, 0x0000, 0x0000, 0x0000, 
    0x0000, 0x0000, 0x0000, 0x0000, 0x0000, 0x0000, 0x0000, 0x0000, 
    0x0000, 0x0000, 0x0000, 0x0000, 0x0000, 0x0000, 0x0000, 0x0000, 
    0x0000, 0x0000, 0x0000, 0x0000, 0x0000, 0x0000, 0x0000, 0x0000, 
    0x0000, 0x0000, 0x0000, 0x0000, 0x0000, 0x0000, 0x0000, 0x0000, 
    0x0000, 0x0000, 0x0000, 0x0000, 0x0000, 0x0000, 0x0000, 0x0000, 
    0x0000, 0x0000, 0x0000, 0x0000, 0x0000, 0x0000, 0x0000, 0x0000, 
    0x0000, 0x0000, 0x0000, 0x0000, 0x0000, 0x0000, 0x0000, 0x0000, 
    0x0000, 0x0000, 0x0000, 0x0000, 0x0000, 0x0000, 0x0000, 0x0000, 
    0x0000, 0x0000, 0x0000, 0x0000, 0x0000, 0x0000, 0x0000, 0x0000, 
    0x0000, 0x0000, 0x0000, 0x0000, 0x0000, 0x0000, 0x0000, 0x0000, 
    0x0000, 0x0000, 0x0000, 0x0000, 0x0000, 0x0000, 0x0000, 0x0000, 
    0x0000, 0x0000, 0x0000, 0x0000, 0x0000, 0x0000, 0x0000, 0x0000, 
    0x0000, 0x0000, 0x0000, 0x0000, 0x0000, 0x0000, 0x0000, 0x0000, 
    0x0000, 0x0000, 0x0000, 0x0000, 0x0000, 0x0000, 0x0000, 0x0000, 
    0x0000, 0x0000, 0x0000, 0x0000, 0x0000, 0x0000, 0x0000, 0x0000, 
    0x0000, 0x0000, 0x0000, 0x0000, 0x0000, 0x0000, 0x0000, 0x0000, 
    0x0000, 0x0000, 0x0000, 0x0000, 0x0000, 0x0000, 0x0000, 0x0000, 
    0x0000, 0x0000, 0x0000, 0x0000, 0x0000, 0x0000, 0x0000, 0x0000, 
    0x0000, 0x0000, 0x0000, 0x0000, 0x0000, 0x0000, 0x0000, 0x0000, 
    0x0000, 0x0000, 0x0000, 0x0000, 0x0000, 0x0000, 0x0000, 0x0000, 
    0x0000, 0x0000, 0x0000, 0x0000, 0x0000, 0x0000, 0x0000, 0x0000, 
    0x0000, 0x0000, 0x0000, 0x0000, 0x0000, 0x0000, 0x0000, 0x0000, 
    0x0000, 0x0000, 0x0000, 0x0000, 0x0000, 0x0000, 0x0000, 0x0000, 
    0x0000, 0x0000, 0x0000, 0x0000, 0x0000, 0x0000, 0x0000, 0x0000, 
    0x0000, 0x0000, 0x0000, 0x0000, 0x0000, 0x0000, 0x0000, 0x0000, 
    0x0000, 0x0000, 0x0000, 0x0000, 0x0000, 0x0000, 0x0000, 0x0000, 
    0x0000, 0x0000, 0x0000, 0x0000, 0x0000, 0x0000, 0x0000, 0x0000, 
    0x0000, 0x0000, 0x0000, 0x0000, 0x0000, 0x0000, 0x0000, 0x0000, 
    0x0000, 0x0000, 0x0000, 0x0000, 0x0000, 0x0000, 0x0000, 0x0000, 
    0x0000, 0x0000, 0x0000, 0x0000, 0x0000, 0x0000, 0x0000, 0x0000, 
    0x0000, 0x0000, 0x0000, 0x0000, 0x0000, 0x0000, 0x0000, 0x0000, 
    0x0000, 0x0000, 0x0000, 0x0000, 0x0000, 0x0000, 0x0000, 0x0000, 
    0x0000, 0x0000, 0x0000, 0x0000, 0x0000, 0x0000, 0x0000, 0x0000, 
    0x0000, 0x0000, 0x0000, 0x0000, 0x0000, 0x0000, 0x0000, 0x0000, 
    0x0000, 0x0000, 0x0000, 0x0000, 0x0000, 0x0000, 0x0000, 0x0000, 
    0x0000, 0x0000, 0x0000, 0x0000, 0x0000, 0x0000, 0x0000, 0x0000, 
    0x0000, 0x0000, 0x0000, 0x0000, 0x0000, 0x0000, 0x0000, 0x0000, 
    0x0000, 0x0000, 0x0000, 0x0000, 0x0000, 0x0000, 0x0000, 0x0000, 
    0x0000, 0x0000, 0x0000, 0x0000, 0x0000, 0x0000, 0x0000, 0x0000, 
    0x0000, 0x0000, 0x0000, 0x0000, 0x0000, 0x0000, 0x0000, 0x0000, 
    0x0000, 0x0000, 0x0000, 0x0000, 0x0000, 0x0000, 0x0000, 0x0000, 
    0x0000, 0x0000, 0x0000, 0x0000, 0x0000, 0x0000, 0x0000, 0x0000, 
    0x0000, 0x0000, 0x0000, 0x0000, 0x0000, 0x0000, 0x0000, 0x0000, 
    0x0000, 0x0000, 0x0000, 0x0000, 0x0000, 0x0000, 0x0000, 0x0000, 
    0x0000, 0x0000, 0x0000, 0x0000, 0x0000, 0x0000, 0x0000, 0x0000, 
    0x0000, 0x0000, 0x0000, 0x0000, 0x0000, 0x0000, 0x0000, 0x0000, 
    0x0000, 0x0000, 0x0000, 0x0000, 0x0000, 0x0000, 0x0000, 0x0000, 
    0x0000, 0x0000, 0x0000, 0x0000, 0x0000, 0x0000, 0x0000, 0x0000, 
    0x0000, 0x0000, 0x0000, 0x0000, 0x0000, 0x0000, 0x0000, 0x0000, 
    0x0000, 0x0000, 0x0000, 0x0000, 0x0000, 0x0000, 0x0000, 0x0000, 
    0x0000, 0x0000, 0x0000, 0x0000, 0x0000, 0x0000, 0x0000, 0x0000, 
    0x0000, 0x0000, 0x0000, 0x0000, 0x0000, 0x0000, 0x0000, 0x0000, 
    0x0000, 0x0000, 0x0000, 0x0000, 0x0000, 0x0000, 0x0000, 0x0000, 
    0x0000, 0x0000, 0x0000, 0x0000, 0x0000, 0x0000, 0x0000, 0x0000, 
    0x0000, 0x0000, 0x0000, 0x0000, 0x0000, 0x0000, 0x0000, 0x0000, 
    0x0000, 0x0000, 0x0000, 0x0000, 0x0000, 0x0000, 0x0000, 0x0000, 
    0x0000, 0x0000, 0x0000, 0x0000, 0x0000, 0x0000, 0x0000, 0x0000, 
    0x0000, 0x0000, 0x0000, 0x0000, 0x0000, 0x0000, 0x0000, 0x0000, 
    0x0000, 0x0000, 0x0000, 0x0000, 0x0000, 0x0000, 0x0000, 0x0000, 
    0x0000, 0x0000, 0x0000, 0x0000, 0x0000, 0x0000, 0x0000, 0x0000, 
    0x0000, 0x0000, 0x0000, 0x0000, 0x0000, 0x0000, 0x0000, 0x0000, 
    0x0000, 0x0000, 0x0000, 0x0000, 0x0000, 0x0000, 0x0000, 0x0000, 
    0x0000, 0x0000, 0x0000, 0x0000, 0x0000, 0x0000, 0x0000, 0x0000, 
    0x0000, 0x0000, 0x0000, 0x0000, 0x0000, 0x0000, 0x0000, 0x0000, 
    0x0000, 0x0000, 0x0000, 0x0000, 0x0000, 0x0000, 0x0000, 0x0000, 
    0x0000, 0x0000, 0x0000, 0x0000, 0x0000, 0x0000, 0x0000, 0x0000, 
    0x0000, 0x0000, 0x0000, 0x0000, 0x0000, 0x0000, 0x0000, 0x0000, 
    0x0000, 0x0000, 0x0000, 0x0000, 0x0000, 0x0000, 0x0000, 0x0000, 
    0x0000, 0x0000, 0x0000, 0x0000, 0x0000, 0x0000, 0x0000, 0x0000, 
    0x0000, 0x0000, 0x0000, 0x0000, 0x0000, 0x0000, 0x0000, 0x0000, 
    0x0000, 0x0000, 0x0000, 0x0000, 0x0000, 0x0000, 0x0000, 0x0000, 
    0x0000, 0x0000, 0x0000, 0x0000, 0x0000, 0x0000, 0x0000, 0x0000, 
    0x0000, 0x0000, 0x0000, 0x0000, 0x0000, 0x0000, 0x0000, 0x0000, 
    0x0000, 0x0000, 0x0000, 0x0000, 0x0000, 0x0000, 0x0000, 0x0000, 
    0x0000, 0x0000, 0x0000, 0x0000, 0x0000, 0x0000, 0x0000, 0x0000, 
    0x0000, 0x0000, 0x0000, 0x0000, 0x0000, 0x0000, 0x0000, 0x0000, 
    0x0000, 0x0000, 0x0000, 0x0000, 0x0000, 0x0000, 0x0000, 0x0000, 
    0x0000, 0x0000, 0x0000, 0x0000, 0x0000, 0x0000, 0x0000, 0x0000, 
    0x0000, 0x0000, 0x0000, 0x0000, 0x0000, 0x0000, 0x0000, 0x0000, 
    0x0000, 0x0000, 0x0000, 0x0000, 0x0000, 0x0000, 0x0000, 0x0000, 
    0x0000, 0x0000, 0x0000, 0x0000, 0x0000, 0x0000, 0x0000, 0x0000, 
    0x0000, 0x0000, 0x0000, 0x0000, 0x0000, 0x0000, 0x0000, 0x0000, 
    0x0000, 0x0000, 0x0000, 0x0000, 0x0000, 0x0000, 0x0000, 0x0000, 
    0x0000, 0x0000, 0x0000, 0x0000, 0x0000, 0x0000, 0x0000, 0x0000, 
    0x0000, 0x0000, 0x0000, 0x0000, 0x0000, 0x0000, 0x0000, 0x0000, 
    0x0000, 0x0000, 0x0000, 0x0000, 0x0000, 0x0000, 0x0000, 0x0000, 
    0x0000, 0x0000, 0x0000, 0x0000, 0x0000, 0x0000, 0x0000, 0x0000, 
    0x0000, 0x0000, 0x0000, 0x0000, 0x0000, 0x0000, 0x0000, 0x0000, 
    0x0000, 0x0000, 0x0000, 0x0000, 0x0000, 0x0000, 0x0000, 0x0000, 
    0x0000, 0x0000, 0x0000, 0x0000, 0x0000, 0x0000, 0x0000, 0x0000, 
    0x0000, 0x0000, 0x0000, 0x0000, 0x0000, 0x0000, 0x0000, 0x0000, 
    0x0000, 0x0000, 0x0000, 0x0000, 0x0000, 0x0000, 0x0000, 0x0000, 
    0x0000, 0x0000, 0x0000, 0x0000, 0x0000, 0x0000, 0x0000, 0x0000, 
    0x0000, 0x0000, 0x0000, 0x0000, 0x0000, 0x0000, 0x0000, 0x0000, 
    0x0000, 0x0000, 0x0000, 0x0000, 0x0000, 0x0000, 0x0000, 0x0000, 
    0x0000, 0x0000, 0x0000, 0x0000, 0x0000, 0x0000, 0x0000, 0x0000, 
    0x0000, 0x0000, 0x0000, 0x0000, 0x0000, 0x0000, 0x0000, 0x0000, 
    0x0000, 0x0000, 0x0000, 0x0000, 0x0000, 0x0000, 0x0000, 0x0000, 
    0x0000, 0x0000, 0x0000, 0x0000, 0x0000, 0x0000, 0x0000, 0x0000, 
    0x0000, 0x0000, 0x0000, 0x0000, 0x0000, 0x0000, 0x0000, 0x0000, 
    0x0000, 0x0000, 0x0000, 0x0000, 0x0000, 0x0000, 0x0000, 0x0000, 
    0x0000, 0x0000, 0x0000, 0x0000, 0x0000, 0x0000, 0x0000, 0x0000, 
    0x0000, 0x0000, 0x0000, 0x0000, 0x0000, 0x0000, 0x0000, 0x0000, 
    0x0000, 0x0000, 0x0000, 0x0000, 0x0000, 0x0000, 0x0000, 0x0000, 
    0x0000, 0x0000, 0x0000, 0x0000, 0x0000, 0x0000, 0x0000, 0x0000, 
    0x0000, 0x0000, 0x0000, 0x0000, 0x0000, 0x0000, 0x0000, 0x0000, 
    0x0000, 0x0000, 0x0000, 0x0000, 0x0000, 0x0000, 0x0000, 0x0000, 
    0x0000, 0x0000, 0x0000, 0x0000, 0x0000, 0x0000, 0x0000, 0x0000, 
    0x0000, 0x0000, 0x0000, 0x0000, 0x0000, 0x0000, 0x0000, 0x0000, 
    0x0000, 0x0000, 0x0000, 0x0000, 0x0000, 0x0000, 0x0000, 0x0000, 
    0x0000, 0x0000, 0x0000, 0x0000, 0x0000, 0x0000, 0x0000, 0x0000, 
    0x0000, 0x0000, 0x0000, 0x0000, 0x0000, 0x0000, 0x0000, 0x0000, 
    0x0000, 0x0000, 0x0000, 0x0000, 0x0000, 0x0000, 0x0000, 0x0000, 
    0x0000, 0x0000, 0x0000, 0x0000, 0x0000, 0x0000, 0x0000, 0x0000, 
    0x0000, 0x0000, 0x0000, 0x0000, 0x0000, 0x0000, 0x0000, 0x0000, 
    0x0000, 0x0000, 0x0000, 0x0000, 0x0000, 0x0000, 0x0000, 0x0000, 
    0x0000, 0x0000, 0x0000, 0x0000, 0x0000, 0x0000, 0x0000, 0x0000, 
    0x0000, 0x0000, 0x0000, 0x0000, 0x0000, 0x0000, 0x0000, 0x0000, 
    0x0000, 0x0000, 0x0000, 0x0000, 0x0000, 0x0000, 0x0000, 0x0000, 
    0x0000, 0x0000, 0x0000, 0x0000, 0x0000, 0x0000, 0x0000, 0x0000, 
    0x0000, 0x0000, 0x0000, 0x0000, 0x0000, 0x0000, 0x0000, 0x0000, 
    0x0000, 0x0000, 0x0000, 0x0000, 0x0000, 0x0000, 0x0000, 0x0000, 
    0x0000, 0x0000, 0x0000, 0x0000, 0x0000, 0x0000, 0x0000, 0x0000, 
    0x0000, 0x0000, 0x0000, 0x0000, 0x0000, 0x0000, 0x0000, 0x0000, 
    0x0000, 0x0000, 0x0000, 0x0000, 0x0000, 0x0000, 0x0000, 0x0000, 
    0x0000, 0x0000, 0x0000, 0x0000, 0x0000, 0x0000, 0x0000, 0x0000, 
    0x0000, 0x0000, 0x0000, 0x0000, 0x0000, 0x0000, 0x0000, 0x0000, 
    0x0000, 0x0000, 0x0000, 0x0000, 0x0000, 0x0000, 0x0000, 0x0000, 
    0x0000, 0x0000, 0x0000, 0x0000, 0x0000, 0x0000, 0x0000, 0x0000, 
    0x0000, 0x0000, 0x0000, 0x0000, 0x0000, 0x0000, 0x0000, 0x0000, 
    0x0000, 0x0000, 0x0000, 0x0000, 0x0000, 0x0000, 0x0000, 0x0000, 
    0x0000, 0x0000, 0x0000, 0x0000, 0x0000, 0x0000, 0x0000, 0x0000, 
    0x0000, 0x0000, 0x0000, 0x0000, 0x0000, 0x0000, 0x0000, 0x0000, 
    0x0000, 0x0000, 0x0000, 0x0000, 0x0000, 0x0000, 0x0000, 0x0000, 
    0x0000, 0x0000, 0x0000, 0x0000, 0x0000, 0x0000, 0x0000, 0x0000, 
    0x0000, 0x0000, 0x0000, 0x0000, 0x0000, 0x0000, 0x0000, 0x0000, 
    0x0000, 0x0000, 0x0000, 0x0000, 0x0000, 0x0000, 0x0000, 0x0000, 
    0x0000, 0x0000, 0x0000, 0x0000, 0x0000, 0x0000, 0x0000, 0x0000, 
    0x0000, 0x0000, 0x0000, 0x0000, 0x0000, 0x0000, 0x0000, 0x0000, 
    0x0000, 0x0000, 0x0000, 0x0000, 0x0000, 0x0000, 0x0000, 0x0000, 
    0x0000, 0x0000, 0x0000, 0x0000, 0x0000, 0x0000, 0x0000, 0x0000, 
    0x0000, 0x0000, 0x0000, 0x0000, 0x0000, 0x0000, 0x0000, 0x0000, 
    0x0000, 0x0000, 0x0000, 0x0000, 0x0000, 0x0000, 0x0000, 0x0000, 
    0x0000, 0x0000, 0x0000, 0x0000, 0x0000, 0x0000, 0x0000, 0x0000, 
    0x0000, 0x0000, 0x0000, 0x0000, 0x0000, 0x0000, 0x0000, 0x0000, 
    0x0000, 0x0000, 0x0000, 0x0000, 0x0000, 0x0000, 0x0000, 0x0000, 
    0x0000, 0x0000, 0x0000, 0x0000, 0x0000, 0x0000, 0x0000, 0x0000, 
    0x0000, 0x0000, 0x0000, 0x0000, 0x0000, 0x0000, 0x0000, 0x0000, 
    0x0000, 0x0000, 0x0000, 0x0000, 0x0000, 0x0000, 0x0000, 0x0000, 
    0x0000, 0x0000, 0x0000, 0x0000, 0x0000, 0x0000, 0x0000, 0x0000, 
    0x0000, 0x0000, 0x0000, 0x0000, 0x0000, 0x0000, 0x0000, 0x0000, 
    0x0000, 0x0000, 0x0000, 0x0000, 0x0000, 0x0000, 0x0000, 0x0000, 
    0x0000, 0x0000, 0x0000, 0x0000, 0x0000, 0x0000, 0x0000, 0x0000, 
    0x0000, 0x0000, 0x0000, 0x0000, 0x0000, 0x0000, 0x0000, 0x0000, 
    0x0000, 0x0000, 0x0000, 0x0000, 0x0000, 0x0000, 0x0000, 0x0000, 
    0x0000, 0x0000, 0x0000, 0x0000, 0x0000, 0x0000, 0x0000, 0x0000, 
    0x0000, 0x0000, 0x0000, 0x0000, 0x0000, 0x0000, 0x0000, 0x0000, 
    0x0000, 0x0000, 0x0000, 0x0000, 0x0000, 0x0000, 0x0000, 0x0000, 
    0x0000, 0x0000, 0x0000, 0x0000, 0x0000, 0x0000, 0x0000, 0x0000, 
    0x0000, 0x0000, 0x0000, 0x0000, 0x0000, 0x0000, 0x0000, 0x0000, 
    0x0000, 0x0000, 0x0000, 0x0000, 0x0000, 0x0000, 0x0000, 0x0000, 
    0x0000, 0x0000, 0x0000, 0x0000, 0x0000, 0x0000, 0x0000, 0x0000, 
    0x0000, 0x0000, 0x0000, 0x0000, 0x0000, 0x0000, 0x0000, 0x0000, 
    0x0000, 0x0000, 0x0000, 0x0000, 0x0000, 0x0000, 0x0000, 0x0000, 
    0x0000, 0x0000, 0x0000, 0x0000, 0x0000, 0x0000, 0x0000, 0x0000, 
    0x0000, 0x0000, 0x0000, 0x0000, 0x0000, 0x0000, 0x0000, 0x0000, 
    0x0000, 0x0000, 0x0000, 0x0000, 0x0000, 0x0000, 0x0000, 0x0000, 
    0x0000, 0x0000, 0x0000, 0x0000, 0x0000, 0x0000, 0x0000, 0x0000, 
    0x0000, 0x0000, 0x0000, 0x0000, 0x0000, 0x0000, 0x0000, 0x0000, 
    0x0000, 0x0000, 0x0000, 0x0000, 0x0000, 0x0000, 0x0000, 0x0000, 
    0x0000, 0x0000, 0x0000, 0x0000, 0x0000, 0x0000, 0x0000, 0x0000, 
    0x0000, 0x0000, 0x0000, 0x0000, 0x0000, 0x0000, 0x0000, 0x0000, 
    0x0000, 0x0000, 0x0000, 0x0000, 0x0000, 0x0000, 0x0000, 0x0000, 
    0x0000, 0x0000, 0x0000, 0x0000, 0x0000, 0x0000, 0x0000, 0x0000, 
    0x0000, 0x0000, 0x0000, 0x0000, 0x0000, 0x0000, 0x0000, 0x0000, 
    0x0000, 0x0000, 0x0000, 0x0000, 0x0000, 0x0000, 0x0000, 0x0000, 
    0x0000, 0x0000, 0x0000, 0x0000, 0x0000, 0x0000, 0x0000, 0x0000, 
    0x0000, 0x0000, 0x0000, 0x0000, 0x0000, 0x0000, 0x0000, 0x0000, 
    0x0000, 0x0000, 0x0000, 0x0000, 0x0000, 0x0000, 0x0000, 0x0000, 
    0x0000, 0x0000, 0x0000, 0x0000, 0x0000, 0x0000, 0x0000, 0x0000, 
    0x0000, 0x0000, 0x0000, 0x0000, 0x0000, 0x0000, 0x0000, 0x0000, 
    0x0000, 0x0000, 0x0000, 0x0000, 0x0000, 0x0000, 0x0000, 0x0000, 
    0x0000, 0x0000, 0x0000, 0x0000, 0x0000, 0x0000, 0x0000, 0x0000, 
    0x0000, 0x0000, 0x0000, 0x0000, 0x0000, 0x0000, 0x0000, 0x0000, 
    0x0000, 0x0000, 0x0000, 0x0000, 0x0000, 0x0000, 0x0000, 0x0000, 
    0x0000, 0x0000, 0x0000, 0x0000, 0x0000, 0x0000, 0x0000, 0x0000, 
    0x0000, 0x0000, 0x0000, 0x0000, 0x0000, 0x0000, 0x0000, 0x0000, 
    0x0000, 0x0000, 0x0000, 0x0000, 0x0000, 0x0000, 0x0000, 0x0000, 
    0x0000, 0x0000, 0x0000, 0x0000, 0x0000, 0x0000, 0x0000, 0x0000, 
    0x0000, 0x0000, 0x0000, 0x0000, 0x0000, 0x0000, 0x0000, 0x0000, 
    0x0000, 0x0000, 0x0000, 0x0000, 0x0000, 0x0000, 0x0000, 0x0000, 
    0x0000, 0x0000, 0x0000, 0x0000, 0x0000, 0x0000, 0x0000, 0x0000, 
    0x0000, 0x0000, 0x0000, 0x0000, 0x0000, 0x0000, 0x0000, 0x0000, 
    0x0000, 0x0000, 0x0000, 0x0000, 0x0000, 0x0000, 0x0000, 0x0000, 
    0x0000, 0x0000, 0x0000, 0x0000, 0x0000, 0x0000, 0x0000, 0x0000, 
    0x0000, 0x0000, 0x0000, 0x0000, 0x0000, 0x0000, 0x0000, 0x0000, 
    0x0000, 0x0000, 0x0000, 0x0000, 0x0000, 0x0000, 0x0000, 0x0000, 
    0x0000, 0x0000, 0x0000, 0x0000, 0x0000, 0x0000, 0x0000, 0x0000, 
    0x0000, 0x0000, 0x0000, 0x0000, 0x0000, 0x0000, 0x0000, 0x0000, 
    0x0000, 0x0000, 0x0000, 0x0000, 0x0000, 0x0000, 0x0000, 0x0000, 
    0x0000, 0x0000, 0x0000, 0x0000, 0x0000, 0x0000, 0x0000, 0x0000, 
    0x0000, 0x0000, 0x0000, 0x0000, 0x0000, 0x0000, 0x0000, 0x0000, 
    0x0000, 0x0000, 0x0000, 0x0000, 0x0000, 0x0000, 0x0000, 0x0000, 
    0x0000, 0x0000, 0x0000, 0x0000, 0x0000, 0x0000, 0x0000, 0x0000, 
    0x0000, 0x0000, 0x0000, 0x0000, 0x0000, 0x0000, 0x0000, 0x0000, 
    0x0000, 0x0000, 0x0000, 0x0000, 0x0000, 0x0000, 0x0000, 0x0000, 
    0x0000, 0x0000, 0x0000, 0x0000, 0x0000, 0x0000, 0x0000, 0x0000, 
    0x0000, 0x0000, 0x0000, 0x0000, 0x0000, 0x0000, 0x0000, 0x0000, 
    0x0000, 0x0000, 0x0000, 0x0000, 0x0000, 0x0000, 0x0000, 0x0000, 
    0x0000, 0x0000, 0x0000, 0x0000, 0x0000, 0x0000, 0x0000, 0x0000, 
    0x0000, 0x0000, 0x0000, 0x0000, 0x0000, 0x0000, 0x0000, 0x0000, 
    0x0000, 0x0000, 0x0000, 0x0000, 0x0000, 0x0000, 0x0000, 0x0000, 
    0x0000, 0x0000, 0x0000, 0x0000, 0x0000, 0x0000, 0x0000, 0x0000, 
    0x0000, 0x0000, 0x0000, 0x0000, 0x0000, 0x0000, 0x0000, 0x0000, 
    0x0000, 0x0000, 0x0000, 0x0000, 0x0000, 0x0000, 0x0000, 0x0000, 
    0x0000, 0x0000, 0x0000, 0x0000, 0x0000, 0x0000, 0x0000, 0x0000, 
    0x0000, 0x0000, 0x0000, 0x0000, 0x0000, 0x0000, 0x0000, 0x0000, 
    0x0000, 0x0000, 0x0000, 0x0000, 0x0000, 0x0000, 0x0000, 0x0000, 
    0x0000, 0x0000, 0x0000, 0x0000, 0x0000, 0x0000, 0x0000, 0x0000, 
    0x0000, 0x0000, 0x0000, 0x0000, 0x0000, 0x0000, 0x0000, 0x0000, 
    0x0000, 0x0000, 0x0000, 0x0000, 0x0000, 0x0000, 0x0000, 0x0000, 
    0x0000, 0x0000, 0x0000, 0x0000, 0x0000, 0x0000, 0x0000, 0x0000, 
    0x0000, 0x0000, 0x0000, 0x0000, 0x0000, 0x0000, 0x0000, 0x0000, 
    0x0000, 0x0000, 0x0000, 0x0000, 0x0000, 0x0000, 0x0000, 0x0000, 
    0x0000, 0x0000, 0x0000, 0x0000, 0x0000, 0x0000, 0x0000, 0x0000, 
    0x0000, 0x0000, 0x0000, 0x0000, 0x0000, 0x0000, 0x0000, 0x0000, 
    0x0000, 0x0000, 0x0000, 0x0000, 0x0000, 0x0000, 0x0000, 0x0000, 
    0x0000, 0x0000, 0x0000, 0x0000, 0x0000, 0x0000, 0x0000, 0x0000, 
    0x0000, 0x0000, 0x0000, 0x0000, 0x0000, 0x0000, 0x0000, 0x0000, 
    0x0000, 0x0000, 0x0000, 0x0000, 0x0000, 0x0000, 0x0000, 0x0000, 
    0x0000, 0x0000, 0x0000, 0x0000, 0x0000, 0x0000, 0x0000, 0x0000, 
    0x0000, 0x0000, 0x0000, 0x0000, 0x0000, 0x0000, 0x0000, 0x0000, 
    0x0000, 0x0000, 0x0000, 0x0000, 0x0000, 0x0000, 0x0000, 0x0000, 
    0x0000, 0x0000, 0x0000, 0x0000, 0x0000, 0x0000, 0x0000, 0x0000, 
    0x0000, 0x0000, 0x0000, 0x0000, 0x0000, 0x0000, 0x0000, 0x0000, 
    0x0000, 0x0000, 0x0000, 0x0000, 0x0000, 0x0000, 0x0000, 0x0000, 
    0x0000, 0x0000, 0x0000, 0x0000, 0x0000, 0x0000, 0x0000, 0x0000, 
    0x0000, 0x0000, 0x0000, 0x0000, 0x0000, 0x0000, 0x0000, 0x0000, 
    0x0000, 0x0000, 0x0000, 0x0000, 0x0000, 0x0000, 0x0000, 0x0000, 
    0x0000, 0x0000, 0x0000, 0x0000, 0x0000, 0x0000, 0x0000, 0x0000, 
    0x0000, 0x0000, 0x0000, 0x0000, 0x0000, 0x0000, 0x0000, 0x0000, 
    0x0000, 0x0000, 0x0000, 0x0000, 0x0000, 0x0000, 0x0000, 0x0000, 
    0x0000, 0x0000, 0x0000, 0x0000, 0x0000, 0x0000, 0x0000, 0x0000, 
    0x0000, 0x0000, 0x0000, 0x0000, 0x0000, 0x0000, 0x0000, 0x0000, 
    0x0000, 0x0000, 0x0000, 0x0000, 0x0000, 0x0000, 0x0000, 0x0000, 
    0x0000, 0x0000, 0x0000, 0x0000, 0x0000, 0x0000, 0x0000, 0x0000, 
    0x0000, 0x0000, 0x0000, 0x0000, 0x0000, 0x0000, 0x0000, 0x0000, 
    0x0000, 0x0000, 0x0000, 0x0000, 0x0000, 0x0000, 0x0000, 0x0000, 
    0x0000, 0x0000, 0x0000, 0x0000, 0x0000, 0x0000, 0x0000, 0x0000, 
    0x0000, 0x0000, 0x0000, 0x0000, 0x0000, 0x0000, 0x0000, 0x0000, 
    0x0000, 0x0000, 0x0000, 0x0000, 0x0000, 0x0000, 0x0000, 0x0000, 
    0x0000, 0x0000, 0x0000, 0x0000, 0x0000, 0x0000, 0x0000, 0x0000, 
    0x0000, 0x0000, 0x0000, 0x0000, 0x0000, 0x0000, 0x0000, 0x0000, 
    0x0000, 0x0000, 0x0000, 0x0000, 0x0000, 0x0000, 0x0000, 0x0000, 
    0x0000, 0x0000, 0x0000, 0x0000, 0x0000, 0x0000, 0x0000, 0x0000, 
    0x0000, 0x0000, 0x0000, 0x0000, 0x0000, 0x0000, 0x0000, 0x0000, 
    0x0000, 0x0000, 0x0000, 0x0000, 0x0000, 0x0000, 0x0000, 0x0000, 
    0x0000, 0x0000, 0x0000, 0x0000, 0x0000, 0x0000, 0x0000, 0x0000, 
    0x0000, 0x0000, 0x0000, 0x0000, 0x0000, 0x0000, 0x0000, 0x0000, 
    0x0000, 0x0000, 0x0000, 0x0000, 0x0000, 0x0000, 0x0000, 0x0000, 
    0x0000, 0x0000, 0x0000, 0x0000, 0x0000, 0x0000, 0x0000, 0x0000, 
    0x0000, 0x0000, 0x0000, 0x0000, 0x0000, 0x0000, 0x0000, 0x0000, 
    0x0000, 0x0000, 0x0000, 0x0000, 0x0000, 0x0000, 0x0000, 0x0000, 
    0x0000, 0x0000, 0x0000, 0x0000, 0x0000, 0x0000, 0x0000, 0x0000, 
    0x0000, 0x0000, 0x0000, 0x0000, 0x0000, 0x0000, 0x0000, 0x0000, 
    0x0000, 0x0000, 0x0000, 0x0000, 0x0000, 0x0000, 0x0000, 0x0000, 
    0x0000, 0x0000, 0x0000, 0x0000, 0x0000, 0x0000, 0x0000, 0x0000, 
    0x0000, 0x0000, 0x0000, 0x0000, 0x0000, 0x0000, 0x0000, 0x0000, 
    0x0000, 0x0000, 0x0000, 0x0000, 0x0000, 0x0000, 0x0000, 0x0000, 
    0x0000, 0x0000, 0x0000, 0x0000, 0x0000, 0x0000, 0x0000, 0x0000, 
    0x0000, 0x0000, 0x0000, 0x0000, 0x0000, 0x0000, 0x0000, 0x0000, 
    0x0000, 0x0000, 0x0000, 0x0000, 0x0000, 0x0000, 0x0000, 0x0000, 
    0x0000, 0x0000, 0x0000, 0x0000, 0x0000, 0x0000, 0x0000, 0x0000, 
    0x0000, 0x0000, 0x0000, 0x0000, 0x0000, 0x0000, 0x0000, 0x0000, 
    0x0000, 0x0000, 0x0000, 0x0000, 0x0000, 0x0000, 0x0000, 0x0000, 
    0x0000, 0x0000, 0x0000, 0x0000, 0x0000, 0x0000, 0x0000, 0x0000, 
    0x0000, 0x0000, 0x0000, 0x0000, 0x0000, 0x0000, 0x0000, 0x0000, 
    0x0000, 0x0000, 0x0000, 0x0000, 0x0000, 0x0000, 0x0000, 0x0000, 
    0x0000, 0x0000, 0x0000, 0x0000, 0x0000, 0x0000, 0x0000, 0x0000, 
    0x0000, 0x0000, 0x0000, 0x0000, 0x0000, 0x0000, 0x0000, 0x0000, 
    0x0000, 0x0000, 0x0000, 0x0000, 0x0000, 0x0000, 0x0000, 0x0000, 
    0x0000, 0x0000, 0x0000, 0x0000, 0x0000, 0x0000, 0x0000, 0x0000, 
    0x0000, 0x0000, 0x0000, 0x0000, 0x0000, 0x0000, 0x0000, 0x0000, 
    0x0000, 0x0000, 0x0000, 0x0000, 0x0000, 0x0000, 0x0000, 0x0000, 
    0x0000, 0x0000, 0x0000, 0x0000, 0x0000, 0x0000, 0x0000, 0x0000, 
    0x0000, 0x0000, 0x0000, 0x0000, 0x0000, 0x0000, 0x0000, 0x0000, 
    0x0000, 0x0000, 0x0000, 0x0000, 0x0000, 0x0000, 0x0000, 0x0000, 
    0x0000, 0x0000, 0x0000, 0x0000, 0x0000, 0x0000, 0x0000, 0x0000, 
    0x0000, 0x0000, 0x0000, 0x0000, 0x0000, 0x0000, 0x0000, 0x0000, 
    0x0000, 0x0000, 0x0000, 0x0000, 0x0000, 0x0000, 0x0000, 0x0000, 
    0x0000, 0x0000, 0x0000, 0x0000, 0x0000, 0x0000, 0x0000, 0x0000, 
    0x0000, 0x0000, 0x0000, 0x0000, 0x0000, 0x0000, 0x0000, 0x0000, 
    0x0000, 0x0000, 0x0000, 0x0000, 0x0000, 0x0000, 0x0000, 0x0000, 
    0x0000, 0x0000, 0x0000, 0x0000, 0x0000, 0x0000, 0x0000, 0x0000, 
    0x0000, 0x0000, 0x0000, 0x0000, 0x0000, 0x0000, 0x0000, 0x0000, 
    0x0000, 0x0000, 0x0000, 0x0000, 0x0000, 0x0000, 0x0000, 0x0000, 
    0x0000, 0x0000, 0x0000, 0x0000, 0x0000, 0x0000, 0x0000, 0x0000, 
    0x0000, 0x0000, 0x0000, 0x0000, 0x0000, 0x0000, 0x0000, 0x0000, 
    0x0000, 0x0000, 0x0000, 0x0000, 0x0000, 0x0000, 0x0000, 0x0000, 
    0x0000, 0x0000, 0x0000, 0x0000, 0x0000, 0x0000, 0x0000, 0x0000, 
    0x0000, 0x0000, 0x0000, 0x0000, 0x0000, 0x0000, 0x0000, 0x0000, 
    0x0000, 0x0000, 0x0000, 0x0000, 0x0000, 0x0000, 0x0000, 0x0000, 
    0x0000, 0x0000, 0x0000, 0x0000, 0x0000, 0x0000, 0x0000, 0x0000, 
    0x0000, 0x0000, 0x0000, 0x0000, 0x0000, 0x0000, 0x0000, 0x0000, 
    0x0000, 0x0000, 0x0000, 0x0000, 0x0000, 0x0000, 0x0000, 0x0000, 
    0x0000, 0x0000, 0x0000, 0x0000, 0x0000, 0x0000, 0x0000, 0x0000, 
    0x0000, 0x0000, 0x0000, 0x0000, 0x0000, 0x0000, 0x0000, 0x0000, 
    0x0000, 0x0000, 0x0000, 0x0000, 0x0000, 0x0000, 0x0000, 0x0000, 
    0x0000, 0x0000, 0x0000, 0x0000, 0x0000, 0x0000, 0x0000, 0x0000, 
    0x0000, 0x0000, 0x0000, 0x0000, 0x0000, 0x0000, 0x0000, 0x0000, 
    0x0000, 0x0000, 0x0000, 0x0000, 0x0000, 0x0000, 0x0000, 0x0000, 
    0x0000, 0x0000, 0x0000, 0x0000, 0x0000, 0x0000, 0x0000, 0x0000, 
    0x0000, 0x0000, 0x0000, 0x0000, 0x0000, 0x0000, 0x0000, 0x0000, 
    0x0000, 0x0000, 0x0000, 0x0000, 0x0000, 0x0000, 0x0000, 0x0000, 
    0x0000, 0x0000, 0x0000, 0x0000, 0x0000, 0x0000, 0x0000, 0x0000, 
    0x0000, 0x0000, 0x0000, 0x0000, 0x0000, 0x0000, 0x0000, 0x0000, 
    0x0000, 0x0000, 0x0000, 0x0000, 0x0000, 0x0000, 0x0000, 0x0000, 
    0x0000, 0x0000, 0x0000, 0x0000, 0x0000, 0x0000, 0x0000, 0x0000, 
    0x0000, 0x0000, 0x0000, 0x0000, 0x0000, 0x0000, 0x0000, 0x0000, 
    0x0000, 0x0000, 0x0000, 0x0000, 0x0000, 0x0000, 0x0000, 0x0000, 
    0x0000, 0x0000, 0x0000, 0x0000, 0x0000, 0x0000, 0x0000, 0x0000, 
    0x0000, 0x0000, 0x0000, 0x0000, 0x0000, 0x0000, 0x0000, 0x0000, 
    0x0000, 0x0000, 0x0000, 0x0000, 0x0000, 0x0000, 0x0000, 0x0000, 
    0x0000, 0x0000, 0x0000, 0x0000, 0x0000, 0x0000, 0x0000, 0x0000, 
    0x0000, 0x0000, 0x0000, 0x0000, 0x0000, 0x0000, 0x0000, 0x0000, 
    0x0000, 0x0000, 0x0000, 0x0000, 0x0000, 0x0000, 0x0000, 0x0000, 
    0x0000, 0x0000, 0x0000, 0x0000, 0x0000, 0x0000, 0x0000, 0x0000, 
    0x0000, 0x0000, 0x0000, 0x0000, 0x0000, 0x0000, 0x0000, 0x0000, 
    0x0000, 0x0000, 0x0000, 0x0000, 0x0000, 0x0000, 0x0000, 0x0000, 
    0x0000, 0x0000, 0x0000, 0x0000, 0x0000, 0x0000, 0x0000, 0x0000, 
    0x0000, 0x0000, 0x0000, 0x0000, 0x0000, 0x0000, 0x0000, 0x0000, 
    0x0000, 0x0000, 0x0000, 0x0000, 0x0000, 0x0000, 0x0000, 0x0000, 
    0x0000, 0x0000, 0x0000, 0x0000, 0x0000, 0x0000, 0x0000, 0x0000, 
    0x0000, 0x0000, 0x0000, 0x0000, 0x0000, 0x0000, 0x0000, 0x0000, 
    0x0000, 0x0000, 0x0000, 0x0000, 0x0000, 0x0000, 0x0000, 0x0000, 
    0x0000, 0x0000, 0x0000, 0x0000, 0x0000, 0x0000, 0x0000, 0x0000, 
    0x0000, 0x0000, 0x0000, 0x0000, 0x0000, 0x0000, 0x0000, 0x0000, 
    0x0000, 0x0000, 0x0000, 0x0000, 0x0000, 0x0000, 0x0000, 0x0000, 
    0x0000, 0x0000, 0x0000, 0x0000, 0x0000, 0x0000, 0x0000, 0x0000, 
    0x0000, 0x0000, 0x0000, 0x0000, 0x0000, 0x0000, 0x0000, 0x0000, 
    0x0000, 0x0000, 0x0000, 0x0000, 0x0000, 0x0000, 0x0000, 0x0000, 
    0x0000, 0x0000, 0x0000, 0x0000, 0x0000, 0x0000, 0x0000, 0x0000, 
    0x0000, 0x0000, 0x0000, 0x0000, 0x0000, 0x0000, 0x0000, 0x0000, 
    0x0000, 0x0000, 0x0000, 0x0000, 0x0000, 0x0000, 0x0000, 0x0000, 
    0x0000, 0x0000, 0x0000, 0x0000, 0x0000, 0x0000, 0x0000, 0x0000, 
    0x0000, 0x0000, 0x0000, 0x0000, 0x0000, 0x0000, 0x0000, 0x0000, 
    0x0000, 0x0000, 0x0000, 0x0000, 0x0000, 0x0000, 0x0000, 0x0000, 
    0x0000, 0x0000, 0x0000, 0x0000, 0x0000, 0x0000, 0x0000, 0x0000, 
    0x0000, 0x0000, 0x0000, 0x0000, 0x0000, 0x0000, 0x0000, 0x0000, 
    0x0000, 0x0000, 0x0000, 0x0000, 0x0000, 0x0000, 0x0000, 0x0000, 
    0x0000, 0x0000, 0x0000, 0x0000, 0x0000, 0x0000, 0x0000, 0x0000, 
    0x0000, 0x0000, 0x0000, 0x0000, 0x0000, 0x0000, 0x0000, 0x0000, 
    0x0000, 0x0000, 0x0000, 0x0000, 0x0000, 0x0000, 0x0000, 0x0000, 
    0x0000, 0x0000, 0x0000, 0x0000, 0x0000, 0x0000, 0x0000, 0x0000, 
    0x0000, 0x0000, 0x0000, 0x0000, 0x0000, 0x0000, 0x0000, 0x0000, 
    0x0000, 0x0000, 0x0000, 0x0000, 0x0000, 0x0000, 0x0000, 0x0000, 
    0x0000, 0x0000, 0x0000, 0x0000, 0x0000, 0x0000, 0x0000, 0x0000, 
    0x0000, 0x0000, 0x0000, 0x0000, 0x0000, 0x0000, 0x0000, 0x0000, 
    0x0000, 0x0000, 0x0000, 0x0000, 0x0000, 0x0000, 0x0000, 0x0000, 
    0x0000, 0x0000, 0x0000, 0x0000, 0x0000, 0x0000, 0x0000, 0x0000, 
    0x0000, 0x0000, 0x0000, 0x0000, 0x0000, 0x0000, 0x0000, 0x0000, 
    0x0000, 0x0000, 0x0000, 0x0000, 0x0000, 0x0000, 0x0000, 0x0000, 
    0x0000, 0x0000, 0x0000, 0x0000, 0x0000, 0x0000, 0x0000, 0x0000, 
    0x0000, 0x0000, 0x0000, 0x0000, 0x0000, 0x0000, 0x0000, 0x0000, 
    0x0000, 0x0000, 0x0000, 0x0000, 0x0000, 0x0000, 0x0000, 0x0000, 
    0x0000, 0x0000, 0x0000, 0x0000, 0x0000, 0x0000, 0x0000, 0x0000, 
    0x0000, 0x0000, 0x0000, 0x0000, 0x0000, 0x0000, 0x0000, 0x0000, 
    0x0000, 0x0000, 0x0000, 0x0000, 0x0000, 0x0000, 0x0000, 0x0000, 
    0x0000, 0x0000, 0x0000, 0x0000, 0x0000, 0x0000, 0x0000, 0x0000, 
    0x0000, 0x0000, 0x0000, 0x0000, 0x0000, 0x0000, 0x0000, 0x0000, 
    0x0000, 0x0000, 0x0000, 0x0000, 0x0000, 0x0000, 0x0000, 0x0000, 
    0x0000, 0x0000, 0x0000, 0x0000, 0x0000, 0x0000, 0x0000, 0x0000, 
    0x0000, 0x0000, 0x0000, 0x0000, 0x0000, 0x0000, 0x0000, 0x0000, 
    0x0000, 0x0000, 0x0000, 0x0000, 0x0000, 0x0000, 0x0000, 0x0000, 
    0x0000, 0x0000, 0x0000, 0x0000, 0x0000, 0x0000, 0x0000, 0x0000, 
    0x0000, 0x0000, 0x0000, 0x0000, 0x0000, 0x0000, 0x0000, 0x0000, 
    0x0000, 0x0000, 0x0000, 0x0000, 0x0000, 0x0000, 0x0000, 0x0000, 
    0x0000, 0x0000, 0x0000, 0x0000, 0x0000, 0x0000, 0x0000, 0x0000, 
    0x0000, 0x0000, 0x0000, 0x0000, 0x0000, 0x0000, 0x0000, 0x0000, 
    0x0000, 0x0000, 0x0000, 0x0000, 0x0000, 0x0000, 0x0000, 0x0000, 
    0x0000, 0x0000, 0x0000, 0x0000, 0x0000, 0x0000, 0x0000, 0x0000, 
    0x0000, 0x0000, 0x0000, 0x0000, 0x0000, 0x0000, 0x0000, 0x0000, 
    0x0000, 0x0000, 0x0000, 0x0000, 0x0000, 0x0000, 0x0000, 0x0000, 
    0x0000, 0x0000, 0x0000, 0x0000, 0x0000, 0x0000, 0x0000, 0x0000, 
    0x0000, 0x0000, 0x0000, 0x0000, 0x0000, 0x0000, 0x0000, 0x0000, 
    0x0000, 0x0000, 0x0000, 0x0000, 0x0000, 0x0000, 0x0000, 0x0000, 
    0x0000, 0x0000, 0x0000, 0x0000, 0x0000, 0x0000, 0x0000, 0x0000, 
    0x0000, 0x0000, 0x0000, 0x0000, 0x0000, 0x0000, 0x0000, 0x0000, 
    0x0000, 0x0000, 0x0000, 0x0000, 0x0000, 0x0000, 0x0000, 0x0000, 
    0x0000, 0x0000, 0x0000, 0x0000, 0x0000, 0x0000, 0x0000, 0x0000, 
    0x0000, 0x0000, 0x0000, 0x0000, 0x0000, 0x0000, 0x0000, 0x0000, 
    0x0000, 0x0000, 0x0000, 0x0000, 0x0000, 0x0000, 0x0000, 0x0000, 
    0x0000, 0x0000, 0x0000, 0x0000, 0x0000, 0x0000, 0x0000, 0x0000, 
    0x0000, 0x0000, 0x0000, 0x0000, 0x0000, 0x0000, 0x0000, 0x0000, 
    0x0000, 0x0000, 0x0000, 0x0000, 0x0000, 0x0000, 0x0000, 0x0000, 
    0x0000, 0x0000, 0x0000, 0x0000, 0x0000, 0x0000, 0x0000, 0x0000, 
    0x0000, 0x0000, 0x0000, 0x0000, 0x0000, 0x0000, 0x0000, 0x0000, 
    0x0000, 0x0000, 0x0000, 0x0000, 0x0000, 0x0000, 0x0000, 0x0000, 
    0x0000, 0x0000, 0x0000, 0x0000, 0x0000, 0x0000, 0x0000, 0x0000, 
    0x0000, 0x0000, 0x0000, 0x0000, 0x0000, 0x0000, 0x0000, 0x0000, 
    0x0000, 0x0000, 0x0000, 0x0000, 0x0000, 0x0000, 0x0000, 0x0000, 
    0x0000, 0x0000, 0x0000, 0x0000, 0x0000, 0x0000, 0x0000, 0x0000, 
    0x0000, 0x0000, 0x0000, 0x0000, 0x0000, 0x0000, 0x0000, 0x0000, 
    0x0000, 0x0000, 0x0000, 0x0000, 0x0000, 0x0000, 0x0000, 0x0000, 
    0x0000, 0x0000, 0x0000, 0x0000, 0x0000, 0x0000, 0x0000, 0x0000, 
    0x0000, 0x0000, 0x0000, 0x0000, 0x0000, 0x0000, 0x0000, 0x0000, 
    0x0000, 0x0000, 0x0000, 0x0000, 0x0000, 0x0000, 0x0000, 0x0000, 
    0x0000, 0x0000, 0x0000, 0x0000, 0x0000, 0x0000, 0x0000, 0x0000, 
    0x0000, 0x0000, 0x0000, 0x0000, 0x0000, 0x0000, 0x0000, 0x0000, 
    0x0000, 0x0000, 0x0000, 0x0000, 0x0000, 0x0000, 0x0000, 0x0000, 
    0x0000, 0x0000, 0x0000, 0x0000, 0x0000, 0x0000, 0x0000, 0x0000, 
    0x0000, 0x0000, 0x0000, 0x0000, 0x0000, 0x0000, 0x0000, 0x0000, 
    0x0000, 0x0000, 0x0000, 0x0000, 0x0000, 0x0000, 0x0000, 0x0000, 
    0x0000, 0x0000, 0x0000, 0x0000, 0x0000, 0x0000, 0x0000, 0x0000, 
    0x0000, 0x0000, 0x0000, 0x0000, 0x0000, 0x0000, 0x0000, 0x0000, 
    0x0000, 0x0000, 0x0000, 0x0000, 0x0000, 0x0000, 0x0000, 0x0000, 
    0x0000, 0x0000, 0x0000, 0x0000, 0x0000, 0x0000, 0x0000, 0x0000, 
    0x0000, 0x0000, 0x0000, 0x0000, 0x0000, 0x0000, 0x0000, 0x0000, 
    0x0000, 0x0000, 0x0000, 0x0000, 0x0000, 0x0000, 0x0000, 0x0000, 
    0x0000, 0x0000, 0x0000, 0x0000, 0x0000, 0x0000, 0x0000, 0x0000, 
    0x0000, 0x0000, 0x0000, 0x0000, 0x0000, 0x0000, 0x0000, 0x0000, 
    0x0000, 0x0000, 0x0000, 0x0000, 0x0000, 0x0000, 0x0000, 0x0000, 
    0x0000, 0x0000, 0x0000, 0x0000, 0x0000, 0x0000, 0x0000, 0x0000, 
    0x0000, 0x0000, 0x0000, 0x0000, 0x0000, 0x0000, 0x0000, 0x0000, 
    0x0000, 0x0000, 0x0000, 0x0000, 0x0000, 0x0000, 0x0000, 0x0000, 
    0x0000, 0x0000, 0x0000, 0x0000, 0x0000, 0x0000, 0x0000, 0x0000, 
    0x0000, 0x0000, 0x0000, 0x0000, 0x0000, 0x0000, 0x0000, 0x0000, 
    0x0000, 0x0000, 0x0000, 0x0000, 0x0000, 0x0000, 0x0000, 0x0000, 
    0x0000, 0x0000, 0x0000, 0x0000, 0x0000, 0x0000, 0x0000, 0x0000, 
    0x0000, 0x0000, 0x0000, 0x0000, 0x0000, 0x0000, 0x0000, 0x0000, 
    0x0000, 0x0000, 0x0000, 0x0000, 0x0000, 0x0000, 0x0000, 0x0000, 
    0x0000, 0x0000, 0x0000, 0x0000, 0x0000, 0x0000, 0x0000, 0x0000, 
    0x0000, 0x0000, 0x0000, 0x0000, 0x0000, 0x0000, 0x0000, 0x0000, 
    0x0000, 0x0000, 0x0000, 0x0000, 0x0000, 0x0000, 0x0000, 0x0000, 
    0x0000, 0x0000, 0x0000, 0x0000, 0x0000, 0x0000, 0x0000, 0x0000, 
    0x0000, 0x0000, 0x0000, 0x0000, 0x0000, 0x0000, 0x0000, 0x0000, 
    0x0000, 0x0000, 0x0000, 0x0000, 0x0000, 0x0000, 0x0000, 0x0000, 
    0x0000, 0x0000, 0x0000, 0x0000, 0x0000, 0x0000, 0x0000, 0x0000, 
    0x0000, 0x0000, 0x0000, 0x0000, 0x0000, 0x0000, 0x0000, 0x0000, 
    0x0000, 0x0000, 0x0000, 0x0000, 0x0000, 0x0000, 0x0000, 0x0000, 
    0x0000, 0x0000, 0x0000, 0x0000, 0x0000, 0x0000, 0x0000, 0x0000, 
    0x0000, 0x0000, 0x0000, 0x0000, 0x0000, 0x0000, 0x0000, 0x0000, 
    0x0000, 0x0000, 0x0000, 0x0000, 0x0000, 0x0000, 0x0000, 0x0000, 
    0x0000, 0x0000, 0x0000, 0x0000, 0x0000, 0x0000, 0x0000, 0x0000, 
    0x0000, 0x0000, 0x0000, 0x0000, 0x0000, 0x0000, 0x0000, 0x0000, 
    0x0000, 0x0000, 0x0000, 0x0000, 0x0000, 0x0000, 0x0000, 0x0000, 
    0x0000, 0x0000, 0x0000, 0x0000, 0x0000, 0x0000, 0x0000, 0x0000, 
    0x0000, 0x0000, 0x0000, 0x0000, 0x0000, 0x0000, 0x0000, 0x0000, 
    0x0000, 0x0000, 0x0000, 0x0000, 0x0000, 0x0000, 0x0000, 0x0000, 
    0x0000, 0x0000, 0x0000, 0x0000, 0x0000, 0x0000, 0x0000, 0x0000, 
    0x0000, 0x0000, 0x0000, 0x0000, 0x0000, 0x0000, 0x0000, 0x0000, 
    0x0000, 0x0000, 0x0000, 0x0000, 0x0000, 0x0000, 0x0000, 0x0000, 
    0x0000, 0x0000, 0x0000, 0x0000, 0x0000, 0x0000, 0x0000, 0x0000, 
    0x0000, 0x0000, 0x0000, 0x0000, 0x0000, 0x0000, 0x0000, 0x0000, 
    0x0000, 0x0000, 0x0000, 0x0000, 0x0000, 0x0000, 0x0000, 0x0000, 
    0x0000, 0x0000, 0x0000, 0x0000, 0x0000, 0x0000, 0x0000, 0x0000, 
    0x0000, 0x0000, 0x0000, 0x0000, 0x0000, 0x0000, 0x0000, 0x0000, 
    0x0000, 0x0000, 0x0000, 0x0000, 0x0000, 0x0000, 0x0000, 0x0000, 
    0x0000, 0x0000, 0x0000, 0x0000, 0x0000, 0x0000, 0x0000, 0x0000, 
    0x0000, 0x0000, 0x0000, 0x0000, 0x0000, 0x0000, 0x0000, 0x0000, 
    0x0000, 0x0000, 0x0000, 0x0000, 0x0000, 0x0000, 0x0000, 0x0000, 
    0x0000, 0x0000, 0x0000, 0x0000, 0x0000, 0x0000, 0x0000, 0x0000, 
    0x0000, 0x0000, 0x0000, 0x0000, 0x0000, 0x0000, 0x0000, 0x0000, 
    0x0000, 0x0000, 0x0000, 0x0000, 0x0000, 0x0000, 0x0000, 0x0000, 
    0x0000, 0x0000, 0x0000, 0x0000, 0x0000, 0x0000, 0x0000, 0x0000, 
    0x0000, 0x0000, 0x0000, 0x0000, 0x0000, 0x0000, 0x0000, 0x0000, 
    0x0000, 0x0000, 0x0000, 0x0000, 0x0000, 0x0000, 0x0000, 0x0000, 
    0x0000, 0x0000, 0x0000, 0x0000, 0x0000, 0x0000, 0x0000, 0x0000, 
    0x0000, 0x0000, 0x0000, 0x0000, 0x0000, 0x0000, 0x0000, 0x0000, 
    0x0000, 0x0000, 0x0000, 0x0000, 0x0000, 0x0000, 0x0000, 0x0000, 
    0x0000, 0x0000, 0x0000, 0x0000, 0x0000, 0x0000, 0x0000, 0x0000, 
    0x0000, 0x0000, 0x0000, 0x0000, 0x0000, 0x0000, 0x0000, 0x0000, 
    0x0000, 0x0000, 0x0000, 0x0000, 0x0000, 0x0000, 0x0000, 0x0000, 
    0x0000, 0x0000, 0x0000, 0x0000, 0x0000, 0x0000, 0x0000, 0x0000, 
    0x0000, 0x0000, 0x0000, 0x0000, 0x0000, 0x0000, 0x0000, 0x0000, 
    0x0000, 0x0000, 0x0000, 0x0000, 0x0000, 0x0000, 0x0000, 0x0000, 
    0x0000, 0x0000, 0x0000, 0x0000, 0x0000, 0x0000, 0x0000, 0x0000, 
    0x0000, 0x0000, 0x0000, 0x0000, 0x0000, 0x0000, 0x0000, 0x0000, 
    0x0000, 0x0000, 0x0000, 0x0000, 0x0000, 0x0000, 0x0000, 0x0000, 
    0x0000, 0x0000, 0x0000, 0x0000, 0x0000, 0x0000, 0x0000, 0x0000, 
    0x0000, 0x0000, 0x0000, 0x0000, 0x0000, 0x0000, 0x0000, 0x0000, 
    0x0000, 0x0000, 0x0000, 0x0000, 0x0000, 0x0000, 0x0000, 0x0000, 
    0x0000, 0x0000, 0x0000, 0x0000, 0x0000, 0x0000, 0x0000, 0x0000, 
    0x0000, 0x0000, 0x0000, 0x0000, 0x0000, 0x0000, 0x0000, 0x0000, 
    0x0000, 0x0000, 0x0000, 0x0000, 0x0000, 0x0000, 0x0000, 0x0000, 
    0x0000, 0x0000, 0x0000, 0x0000, 0x0000, 0x0000, 0x0000, 0x0000, 
    0x0000, 0x0000, 0x0000, 0x0000, 0x0000, 0x0000, 0x0000, 0x0000, 
    0x0000, 0x0000, 0x0000, 0x0000, 0x0000, 0x0000, 0x0000, 0x0000, 
    0x0000, 0x0000, 0x0000, 0x0000, 0x0000, 0x0000, 0x0000, 0x0000, 
    0x0000, 0x0000, 0x0000, 0x0000, 0x0000, 0x0000, 0x0000, 0x0000, 
    0x0000, 0x0000, 0x0000, 0x0000, 0x0000, 0x0000, 0x0000, 0x0000, 
    0x0000, 0x0000, 0x0000, 0x0000, 0x0000, 0x0000, 0x0000, 0x0000, 
    0x0000, 0x0000, 0x0000, 0x0000, 0x0000, 0x0000, 0x0000, 0x0000, 
    0x0000, 0x0000, 0x0000, 0x0000, 0x0000, 0x0000, 0x0000, 0x0000, 
    0x0000, 0x0000, 0x0000, 0x0000, 0x0000, 0x0000, 0x0000, 0x0000, 
    0x0000, 0x0000, 0x0000, 0x0000, 0x0000, 0x0000, 0x0000, 0x0000, 
    0x0000, 0x0000, 0x0000, 0x0000, 0x0000, 0x0000, 0x0000, 0x0000, 
    0x0000, 0x0000, 0x0000, 0x0000, 0x0000, 0x0000, 0x0000, 0x0000, 
    0x0000, 0x0000, 0x0000, 0x0000, 0x0000, 0x0000, 0x0000, 0x0000, 
    0x0000, 0x0000, 0x0000, 0x0000, 0x0000, 0x0000, 0x0000, 0x0000, 
    0x0000, 0x0000, 0x0000, 0x0000, 0x0000, 0x0000, 0x0000, 0x0000, 
    0x0000, 0x0000, 0x0000, 0x0000, 0x0000, 0x0000, 0x0000, 0x0000, 
    0x0000, 0x0000, 0x0000, 0x0000, 0x0000, 0x0000, 0x0000, 0x0000, 
    0x0000, 0x0000, 0x0000, 0x0000, 0x0000, 0x0000, 0x0000, 0x0000, 
    0x0000, 0x0000, 0x0000, 0x0000, 0x0000, 0x0000, 0x0000, 0x0000, 
    0x0000, 0x0000, 0x0000, 0x0000, 0x0000, 0x0000, 0x0000, 0x0000, 
    0x0000, 0x0000, 0x0000, 0x0000, 0x0000, 0x0000, 0x0000, 0x0000, 
    0x0000, 0x0000, 0x0000, 0x0000, 0x0000, 0x0000, 0x0000, 0x0000, 
    0x0000, 0x0000, 0x0000, 0x0000, 0x0000, 0x0000, 0x0000, 0x0000, 
    0x0000, 0x0000, 0x0000, 0x0000, 0x0000, 0x0000, 0x0000, 0x0000, 
    0x0000, 0x0000, 0x0000, 0x0000, 0x0000, 0x0000, 0x0000, 0x0000, 
    0x0000, 0x0000, 0x0000, 0x0000, 0x0000, 0x0000, 0x0000, 0x0000, 
    0x0000, 0x0000, 0x0000, 0x0000, 0x0000, 0x0000, 0x0000, 0x0000, 
    0x0000, 0x0000, 0x0000, 0x0000, 0x0000, 0x0000, 0x0000, 0x0000, 
    0x0000, 0x0000, 0x0000, 0x0000, 0x0000, 0x0000, 0x0000, 0x0000, 
    0x0000, 0x0000, 0x0000, 0x0000, 0x0000, 0x0000, 0x0000, 0x0000, 
    0x0000, 0x0000, 0x0000, 0x0000, 0x0000, 0x0000, 0x0000, 0x0000, 
    0x0000, 0x0000, 0x0000, 0x0000, 0x0000, 0x0000, 0x0000, 0x0000, 
    0x0000, 0x0000, 0x0000, 0x0000, 0x0000, 0x0000, 0x0000, 0x0000, 
    0x0000, 0x0000, 0x0000, 0x0000, 0x0000, 0x0000, 0x0000, 0x0000, 
    0x0000, 0x0000, 0x0000, 0x0000, 0x0000, 0x0000, 0x0000, 0x0000, 
    0x0000, 0x0000, 0x0000, 0x0000, 0x0000, 0x0000, 0x0000, 0x0000, 
    0x0000, 0x0000, 0x0000, 0x0000, 0x0000, 0x0000, 0x0000, 0x0000, 
    0x0000, 0x0000, 0x0000, 0x0000, 0x0000, 0x0000, 0x0000, 0x0000, 
    0x0000, 0x0000, 0x0000, 0x0000, 0x0000, 0x0000, 0x0000, 0x0000, 
    0x0000, 0x0000, 0x0000, 0x0000, 0x0000, 0x0000, 0x0000, 0x0000, 
    0x0000, 0x0000, 0x0000, 0x0000, 0x0000, 0x0000, 0x0000, 0x0000, 
    0x0000, 0x0000, 0x0000, 0x0000, 0x0000, 0x0000, 0x0000, 0x0000, 
    0x0000, 0x0000, 0x0000, 0x0000, 0x0000, 0x0000, 0x0000, 0x0000, 
    0x0000, 0x0000, 0x0000, 0x0000, 0x0000, 0x0000, 0x0000, 0x0000, 
    0x0000, 0x0000, 0x0000, 0x0000, 0x0000, 0x0000, 0x0000, 0x0000, 
    0x0000, 0x0000, 0x0000, 0x0000, 0x0000, 0x0000, 0x0000, 0x0000, 
    0x0000, 0x0000, 0x0000, 0x0000, 0x0000, 0x0000, 0x0000, 0x0000, 
    0x0000, 0x0000, 0x0000, 0x0000, 0x0000, 0x0000, 0x0000, 0x0000, 
    0x0000, 0x0000, 0x0000, 0x0000, 0x0000, 0x0000, 0x0000, 0x0000, 
    0x0000, 0x0000, 0x0000, 0x0000, 0x0000, 0x0000, 0x0000, 0x0000, 
    0x0000, 0x0000, 0x0000, 0x0000, 0x0000, 0x0000, 0x0000, 0x0000, 
    0x0000, 0x0000, 0x0000, 0x0000, 0x0000, 0x0000, 0x0000, 0x0000, 
    0x0000, 0x0000, 0x0000, 0x0000, 0x0000, 0x0000, 0x0000, 0x0000, 
    0x0000, 0x0000, 0x0000, 0x0000, 0x0000, 0x0000, 0x0000, 0x0000, 
    0x0000, 0x0000, 0x0000, 0x0000, 0x0000, 0x0000, 0x0000, 0x0000, 
    0x0000, 0x0000, 0x0000, 0x0000, 0x0000, 0x0000, 0x0000, 0x0000, 
    0x0000, 0x0000, 0x0000, 0x0000, 0x0000, 0x0000, 0x0000, 0x0000, 
    0x0000, 0x0000, 0x0000, 0x0000, 0x0000, 0x0000, 0x0000, 0x0000, 
    0x0000, 0x0000, 0x0000, 0x0000, 0x0000, 0x0000, 0x0000, 0x0000, 
    0x0000, 0x0000, 0x0000, 0x0000, 0x0000, 0x0000, 0x0000, 0x0000, 
    0x0000, 0x0000, 0x0000, 0x0000, 0x0000, 0x0000, 0x0000, 0x0000, 
    0x0000, 0x0000, 0x0000, 0x0000, 0x0000, 0x0000, 0x0000, 0x0000, 
    0x0000, 0x0000, 0x0000, 0x0000, 0x0000, 0x0000, 0x0000, 0x0000, 
    0x0000, 0x0000, 0x0000, 0x0000, 0x0000, 0x0000, 0x0000, 0x0000, 
    0x0000, 0x0000, 0x0000, 0x0000, 0x0000, 0x0000, 0x0000, 0x0000, 
    0x0000, 0x0000, 0x0000, 0x0000, 0x0000, 0x0000, 0x0000, 0x0000, 
    0x0000, 0x0000, 0x0000, 0x0000, 0x0000, 0x0000, 0x0000, 0x0000, 
    0x0000, 0x0000, 0x0000, 0x0000, 0x0000, 0x0000, 0x0000, 0x0000, 
    0x0000, 0x0000, 0x0000, 0x0000, 0x0000, 0x0000, 0x0000, 0x0000, 
    0x0000, 0x0000, 0x0000, 0x0000, 0x0000, 0x0000, 0x0000, 0x0000, 
    0x0000, 0x0000, 0x0000, 0x0000, 0x0000, 0x0000, 0x0000, 0x0000, 
    0x0000, 0x0000, 0x0000, 0x0000, 0x0000, 0x0000, 0x0000, 0x0000, 
    0x0000, 0x0000, 0x0000, 0x0000, 0x0000, 0x0000, 0x0000, 0x0000, 
    0x0000, 0x0000, 0x0000, 0x0000, 0x0000, 0x0000, 0x0000, 0x0000, 
    0x0000, 0x0000, 0x0000, 0x0000, 0x0000, 0x0000, 0x0000, 0x0000, 
    0x0000, 0x0000, 0x0000, 0x0000, 0x0000, 0x0000, 0x0000, 0x0000, 
    0x0000, 0x0000, 0x0000, 0x0000, 0x0000, 0x0000, 0x0000, 0x0000, 
    0x0000, 0x0000, 0x0000, 0x0000, 0x0000, 0x0000, 0x0000, 0x0000, 
    0x0000, 0x0000, 0x0000, 0x0000, 0x0000, 0x0000, 0x0000, 0x0000, 
    0x0000, 0x0000, 0x0000, 0x0000, 0x0000, 0x0000, 0x0000, 0x0000, 
    0x0000, 0x0000, 0x0000, 0x0000, 0x0000, 0x0000, 0x0000, 0x0000, 
    0x0000, 0x0000, 0x0000, 0x0000, 0x0000, 0x0000, 0x0000, 0x0000, 
    0x0000, 0x0000, 0x0000, 0x0000, 0x0000, 0x0000, 0x0000, 0x0000, 
    0x0000, 0x0000, 0x0000, 0x0000, 0x0000, 0x0000, 0x0000, 0x0000, 
    0x0000, 0x0000, 0x0000, 0x0000, 0x0000, 0x0000, 0x0000, 0x0000, 
    0x0000, 0x0000, 0x0000, 0x0000, 0x0000, 0x0000, 0x0000, 0x0000, 
    0x0000, 0x0000, 0x0000, 0x0000, 0x0000, 0x0000, 0x0000, 0x0000, 
    0x0000, 0x0000, 0x0000, 0x0000, 0x0000, 0x0000, 0x0000, 0x0000, 
    0x0000, 0x0000, 0x0000, 0x0000, 0x0000, 0x0000, 0x0000, 0x0000, 
    0x0000, 0x0000, 0x0000, 0x0000, 0x0000, 0x0000, 0x0000, 0x0000, 
    0x0000, 0x0000, 0x0000, 0x0000, 0x0000, 0x0000, 0x0000, 0x0000, 
    0x0000, 0x0000, 0x0000, 0x0000, 0x0000, 0x0000, 0x0000, 0x0000, 
    0x0000, 0x0000, 0x0000, 0x0000, 0x0000, 0x0000, 0x0000, 0x0000, 
    0x0000, 0x0000, 0x0000, 0x0000, 0x0000, 0x0000, 0x0000, 0x0000, 
    0x0000, 0x0000, 0x0000, 0x0000, 0x0000, 0x0000, 0x0000, 0x0000, 
    0x0000, 0x0000, 0x0000, 0x0000, 0x0000, 0x0000, 0x0000, 0x0000, 
    0x0000, 0x0000, 0x0000, 0x0000, 0x0000, 0x0000, 0x0000, 0x0000, 
    0x0000, 0x0000, 0x0000, 0x0000, 0x0000, 0x0000, 0x0000, 0x0000, 
    0x0000, 0x0000, 0x0000, 0x0000, 0x0000, 0x0000, 0x0000, 0x0000, 
    0x0000, 0x0000, 0x0000, 0x0000, 0x0000, 0x0000, 0x0000, 0x0000, 
    0x0000, 0x0000, 0x0000, 0x0000, 0x0000, 0x0000, 0x0000, 0x0000, 
    0x0000, 0x0000, 0x0000, 0x0000, 0x0000, 0x0000, 0x0000, 0x0000, 
    0x0000, 0x0000, 0x0000, 0x0000, 0x0000, 0x0000, 0x0000, 0x0000, 
    0x0000, 0x0000, 0x0000, 0x0000, 0x0000, 0x0000, 0x0000, 0x0000, 
    0x0000, 0x0000, 0x0000, 0x0000, 0x0000, 0x0000, 0x0000, 0x0000, 
    0x0000, 0x0000, 0x0000, 0x0000, 0x0000, 0x0000, 0x0000, 0x0000, 
    0x0000, 0x0000, 0x0000, 0x0000, 0x0000, 0x0000, 0x0000, 0x0000, 
    0x0000, 0x0000, 0x0000, 0x0000, 0x0000, 0x0000, 0x0000, 0x0000, 
    0x0000, 0x0000, 0x0000, 0x0000, 0x0000, 0x0000, 0x0000, 0x0000, 
    0x0000, 0x0000, 0x0000, 0x0000, 0x0000, 0x0000, 0x0000, 0x0000, 
    0x0000, 0x0000, 0x0000, 0x0000, 0x0000, 0x0000, 0x0000, 0x0000, 
    0x0000, 0x0000, 0x0000, 0x0000, 0x0000, 0x0000, 0x0000, 0x0000, 
    0x0000, 0x0000, 0x0000, 0x0000, 0x0000, 0x0000, 0x0000, 0x0000, 
    0x0000, 0x0000, 0x0000, 0x0000, 0x0000, 0x0000, 0x0000, 0x0000, 
    0x0000, 0x0000, 0x0000, 0x0000, 0x0000, 0x0000, 0x0000, 0x0000, 
    0x0000, 0x0000, 0x0000, 0x0000, 0x0000, 0x0000, 0x0000, 0x0000, 
    0x0000, 0x0000, 0x0000, 0x0000, 0x0000, 0x0000, 0x0000, 0x0000, 
    0x0000, 0x0000, 0x0000, 0x0000, 0x0000, 0x0000, 0x0000, 0x0000, 
    0x0000, 0x0000, 0x0000, 0x0000, 0x0000, 0x0000, 0x0000, 0x0000, 
    0x0000, 0x0000, 0x0000, 0x0000, 0x0000, 0x0000, 0x0000, 0x0000, 
    0x0000, 0x0000, 0x0000, 0x0000, 0x0000, 0x0000, 0x0000, 0x0000, 
    0x0000, 0x0000, 0x0000, 0x0000, 0x0000, 0x0000, 0x0000, 0x0000, 
    0x0000, 0x0000, 0x0000, 0x0000, 0x0000, 0x0000, 0x0000, 0x0000, 
    0x0000, 0x0000, 0x0000, 0x0000, 0x0000, 0x0000, 0x0000, 0x0000, 
    0x0000, 0x0000, 0x0000, 0x0000, 0x0000, 0x0000, 0x0000, 0x0000, 
    0x0000, 0x0000, 0x0000, 0x0000, 0x0000, 0x0000, 0x0000, 0x0000, 
    0x0000, 0x0000, 0x0000, 0x0000, 0x0000, 0x0000, 0x0000, 0x0000, 
    0x0000, 0x0000, 0x0000, 0x0000, 0x0000, 0x0000, 0x0000, 0x0000, 
    0x0000, 0x0000, 0x0000, 0x0000, 0x0000, 0x0000, 0x0000, 0x0000, 
    0x0000, 0x0000, 0x0000, 0x0000, 0x0000, 0x0000, 0x0000, 0x0000, 
    0x0000, 0x0000, 0x0000, 0x0000, 0x0000, 0x0000, 0x0000, 0x0000, 
    0x0000, 0x0000, 0x0000, 0x0000, 0x0000, 0x0000, 0x0000, 0x0000, 
    0x0000, 0x0000, 0x0000, 0x0000, 0x0000, 0x0000, 0x0000, 0x0000, 
    0x0000, 0x0000, 0x0000, 0x0000, 0x0000, 0x0000, 0x0000, 0x0000, 
    0x0000, 0x0000, 0x0000, 0x0000, 0x0000, 0x0000, 0x0000, 0x0000, 
    0x0000, 0x0000, 0x0000, 0x0000, 0x0000, 0x0000, 0x0000, 0x0000, 
    0x0000, 0x0000, 0x0000, 0x0000, 0x0000, 0x0000, 0x0000, 0x0000, 
    0x0000, 0x0000, 0x0000, 0x0000, 0x0000, 0x0000, 0x0000, 0x0000, 
    0x0000, 0x0000, 0x0000, 0x0000, 0x0000, 0x0000, 0x0000, 0x0000, 
    0x0000, 0x0000, 0x0000, 0x0000, 0x0000, 0x0000, 0x0000, 0x0000, 
    0x0000, 0x0000, 0x0000, 0x0000, 0x0000, 0x0000, 0x0000, 0x0000, 
    0x0000, 0x0000, 0x0000, 0x0000, 0x0000, 0x0000, 0x0000, 0x0000, 
    0x0000, 0x0000, 0x0000, 0x0000, 0x0000, 0x0000, 0x0000, 0x0000, 
    0x0000, 0x0000, 0x0000, 0x0000, 0x0000, 0x0000, 0x0000, 0x0000, 
    0x0000, 0x0000, 0x0000, 0x0000, 0x0000, 0x0000, 0x0000, 0x0000, 
    0x0000, 0x0000, 0x0000, 0x0000, 0x0000, 0x0000, 0x0000, 0x0000, 
    0x0000, 0x0000, 0x0000, 0x0000, 0x0000, 0x0000, 0x0000, 0x0000, 
    0x0000, 0x0000, 0x0000, 0x0000, 0x0000, 0x0000, 0x0000, 0x0000, 
    0x0000, 0x0000, 0x0000, 0x0000, 0x0000, 0x0000, 0x0000, 0x0000, 
    0x0000, 0x0000, 0x0000, 0x0000, 0x0000, 0x0000, 0x0000, 0x0000, 
    0x0000, 0x0000, 0x0000, 0x0000, 0x0000, 0x0000, 0x0000, 0x0000, 
    0x0000, 0x0000, 0x0000, 0x0000, 0x0000, 0x0000, 0x0000, 0x0000, 
    0x0000, 0x0000, 0x0000, 0x0000, 0x0000, 0x0000, 0x0000, 0x0000, 
    0x0000, 0x0000, 0x0000, 0x0000, 0x0000, 0x0000, 0x0000, 0x0000, 
    0x0000, 0x0000, 0x0000, 0x0000, 0x0000, 0x0000, 0x0000, 0x0000, 
    0x0000, 0x0000, 0x0000, 0x0000, 0x0000, 0x0000, 0x0000, 0x0000, 
    0x0000, 0x0000, 0x0000, 0x0000, 0x0000, 0x0000, 0x0000, 0x0000, 
    0x0000, 0x0000, 0x0000, 0x0000, 0x0000, 0x0000, 0x0000, 0x0000, 
    0x0000, 0x0000, 0x0000, 0x0000, 0x0000, 0x0000, 0x0000, 0x0000, 
    0x0000, 0x0000, 0x0000, 0x0000, 0x0000, 0x0000, 0x0000, 0x0000, 
    0x0000, 0x0000, 0x0000, 0x0000, 0x0000, 0x0000, 0x0000, 0x0000, 
    0x0000, 0x0000, 0x0000, 0x0000, 0x0000, 0x0000, 0x0000, 0x0000, 
    0x0000, 0x0000, 0x0000, 0x0000, 0x0000, 0x0000, 0x0000, 0x0000, 
    0x0000, 0x0000, 0x0000, 0x0000, 0x0000, 0x0000, 0x0000, 0x0000, 
    0x0000, 0x0000, 0x0000, 0x0000, 0x0000, 0x0000, 0x0000, 0x0000, 
    0x0000, 0x0000, 0x0000, 0x0000, 0x0000, 0x0000, 0x0000, 0x0000, 
    0x0000, 0x0000, 0x0000, 0x0000, 0x0000, 0x0000, 0x0000, 0x0000, 
    0x0000, 0x0000, 0x0000, 0x0000, 0x0000, 0x0000, 0x0000, 0x0000, 
    0x0000, 0x0000, 0x0000, 0x0000, 0x0000, 0x0000, 0x0000, 0x0000, 
    0x0000, 0x0000, 0x0000, 0x0000, 0x0000, 0x0000, 0x0000, 0x0000, 
    0x0000, 0x0000, 0x0000, 0x0000, 0x0000, 0x0000, 0x0000, 0x0000, 
    0x0000, 0x0000, 0x0000, 0x0000, 0x0000, 0x0000, 0x0000, 0x0000, 
    0x0000, 0x0000, 0x0000, 0x0000, 0x0000, 0x0000, 0x0000, 0x0000, 
    0x0000, 0x0000, 0x0000, 0x0000, 0x0000, 0x0000, 0x0000, 0x0000, 
    0x0000, 0x0000, 0x0000, 0x0000, 0x0000, 0x0000, 0x0000, 0x0000, 
    0x0000, 0x0000, 0x0000, 0x0000, 0x0000, 0x0000, 0x0000, 0x0000, 
    0x0000, 0x0000, 0x0000, 0x0000, 0x0000, 0x0000, 0x0000, 0x0000, 
    0x0000, 0x0000, 0x0000, 0x0000, 0x0000, 0x0000, 0x0000, 0x0000, 
    0x0000, 0x0000, 0x0000, 0x0000, 0x0000, 0x0000, 0x0000, 0x0000, 
    0x0000, 0x0000, 0x0000, 0x0000, 0x0000, 0x0000, 0x0000, 0x0000, 
    0x0000, 0x0000, 0x0000, 0x0000, 0x0000, 0x0000, 0x0000, 0x0000, 
    0x0000, 0x0000, 0x0000, 0x0000, 0x0000, 0x0000, 0x0000, 0x0000, 
    0x0000, 0x0000, 0x0000, 0x0000, 0x0000, 0x0000, 0x0000, 0x0000, 
    0x0000, 0x0000, 0x0000, 0x0000, 0x0000, 0x0000, 0x0000, 0x0000, 
    0x0000, 0x0000, 0x0000, 0x0000, 0x0000, 0x0000, 0x0000, 0x0000, 
    0x0000, 0x0000, 0x0000, 0x0000, 0x0000, 0x0000, 0x0000, 0x0000, 
    0x0000, 0x0000, 0x0000, 0x0000, 0x0000, 0x0000, 0x0000, 0x0000, 
    0x0000, 0x0000, 0x0000, 0x0000, 0x0000, 0x0000, 0x0000, 0x0000, 
    0x0000, 0x0000, 0x0000, 0x0000, 0x0000, 0x0000, 0x0000, 0x0000, 
    0x0000, 0x0000, 0x0000, 0x0000, 0x0000, 0x0000, 0x0000, 0x0000, 
    0x0000, 0x0000, 0x0000, 0x0000, 0x0000, 0x0000, 0x0000, 0x0000, 
    0x0000, 0x0000, 0x0000, 0x0000, 0x0000, 0x0000, 0x0000, 0x0000, 
    0x0000, 0x0000, 0x0000, 0x0000, 0x0000, 0x0000, 0x0000, 0x0000, 
    0x0000, 0x0000, 0x0000, 0x0000, 0x0000, 0x0000, 0x0000, 0x0000, 
    0x0000, 0x0000, 0x0000, 0x0000, 0x0000, 0x0000, 0x0000, 0x0000, 
    0x0000, 0x0000, 0x0000, 0x0000, 0x0000, 0x0000, 0x0000, 0x0000, 
    0x0000, 0x0000, 0x0000, 0x0000, 0x0000, 0x0000, 0x0000, 0x0000, 
    0x0000, 0x0000, 0x0000, 0x0000, 0x0000, 0x0000, 0x0000, 0x0000, 
    0x0000, 0x0000, 0x0000, 0x0000, 0x0000, 0x0000, 0x0000, 0x0000, 
    0x0000, 0x0000, 0x0000, 0x0000, 0x0000, 0x0000, 0x0000, 0x0000, 
    0x0000, 0x0000, 0x0000, 0x0000, 0x0000, 0x0000, 0x0000, 0x0000, 
    0x0000, 0x0000, 0x0000, 0x0000, 0x0000, 0x0000, 0x0000, 0x0000, 
    0x0000, 0x0000, 0x0000, 0x0000, 0x0000, 0x0000, 0x0000, 0x0000, 
    0x0000, 0x0000, 0x0000, 0x0000, 0x0000, 0x0000, 0x0000, 0x0000, 
    0x0000, 0x0000, 0x0000, 0x0000, 0x0000, 0x0000, 0x0000, 0x0000, 
    0x0000, 0x0000, 0x0000, 0x0000, 0x0000, 0x0000, 0x0000, 0x0000, 
    0x0000, 0x0000, 0x0000, 0x0000, 0x0000, 0x0000, 0x0000, 0x0000, 
    0x0000, 0x0000, 0x0000, 0x0000, 0x0000, 0x0000, 0x0000, 0x0000, 
    0x0000, 0x0000, 0x0000, 0x0000, 0x0000, 0x0000, 0x0000, 0x0000, 
    0x0000, 0x0000, 0x0000, 0x0000, 0x0000, 0x0000, 0x0000, 0x0000, 
    0x0000, 0x0000, 0x0000, 0x0000, 0x0000, 0x0000, 0x0000, 0x0000, 
    0x0000, 0x0000, 0x0000, 0x0000, 0x0000, 0x0000, 0x0000, 0x0000, 
    0x0000, 0x0000, 0x0000, 0x0000, 0x0000, 0x0000, 0x0000, 0x0000, 
    0x0000, 0x0000, 0x0000, 0x0000, 0x0000, 0x0000, 0x0000, 0x0000, 
    0x0000, 0x0000, 0x0000, 0x0000, 0x0000, 0x0000, 0x0000, 0x0000, 
    0x0000, 0x0000, 0x0000, 0x0000, 0x0000, 0x0000, 0x0000, 0x0000, 
    0x0000, 0x0000, 0x0000, 0x0000, 0x0000, 0x0000, 0x0000, 0x0000, 
    0x0000, 0x0000, 0x0000, 0x0000, 0x0000, 0x0000, 0x0000, 0x0000, 
    0x0000, 0x0000, 0x0000, 0x0000, 0x0000, 0x0000, 0x0000, 0x0000, 
    0x0000, 0x0000, 0x0000, 0x0000, 0x0000, 0x0000, 0x0000, 0x0000, 
    0x0000, 0x0000, 0x0000, 0x0000, 0x0000, 0x0000, 0x0000, 0x0000, 
    0x0000, 0x0000, 0x0000, 0x0000, 0x0000, 0x0000, 0x0000, 0x0000, 
    0x0000, 0x0000, 0x0000, 0x0000, 0x0000, 0x0000, 0x0000, 0x0000, 
    0x0000, 0x0000, 0x0000, 0x0000, 0x0000, 0x0000, 0x0000, 0x0000, 
    0x0000, 0x0000, 0x0000, 0x0000, 0x0000, 0x0000, 0x0000, 0x0000, 
    0x0000, 0x0000, 0x0000, 0x0000, 0x0000, 0x0000, 0x0000, 0x0000, 
    0x0000, 0x0000, 0x0000, 0x0000, 0x0000, 0x0000, 0x0000, 0x0000, 
    0x0000, 0x0000, 0x0000, 0x0000, 0x0000, 0x0000, 0x0000, 0x0000, 
    0x0000, 0x0000, 0x0000, 0x0000, 0x0000, 0x0000, 0x0000, 0x0000, 
    0x0000, 0x0000, 0x0000, 0x0000, 0x0000, 0x0000, 0x0000, 0x0000, 
    0x0000, 0x0000, 0x0000, 0x0000, 0x0000, 0x0000, 0x0000, 0x0000, 
    0x0000, 0x0000, 0x0000, 0x0000, 0x0000, 0x0000, 0x0000, 0x0000, 
    0x0000, 0x0000, 0x0000, 0x0000, 0x0000, 0x0000, 0x0000, 0x0000, 
    0x0000, 0x0000, 0x0000, 0x0000, 0x0000, 0x0000, 0x0000, 0x0000, 
    0x0000, 0x0000, 0x0000, 0x0000, 0x0000, 0x0000, 0x0000, 0x0000, 
    0x0000, 0x0000, 0x0000, 0x0000, 0x0000, 0x0000, 0x0000, 0x0000, 
    0x0000, 0x0000, 0x0000, 0x0000, 0x0000, 0x0000, 0x0000, 0x0000, 
    0x0000, 0x0000, 0x0000, 0x0000, 0x0000, 0x0000, 0x0000, 0x0000, 
    0x0000, 0x0000, 0x0000, 0x0000, 0x0000, 0x0000, 0x0000, 0x0000, 
    0x0000, 0x0000, 0x0000, 0x0000, 0x0000, 0x0000, 0x0000, 0x0000, 
    0x0000, 0x0000, 0x0000, 0x0000, 0x0000, 0x0000, 0x0000, 0x0000, 
    0x0000, 0x0000, 0x0000, 0x0000, 0x0000, 0x0000, 0x0000, 0x0000, 
    0x0000, 0x0000, 0x0000, 0x0000, 0x0000, 0x0000, 0x0000, 0x0000, 
    0x0000, 0x0000, 0x0000, 0x0000, 0x0000, 0x0000, 0x0000, 0x0000, 
    0x0000, 0x0000, 0x0000, 0x0000, 0x0000, 0x0000, 0x0000, 0x0000, 
    0x0000, 0x0000, 0x0000, 0x0000, 0x0000, 0x0000, 0x0000, 0x0000, 
    0x0000, 0x0000, 0x0000, 0x0000, 0x0000, 0x0000, 0x0000, 0x0000, 
    0x0000, 0x0000, 0x0000, 0x0000, 0x0000, 0x0000, 0x0000, 0x0000, 
    0x0000, 0x0000, 0x0000, 0x0000, 0x0000, 0x0000, 0x0000, 0x0000, 
    0x0000, 0x0000, 0x0000, 0x0000, 0x0000, 0x0000, 0x0000, 0x0000, 
    0x0000, 0x0000, 0x0000, 0x0000, 0x0000, 0x0000, 0x0000, 0x0000, 
    0x0000, 0x0000, 0x0000, 0x0000, 0x0000, 0x0000, 0x0000, 0x0000, 
    0x0000, 0x0000, 0x0000, 0x0000, 0x0000, 0x0000, 0x0000, 0x0000, 
    0x0000, 0x0000, 0x0000, 0x0000, 0x0000, 0x0000, 0x0000, 0x0000, 
    0x0000, 0x0000, 0x0000, 0x0000, 0x0000, 0x0000, 0x0000, 0x0000, 
    0x0000, 0x0000, 0x0000, 0x0000, 0x0000, 0x0000, 0x0000, 0x0000, 
    0x0000, 0x0000, 0x0000, 0x0000, 0x0000, 0x0000, 0x0000, 0x0000, 
    0x0000, 0x0000, 0x0000, 0x0000, 0x0000, 0x0000, 0x0000, 0x0000, 
    0x0000, 0x0000, 0x0000, 0x0000, 0x0000, 0x0000, 0x0000, 0x0000, 
    0x0000, 0x0000, 0x0000, 0x0000, 0x0000, 0x0000, 0x0000, 0x0000, 
    0x0000, 0x0000, 0x0000, 0x0000, 0x0000, 0x0000, 0x0000, 0x0000, 
    0x0000, 0x0000, 0x0000, 0x0000, 0x0000, 0x0000, 0x0000, 0x0000, 
    0x0000, 0x0000, 0x0000, 0x0000, 0x0000, 0x0000, 0x0000, 0x0000, 
    0x0000, 0x0000, 0x0000, 0x0000, 0x0000, 0x0000, 0x0000, 0x0000, 
    0x0000, 0x0000, 0x0000, 0x0000, 0x0000, 0x0000, 0x0000, 0x0000, 
    0x0000, 0x0000, 0x0000, 0x0000, 0x0000, 0x0000, 0x0000, 0x0000, 
    0x0000, 0x0000, 0x0000, 0x0000, 0x0000, 0x0000, 0x0000, 0x0000, 
    0x0000, 0x0000, 0x0000, 0x0000, 0x0000, 0x0000, 0x0000, 0x0000, 
    0x0000, 0x0000, 0x0000, 0x0000, 0x0000, 0x0000, 0x0000, 0x0000, 
    0x0000, 0x0000, 0x0000, 0x0000, 0x0000, 0x0000, 0x0000, 0x0000, 
    0x0000, 0x0000, 0x0000, 0x0000, 0x0000, 0x0000, 0x0000, 0x0000, 
    0x0000, 0x0000, 0x0000, 0x0000, 0x0000, 0x0000, 0x0000, 0x0000, 
    0x0000, 0x0000, 0x0000, 0x0000, 0x0000, 0x0000, 0x0000, 0x0000, 
    0x0000, 0x0000, 0x0000, 0x0000, 0x0000, 0x0000, 0x0000, 0x0000, 
    0x0000, 0x0000, 0x0000, 0x0000, 0x0000, 0x0000, 0x0000, 0x0000, 
    0x0000, 0x0000, 0x0000, 0x0000, 0x0000, 0x0000, 0x0000, 0x0000, 
    0x0000, 0x0000, 0x0000, 0x0000, 0x0000, 0x0000, 0x0000, 0x0000, 
    0x0000, 0x0000, 0x0000, 0x0000, 0x0000, 0x0000, 0x0000, 0x0000, 
    0x0000, 0x0000, 0x0000, 0x0000, 0x0000, 0x0000, 0x0000, 0x0000, 
    0x0000, 0x0000, 0x0000, 0x0000, 0x0000, 0x0000, 0x0000, 0x0000, 
    0x0000, 0x0000, 0x0000, 0x0000, 0x0000, 0x0000, 0x0000, 0x0000, 
    0x0000, 0x0000, 0x0000, 0x0000, 0x0000, 0x0000, 0x0000, 0x0000, 
    0x0000, 0x0000, 0x0000, 0x0000, 0x0000, 0x0000, 0x0000, 0x0000, 
    0x0000, 0x0000, 0x0000, 0x0000, 0x0000, 0x0000, 0x0000, 0x0000, 
    0x0000, 0x0000, 0x0000, 0x0000, 0x0000, 0x0000, 0x0000, 0x0000, 
    0x0000, 0x0000, 0x0000, 0x0000, 0x0000, 0x0000, 0x0000, 0x0000, 
    0x0000, 0x0000, 0x0000, 0x0000, 0x0000, 0x0000, 0x0000, 0x0000, 
    0x0000, 0x0000, 0x0000, 0x0000, 0x0000, 0x0000, 0x0000, 0x0000, 
    0x0000, 0x0000, 0x0000, 0x0000, 0x0000, 0x0000, 0x0000, 0x0000, 
    0x0000, 0x0000, 0x0000, 0x0000, 0x0000, 0x0000, 0x0000, 0x0000, 
    0x0000, 0x0000, 0x0000, 0x0000, 0x0000, 0x0000, 0x0000, 0x0000, 
    0x0000, 0x0000, 0x0000, 0x0000, 0x0000, 0x0000, 0x0000, 0x0000, 
    0x0000, 0x0000, 0x0000, 0x0000, 0x0000, 0x0000, 0x0000, 0x0000, 
    0x0000, 0x0000, 0x0000, 0x0000, 0x0000, 0x0000, 0x0000, 0x0000, 
    0x0000, 0x0000, 0x0000, 0x0000, 0x0000, 0x0000, 0x0000, 0x0000, 
    0x0000, 0x0000, 0x0000, 0x0000, 0x0000, 0x0000, 0x0000, 0x0000, 
    0x0000, 0x0000, 0x0000, 0x0000, 0x0000, 0x0000, 0x0000, 0x0000, 
    0x0000, 0x0000, 0x0000, 0x0000, 0x0000, 0x0000, 0x0000, 0x0000, 
    0x0000, 0x0000, 0x0000, 0x0000, 0x0000, 0x0000, 0x0000, 0x0000, 
    0x0000, 0x0000, 0x0000, 0x0000, 0x0000, 0x0000, 0x0000, 0x0000, 
    0x0000, 0x0000, 0x0000, 0x0000, 0x0000, 0x0000, 0x0000, 0x0000, 
    0x0000, 0x0000, 0x0000, 0x0000, 0x0000, 0x0000, 0x0000, 0x0000, 
    0x0000, 0x0000, 0x0000, 0x0000, 0x0000, 0x0000, 0x0000, 0x0000, 
    0x0000, 0x0000, 0x0000, 0x0000, 0x0000, 0x0000, 0x0000, 0x0000, 
    0x0000, 0x0000, 0x0000, 0x0000, 0x0000, 0x0000, 0x0000, 0x0000, 
    0x0000, 0x0000, 0x0000, 0x0000, 0x0000, 0x0000, 0x0000, 0x0000, 
    0x0000, 0x0000, 0x0000, 0x0000, 0x0000, 0x0000, 0x0000, 0x0000, 
    0x0000, 0x0000, 0x0000, 0x0000, 0x0000, 0x0000, 0x0000, 0x0000, 
    0x0000, 0x0000, 0x0000, 0x0000, 0x0000, 0x0000, 0x0000, 0x0000, 
    0x0000, 0x0000, 0x0000, 0x0000, 0x0000, 0x0000, 0x0000, 0x0000, 
    0x0000, 0x0000, 0x0000, 0x0000, 0x0000, 0x0000, 0x0000, 0x0000, 
    0x0000, 0x0000, 0x0000, 0x0000, 0x0000, 0x0000, 0x0000, 0x0000, 
    0x0000, 0x0000, 0x0000, 0x0000, 0x0000, 0x0000, 0x0000, 0x0000, 
    0x0000, 0x0000, 0x0000, 0x0000, 0x0000, 0x0000, 0x0000, 0x0000, 
    0x0000, 0x0000, 0x0000, 0x0000, 0x0000, 0x0000, 0x0000, 0x0000, 
    0x0000, 0x0000, 0x0000, 0x0000, 0x0000, 0x0000, 0x0000, 0x0000, 
    0x0000, 0x0000, 0x0000, 0x0000, 0x0000, 0x0000, 0x0000, 0x0000, 
    0x0000, 0x0000, 0x0000, 0x0000, 0x0000, 0x0000, 0x0000, 0x0000, 
    0x0000, 0x0000, 0x0000, 0x0000, 0x0000, 0x0000, 0x0000, 0x0000, 
    0x0000, 0x0000, 0x0000, 0x0000, 0x0000, 0x0000, 0x0000, 0x0000, 
    0x0000, 0x0000, 0x0000, 0x0000, 0x0000, 0x0000, 0x0000, 0x0000, 
    0x0000, 0x0000, 0x0000, 0x0000, 0x0000, 0x0000, 0x0000, 0x0000, 
    0x0000, 0x0000, 0x0000, 0x0000, 0x0000, 0x0000, 0x0000, 0x0000, 
    0x0000, 0x0000, 0x0000, 0x0000, 0x0000, 0x0000, 0x0000, 0x0000, 
    0x0000, 0x0000, 0x0000, 0x0000, 0x0000, 0x0000, 0x0000, 0x0000, 
    0x0000, 0x0000, 0x0000, 0x0000, 0x0000, 0x0000, 0x0000, 0x0000, 
    0x0000, 0x0000, 0x0000, 0x0000, 0x0000, 0x0000, 0x0000, 0x0000, 
    0x0000, 0x0000, 0x0000, 0x0000, 0x0000, 0x0000, 0x0000, 0x0000, 
    0x0000, 0x0000, 0x0000, 0x0000, 0x0000, 0x0000, 0x0000, 0x0000, 
    0x0000, 0x0000, 0x0000, 0x0000, 0x0000, 0x0000, 0x0000, 0x0000, 
    0x0000, 0x0000, 0x0000, 0x0000, 0x0000, 0x0000, 0x0000, 0x0000, 
    0x0000, 0x0000, 0x0000, 0x0000, 0x0000, 0x0000, 0x0000, 0x0000, 
    0x0000, 0x0000, 0x0000, 0x0000, 0x0000, 0x0000, 0x0000, 0x0000, 
    0x0000, 0x0000, 0x0000, 0x0000, 0x0000, 0x0000, 0x0000, 0x0000, 
    0x0000, 0x0000, 0x0000, 0x0000, 0x0000, 0x0000, 0x0000, 0x0000, 
    0x0000, 0x0000, 0x0000, 0x0000, 0x0000, 0x0000, 0x0000, 0x0000, 
    0x0000, 0x0000, 0x0000, 0x0000, 0x0000, 0x0000, 0x0000, 0x0000, 
    0x0000, 0x0000, 0x0000, 0x0000, 0x0000, 0x0000, 0x0000, 0x0000, 
    0x0000, 0x0000, 0x0000, 0x0000, 0x0000, 0x0000, 0x0000, 0x0000, 
    0x0000, 0x0000, 0x0000, 0x0000, 0x0000, 0x0000, 0x0000, 0x0000, 
    0x0000, 0x0000, 0x0000, 0x0000, 0x0000, 0x0000, 0x0000, 0x0000, 
    0x0000, 0x0000, 0x0000, 0x0000, 0x0000, 0x0000, 0x0000, 0x0000, 
    0x0000, 0x0000, 0x0000, 0x0000, 0x0000, 0x0000, 0x0000, 0x0000, 
    0x0000, 0x0000, 0x0000, 0x0000, 0x0000, 0x0000, 0x0000, 0x0000, 
    0x0000, 0x0000, 0x0000, 0x0000, 0x0000, 0x0000, 0x0000, 0x0000, 
    0x0000, 0x0000, 0x0000, 0x0000, 0x0000, 0x0000, 0x0000, 0x0000, 
    0x0000, 0x0000, 0x0000, 0x0000, 0x0000, 0x0000, 0x0000, 0x0000, 
    0x0000, 0x0000, 0x0000, 0x0000, 0x0000, 0x0000, 0x0000, 0x0000, 
    0x0000, 0x0000, 0x0000, 0x0000, 0x0000, 0x0000, 0x0000, 0x0000, 
    0x0000, 0x0000, 0x0000, 0x0000, 0x0000, 0x0000, 0x0000, 0x0000, 
    0x0000, 0x0000, 0x0000, 0x0000, 0x0000, 0x0000, 0x0000, 0x0000, 
    0x0000, 0x0000, 0x0000, 0x0000, 0x0000, 0x0000, 0x0000, 0x0000, 
    0x0000, 0x0000, 0x0000, 0x0000, 0x0000, 0x0000, 0x0000, 0x0000, 
    0x0000, 0x0000, 0x0000, 0x0000, 0x0000, 0x0000, 0x0000, 0x0000, 
    0x0000, 0x0000, 0x0000, 0x0000, 0x0000, 0x0000, 0x0000, 0x0000, 
    0x0000, 0x0000, 0x0000, 0x0000, 0x0000, 0x0000, 0x0000, 0x0000, 
    0x0000, 0x0000, 0x0000, 0x0000, 0x0000, 0x0000, 0x0000, 0x0000, 
    0x0000, 0x0000, 0x0000, 0x0000, 0x0000, 0x0000, 0x0000, 0x0000, 
    0x0000, 0x0000, 0x0000, 0x0000, 0x0000, 0x0000, 0x0000, 0x0000, 
    0x0000, 0x0000, 0x0000, 0x0000, 0x0000, 0x0000, 0x0000, 0x0000, 
    0x0000, 0x0000, 0x0000, 0x0000, 0x0000, 0x0000, 0x0000, 0x0000, 
    0x0000, 0x0000, 0x0000, 0x0000, 0x0000, 0x0000, 0x0000, 0x0000, 
    0x0000, 0x0000, 0x0000, 0x0000, 0x0000, 0x0000, 0x0000, 0x0000, 
    0x0000, 0x0000, 0x0000, 0x0000, 0x0000, 0x0000, 0x0000, 0x0000, 
    0x0000, 0x0000, 0x0000, 0x0000, 0x0000, 0x0000, 0x0000, 0x0000, 
    0x0000, 0x0000, 0x0000, 0x0000, 0x0000, 0x0000, 0x0000, 0x0000, 
    0x0000, 0x0000, 0x0000, 0x0000, 0x0000, 0x0000, 0x0000, 0x0000, 
    0x0000, 0x0000, 0x0000, 0x0000, 0x0000, 0x0000, 0x0000, 0x0000, 
    0x0000, 0x0000, 0x0000, 0x0000, 0x0000, 0x0000, 0x0000, 0x0000, 
    0x0000, 0x0000, 0x0000, 0x0000, 0x0000, 0x0000, 0x0000, 0x0000, 
    0x0000, 0x0000, 0x0000, 0x0000, 0x0000, 0x0000, 0x0000, 0x0000, 
    0x0000, 0x0000, 0x0000, 0x0000, 0x0000, 0x0000, 0x0000, 0x0000, 
    0x0000, 0x0000, 0x0000, 0x0000, 0x0000, 0x0000, 0x0000, 0x0000, 
    0x0000, 0x0000, 0x0000, 0x0000, 0x0000, 0x0000, 0x0000, 0x0000, 
    0x0000, 0x0000, 0x0000, 0x0000, 0x0000, 0x0000, 0x0000, 0x0000, 
    0x0000, 0x0000, 0x0000, 0x0000, 0x0000, 0x0000, 0x0000, 0x0000, 
    0x0000, 0x0000, 0x0000, 0x0000, 0x0000, 0x0000, 0x0000, 0x0000, 
    0x0000, 0x0000, 0x0000, 0x0000, 0x0000, 0x0000, 0x0000, 0x0000, 
    0x0000, 0x0000, 0x0000, 0x0000, 0x0000, 0x0000, 0x0000, 0x0000, 
    0x0000, 0x0000, 0x0000, 0x0000, 0x0000, 0x0000, 0x0000, 0x0000, 
    0x0000, 0x0000, 0x0000, 0x0000, 0x0000, 0x0000, 0x0000, 0x0000, 
    0x0000, 0x0000, 0x0000, 0x0000, 0x0000, 0x0000, 0x0000, 0x0000, 
    0x0000, 0x0000, 0x0000, 0x0000, 0x0000, 0x0000, 0x0000, 0x0000, 
    0x0000, 0x0000, 0x0000, 0x0000, 0x0000, 0x0000, 0x0000, 0x0000, 
    0x0000, 0x0000, 0x0000, 0x0000, 0x0000, 0x0000, 0x0000, 0x0000, 
    0x0000, 0x0000, 0x0000, 0x0000, 0x0000, 0x0000, 0x0000, 0x0000, 
    0x0000, 0x0000, 0x0000, 0x0000, 0x0000, 0x0000, 0x0000, 0x0000, 
    0x0000, 0x0000, 0x0000, 0x0000, 0x0000, 0x0000, 0x0000, 0x0000, 
    0x0000, 0x0000, 0x0000, 0x0000, 0x0000, 0x0000, 0x0000, 0x0000, 
    0x0000, 0x0000, 0x0000, 0x0000, 0x0000, 0x0000, 0x0000, 0x0000, 
    0x0000, 0x0000, 0x0000, 0x0000, 0x0000, 0x0000, 0x0000, 0x0000, 
    0x0000, 0x0000, 0x0000, 0x0000, 0x0000, 0x0000, 0x0000, 0x0000, 
    0x0000, 0x0000, 0x0000, 0x0000, 0x0000, 0x0000, 0x0000, 0x0000, 
    0x0000, 0x0000, 0x0000, 0x0000, 0x0000, 0x0000, 0x0000, 0x0000, 
    0x0000, 0x0000, 0x0000, 0x0000, 0x0000, 0x0000, 0x0000, 0x0000, 
    0x0000, 0x0000, 0x0000, 0x0000, 0x0000, 0x0000, 0x0000, 0x0000, 
    0x0000, 0x0000, 0x0000, 0x0000, 0x0000, 0x0000, 0x0000, 0x0000, 
    0x0000, 0x0000, 0x0000, 0x0000, 0x0000, 0x0000, 0x0000, 0x0000, 
    0x0000, 0x0000, 0x0000, 0x0000, 0x0000, 0x0000, 0x0000, 0x0000, 
    0x0000, 0x0000, 0x0000, 0x0000, 0x0000, 0x0000, 0x0000, 0x0000, 
    0x0000, 0x0000, 0x0000, 0x0000, 0x0000, 0x0000, 0x0000, 0x0000, 
    0x0000, 0x0000, 0x0000, 0x0000, 0x0000, 0x0000, 0x0000, 0x0000, 
    0x0000, 0x0000, 0x0000, 0x0000, 0x0000, 0x0000, 0x0000, 0x0000, 
    0x0000, 0x0000, 0x0000, 0x0000, 0x0000, 0x0000, 0x0000, 0x0000, 
    0x0000, 0x0000, 0x0000, 0x0000, 0x0000, 0x0000, 0x0000, 0x0000, 
    0x0000, 0x0000, 0x0000, 0x0000, 0x0000, 0x0000, 0x0000, 0x0000, 
    0x0000, 0x0000, 0x0000, 0x0000, 0x0000, 0x0000, 0x0000, 0x0000, 
    0x0000, 0x0000, 0x0000, 0x0000, 0x0000, 0x0000, 0x0000, 0x0000, 
    0x0000, 0x0000, 0x0000, 0x0000, 0x0000, 0x0000, 0x0000, 0x0000, 
    0x0000, 0x0000, 0x0000, 0x0000, 0x0000, 0x0000, 0x0000, 0x0000, 
    0x0000, 0x0000, 0x0000, 0x0000, 0x0000, 0x0000, 0x0000, 0x0000, 
    0x0000, 0x0000, 0x0000, 0x0000, 0x0000, 0x0000, 0x0000, 0x0000, 
    0x0000, 0x0000, 0x0000, 0x0000, 0x0000, 0x0000, 0x0000, 0x0000, 
    0x0000, 0x0000, 0x0000, 0x0000, 0x0000, 0x0000, 0x0000, 0x0000, 
    0x0000, 0x0000, 0x0000, 0x0000, 0x0000, 0x0000, 0x0000, 0x0000, 
    0x0000, 0x0000, 0x0000, 0x0000, 0x0000, 0x0000, 0x0000, 0x0000, 
    0x0000, 0x0000, 0x0000, 0x0000, 0x0000, 0x0000, 0x0000, 0x0000, 
    0x0000, 0x0000, 0x0000, 0x0000, 0x0000, 0x0000, 0x0000, 0x0000, 
    0x0000, 0x0000, 0x0000, 0x0000, 0x0000, 0x0000, 0x0000, 0x0000, 
    0x0000, 0x0000, 0x0000, 0x0000, 0x0000, 0x0000, 0x0000, 0x0000, 
    0x0000, 0x0000, 0x0000, 0x0000, 0x0000, 0x0000, 0x0000, 0x0000, 
    0x0000, 0x0000, 0x0000, 0x0000, 0x0000, 0x0000, 0x0000, 0x0000, 
    0x0000, 0x0000, 0x0000, 0x0000, 0x0000, 0x0000, 0x0000, 0x0000, 
    0x0000, 0x0000, 0x0000, 0x0000, 0x0000, 0x0000, 0x0000, 0x0000, 
    0x0000, 0x0000, 0x0000, 0x0000, 0x0000, 0x0000, 0x0000, 0x0000, 
    0x0000, 0x0000, 0x0000, 0x0000, 0x0000, 0x0000, 0x0000, 0x0000, 
    0x0000, 0x0000, 0x0000, 0x0000, 0x0000, 0x0000, 0x0000, 0x0000, 
    0x0000, 0x0000, 0x0000, 0x0000, 0x0000, 0x0000, 0x0000, 0x0000, 
    0x0000, 0x0000, 0x0000, 0x0000, 0x0000, 0x0000, 0x0000, 0x0000, 
    0x0000, 0x0000, 0x0000, 0x0000, 0x0000, 0x0000, 0x0000, 0x0000, 
    0x0000, 0x0000, 0x0000, 0x0000, 0x0000, 0x0000, 0x0000, 0x0000, 
    0x0000, 0x0000, 0x0000, 0x0000, 0x0000, 0x0000, 0x0000, 0x0000, 
    0x0000, 0x0000, 0x0000, 0x0000, 0x0000, 0x0000, 0x0000, 0x0000, 
    0x0000, 0x0000, 0x0000, 0x0000, 0x0000, 0x0000, 0x0000, 0x0000, 
    0x0000, 0x0000, 0x0000, 0x0000, 0x0000, 0x0000, 0x0000, 0x0000, 
    0x0000, 0x0000, 0x0000, 0x0000, 0x0000, 0x0000, 0x0000, 0x0000, 
    0x0000, 0x0000, 0x0000, 0x0000, 0x0000, 0x0000, 0x0000, 0x0000, 
    0x0000, 0x0000, 0x0000, 0x0000, 0x0000, 0x0000, 0x0000, 0x0000, 
    0x0000, 0x0000, 0x0000, 0x0000, 0x0000, 0x0000, 0x0000, 0x0000, 
    0x0000, 0x0000, 0x0000, 0x0000, 0x0000, 0x0000, 0x0000, 0x0000, 
    0x0000, 0x0000, 0x0000, 0x0000, 0x0000, 0x0000, 0x0000, 0x0000, 
    0x0000, 0x0000, 0x0000, 0x0000, 0x0000, 0x0000, 0x0000, 0x0000, 
    0x0000, 0x0000, 0x0000, 0x0000, 0x0000, 0x0000, 0x0000, 0x0000, 
    0x0000, 0x0000, 0x0000, 0x0000, 0x0000, 0x0000, 0x0000, 0x0000, 
    0x0000, 0x0000, 0x0000, 0x0000, 0x0000, 0x0000, 0x0000, 0x0000, 
    0x0000, 0x0000, 0x0000, 0x0000, 0x0000, 0x0000, 0x0000, 0x0000, 
    0x0000, 0x0000, 0x0000, 0x0000, 0x0000, 0x0000, 0x0000, 0x0000, 
    0x0000, 0x0000, 0x0000, 0x0000, 0x0000, 0x0000, 0x0000, 0x0000, 
    0x0000, 0x0000, 0x0000, 0x0000, 0x0000, 0x0000, 0x0000, 0x0000, 
    0x0000, 0x0000, 0x0000, 0x0000, 0x0000, 0x0000, 0x0000, 0x0000, 
    0x0000, 0x0000, 0x0000, 0x0000, 0x0000, 0x0000, 0x0000, 0x0000, 
    0x0000, 0x0000, 0x0000, 0x0000, 0x0000, 0x0000, 0x0000, 0x0000, 
    0x0000, 0x0000, 0x0000, 0x0000, 0x0000, 0x0000, 0x0000, 0x0000, 
    0x0000, 0x0000, 0x0000, 0x0000, 0x0000, 0x0000, 0x0000, 0x0000, 
    0x0000, 0x0000, 0x0000, 0x0000, 0x0000, 0x0000, 0x0000, 0x0000, 
    0x0000, 0x0000, 0x0000, 0x0000, 0x0000, 0x0000, 0x0000, 0x0000, 
    0x0000, 0x0000, 0x0000, 0x0000, 0x0000, 0x0000, 0x0000, 0x0000, 
    0x0000, 0x0000, 0x0000, 0x0000, 0x0000, 0x0000, 0x0000, 0x0000, 
    0x0000, 0x0000, 0x0000, 0x0000, 0x0000, 0x0000, 0x0000, 0x0000, 
    0x0000, 0x0000, 0x0000, 0x0000, 0x0000, 0x0000, 0x0000, 0x0000, 
    0x0000, 0x0000, 0x0000, 0x0000, 0x0000, 0x0000, 0x0000, 0x0000, 
    0x0000, 0x0000, 0x0000, 0x0000, 0x0000, 0x0000, 0x0000, 0x0000, 
    0x0000, 0x0000, 0x0000, 0x0000, 0x0000, 0x0000, 0x0000, 0x0000, 
    0x0000, 0x0000, 0x0000, 0x0000, 0x0000, 0x0000, 0x0000, 0x0000, 
    0x0000, 0x0000, 0x0000, 0x0000, 0x0000, 0x0000, 0x0000, 0x0000, 
    0x0000, 0x0000, 0x0000, 0x0000, 0x0000, 0x0000, 0x0000, 0x0000, 
    0x0000, 0x0000, 0x0000, 0x0000, 0x0000, 0x0000, 0x0000, 0x0000, 
    0x0000, 0x0000, 0x0000, 0x0000, 0x0000, 0x0000, 0x0000, 0x0000, 
    0x0000, 0x0000, 0x0000, 0x0000, 0x0000, 0x0000, 0x0000, 0x0000, 
    0x0000, 0x0000, 0x0000, 0x0000, 0x0000, 0x0000, 0x0000, 0x0000, 
    0x0000, 0x0000, 0x0000, 0x0000, 0x0000, 0x0000, 0x0000, 0x0000, 
    0x0000, 0x0000, 0x0000, 0x0000, 0x0000, 0x0000, 0x0000, 0x0000, 
    0x0000, 0x0000, 0x0000, 0x0000, 0x0000, 0x0000, 0x0000, 0x0000, 
    0x0000, 0x0000, 0x0000, 0x0000, 0x0000, 0x0000, 0x0000, 0x0000, 
    0x0000, 0x0000, 0x0000, 0x0000, 0x0000, 0x0000, 0x0000, 0x0000, 
    0x0000, 0x0000, 0x0000, 0x0000, 0x0000, 0x0000, 0x0000, 0x0000, 
    0x0000, 0x0000, 0x0000, 0x0000, 0x0000, 0x0000, 0x0000, 0x0000, 
    0x0000, 0x0000, 0x0000, 0x0000, 0x0000, 0x0000, 0x0000, 0x0000, 
    0x0000, 0x0000, 0x0000, 0x0000, 0x0000, 0x0000, 0x0000, 0x0000, 
    0x0000, 0x0000, 0x0000, 0x0000, 0x0000, 0x0000, 0x0000, 0x0000, 
    0x0000, 0x0000, 0x0000, 0x0000, 0x0000, 0x0000, 0x0000, 0x0000, 
    0x0000, 0x0000, 0x0000, 0x0000, 0x0000, 0x0000, 0x0000, 0x0000, 
    0x0000, 0x0000, 0x0000, 0x0000, 0x0000, 0x0000, 0x0000, 0x0000, 
    0x0000, 0x0000, 0x0000, 0x0000, 0x0000, 0x0000, 0x0000, 0x0000, 
    0x0000, 0x0000, 0x0000, 0x0000, 0x0000, 0x0000, 0x0000, 0x0000, 
    0x0000, 0x0000, 0x0000, 0x0000, 0x0000, 0x0000, 0x0000, 0x0000, 
    0x0000, 0x0000, 0x0000, 0x0000, 0x0000, 0x0000, 0x0000, 0x0000, 
    0x0000, 0x0000, 0x0000, 0x0000, 0x0000, 0x0000, 0x0000, 0x0000, 
    0x0000, 0x0000, 0x0000, 0x0000, 0x0000, 0x0000, 0x0000, 0x0000, 
    0x0000, 0x0000, 0x0000, 0x0000, 0x0000, 0x0000, 0x0000, 0x0000, 
    0x0000, 0x0000, 0x0000, 0x0000, 0x0000, 0x0000, 0x0000, 0x0000, 
    0x0000, 0x0000, 0x0000, 0x0000, 0x0000, 0x0000, 0x0000, 0x0000, 
    0x0000, 0x0000, 0x0000, 0x0000, 0x0000, 0x0000, 0x0000, 0x0000, 
    0x0000, 0x0000, 0x0000, 0x0000, 0x0000, 0x0000, 0x0000, 0x0000, 
    0x0000, 0x0000, 0x0000, 0x0000, 0x0000, 0x0000, 0x0000, 0x0000, 
    0x0000, 0x0000, 0x0000, 0x0000, 0x0000, 0x0000, 0x0000, 0x0000, 
    0x0000, 0x0000, 0x0000, 0x0000, 0x0000, 0x0000, 0x0000, 0x0000, 
    0x0000, 0x0000, 0x0000, 0x0000, 0x0000, 0x0000, 0x0000, 0x0000, 
    0x0000, 0x0000, 0x0000, 0x0000, 0x0000, 0x0000, 0x0000, 0x0000, 
    0x0000, 0x0000, 0x0000, 0x0000, 0x0000, 0x0000, 0x0000, 0x0000, 
    0x0000, 0x0000, 0x0000, 0x0000, 0x0000, 0x0000, 0x0000, 0x0000, 
    0x0000, 0x0000, 0x0000, 0x0000, 0x0000, 0x0000, 0x0000, 0x0000, 
    0x0000, 0x0000, 0x0000, 0x0000, 0x0000, 0x0000, 0x0000, 0x0000, 
    0x0000, 0x0000, 0x0000, 0x0000, 0x0000, 0x0000, 0x0000, 0x0000, 
    0x0000, 0x0000, 0x0000, 0x0000, 0x0000, 0x0000, 0x0000, 0x0000, 
    0x0000, 0x0000, 0x0000, 0x0000, 0x0000, 0x0000, 0x0000, 0x0000, 
    0x0000, 0x0000, 0x0000, 0x0000, 0x0000, 0x0000, 0x0000, 0x0000, 
    0x0000, 0x0000, 0x0000, 0x0000, 0x0000, 0x0000, 0x0000, 0x0000, 
    0x0000, 0x0000, 0x0000, 0x0000, 0x0000, 0x0000, 0x0000, 0x0000, 
    0x0000, 0x0000, 0x0000, 0x0000, 0x0000, 0x0000, 0x0000, 0x0000, 
    0x0000, 0x0000, 0x0000, 0x0000, 0x0000, 0x0000, 0x0000, 0x0000, 
    0x0000, 0x0000, 0x0000, 0x0000, 0x0000, 0x0000, 0x0000, 0x0000, 
    0x0000, 0x0000, 0x0000, 0x0000, 0x0000, 0x0000, 0x0000, 0x0000, 
    0x0000, 0x0000, 0x0000, 0x0000, 0x0000, 0x0000, 0x0000, 0x0000, 
    0x0000, 0x0000, 0x0000, 0x0000, 0x0000, 0x0000, 0x0000, 0x0000, 
    0x0000, 0x0000, 0x0000, 0x0000, 0x0000, 0x0000, 0x0000, 0x0000, 
    0x0000, 0x0000, 0x0000, 0x0000, 0x0000, 0x0000, 0x0000, 0x0000, 
    0x0000, 0x0000, 0x0000, 0x0000, 0x0000, 0x0000, 0x0000, 0x0000, 
    0x0000, 0x0000, 0x0000, 0x0000, 0x0000, 0x0000, 0x0000, 0x0000, 
    0x0000, 0x0000, 0x0000, 0x0000, 0x0000, 0x0000, 0x0000, 0x0000, 
    0x0000, 0x0000, 0x0000, 0x0000, 0x0000, 0x0000, 0x0000, 0x0000, 
    0x0000, 0x0000, 0x0000, 0x0000, 0x0000, 0x0000, 0x0000, 0x0000, 
    0x0000, 0x0000, 0x0000, 0x0000, 0x0000, 0x0000, 0x0000, 0x0000, 
    0x0000, 0x0000, 0x0000, 0x0000, 0x0000, 0x0000, 0x0000, 0x0000, 
    0x0000, 0x0000, 0x0000, 0x0000, 0x0000, 0x0000, 0x0000, 0x0000, 
    0x0000, 0x0000, 0x0000, 0x0000, 0x0000, 0x0000, 0x0000, 0x0000, 
    0x0000, 0x0000, 0x0000, 0x0000, 0x0000, 0x0000, 0x0000, 0x0000, 
    0x0000, 0x0000, 0x0000, 0x0000, 0x0000, 0x0000, 0x0000, 0x0000, 
    0x0000, 0x0000, 0x0000, 0x0000, 0x0000, 0x0000, 0x0000, 0x0000, 
    0x0000, 0x0000, 0x0000, 0x0000, 0x0000, 0x0000, 0x0000, 0x0000, 
    0x0000, 0x0000, 0x0000, 0x0000, 0x0000, 0x0000, 0x0000, 0x0000, 
    0x0000, 0x0000, 0x0000, 0x0000, 0x0000, 0x0000, 0x0000, 0x0000, 
    0x0000, 0x0000, 0x0000, 0x0000, 0x0000, 0x0000, 0x0000, 0x0000, 
    0x0000, 0x0000, 0x0000, 0x0000, 0x0000, 0x0000, 0x0000, 0x0000, 
    0x0000, 0x0000, 0x0000, 0x0000, 0x0000, 0x0000, 0x0000, 0x0000, 
    0x0000, 0x0000, 0x0000, 0x0000, 0x0000, 0x0000, 0x0000, 0x0000, 
    0x0000, 0x0000, 0x0000, 0x0000, 0x0000, 0x0000, 0x0000, 0x0000, 
    0x0000, 0x0000, 0x0000, 0x0000, 0x0000, 0x0000, 0x0000, 0x0000, 
    0x0000, 0x0000, 0x0000, 0x0000, 0x0000, 0x0000, 0x0000, 0x0000, 
    0x0000, 0x0000, 0x0000, 0x0000, 0x0000, 0x0000, 0x0000, 0x0000, 
    0x0000, 0x0000, 0x0000, 0x0000, 0x0000, 0x0000, 0x0000, 0x0000, 
    0x0000, 0x0000, 0x0000, 0x0000, 0x0000, 0x0000, 0x0000, 0x0000, 
    0x0000, 0x0000, 0x0000, 0x0000, 0x0000, 0x0000, 0x0000, 0x0000, 
    0x0000, 0x0000, 0x0000, 0x0000, 0x0000, 0x0000, 0x0000, 0x0000, 
    0x0000, 0x0000, 0x0000, 0x0000, 0x0000, 0x0000, 0x0000, 0x0000, 
    0x0000, 0x0000, 0x0000, 0x0000, 0x0000, 0x0000, 0x0000, 0x0000, 
    0x0000, 0x0000, 0x0000, 0x0000, 0x0000, 0x0000, 0x0000, 0x0000, 
    0x0000, 0x0000, 0x0000, 0x0000, 0x0000, 0x0000, 0x0000, 0x0000, 
    0x0000, 0x0000, 0x0000, 0x0000, 0x0000, 0x0000, 0x0000, 0x0000, 
    0x0000, 0x0000, 0x0000, 0x0000, 0x0000, 0x0000, 0x0000, 0x0000, 
    0x0000, 0x0000, 0x0000, 0x0000, 0x0000, 0x0000, 0x0000, 0x0000, 
    0x0000, 0x0000, 0x0000, 0x0000, 0x0000, 0x0000, 0x0000, 0x0000, 
    0x0000, 0x0000, 0x0000, 0x0000, 0x0000, 0x0000, 0x0000, 0x0000, 
    0x0000, 0x0000, 0x0000, 0x0000, 0x0000, 0x0000, 0x0000, 0x0000, 
    0x0000, 0x0000, 0x0000, 0x0000, 0x0000, 0x0000, 0x0000, 0x0000, 
    0x0000, 0x0000, 0x0000, 0x0000, 0x0000, 0x0000, 0x0000, 0x0000, 
    0x0000, 0x0000, 0x0000, 0x0000, 0x0000, 0x0000, 0x0000, 0x0000, 
    0x0000, 0x0000, 0x0000, 0x0000, 0x0000, 0x0000, 0x0000, 0x0000, 
    0x0000, 0x0000, 0x0000, 0x0000, 0x0000, 0x0000, 0x0000, 0x0000, 
    0x0000, 0x0000, 0x0000, 0x0000, 0x0000, 0x0000, 0x0000, 0x0000, 
    0x0000, 0x0000, 0x0000, 0x0000, 0x0000, 0x0000, 0x0000, 0x0000, 
    0x0000, 0x0000, 0x0000, 0x0000, 0x0000, 0x0000, 0x0000, 0x0000, 
    0x0000, 0x0000, 0x0000, 0x0000, 0x0000, 0x0000, 0x0000, 0x0000, 
    0x0000, 0x0000, 0x0000, 0x0000, 0x0000, 0x0000, 0x0000, 0x0000, 
    0x0000, 0x0000, 0x0000, 0x0000, 0x0000, 0x0000, 0x0000, 0x0000, 
    0x0000, 0x0000, 0x0000, 0x0000, 0x0000, 0x0000, 0x0000, 0x0000, 
    0x0000, 0x0000, 0x0000, 0x0000, 0x0000, 0x0000, 0x0000, 0x0000, 
    0x0000, 0x0000, 0x0000, 0x0000, 0x0000, 0x0000, 0x0000, 0x0000, 
    0x0000, 0x0000, 0x0000, 0x0000, 0x0000, 0x0000, 0x0000, 0x0000, 
    0x0000, 0x0000, 0x0000, 0x0000, 0x0000, 0x0000, 0x0000, 0x0000, 
    0x0000, 0x0000, 0x0000, 0x0000, 0x0000, 0x0000, 0x0000, 0x0000, 
    0x0000, 0x0000, 0x0000, 0x0000, 0x0000, 0x0000, 0x0000, 0x0000, 
    0x0000, 0x0000, 0x0000, 0x0000, 0x0000, 0x0000, 0x0000, 0x0000, 
    0x0000, 0x0000, 0x0000, 0x0000, 0x0000, 0x0000, 0x0000, 0x0000, 
    0x0000, 0x0000, 0x0000, 0x0000, 0x0000, 0x0000, 0x0000, 0x0000, 
    0x0000, 0x0000, 0x0000, 0x0000, 0x0000, 0x0000, 0x0000, 0x0000, 
    0x0000, 0x0000, 0x0000, 0x0000, 0x0000, 0x0000, 0x0000, 0x0000, 
    0x0000, 0x0000, 0x0000, 0x0000, 0x0000, 0x0000, 0x0000, 0x0000, 
    0x0000, 0x0000, 0x0000, 0x0000, 0x0000, 0x0000, 0x0000, 0x0000, 
    0x0000, 0x0000, 0x0000, 0x0000, 0x0000, 0x0000, 0x0000, 0x0000, 
    0x0000, 0x0000, 0x0000, 0x0000, 0x0000, 0x0000, 0x0000, 0x0000, 
    0x0000, 0x0000, 0x0000, 0x0000, 0x0000, 0x0000, 0x0000, 0x0000, 
    0x0000, 0x0000, 0x0000, 0x0000, 0x0000, 0x0000, 0x0000, 0x0000, 
    0x0000, 0x0000, 0x0000, 0x0000, 0x0000, 0x0000, 0x0000, 0x0000, 
    0x0000, 0x0000, 0x0000, 0x0000, 0x0000, 0x0000, 0x0000, 0x0000, 
    0x0000, 0x0000, 0x0000, 0x0000, 0x0000, 0x0000, 0x0000, 0x0000, 
    0x0000, 0x0000, 0x0000, 0x0000, 0x0000, 0x0000, 0x0000, 0x0000, 
    0x0000, 0x0000, 0x0000, 0x0000, 0x0000, 0x0000, 0x0000, 0x0000, 
    0x0000, 0x0000, 0x0000, 0x0000, 0x0000, 0x0000, 0x0000, 0x0000, 
    0x0000, 0x0000, 0x0000, 0x0000, 0x0000, 0x0000, 0x0000, 0x0000, 
    0x0000, 0x0000, 0x0000, 0x0000, 0x0000, 0x0000, 0x0000, 0x0000, 
    0x0000, 0x0000, 0x0000, 0x0000, 0x0000, 0x0000, 0x0000, 0x0000, 
    0x0000, 0x0000, 0x0000, 0x0000, 0x0000, 0x0000, 0x0000, 0x0000, 
    0x0000, 0x0000, 0x0000, 0x0000, 0x0000, 0x0000, 0x0000, 0x0000, 
    0x0000, 0x0000, 0x0000, 0x0000, 0x0000, 0x0000, 0x0000, 0x0000, 
    0x0000, 0x0000, 0x0000, 0x0000, 0x0000, 0x0000, 0x0000, 0x0000, 
    0x0000, 0x0000, 0x0000, 0x0000, 0x0000, 0x0000, 0x0000, 0x0000, 
    0x0000, 0x0000, 0x0000, 0x0000, 0x0000, 0x0000, 0x0000, 0x0000, 
    0x3001, 0x3002, 0x3003, 0xFF0D, 0xFF0F, 0x30FC, 0xFF1B, 0xFF1C, 
    0xFF20, 0xFF02, 0x309C, 0x309D, 0x00B5, 0xFF41, 0x00A9, 0xFF3F, 
    0xFFE4, 0xFF40, 0x30FE, 0x30FF, 0x309E, 0x309F, 0x3004, 0x4EDE, 
    0x3006, 0x3007, 0x3008, 0x30FD, 0x2016, 0x2011, 0xFF10, 0xFF3D, 
    0xFF5F, 0x2226, 0xFF5D, 0x2027, 0x2026, 0x2019, 0x201A, 0x201D, 
    0x201E, 0xFF09, 0xFF0A, 0x3015, 0x3016, 0xFF3C, 0xFF3E, 0xFF5C, 
    0xFF5E, 0x3009, 0x300A, 0x300B, 0x300C, 0x300D, 0x300E, 0x300F, 
    0x3010, 0x3011, 0x3012, 0xFF0C, 0xFF0E, 0x00B2, 0x00D8, 0x0000, 
    0x00F8, 0xFF1E, 0x2261, 0xFF1D, 0xFF1F, 0x2267, 0x2268, 0x221F, 
    0x2235, 0x2643, 0x2641, 0x00B1, 0x2033, 0x2034, 0x2104, 0xFFE6, 
    0xFF05, 0xFFE1, 0xFFE2, 0xFF06, 0xFF04, 0xFF07, 0xFF0B, 0xFF21, 
    0x00A8, 0x2607, 0x2606, 0x25CC, 0x25D0, 0x25CF, 0x25C8, 0x25C7, 
    0x25A2, 0x25A1, 0x25B4, 0x25B3, 0x25BE, 0x25BD, 0x203C, 0x3013, 
    0x2193, 0x2191, 0x2192, 0x2194, 0x3014, 0x0000, 0x0000, 0x0000, 
    0x0000, 0x0000, 0x0000, 0x0000, 0x0000, 0x0000, 0x0000, 0x0000, 
    0x2209, 0x220C, 0x2287, 0x2288, 0x2283, 0x2284, 0x222B, 0x222A, 
    0x0000, 0x0000, 0x0000, 0x0000, 0x0000, 0x0000, 0x0000, 0x0000, 
    0x2228, 0x2229, 0xFFE3, 0x21D3, 0x21D5, 0x2201, 0x2204, 0x0000, 
    0x0000, 0x0000, 0x0000, 0x0000, 0x0000, 0x0000, 0x0000, 0x0000, 
    0x0000, 0x0000, 0x2221, 0x22A6, 0x2313, 0x2203, 0x2208, 0x2262, 
    0x2253, 0x226B, 0x226C, 0x221B, 0x223E, 0x221E, 0x2236, 0x222C, 
    0x222D, 0x0000, 0x0000, 0x0000, 0x0000, 0x0000, 0x0000, 0x0000, 
    0x212C, 0x2031, 0x2670, 0x266E, 0x266B, 0x2021, 0x2022, 0x00B7, 
    0x0000, 0x0000, 0x0000, 0x0000, 0x25F0, 0x0000, 0x0000, 0x0000, 
    0x0000, 0x0000, 0x0000, 0x0000, 0x0000, 0x0000, 0x0000, 0x0000, 
    0x0000, 0x0000, 0x0000, 0x0000, 0x0000, 0x0000, 0x0000, 0x0000, 
    0x0000, 0x0000, 0x0000, 0x0000, 0x0000, 0x0000, 0x0000, 0x0000, 
    0x0000, 0x0000, 0x0000, 0x0000, 0x0000, 0x0000, 0x0000, 0x0000, 
    0x0000, 0x0000, 0x0000, 0x0000, 0x0000, 0x0000, 0x0000, 0x0000, 
    0x0000, 0x0000, 0x0000, 0x0000, 0x0000, 0x0000, 0x0000, 0x0000, 
    0x0000, 0x0000, 0x0000, 0x0000, 0x0000, 0x0000, 0x0000, 0x0000, 
    0x0000, 0x0000, 0x0000, 0x0000, 0x0000, 0x0000, 0x0000, 0x0000, 
    0x0000, 0x0000, 0x0000, 0x0000, 0x0000, 0x0000, 0x0000, 0x0000, 
    0x0000, 0x0000, 0x0000, 0x0000, 0x0000, 0x0000, 0x0000, 0xFF11, 
    0xFF12, 0xFF13, 0xFF14, 0xFF15, 0xFF16, 0xFF17, 0xFF18, 0xFF19, 
    0xFF1A, 0x0000, 0x0000, 0x0000, 0x0000, 0x0000, 0x0000, 0x0000, 
    0xFF22, 0xFF23, 0xFF24, 0xFF25, 0xFF26, 0xFF27, 0xFF28, 0xFF29, 
    0xFF2A, 0xFF2B, 0xFF2C, 0xFF2D, 0xFF2E, 0xFF2F, 0xFF30, 0xFF31, 
    0xFF32, 0xFF33, 0xFF34, 0xFF35, 0xFF36, 0xFF37, 0xFF38, 0xFF39, 
    0xFF3A, 0xFF3B, 0x0000, 0x0000, 0x0000, 0x0000, 0x0000, 0x0000, 
    0x0000, 0xFF42, 0xFF43, 0xFF44, 0xFF45, 0xFF46, 0xFF47, 0xFF48, 
    0xFF49, 0xFF4A, 0xFF4B, 0xFF4C, 0xFF4D, 0xFF4E, 0xFF4F, 0xFF50, 
    0xFF51, 0xFF52, 0xFF53, 0xFF54, 0xFF55, 0xFF56, 0xFF57, 0xFF58, 
    0xFF59, 0xFF5A, 0xFF5B, 0x0000, 0x0000, 0x0000, 0x0000, 0x3042, 
    0x3043, 0x3044, 0x3045, 0x3046, 0x3047, 0x3048, 0x3049, 0x304A, 
    0x304B, 0x304C, 0x304D, 0x304E, 0x304F, 0x3050, 0x3051, 0x3052, 
    0x3053, 0x3054, 0x3055, 0x3056, 0x3057, 0x3058, 0x3059, 0x305A, 
    0x305B, 0x305C, 0x305D, 0x305E, 0x305F, 0x3060, 0x3061, 0x3062, 
    0x3063, 0x3064, 0x3065, 0x3066, 0x3067, 0x3068, 0x3069, 0x306A, 
    0x306B, 0x306C, 0x306D, 0x306E, 0x306F, 0x3070, 0x3071, 0x3072, 
    0x3073, 0x3074, 0x3075, 0x3076, 0x3077, 0x3078, 0x3079, 0x307A, 
    0x307B, 0x307C, 0x307D, 0x307E, 0x307F, 0x3080, 0x3081, 0x3082, 
    0x3083, 0x3084, 0x3085, 0x3086, 0x3087, 0x3088, 0x3089, 0x308A, 
    0x308B, 0x308C, 0x308D, 0x308E, 0x308F, 0x3090, 0x3091, 0x3092, 
    0x3093, 0x3094, 0x0000, 0x0000, 0x0000, 0x0000, 0x0000, 0x0000, 
    0x0000, 0x0000, 0x0000, 0x0000, 0x0000, 0x0000, 0x0000, 0x0000, 
    0x0000, 0x0000, 0x0000, 0x0000, 0x0000, 0x0000, 0x0000, 0x0000, 
    0x0000, 0x0000, 0x0000, 0x0000, 0x0000, 0x0000, 0x0000, 0x0000, 
    0x0000, 0x0000, 0x0000, 0x0000, 0x0000, 0x0000, 0x0000, 0x0000, 
    0x0000, 0x0000, 0x0000, 0x0000, 0x0000, 0x0000, 0x0000, 0x0000, 
    0x0000, 0x0000, 0x0000, 0x0000, 0x0000, 0x0000, 0x0000, 0x0000, 
    0x0000, 0x0000, 0x0000, 0x0000, 0x0000, 0x0000, 0x0000, 0x0000, 
    0x0000, 0x0000, 0x0000, 0x0000, 0x0000, 0x0000, 0x0000, 0x0000, 
    0x0000, 0x0000, 0x0000, 0x0000, 0x0000, 0x0000, 0x0000, 0x0000, 
    0x30A2, 0x30A3, 0x30A4, 0x30A5, 0x30A6, 0x30A7, 0x30A8, 0x30A9, 
    0x30AA, 0x30AB, 0x30AC, 0x30AD, 0x30AE, 0x30AF, 0x30B0, 0x30B1, 
    0x30B2, 0x30B3, 0x30B4, 0x30B5, 0x30B6, 0x30B7, 0x30B8, 0x30B9, 
    0x30BA, 0x30BB, 0x30BC, 0x30BD, 0x30BE, 0x30BF, 0x30C0, 0x30C1, 
    0x30C2, 0x30C3, 0x30C4, 0x30C5, 0x30C6, 0x30C7, 0x30C8, 0x30C9, 
    0x30CA, 0x30CB, 0x30CC, 0x30CD, 0x30CE, 0x30CF, 0x30D0, 0x30D1, 
    0x30D2, 0x30D3, 0x30D4, 0x30D5, 0x30D6, 0x30D7, 0x30D8, 0x30D9, 
    0x30DA, 0x30DB, 0x30DC, 0x30DD, 0x30DE, 0x30DF, 0x30E0, 0x0000, 
    0x30E1, 0x30E2, 0x30E3, 0x30E4, 0x30E5, 0x30E6, 0x30E7, 0x30E8, 
    0x30E9, 0x30EA, 0x30EB, 0x30EC, 0x30ED, 0x30EE, 0x30EF, 0x30F0, 
    0x30F1, 0x30F2, 0x30F3, 0x30F4, 0x30F5, 0x30F6, 0x30F7, 0x0000, 
    0x0000, 0x0000, 0x0000, 0x0000, 0x0000, 0x0000, 0x0000, 0x0392, 
    0x0393, 0x0394, 0x0395, 0x0396, 0x0397, 0x0398, 0x0399, 0x039A, 
    0x039B, 0x039C, 0x039D, 0x039E, 0x039F, 0x03A0, 0x03A1, 0x03A2, 
    0x03A4, 0x03A5, 0x03A6, 0x03A7, 0x03A8, 0x03A9, 0x03AA, 0x0000, 
    0x0000, 0x0000, 0x0000, 0x0000, 0x0000, 0x0000, 0x0000, 0x03B2, 
    0x03B3, 0x03B4, 0x03B5, 0x03B6, 0x03B7, 0x03B8, 0x03B9, 0x03BA, 
    0x03BB, 0x03BC, 0x03BD, 0x03BE, 0x03BF, 0x03C0, 0x03C1, 0x03C2, 
    0x03C4, 0x03C5, 0x03C6, 0x03C7, 0x03C8, 0x03C9, 0x03CA, 0x0000, 
    0x0000, 0x0000, 0x0000, 0x0000, 0x0000, 0x0000, 0x0000, 0x0000, 
    0x0000, 0x0000, 0x0000, 0x0000, 0x0000, 0x0000, 0x0000, 0x0000, 
    0x0000, 0x0000, 0x0000, 0x0000, 0x0000, 0x0000, 0x0000, 0x0000, 
    0x0000, 0x0000, 0x0000, 0x0000, 0x0000, 0x0000, 0x0000, 0x0000, 
    0x0000, 0x0000, 0x0000, 0x0000, 0x0000, 0x0000, 0x0000, 0x0000, 
    0x0000, 0x0000, 0x0000, 0x0000, 0x0000, 0x0000, 0x0000, 0x0000, 
    0x0000, 0x0000, 0x0000, 0x0000, 0x0000, 0x0000, 0x0000, 0x0000, 
    0x0000, 0x0000, 0x0000, 0x0000, 0x0000, 0x0000, 0x0000, 0x0000, 
    0x0000, 0x0000, 0x0000, 0x0000, 0x0000, 0x0000, 0x0000, 0x0000, 
    0x0000, 0x0000, 0x0000, 0x0000, 0x0000, 0x0000, 0x0000, 0x0000, 
    0x0000, 0x0000, 0x0000, 0x0000, 0x0000, 0x0000, 0x0000, 0x0000, 
    0x0000, 0x0000, 0x0000, 0x0000, 0x0000, 0x0000, 0x0000, 0x0000, 
    0x0000, 0x0000, 0x0000, 0x0000, 0x0000, 0x0000, 0x0000, 0x0000, 
    0x0411, 0x0412, 0x0413, 0x0414, 0x0415, 0x0416, 0x0402, 0x0417, 
    0x0418, 0x0419, 0x041A, 0x041B, 0x041C, 0x041D, 0x041E, 0x041F, 
    0x0420, 0x0421, 0x0422, 0x0423, 0x0424, 0x0425, 0x0426, 0x0427, 
    0x0428, 0x0429, 0x042A, 0x042B, 0x042C, 0x042D, 0x042E, 0x042F, 
    0x0430, 0x0000, 0x0000, 0x0000, 0x0000, 0x0000, 0x0000, 0x0000, 
    0x0000, 0x0000, 0x0000, 0x0000, 0x0000, 0x0000, 0x0000, 0x0000, 
    0x0431, 0x0432, 0x0433, 0x0434, 0x0435, 0x0436, 0x0452, 0x0437, 
    0x0438, 0x0439, 0x043A, 0x043B, 0x043C, 0x043D, 0x043E, 0x0000, 
    0x043F, 0x0440, 0x0441, 0x0442, 0x0443, 0x0444, 0x0445, 0x0446, 
    0x0447, 0x0448, 0x0449, 0x044A, 0x044B, 0x044C, 0x044D, 0x044E, 
    0x044F, 0x0450, 0x0000, 0x0000, 0x0000, 0x0000, 0x0000, 0x0000, 
    0x0000, 0x0000, 0x0000, 0x0000, 0x0000, 0x0000, 0x0000, 0x2501, 
    0x2503, 0x250D, 0x2511, 0x2519, 0x2515, 0x251D, 0x252D, 0x2525, 
    0x2535, 0x253D, 0x2502, 0x2504, 0x2510, 0x2514, 0x251C, 0x2518, 
    0x2524, 0x2534, 0x252C, 0x253C, 0x254C, 0x2521, 0x2530, 0x2529, 
    0x2538, 0x2540, 0x251E, 0x2531, 0x2526, 0x2539, 0x2543, 0x0000, 
    0x0000, 0x0000, 0x0000, 0x0000, 0x0000, 0x0000, 0x0000, 0x0000, 
    0x0000, 0x0000, 0x0000, 0x0000, 0x0000, 0x0000, 0x0000, 0x0000, 
    0x0000, 0x0000, 0x0000, 0x0000, 0x0000, 0x0000, 0x0000, 0x0000, 
    0x0000, 0x0000, 0x0000, 0x0000, 0x0000, 0x0000, 0x0000, 0x0000, 
    0x0000, 0x0000, 0x0000, 0x0000, 0x0000, 0x0000, 0x0000, 0x0000, 
    0x0000, 0x0000, 0x0000, 0x0000, 0x0000, 0x0000, 0x0000, 0x0000, 
    0x0000, 0x0000, 0x0000, 0x0000, 0x0000, 0x0000, 0x0000, 0x0000, 
    0x0000, 0x0000, 0x0000, 0x0000, 0x0000, 0x0000, 0x0000, 0x0000, 
    0x0000, 0x0000, 0x0000, 0x0000, 0x0000, 0x0000, 0x0000, 0x0000, 
    0x0000, 0x0000, 0x0000, 0x0000, 0x0000, 0x0000, 0x0000, 0x0000, 
    0x0000, 0x0000, 0x0000, 0x0000, 0x0000, 0x0000, 0x0000, 0x0000, 
    0x0000, 0x0000, 0x0000, 0x0000, 0x0000, 0x0000, 0x0000, 0x0000, 
    0x0000, 0x0000, 0x0000, 0x0000, 0x0000, 0x0000, 0x0000, 0x0000, 
    0x0000, 0x0000, 0x0000, 0x0000, 0x0000, 0x0000, 0x0000, 0x0000, 
    0x0000, 0x0000, 0x0000, 0x0000, 0x0000, 0x0000, 0x0000, 0x0000, 
    0x0000, 0x0000, 0x0000, 0x0000, 0x0000, 0x0000, 0x0000, 0x0000, 
    0x0000, 0x0000, 0x0000, 0x0000, 0x0000, 0x0000, 0x0000, 0x0000, 
    0x0000, 0x0000, 0x0000, 0x0000, 0x0000, 0x0000, 0x0000, 0x0000, 
    0x0000, 0x0000, 0x0000, 0x0000, 0x0000, 0x0000, 0x0000, 0x0000, 
    0x0000, 0x0000, 0x0000, 0x0000, 0x0000, 0x0000, 0x0000, 0x0000, 
    0x0000, 0x0000, 0x0000, 0x0000, 0x0000, 0x0000, 0x0000, 0x0000, 
    0x0000, 0x0000, 0x0000, 0x0000, 0x0000, 0x0000, 0x0000, 0x0000, 
    0x0000, 0x0000, 0x0000, 0x0000, 0x0000, 0x0000, 0x0000, 0x0000, 
    0x0000, 0x0000, 0x0000, 0x0000, 0x0000, 0x0000, 0x0000, 0x0000, 
    0x0000, 0x0000, 0x0000, 0x0000, 0x0000, 0x0000, 0x0000, 0x0000, 
    0x0000, 0x0000, 0x0000, 0x0000, 0x0000, 0x0000, 0x0000, 0x0000, 
    0x0000, 0x0000, 0x0000, 0x0000, 0x0000, 0x0000, 0x0000, 0x0000, 
    0x0000, 0x0000, 0x0000, 0x0000, 0x0000, 0x0000, 0x0000, 0x0000, 
    0x0000, 0x0000, 0x0000, 0x0000, 0x0000, 0x0000, 0x0000, 0x0000, 
    0x0000, 0x0000, 0x0000, 0x0000, 0x0000, 0x0000, 0x0000, 0x0000, 
    0x0000, 0x0000, 0x0000, 0x0000, 0x0000, 0x0000, 0x0000, 0x0000, 
    0x0000, 0x0000, 0x0000, 0x0000, 0x0000, 0x0000, 0x0000, 0x0000, 
    0x0000, 0x0000, 0x0000, 0x0000, 0x0000, 0x0000, 0x0000, 0x0000, 
    0x0000, 0x0000, 0x0000, 0x0000, 0x0000, 0x0000, 0x0000, 0x0000, 
    0x0000, 0x0000, 0x0000, 0x0000, 0x0000, 0x0000, 0x0000, 0x0000, 
    0x0000, 0x0000, 0x0000, 0x0000, 0x0000, 0x0000, 0x0000, 0x0000, 
    0x0000, 0x0000, 0x0000, 0x0000, 0x0000, 0x0000, 0x0000, 0x0000, 
    0x0000, 0x0000, 0x0000, 0x0000, 0x0000, 0x0000, 0x0000, 0x0000, 
    0x0000, 0x0000, 0x0000, 0x0000, 0x0000, 0x0000, 0x0000, 0x0000, 
    0x0000, 0x0000, 0x0000, 0x0000, 0x0000, 0x0000, 0x0000, 0x0000, 
    0x0000, 0x0000, 0x0000, 0x0000, 0x0000, 0x0000, 0x0000, 0x0000, 
    0x0000, 0x0000, 0x0000, 0x0000, 0x0000, 0x0000, 0x0000, 0x0000, 
    0x0000, 0x0000, 0x0000, 0x0000, 0x0000, 0x0000, 0x0000, 0x0000, 
    0x0000, 0x0000, 0x0000, 0x0000, 0x0000, 0x0000, 0x0000, 0x0000, 
    0x0000, 0x0000, 0x0000, 0x0000, 0x0000, 0x0000, 0x0000, 0x0000, 
    0x0000, 0x0000, 0x0000, 0x0000, 0x0000, 0x0000, 0x0000, 0x0000, 
    0x0000, 0x0000, 0x0000, 0x0000, 0x0000, 0x0000, 0x0000, 0x0000, 
    0x0000, 0x0000, 0x0000, 0x0000, 0x0000, 0x0000, 0x0000, 0x0000, 
    0x0000, 0x0000, 0x0000, 0x0000, 0x0000, 0x0000, 0x0000, 0x0000, 
    0x0000, 0x0000, 0x0000, 0x0000, 0x0000, 0x0000, 0x0000, 0x0000, 
    0x0000, 0x0000, 0x0000, 0x0000, 0x0000, 0x0000, 0x0000, 0x0000, 
    0x0000, 0x0000, 0x0000, 0x0000, 0x0000, 0x0000, 0x0000, 0x0000, 
    0x0000, 0x0000, 0x0000, 0x0000, 0x0000, 0x0000, 0x0000, 0x0000, 
    0x0000, 0x0000, 0x0000, 0x0000, 0x0000, 0x0000, 0x0000, 0x0000, 
    0x0000, 0x0000, 0x0000, 0x0000, 0x0000, 0x0000, 0x0000, 0x0000, 
    0x0000, 0x0000, 0x0000, 0x0000, 0x0000, 0x0000, 0x0000, 0x0000, 
    0x0000, 0x0000, 0x0000, 0x0000, 0x0000, 0x0000, 0x0000, 0x0000, 
    0x0000, 0x0000, 0x0000, 0x0000, 0x0000, 0x0000, 0x0000, 0x0000, 
    0x0000, 0x0000, 0x0000, 0x0000, 0x0000, 0x0000, 0x0000, 0x0000, 
    0x0000, 0x0000, 0x0000, 0x0000, 0x0000, 0x0000, 0x0000, 0x0000, 
    0x0000, 0x0000, 0x0000, 0x0000, 0x0000, 0x0000, 0x0000, 0x0000, 
    0x0000, 0x0000, 0x0000, 0x0000, 0x0000, 0x0000, 0x0000, 0x0000, 
    0x0000, 0x0000, 0x0000, 0x0000, 0x0000, 0x0000, 0x0000, 0x0000, 
    0x0000, 0x0000, 0x0000, 0x0000, 0x0000, 0x0000, 0x0000, 0x0000, 
    0x0000, 0x0000, 0x0000, 0x0000, 0x0000, 0x0000, 0x0000, 0x0000, 
    0x0000, 0x0000, 0x0000, 0x0000, 0x0000, 0x0000, 0x0000, 0x0000, 
    0x0000, 0x0000, 0x0000, 0x0000, 0x0000, 0x0000, 0x0000, 0x0000, 
    0x0000, 0x0000, 0x0000, 0x0000, 0x0000, 0x0000, 0x0000, 0x0000, 
    0x0000, 0x0000, 0x0000, 0x0000, 0x0000, 0x0000, 0x0000, 0x0000, 
    0x0000, 0x0000, 0x0000, 0x0000, 0x0000, 0x0000, 0x0000, 0x0000, 
    0x0000, 0x0000, 0x0000, 0x0000, 0x0000, 0x0000, 0x0000, 0x0000, 
    0x0000, 0x0000, 0x0000, 0x0000, 0x0000, 0x0000, 0x0000, 0x0000, 
    0x0000, 0x0000, 0x0000, 0x0000, 0x0000, 0x0000, 0x0000, 0x0000, 
    0x0000, 0x0000, 0x0000, 0x0000, 0x0000, 0x0000, 0x0000, 0x0000, 
    0x0000, 0x0000, 0x0000, 0x0000, 0x0000, 0x0000, 0x0000, 0x0000, 
    0x0000, 0x0000, 0x0000, 0x0000, 0x0000, 0x0000, 0x0000, 0x0000, 
    0x0000, 0x0000, 0x0000, 0x0000, 0x0000, 0x0000, 0x0000, 0x0000, 
    0x0000, 0x0000, 0x0000, 0x0000, 0x0000, 0x0000, 0x0000, 0x0000, 
    0x0000, 0x0000, 0x0000, 0x0000, 0x0000, 0x0000, 0x0000, 0x0000, 
    0x0000, 0x0000, 0x0000, 0x0000, 0x0000, 0x0000, 0x0000, 0x0000, 
    0x2461, 0x2462, 0x2463, 0x2464, 0x2465, 0x2466, 0x2467, 0x2468, 
    0x2469, 0x246A, 0x246B, 0x246C, 0x246D, 0x246E, 0x246F, 0x2470, 
    0x2471, 0x2472, 0x2473, 0x2474, 0x2161, 0x2162, 0x2163, 0x2164, 
    0x2165, 0x2166, 0x2167, 0x2168, 0x2169, 0x216A, 0x0000, 0x334A, 
    0x3315, 0x3323, 0x334E, 0x3319, 0x3328, 0x3304, 0x3337, 0x3352, 
    0x3358, 0x330E, 0x3327, 0x3324, 0x332C, 0x334B, 0x333C, 0x339D, 
    0x339E, 0x339F, 0x338F, 0x3390, 0x33C5, 0x33A2, 0x0000, 0x0000, 
    0x0000, 0x0000, 0x0000, 0x0000, 0x0000, 0x0000, 0x337C, 0x0000, 
    0x301E, 0x3020, 0x2117, 0x33CE, 0x2122, 0x32A5, 0x32A6, 0x32A7, 
    0x32A8, 0x32A9, 0x3232, 0x3233, 0x323A, 0x337F, 0x337E, 0x337D, 
    0x0000, 0x0000, 0x0000, 0x222F, 0x2212, 0x0000, 0x0000, 0x0000, 
    0x2220, 0x22C0, 0x0000, 0x0000, 0x0000, 0x0000, 0x0000, 0x0000, 
    0x0000, 0x0000, 0x0000, 0x0000, 0x0000, 0x0000, 0x0000, 0x0000, 
    0x0000, 0x0000, 0x0000, 0x0000, 0x0000, 0x0000, 0x0000, 0x0000, 
    0x0000, 0x0000, 0x0000, 0x0000, 0x0000, 0x0000, 0x0000, 0x0000, 
    0x0000, 0x0000, 0x0000, 0x0000, 0x0000, 0x0000, 0x0000, 0x0000, 
    0x0000, 0x0000, 0x0000, 0x0000, 0x0000, 0x0000, 0x0000, 0x0000, 
    0x0000, 0x0000, 0x0000, 0x0000, 0x0000, 0x0000, 0x0000, 0x0000, 
    0x0000, 0x0000, 0x0000, 0x0000, 0x0000, 0x0000, 0x0000, 0x0000, 
    0x0000, 0x0000, 0x0000, 0x0000, 0x0000, 0x0000, 0x0000, 0x0000, 
    0x0000, 0x0000, 0x0000, 0x0000, 0x0000, 0x0000, 0x0000, 0x0000, 
    0x0000, 0x0000, 0x0000, 0x0000, 0x0000, 0x0000, 0x0000, 0x0000, 
    0x0000, 0x0000, 0x0000, 0x0000, 0x0000, 0x0000, 0x0000, 0x0000, 
    0x0000, 0x0000, 0x0000, 0x0000, 0x0000, 0x0000, 0x0000, 0x0000, 
    0x0000, 0x0000, 0x0000, 0x0000, 0x0000, 0x0000, 0x0000, 0x0000, 
    0x0000, 0x0000, 0x0000, 0x0000, 0x0000, 0x0000, 0x0000, 0x0000, 
    0x0000, 0x0000, 0x0000, 0x0000, 0x0000, 0x0000, 0x0000, 0x0000, 
    0x0000, 0x0000, 0x0000, 0x0000, 0x0000, 0x0000, 0x0000, 0x0000, 
    0x0000, 0x0000, 0x0000, 0x0000, 0x0000, 0x0000, 0x0000, 0x0000, 
    0x0000, 0x0000, 0x0000, 0x0000, 0x0000, 0x0000, 0x0000, 0x0000, 
    0x0000, 0x0000, 0x0000, 0x0000, 0x0000, 0x0000, 0x0000, 0x0000, 
    0x0000, 0x0000, 0x0000, 0x0000, 0x0000, 0x0000, 0x0000, 0x0000, 
    0x0000, 0x0000, 0x0000, 0x0000, 0x0000, 0x0000, 0x0000, 0x0000, 
    0x0000, 0x0000, 0x0000, 0x0000, 0x0000, 0x0000, 0x0000, 0x0000, 
    0x0000, 0x0000, 0x0000, 0x0000, 0x0000, 0x0000, 0x0000, 0x0000, 
    0x0000, 0x0000, 0x0000, 0x0000, 0x0000, 0x0000, 0x0000, 0x0000, 
    0x0000, 0x0000, 0x0000, 0x0000, 0x0000, 0x0000, 0x0000, 0x0000, 
    0x0000, 0x0000, 0x0000, 0x0000, 0x0000, 0x0000, 0x0000, 0x0000, 
    0x0000, 0x0000, 0x0000, 0x0000, 0x0000, 0x0000, 0x0000, 0x0000, 
    0x0000, 0x0000, 0x0000, 0x0000, 0x0000, 0x0000, 0x0000, 0x0000, 
    0x0000, 0x0000, 0x0000, 0x0000, 0x0000, 0x0000, 0x0000, 0x0000, 
    0x0000, 0x0000, 0x0000, 0x0000, 0x0000, 0x0000, 0x0000, 0x0000, 
    0x0000, 0x0000, 0x0000, 0x0000, 0x0000, 0x0000, 0x0000, 0x0000, 
    0x0000, 0x0000, 0x0000, 0x0000, 0x0000, 0x0000, 0x0000, 0x4E9D, 
    0x5517, 0x5A04, 0x9640, 0x54C1, 0x611C, 0x6329, 0x59F7, 0x9023, 
    0x8476, 0x831D, 0x7A51, 0x60AB, 0x63E2, 0x6E26, 0x65EE, 0x8467, 
    0x82A7, 0x9BF6, 0x6894, 0x5728, 0x65A2, 0x6272, 0x5B9C, 0x59D1, 
    0x867C, 0x98F5, 0x7D63, 0x7DBF, 0x9B8F, 0x6217, 0x7CA0, 0x88B8, 
    0x5B8A, 0x5EB6, 0x630A, 0x6698, 0x6849, 0x95C8, 0x978E, 0x6750, 
    0x4EE6, 0x4F0B, 0x4F4E, 0x4F9E, 0x504A, 0x56F3, 0x5938, 0x59D5, 
    0x5A02, 0x5C0A, 0x60E0, 0x6110, 0x6171, 0x6614, 0x6906, 0x70BB, 
    0x7550, 0x7571, 0x79FC, 0x7DAE, 0x7DF0, 0x80C4, 0x840F, 0x8864, 
    0x8B03, 0x9056, 0x907B, 0x533C, 0x4E96, 0x4EA6, 0x57E0, 0x80B3, 
    0x90C2, 0x78F0, 0x4E01, 0x58F2, 0x6EA3, 0x9039, 0x7A33, 0x8329, 
    0x828C, 0x9C30, 0x5142, 0x5371, 0x54BE, 0x54E2, 0x56E1, 0x59FC, 
    0x5F16, 0x98F3, 0x6DEC, 0x80E5, 0x852E, 0x0000, 0x0000, 0x0000, 
    0x0000, 0x0000, 0x0000, 0x0000, 0x0000, 0x0000, 0x0000, 0x0000, 
    0x0000, 0x0000, 0x0000, 0x0000, 0x0000, 0x0000, 0x0000, 0x0000, 
    0x0000, 0x0000, 0x0000, 0x0000, 0x0000, 0x0000, 0x0000, 0x0000, 
    0x0000, 0x0000, 0x0000, 0x0000, 0x0000, 0x0000, 0x0000, 0x0000, 
    0x0000, 0x0000, 0x0000, 0x0000, 0x0000, 0x0000, 0x0000, 0x0000, 
    0x0000, 0x0000, 0x0000, 0x0000, 0x0000, 0x0000, 0x0000, 0x0000, 
    0x0000, 0x0000, 0x0000, 0x0000, 0x0000, 0x0000, 0x0000, 0x0000, 
    0x0000, 0x0000, 0x0000, 0x0000, 0x0000, 0x0000, 0x0000, 0x0000, 
    0x9663, 0x9671, 0x96A1, 0x97FC, 0x540C, 0x53F4, 0x5B88, 0x70D0, 
    0x7FBE, 0x8FC3, 0x96E9, 0x5370, 0x9D5D, 0x7ABB, 0x4E12, 0x7894, 
    0x81FD, 0x6E27, 0x5619, 0x5505, 0x6B1E, 0x851B, 0x9C3C, 0x59E6, 
    0x53AA, 0x6D67, 0x74DD, 0x9590, 0x5643, 0x4E92, 0x904C, 0x96F3, 
    0x8350, 0x990D, 0x53E2, 0x55B7, 0x5B31, 0x5F72, 0x6621, 0x66F4, 
    0x6805, 0x6C39, 0x6CF4, 0x6D2A, 0x745C, 0x76C9, 0x7A4F, 0x9835, 
    0x82F2, 0x885C, 0x8A61, 0x92EE, 0x6DB3, 0x75AC, 0x76CB, 0x99C6, 
    0x60A7, 0x8B02, 0x8D8B, 0x95B3, 0x698F, 0x53AE, 0x5187, 0x0000, 
    0x5713, 0x5831, 0x5945, 0x5BB5, 0x5EF7, 0x6029, 0x63AA, 0x63F5, 
    0x6CC0, 0x6F15, 0x708F, 0x7115, 0x715A, 0x71D6, 0x7340, 0x7E02, 
    0x8277, 0x82D2, 0x8598, 0x9061, 0x925C, 0x9D1C, 0x586A, 0x65BD, 
    0x6C5B, 0x7526, 0x51FA, 0x592F, 0x5966, 0x5F81, 0x5FDD, 0x62BD, 
    0x65FB, 0x6A2B, 0x6B28, 0x6BB5, 0x738C, 0x7FC2, 0x8957, 0x9D2D, 
    0x9D0F, 0x9EC5, 0x5CA2, 0x6C97, 0x837C, 0x5105, 0x5C4C, 0x61B7, 
    0x81C7, 0x6877, 0x7262, 0x4E5A, 0x4FFB, 0x5379, 0x606A, 0x6E2A, 
    0x7A50, 0x97F4, 0x4E0C, 0x5317, 0x4EEF, 0x4F56, 0x4F3E, 0x4FA2, 
    0x4F74, 0x52A1, 0x53F0, 0x560A, 0x5910, 0x5AC2, 0x5BB7, 0x5BE2, 
    0x79D2, 0x6688, 0x679D, 0x67B7, 0x6B4D, 0x6CB4, 0x706C, 0x73C3, 
    0x798E, 0x79BF, 0x7A3D, 0x7B88, 0x82B2, 0x82DC, 0x8305, 0x8378, 
    0x83F0, 0x83D4, 0x8767, 0x8AB3, 0x562A, 0x8CA9, 0x8FE7, 0x904F, 
    0x971F, 0x868B, 0x4FC5, 0x5CE9, 0x6212, 0x725A, 0x753C, 0x81E6, 
    0x82BE, 0x86FF, 0x8CC1, 0x96C6, 0x9914, 0x99D6, 0x4ECC, 0x4F1B, 
    0x89E4, 0x56DF, 0x584B, 0x58CB, 0x5EFC, 0x5FEC, 0x602B, 0x6095, 
    0x6063, 0x61D1, 0x6213, 0x62D1, 0x653A, 0x0000, 0x0000, 0x0000, 
    0x0000, 0x0000, 0x0000, 0x0000, 0x0000, 0x0000, 0x0000, 0x0000, 
    0x0000, 0x0000, 0x0000, 0x0000, 0x0000, 0x0000, 0x0000, 0x0000, 
    0x0000, 0x0000, 0x0000, 0x0000, 0x0000, 0x0000, 0x0000, 0x0000, 
    0x0000, 0x0000, 0x0000, 0x0000, 0x0000, 0x0000, 0x0000, 0x0000, 
    0x0000, 0x0000, 0x0000, 0x0000, 0x0000, 0x0000, 0x0000, 0x0000, 
    0x0000, 0x0000, 0x0000, 0x0000, 0x0000, 0x0000, 0x0000, 0x0000, 
    0x0000, 0x0000, 0x0000, 0x0000, 0x0000, 0x0000, 0x0000, 0x0000, 
    0x0000, 0x0000, 0x0000, 0x0000, 0x0000, 0x0000, 0x0000, 0x0000, 
    0x9B42, 0x6667, 0x68B1, 0x6D78, 0x7071, 0x754D, 0x7687, 0x7D76, 
    0x82A6, 0x87FA, 0x958C, 0x968F, 0x8C9E, 0x51F2, 0x52BF, 0x5917, 
    0x54B4, 0x5BB4, 0x5D17, 0x6169, 0x6983, 0x6DB0, 0x788E, 0x84CC, 
    0x8858, 0x8A73, 0x93A8, 0x9AB9, 0x6D6D, 0x99A9, 0x86DA, 0x57A4, 
    0x6800, 0x86CF, 0x920F, 0x5284, 0x5688, 0x5405, 0x5ED4, 0x62E2, 
    0x64BA, 0x683D, 0x6839, 0x6BBC, 0x7373, 0x78BB, 0x7A6C, 0x899B, 
    0x89D3, 0x8D6C, 0x8F04, 0x90EE, 0x95A4, 0x9695, 0x976A, 0x5B67, 
    0x5CB4, 0x697E, 0x984E, 0x984F, 0x639C, 0x7B21, 0x6A2C, 0x0000, 
    0x6A80, 0x68B7, 0x9C0E, 0x6F60, 0x5273, 0x559E, 0x6071, 0x62ED, 
    0x6D3C, 0x6E08, 0x6ED2, 0x845C, 0x8911, 0x8F45, 0x4E15, 0x9C3A, 
    0x53F7, 0x691C, 0x6A3B, 0x9785, 0x682B, 0x515D, 0x7AC4, 0x84B3, 
    0x91DD, 0x938D, 0x565C, 0x9D29, 0x6823, 0x8306, 0x8432, 0x7CA6, 
    0x5209, 0x82C6, 0x74E7, 0x4E7F, 0x4F84, 0x51A1, 0x5BD3, 0x520B, 
    0x52D9, 0x52E8, 0x5DFC, 0x559B, 0x582B, 0x59E7, 0x5B8D, 0x5B99, 
    0x5BDC, 0x5E73, 0x5E7A, 0x60A4, 0x6120, 0x6164, 0x61BF, 0x63DC, 
    0x6563, 0x67D2, 0x6854, 0x68FB, 0x6B3F, 0x6B54, 0x6C58, 0x6F23, 
    0x6F98, 0x6F46, 0x74B1, 0x7519, 0x76E4, 0x770C, 0x7B00, 0x7BA2, 
    0x7C22, 0x7DEA, 0x7F37, 0x7FF1, 0x809E, 0x8267, 0x839F, 0x89B4, 
    0x8ACD, 0x8CAC, 0x9085, 0x9452, 0x9594, 0x9592, 0x95A3, 0x9666, 
    0x97D4, 0x9929, 0x8219, 0x4E39, 0x542C, 0x5CB9, 0x5DCD, 0x73AA, 
    0x764D, 0x773D, 0x5CAA, 0x7FEC, 0x8D0C, 0x96C2, 0x9812, 0x9855, 
    0x9859, 0x4F02, 0x4F0F, 0x5372, 0x559D, 0x5669, 0x57FB, 0x5948, 
    0x5B0A, 0x5BC5, 0x5C91, 0x5E0D, 0x5E7F, 0x5FCD, 0x63EF, 0x673B, 
    0x65D8, 0x65E3, 0x6720, 0x68CC, 0x68C5, 0x0000, 0x0000, 0x0000, 
    0x0000, 0x0000, 0x0000, 0x0000, 0x0000, 0x0000, 0x0000, 0x0000, 
    0x0000, 0x0000, 0x0000, 0x0000, 0x0000, 0x0000, 0x0000, 0x0000, 
    0x0000, 0x0000, 0x0000, 0x0000, 0x0000, 0x0000, 0x0000, 0x0000, 
    0x0000, 0x0000, 0x0000, 0x0000, 0x0000, 0x0000, 0x0000, 0x0000, 
    0x0000, 0x0000, 0x0000, 0x0000, 0x0000, 0x0000, 0x0000, 0x0000, 
    0x0000, 0x0000, 0x0000, 0x0000, 0x0000, 0x0000, 0x0000, 0x0000, 
    0x0000, 0x0000, 0x0000, 0x0000, 0x0000, 0x0000, 0x0000, 0x0000, 
    0x0000, 0x0000, 0x0000, 0x0000, 0x0000, 0x0000, 0x0000, 0x0000, 
    0x6A60, 0x5E31, 0x6BC6, 0x6C18, 0x6C7E, 0x7580, 0x7949, 0x5B64, 
    0x7A01, 0x7D01, 0x5FBE, 0x8990, 0x8A19, 0x8CB5, 0x8D78, 0x8ECD, 
    0x8F1E, 0x98E3, 0x9A0F, 0x9B3D, 0x4E81, 0x507E, 0x5101, 0x5994, 
    0x5B9D, 0x6230, 0x6281, 0x64ED, 0x6B3B, 0x72A1, 0x7592, 0x7948, 
    0x7FAA, 0x87FC, 0x8ABD, 0x8B71, 0x63AD, 0x83CB, 0x97A1, 0x540A, 
    0x5404, 0x55AC, 0x6855, 0x6A59, 0x8A71, 0x7828, 0x6776, 0x9ECE, 
    0x5375, 0x5BA3, 0x811B, 0x8651, 0x9007, 0x4E19, 0x4E46, 0x4EC8, 
    0x4F12, 0x53CB, 0x5439, 0x5BAF, 0x5F14, 0x6026, 0x6552, 0x0000, 
    0x673E, 0x6C43, 0x6C73, 0x6CE4, 0x7079, 0x7404, 0x7A77, 0x7AAF, 
    0x7B09, 0x7D1B, 0x7CFF, 0x7D67, 0x65E8, 0x725C, 0x53BC, 0x5C46, 
    0x5DE9, 0x62D3, 0x62E1, 0x631A, 0x6E21, 0x865B, 0x8A32, 0x8DDE, 
    0x92F9, 0x6F02, 0x79A7, 0x9B5B, 0x4EA9, 0x4EAC, 0x4EAD, 0x4F9C, 
    0x4FA1, 0x50D2, 0x5148, 0x7AF7, 0x5172, 0x51F7, 0x5355, 0x5322, 
    0x5380, 0x53EC, 0x55AD, 0x5884, 0x5CE2, 0x5F38, 0x5F4B, 0x6030, 
    0x6051, 0x606E, 0x6320, 0x655A, 0x6A4C, 0x6CC2, 0x72C3, 0x72EE, 
    0x77F0, 0x80F9, 0x8106, 0x8209, 0x854F, 0x90F8, 0x93E2, 0x9800, 
    0x9958, 0x9A5B, 0x4EF1, 0x51DE, 0x5C2E, 0x6682, 0x696E, 0x5C41, 
    0x66F3, 0x6976, 0x738A, 0x6851, 0x7C82, 0x50C6, 0x52E5, 0x5748, 
    0x5DFF, 0x9327, 0x65A5, 0x6B24, 0x6B3E, 0x7435, 0x7982, 0x79BE, 
    0x7B4C, 0x7DCB, 0x82BA, 0x83CD, 0x8880, 0x8960, 0x8B3A, 0x8FD2, 
    0x91D2, 0x5420, 0x9281, 0x4E5E, 0x5037, 0x53E6, 0x533B, 0x72D8, 
    0x7397, 0x77EA, 0x82E7, 0x8EB0, 0x99C7, 0x99C9, 0x99D3, 0x5178, 
    0x611B, 0x865F, 0x55B1, 0x7A7B, 0x5077, 0x5BD4, 0x9048, 0x9686, 
    0x4E33, 0x6ADC, 0x91E8, 0x5C52, 0x5C49, 0x0000, 0x0000, 0x0000, 
    0x0000, 0x0000, 0x0000, 0x0000, 0x0000, 0x0000, 0x0000, 0x0000, 
    0x0000, 0x0000, 0x0000, 0x0000, 0x0000, 0x0000, 0x0000, 0x0000, 
    0x0000, 0x0000, 0x0000, 0x0000, 0x0000, 0x0000, 0x0000, 0x0000, 
    0x0000, 0x0000, 0x0000, 0x0000, 0x0000, 0x0000, 0x0000, 0x0000, 
    0x0000, 0x0000, 0x0000, 0x0000, 0x0000, 0x0000, 0x0000, 0x0000, 
    0x0000, 0x0000, 0x0000, 0x0000, 0x0000, 0x0000, 0x0000, 0x0000, 
    0x0000, 0x0000, 0x0000, 0x0000, 0x0000, 0x0000, 0x0000, 0x0000, 
    0x0000, 0x0000, 0x0000, 0x0000, 0x0000, 0x0000, 0x0000, 0x0000, 
    0x6399, 0x7AA0, 0x6C94, 0x9775, 0x8F62, 0x7AAB, 0x718B, 0x9689, 
    0x7C83, 0x6818, 0x7E71, 0x6852, 0x936D, 0x52F3, 0x541C, 0x85AC, 
    0x8A14, 0x7FA5, 0x8ECE, 0x90E2, 0x5367, 0x8889, 0x7942, 0x4FC3, 
    0x50BF, 0x5212, 0x5145, 0x5554, 0x572E, 0x73EB, 0x578C, 0x5952, 
    0x5F63, 0x5F85, 0x6076, 0x6177, 0x6168, 0x61AA, 0x63B3, 0x643B, 
    0x656D, 0x6670, 0x6843, 0x6E14, 0x7567, 0x7A3E, 0x7CFC, 0x7D4D, 
    0x7D9A, 0x7E4C, 0x7F6C, 0x830F, 0x834B, 0x86CE, 0x8A09, 0x8A64, 
    0x8B67, 0x8EFE, 0x981B, 0x9D90, 0x82B9, 0x8FCF, 0x9BE9, 0x0000, 
    0x5288, 0x6220, 0x6484, 0x6FC1, 0x969A, 0x6842, 0x5092, 0x6B21, 
    0x6C7B, 0x6F55, 0x7A75, 0x7D51, 0x8841, 0x8A24, 0x6709, 0x4EF7, 
    0x503A, 0x5027, 0x5066, 0x517D, 0x5239, 0x5264, 0x55A8, 0x5710, 
    0x5806, 0x5ACD, 0x5EFB, 0x61B3, 0x61F9, 0x62F4, 0x6373, 0x691D, 
    0x6A2A, 0x727E, 0x72AD, 0x732F, 0x7815, 0x7870, 0x7D7A, 0x770D, 
    0x80AA, 0x898C, 0x8B1A, 0x8CE3, 0x8ED3, 0x9064, 0x9376, 0x967B, 
    0x9856, 0x9A14, 0x9E79, 0x5144, 0x53A0, 0x53B4, 0x5E7C, 0x5F27, 
    0x6E1C, 0x6E91, 0x7385, 0x73FF, 0x7D44, 0x8238, 0x8A01, 0x8AFB, 
    0x9651, 0x4E4F, 0x500C, 0x53E5, 0x547D, 0x56FB, 0x59D2, 0x5B65, 
    0x5DF2, 0x5EAC, 0x5F28, 0x6239, 0x6546, 0x67B0, 0x6E57, 0x72D1, 
    0x7CCB, 0x88B5, 0x80A2, 0x80E2, 0x83F1, 0x864F, 0x8A88, 0x8DE9, 
    0x9238, 0x96C8, 0x9868, 0x9F14, 0x4E95, 0x4E93, 0x4F0E, 0x5349, 
    0x544A, 0x543F, 0x5A30, 0x5F8D, 0x5FA2, 0x60A0, 0x68A8, 0x6A8F, 
    0x745B, 0x7882, 0x8A9F, 0x8AA5, 0x8B78, 0x9191, 0x4E5F, 0x9BCA, 
    0x4EA5, 0x4F7D, 0x4FB0, 0x501A, 0x5017, 0x514A, 0x516D, 0x52A0, 
    0x52BA, 0x52FF, 0x539B, 0x53E4, 0x5412, 0x0000, 0x0000, 0x0000, 
    0x0000, 0x0000, 0x0000, 0x0000, 0x0000, 0x0000, 0x0000, 0x0000, 
    0x0000, 0x0000, 0x0000, 0x0000, 0x0000, 0x0000, 0x0000, 0x0000, 
    0x0000, 0x0000, 0x0000, 0x0000, 0x0000, 0x0000, 0x0000, 0x0000, 
    0x0000, 0x0000, 0x0000, 0x0000, 0x0000, 0x0000, 0x0000, 0x0000, 
    0x0000, 0x0000, 0x0000, 0x0000, 0x0000, 0x0000, 0x0000, 0x0000, 
    0x0000, 0x0000, 0x0000, 0x0000, 0x0000, 0x0000, 0x0000, 0x0000, 
    0x0000, 0x0000, 0x0000, 0x0000, 0x0000, 0x0000, 0x0000, 0x0000, 
    0x0000, 0x0000, 0x0000, 0x0000, 0x0000, 0x0000, 0x0000, 0x0000, 
    0x540F, 0x558A, 0x5752, 0x57A3, 0x597E, 0x5B55, 0x5B5E, 0x5B90, 
    0x5DE6, 0x5DE8, 0x5DF8, 0x5E79, 0x5E84, 0x5E9B, 0x5EB8, 0x5F19, 
    0x6053, 0x614D, 0x6298, 0x62D9, 0x63A8, 0x653C, 0x6603, 0x6644, 
    0x66F5, 0x676E, 0x6822, 0x6898, 0x69CC, 0x6C60, 0x6D2B, 0x6D6A, 
    0x6E30, 0x6E9E, 0x7533, 0x7688, 0x786D, 0x7A40, 0x7CE1, 0x7D06, 
    0x7D19, 0x7D5F, 0x7DB2, 0x8016, 0x8004, 0x80B0, 0x80B2, 0x8155, 
    0x8190, 0x822B, 0x8353, 0x884D, 0x8862, 0x8B1C, 0x8CA3, 0x8CFD, 
    0x90CB, 0x9176, 0x9272, 0x7840, 0x92FD, 0x95A5, 0x964E, 0x0000, 
    0x9806, 0x999A, 0x9AD9, 0x9D3C, 0x525C, 0x52AC, 0x53F8, 0x5409, 
    0x58D6, 0x62F8, 0x6FE1, 0x8C6B, 0x8F60, 0x9EBA, 0x514C, 0x523C, 
    0x544B, 0x56FE, 0x7A41, 0x9178, 0x9D61, 0x9ED3, 0x7345, 0x6F0A, 
    0x8171, 0x7512, 0x5FFE, 0x60DB, 0x9AA9, 0x72DC, 0x8FBD, 0x6B65, 
    0x9804, 0x4ECB, 0x56F1, 0x5765, 0x58BF, 0x5A5B, 0x6069, 0x61C8, 
    0x6610, 0x6607, 0x683A, 0x68B2, 0x6DF8, 0x75D6, 0x7D3B, 0x826F, 
    0x9B43, 0x4E9C, 0x4F51, 0x53CA, 0x5507, 0x5D70, 0x5DE7, 0x5DEF, 
    0x67FC, 0x6C9A, 0x7474, 0x7803, 0x8A51, 0x9397, 0x88E0, 0x5751, 
    0x5EA8, 0x632C, 0x50B6, 0x50AD, 0x518E, 0x6701, 0x54CA, 0x585F, 
    0x59BC, 0x5BB1, 0x5F6A, 0x624E, 0x63A2, 0x683E, 0x6B74, 0x6E09, 
    0x707E, 0x91C8, 0x7281, 0x7816, 0x7827, 0x796E, 0x658F, 0x7D31, 
    0x83DD, 0x88C2, 0x8F0A, 0x969C, 0x5265, 0x5729, 0x6751, 0x7F6B, 
    0x8CA2, 0x51B5, 0x5743, 0x962B, 0x583B, 0x698B, 0x80B5, 0x54B3, 
    0x5D0F, 0x57FD, 0x7896, 0x9DFB, 0x4F5D, 0x524B, 0x548C, 0x643F, 
    0x6629, 0x6715, 0x67F6, 0x7A85, 0x7B57, 0x7D23, 0x9330, 0x685D, 
    0x9BAE, 0x7B3A, 0x531A, 0x518B, 0x5238, 0x0000, 0x0000, 0x0000, 
    0x0000, 0x0000, 0x0000, 0x0000, 0x0000, 0x0000, 0x0000, 0x0000, 
    0x0000, 0x0000, 0x0000, 0x0000, 0x0000, 0x0000, 0x0000, 0x0000, 
    0x0000, 0x0000, 0x0000, 0x0000, 0x0000, 0x0000, 0x0000, 0x0000, 
    0x0000, 0x0000, 0x0000, 0x0000, 0x0000, 0x0000, 0x0000, 0x0000, 
    0x0000, 0x0000, 0x0000, 0x0000, 0x0000, 0x0000, 0x0000, 0x0000, 
    0x0000, 0x0000, 0x0000, 0x0000, 0x0000, 0x0000, 0x0000, 0x0000, 
    0x0000, 0x0000, 0x0000, 0x0000, 0x0000, 0x0000, 0x0000, 0x0000, 
    0x0000, 0x0000, 0x0000, 0x0000, 0x0000, 0x0000, 0x0000, 0x0000, 
    0x5BE0, 0x62F7, 0x64AF, 0x64E7, 0x672E, 0x6BBB, 0x85AA, 0x96D2, 
    0x7691, 0x9BD7, 0x634D, 0x9307, 0x9BAC, 0x76C0, 0x6653, 0x4E0A, 
    0x5099, 0x53C3, 0x5C72, 0x60E9, 0x6493, 0x6564, 0x6860, 0x71E7, 
    0x73CB, 0x7524, 0x7B98, 0x7E83, 0x8696, 0x8B84, 0x8CDC, 0x9179, 
    0x9911, 0x65AD, 0x66AC, 0x6B8C, 0x4ED6, 0x4ED5, 0x4F3B, 0x4F80, 
    0x523B, 0x53F9, 0x53F3, 0x55E4, 0x56DC, 0x58EC, 0x59CC, 0x59CA, 
    0x5A00, 0x5B51, 0x5C4E, 0x5E03, 0x5E2C, 0x5FD8, 0x601E, 0x6308, 
    0x6530, 0x5B5D, 0x65B0, 0x65BE, 0x65E9, 0x679E, 0x6B63, 0x0000, 
    0x6B7C, 0x6C10, 0x7346, 0x794A, 0x79C2, 0x7CF9, 0x7D1A, 0x7D2C, 
    0x80A3, 0x8103, 0x81F4, 0x8997, 0x8A5F, 0x8A6A, 0x8A67, 0x8A8D, 
    0x8AEF, 0x8CC8, 0x8CDD, 0x96CD, 0x98FD, 0x6B70, 0x4E8C, 0x4F3D, 
    0x4F8E, 0x5151, 0x5B58, 0x5BFB, 0x6149, 0x6302, 0x6643, 0x6B22, 
    0x6ECC, 0x6CBC, 0x723F, 0x74BE, 0x75D5, 0x78C2, 0x793B, 0x800D, 
    0x8034, 0x81EB, 0x8495, 0x8F9F, 0x6C51, 0x9E80, 0x5F10, 0x8B59, 
    0x9D2C, 0x7AFB, 0x8EF9, 0x5B8E, 0x96EC, 0x4E04, 0x53F2, 0x57F8, 
    0x5932, 0x5ACA, 0x5BA5, 0x608A, 0x6E80, 0x6F07, 0x75BF, 0x8CEB, 
    0x5BA0, 0x8501, 0x7BE1, 0x5073, 0x67F5, 0x829E, 0x5C62, 0x854B, 
    0x7E1F, 0x820F, 0x519A, 0x5C05, 0x6369, 0x8D67, 0x659D, 0x716F, 
    0x793F, 0x7D18, 0x8006, 0x8B1E, 0x8ECB, 0x906F, 0x86C8, 0x90AB, 
    0x5020, 0x52FB, 0x5C3B, 0x6754, 0x707D, 0x7236, 0x914D, 0x91C9, 
    0x932C, 0x82E6, 0x5BC3, 0x5F32, 0x60FA, 0x4E3C, 0x53D7, 0x5B89, 
    0x624C, 0x6732, 0x6B8B, 0x72EA, 0x73E1, 0x7A2F, 0x816C, 0x8DA4, 
    0x9153, 0x9997, 0x5113, 0x53D8, 0x546B, 0x5C00, 0x6389, 0x6A3A, 
    0x7DAD, 0x9701, 0x56DB, 0x53CF, 0x5469, 0x0000, 0x0000, 0x0000, 
    0x0000, 0x0000, 0x0000, 0x0000, 0x0000, 0x0000, 0x0000, 0x0000, 
    0x0000, 0x0000, 0x0000, 0x0000, 0x0000, 0x0000, 0x0000, 0x0000, 
    0x0000, 0x0000, 0x0000, 0x0000, 0x0000, 0x0000, 0x0000, 0x0000, 
    0x0000, 0x0000, 0x0000, 0x0000, 0x0000, 0x0000, 0x0000, 0x0000, 
    0x0000, 0x0000, 0x0000, 0x0000, 0x0000, 0x0000, 0x0000, 0x0000, 
    0x0000, 0x0000, 0x0000, 0x0000, 0x0000, 0x0000, 0x0000, 0x0000, 
    0x0000, 0x0000, 0x0000, 0x0000, 0x0000, 0x0000, 0x0000, 0x0000, 
    0x0000, 0x0000, 0x0000, 0x0000, 0x0000, 0x0000, 0x0000, 0x0000, 
    0x5B98, 0x5C32, 0x5DDF, 0x4FEF, 0x6102, 0x62FF, 0x6D33, 0x79C1, 
    0x79CC, 0x7D43, 0x7E4E, 0x7FD3, 0x81EE, 0x8220, 0x8491, 0x8847, 
    0x8973, 0x8B91, 0x8E75, 0x8F30, 0x9032, 0x914C, 0x916D, 0x96C7, 
    0x919D, 0x4EC1, 0x4F50, 0x5146, 0x5342, 0x5F94, 0x620F, 0x67D5, 
    0x6C42, 0x6E0C, 0x7364, 0x7E27, 0x91CE, 0x9284, 0x53D5, 0x591A, 
    0x5BC0, 0x6DD2, 0x795E, 0x7E2F, 0x7C9C, 0x587F, 0x71A0, 0x51FB, 
    0x8854, 0x8FF1, 0x4FCB, 0x5CFC, 0x6626, 0x77AD, 0x7AE4, 0x821D, 
    0x9A00, 0x51C7, 0x5FAB, 0x65ED, 0x6970, 0x6B8A, 0x6DF4, 0x0000, 
    0x6E97, 0x6F65, 0x76FF, 0x7D15, 0x5DE2, 0x9076, 0x9188, 0x9807, 
    0x51E7, 0x521E, 0x6241, 0x6692, 0x66DA, 0x6E1B, 0x5EB7, 0x7DD3, 
    0x7F73, 0x66F9, 0x85B0, 0x85F8, 0x8AF9, 0x52AA, 0x53DA, 0x5974, 
    0x5E90, 0x5F91, 0x6056, 0x92E5, 0x9665, 0x50B8, 0x5120, 0x52DE, 
    0x5321, 0x5348, 0x53ED, 0x54E9, 0x5547, 0x5532, 0x5618, 0x5969, 
    0x59BF, 0x5A3D, 0x5BB6, 0x5C07, 0x5C10, 0x5C12, 0x5C1B, 0x5E85, 
    0x5E8B, 0x5EE1, 0x5F71, 0x6280, 0x6285, 0x62DC, 0x638D, 0x6378, 
    0x6608, 0x660D, 0x662E, 0x6677, 0x677F, 0x68A3, 0x6A20, 0x6A36, 
    0x6CBD, 0x6D89, 0x6E0A, 0x6E59, 0x713D, 0x7127, 0x7168, 0x75C8, 
    0x7702, 0x785E, 0x7902, 0x7966, 0x79F1, 0x7AE1, 0x7B12, 0x7CA8, 
    0x7D3A, 0x8097, 0x83D7, 0x848C, 0x854A, 0x885E, 0x88F4, 0x8A20, 
    0x8A3D, 0x8A55, 0x8A74, 0x8C62, 0x8CDF, 0x91A5, 0x9267, 0x937F, 
    0x9419, 0x969D, 0x9799, 0x4E0B, 0x4E09, 0x4E1F, 0x4E58, 0x5198, 
    0x5271, 0x57CF, 0x5835, 0x58CD, 0x5B23, 0x5E39, 0x60C6, 0x64FF, 
    0x6762, 0x6757, 0x6D45, 0x72B7, 0x7574, 0x7A64, 0x84B9, 0x8B73, 
    0x91B9, 0x9321, 0x5632, 0x57F5, 0x98FF, 0x0000, 0x0000, 0x0000, 
    0x0000, 0x0000, 0x0000, 0x0000, 0x0000, 0x0000, 0x0000, 0x0000, 
    0x0000, 0x0000, 0x0000, 0x0000, 0x0000, 0x0000, 0x0000, 0x0000, 
    0x0000, 0x0000, 0x0000, 0x0000, 0x0000, 0x0000, 0x0000, 0x0000, 
    0x0000, 0x0000, 0x0000, 0x0000, 0x0000, 0x0000, 0x0000, 0x0000, 
    0x0000, 0x0000, 0x0000, 0x0000, 0x0000, 0x0000, 0x0000, 0x0000, 
    0x0000, 0x0000, 0x0000, 0x0000, 0x0000, 0x0000, 0x0000, 0x0000, 
    0x0000, 0x0000, 0x0000, 0x0000, 0x0000, 0x0000, 0x0000, 0x0000, 
    0x0000, 0x0000, 0x0000, 0x0000, 0x0000, 0x0000, 0x0000, 0x0000, 
    0x62EE, 0x690E, 0x6B97, 0x71EE, 0x7E55, 0x8078, 0x8273, 0x89E7, 
    0x98E0, 0x8756, 0x8FB2, 0x5C3C, 0x4F39, 0x4FE2, 0x4FB6, 0x5508, 
    0x5A21, 0x5BDE, 0x5BEA, 0x5FC4, 0x614F, 0x6330, 0x65B1, 0x664C, 
    0x68EF, 0x699C, 0x6D79, 0x6DF2, 0x7534, 0x75BA, 0x7720, 0x795F, 
    0x79E7, 0x7D34, 0x81E4, 0x82B0, 0x85AB, 0x89AB, 0x8A3B, 0x8EAC, 
    0x8F9C, 0x9033, 0x91DE, 0x9708, 0x4EBB, 0x4EC2, 0x5204, 0x5876, 
    0x58ED, 0x5C0C, 0x751B, 0x5C3E, 0x814F, 0x8A0B, 0x8FC6, 0x9664, 
    0x976E, 0x7B26, 0x8AD0, 0x9809, 0x9163, 0x56F4, 0x53A9, 0x0000, 
    0x9018, 0x543A, 0x5783, 0x5E26, 0x63A9, 0x6C35, 0x708B, 0x7762, 
    0x7C8C, 0x7FE1, 0x8871, 0x9043, 0x9155, 0x9311, 0x9319, 0x9690, 
    0x745F, 0x9AC5, 0x5D08, 0x5D6A, 0x6571, 0x67A3, 0x8DA9, 0x96DC, 
    0x636F, 0x674A, 0x691A, 0x83C6, 0x9818, 0x96C1, 0x88FF, 0x6F85, 
    0x647B, 0x5BF9, 0x4E17, 0x702D, 0x755E, 0x6630, 0x51C5, 0x5237, 
    0x52E3, 0x59D4, 0x5F82, 0x6028, 0x6211, 0x6540, 0x6575, 0x6620, 
    0x6675, 0x68F3, 0x6817, 0x6B64, 0x6E06, 0x7273, 0x7520, 0x76DC, 
    0x7CBF, 0x8057, 0x58F1, 0x88FE, 0x8980, 0x8AA1, 0x8A94, 0x8ACC, 
    0x901E, 0x9193, 0x9753, 0x975A, 0x658A, 0x7A0F, 0x8107, 0x96BC, 
    0x5E2E, 0x60DD, 0x621B, 0x65A6, 0x6615, 0x6791, 0x77F4, 0x7A4E, 
    0x7C4E, 0x7E3F, 0x810B, 0x8CAD, 0x8D65, 0x8DE2, 0x8E60, 0x78AA, 
    0x5208, 0x62DA, 0x63A6, 0x6443, 0x6299, 0x8A2E, 0x7A84, 0x7BC1, 
    0x8AAD, 0x96EB, 0x7D77, 0x820D, 0x874A, 0x4EDA, 0x5149, 0x5344, 
    0x5361, 0x5BA4, 0x5C03, 0x5C17, 0x5DDE, 0x6227, 0x6248, 0x64B1, 
    0x6814, 0x6835, 0x6CCA, 0x6D46, 0x6D18, 0x67D4, 0x6F5D, 0x714F, 
    0x717E, 0x65CC, 0x7A80, 0x7BAE, 0x7DDB, 0x0000, 0x0000, 0x0000, 
    0x0000, 0x0000, 0x0000, 0x0000, 0x0000, 0x0000, 0x0000, 0x0000, 
    0x0000, 0x0000, 0x0000, 0x0000, 0x0000, 0x0000, 0x0000, 0x0000, 
    0x0000, 0x0000, 0x0000, 0x0000, 0x0000, 0x0000, 0x0000, 0x0000, 
    0x0000, 0x0000, 0x0000, 0x0000, 0x0000, 0x0000, 0x0000, 0x0000, 
    0x0000, 0x0000, 0x0000, 0x0000, 0x0000, 0x0000, 0x0000, 0x0000, 
    0x0000, 0x0000, 0x0000, 0x0000, 0x0000, 0x0000, 0x0000, 0x0000, 
    0x0000, 0x0000, 0x0000, 0x0000, 0x0000, 0x0000, 0x0000, 0x0000, 
    0x0000, 0x0000, 0x0000, 0x0000, 0x0000, 0x0000, 0x0000, 0x0000, 
    0x7E4B, 0x7FA9, 0x817B, 0x821C, 0x823A, 0x85A7, 0x8A6F, 0x8CCF, 
    0x8DF6, 0x9079, 0x9078, 0x92AE, 0x9292, 0x9584, 0x9BAF, 0x524E, 
    0x5585, 0x6F39, 0x7137, 0x5169, 0x7986, 0x7E56, 0x81B4, 0x7CCF, 
    0x564D, 0x5852, 0x5CA9, 0x63AB, 0x66FF, 0x66FE, 0x695B, 0x72DA, 
    0x7590, 0x758F, 0x790F, 0x7957, 0x79E0, 0x7C98, 0x7D21, 0x7D45, 
    0x8608, 0x8A35, 0x963C, 0x9062, 0x9F21, 0x50E8, 0x5276, 0x53CD, 
    0x53E3, 0x500A, 0x55AB, 0x58EF, 0x5950, 0x723E, 0x5B8C, 0x5C65, 
    0x531E, 0x60E4, 0x60F4, 0x635D, 0x6384, 0x6340, 0x63BC, 0x0000, 
    0x64CE, 0x65EA, 0x66FA, 0x5DE4, 0x69CE, 0x69FE, 0x6F16, 0x71E6, 
    0x4E8A, 0x75EA, 0x76F9, 0x7A94, 0x7CE0, 0x7DD0, 0x7D9D, 0x8062, 
    0x834A, 0x8359, 0x846D, 0x84BD, 0x85FC, 0x88C6, 0x8D71, 0x9002, 
    0x906E, 0x9398, 0x971D, 0x9A13, 0x50D0, 0x5898, 0x618F, 0x81D4, 
    0x8536, 0x8D09, 0x9021, 0x4FC4, 0x5075, 0x5248, 0x5374, 0x6070, 
    0x634A, 0x6760, 0x6E2D, 0x8DB4, 0x9020, 0x4FD8, 0x5C5F, 0x8CCB, 
    0x65D0, 0x7D9B, 0x5353, 0x8897, 0x5177, 0x63C4, 0x5B59, 0x5B6C, 
    0x5C0B, 0x640E, 0x6752, 0x905D, 0x4ED7, 0x591B, 0x592B, 0x6C71, 
    0x8A52, 0x553F, 0x5816, 0x59A6, 0x60F1, 0x6254, 0x67C2, 0x8236, 
    0x6956, 0x9641, 0x99C5, 0x9A29, 0x4F54, 0x5807, 0x5BFF, 0x8011, 
    0x5CB2, 0x5E30, 0x5F86, 0x6021, 0x614C, 0x6235, 0x6700, 0x6CF1, 
    0x6EDF, 0x80CF, 0x8180, 0x82D5, 0x888C, 0x8CB9, 0x9001, 0x902F, 
    0x968B, 0x9EDC, 0x9BDC, 0x4EE4, 0x53F1, 0x5928, 0x7B2D, 0x918E, 
    0x984D, 0x9DFA, 0x6EDE, 0x7028, 0x5354, 0x5545, 0x5B86, 0x6259, 
    0x629F, 0x62D4, 0x6CA3, 0x6FF0, 0x7423, 0x8A18, 0x9439, 0x6FC2, 
    0x8AFF, 0x8339, 0x51E8, 0x86F9, 0x53EB, 0x0000, 0x0000, 0x0000, 
    0x0000, 0x0000, 0x0000, 0x0000, 0x0000, 0x0000, 0x0000, 0x0000, 
    0x0000, 0x0000, 0x0000, 0x0000, 0x0000, 0x0000, 0x0000, 0x0000, 
    0x0000, 0x0000, 0x0000, 0x0000, 0x0000, 0x0000, 0x0000, 0x0000, 
    0x0000, 0x0000, 0x0000, 0x0000, 0x0000, 0x0000, 0x0000, 0x0000, 
    0x0000, 0x0000, 0x0000, 0x0000, 0x0000, 0x0000, 0x0000, 0x0000, 
    0x0000, 0x0000, 0x0000, 0x0000, 0x0000, 0x0000, 0x0000, 0x0000, 
    0x0000, 0x0000, 0x0000, 0x0000, 0x0000, 0x0000, 0x0000, 0x0000, 
    0x0000, 0x0000, 0x0000, 0x0000, 0x0000, 0x0000, 0x0000, 0x0000, 
    0x53EA, 0x4F47, 0x9055, 0x8FB1, 0x596B, 0x8132, 0x5DFE, 0x7AEB, 
    0x8FC0, 0x68DB, 0x8C38, 0x72F9, 0x9C49, 0x6A3E, 0x8AB1, 0x4E3A, 
    0x5359, 0x5607, 0x5767, 0x62C6, 0x63A3, 0x65E7, 0x6B4F, 0x6DE2, 
    0x6E5C, 0x70AE, 0x77EE, 0x7AF0, 0x7BAB, 0x7DBC, 0x803E, 0x80C7, 
    0x86CC, 0x8A96, 0x935C, 0x56E4, 0x58C8, 0x5F3F, 0x65AE, 0x6697, 
    0x6A81, 0x6BB6, 0x7538, 0x8AC8, 0x5025, 0x77E6, 0x5731, 0x5F1C, 
    0x6066, 0x667B, 0x6C61, 0x75F5, 0x7A1B, 0x7F6F, 0x81F5, 0x8719, 
    0x9046, 0x99B4, 0x7BCA, 0x755D, 0x7AFA, 0x7B52, 0x84C5, 0x0000, 
    0x9011, 0x79EA, 0x7A93, 0x8337, 0x5AE2, 0x7741, 0x4E2E, 0x4EF3, 
    0x5B9A, 0x5FE1, 0x62BE, 0x663D, 0x67F2, 0x6CE9, 0x866C, 0x8878, 
    0x8A3C, 0x914F, 0x92F4, 0x99D1, 0x6A18, 0x7027, 0x732B, 0x82E8, 
    0x8458, 0x8CB0, 0x4E02, 0x5147, 0x51CC, 0x558C, 0x5BF6, 0x5E17, 
    0x5E34, 0x5E82, 0x5F15, 0x5F36, 0x5F6C, 0x5FB5, 0x61F3, 0x6312, 
    0x66A3, 0x671E, 0x6F6F, 0x7253, 0x753B, 0x773B, 0x8075, 0x813A, 
    0x8179, 0x8777, 0x8AC0, 0x8ADD, 0x8D86, 0x8DF4, 0x929B, 0x9578, 
    0x9803, 0x9CE6, 0x52C6, 0x6358, 0x76F5, 0x6716, 0x6C89, 0x73CE, 
    0x8CC4, 0x93AF, 0x9674, 0x6D26, 0x589D, 0x690F, 0x69CD, 0x8FFE, 
    0x939B, 0x75DC, 0x901B, 0x585B, 0x6803, 0x63B5, 0x69FC, 0x4F44, 
    0x6F2D, 0x67D9, 0x8FBC, 0x8527, 0x7DB5, 0x9355, 0x6940, 0x6F71, 
    0x576B, 0x58F8, 0x5B2D, 0x7D2D, 0x722B, 0x540B, 0x91E4, 0x9DB5, 
    0x4EAE, 0x4F4F, 0x505D, 0x5076, 0x5244, 0x8C9F, 0x5449, 0x5825, 
    0x5B9B, 0x5E1E, 0x5E96, 0x5EAE, 0x5EF8, 0x5F20, 0x608D, 0x62B6, 
    0x633B, 0x63D1, 0x68B0, 0x6C41, 0x7888, 0x798F, 0x7A0C, 0x7DE1, 
    0x8248, 0x8A03, 0x8AE7, 0x8E45, 0x9014, 0x0000, 0x0000, 0x0000, 
    0x0000, 0x0000, 0x0000, 0x0000, 0x0000, 0x0000, 0x0000, 0x0000, 
    0x0000, 0x0000, 0x0000, 0x0000, 0x0000, 0x0000, 0x0000, 0x0000, 
    0x0000, 0x0000, 0x0000, 0x0000, 0x0000, 0x0000, 0x0000, 0x0000, 
    0x0000, 0x0000, 0x0000, 0x0000, 0x0000, 0x0000, 0x0000, 0x0000, 
    0x0000, 0x0000, 0x0000, 0x0000, 0x0000, 0x0000, 0x0000, 0x0000, 
    0x0000, 0x0000, 0x0000, 0x0000, 0x0000, 0x0000, 0x0000, 0x0000, 
    0x0000, 0x0000, 0x0000, 0x0000, 0x0000, 0x0000, 0x0000, 0x0000, 
    0x0000, 0x0000, 0x0000, 0x0000, 0x0000, 0x0000, 0x0000, 0x0000, 
    0x90B9, 0x912E, 0x91D9, 0x9F0F, 0x6CE6, 0x6459, 0x64E3, 0x6576, 
    0x6EF5, 0x7685, 0x7B1C, 0x906A, 0x93D2, 0x6EBB, 0x54F3, 0x5FBA, 
    0x64A5, 0x8F4E, 0x8FEE, 0x9245, 0x5179, 0x586C, 0x592A, 0x5C56, 
    0x5E98, 0x6DFC, 0x7E90, 0x751D, 0x8CBD, 0x8EE3, 0x985C, 0x70BA, 
    0x4F1E, 0x6BC0, 0x6FB2, 0x7531, 0x96FC, 0x514F, 0x5411, 0x5836, 
    0x5858, 0x59AD, 0x5C61, 0x5F93, 0x6598, 0x675D, 0x6E22, 0x767C, 
    0x83E0, 0x8CEE, 0x9015, 0x90FE, 0x934E, 0x7826, 0x783B, 0x52AB, 
    0x5EA7, 0x5720, 0x5975, 0x6013, 0x5013, 0x515B, 0x51AD, 0x0000, 
    0x51CE, 0x5201, 0x5511, 0x5855, 0x5859, 0x5958, 0x5B96, 0x5CF7, 
    0x5D8C, 0x60BD, 0x6296, 0x642E, 0x6772, 0x6844, 0x68BD, 0x68E0, 
    0x76D8, 0x6DD9, 0x6E70, 0x6D9C, 0x7070, 0x71C9, 0x5F54, 0x75D9, 
    0x7978, 0x7B4A, 0x7B55, 0x7B53, 0x7CD7, 0x7D72, 0x5231, 0x8464, 
    0x856A, 0x85E5, 0x8A0F, 0x8B05, 0x8C47, 0x8E10, 0x9004, 0x9010, 
    0x941A, 0x9677, 0x982E, 0x9A31, 0x95D9, 0x50CE, 0x52D6, 0x540D, 
    0x5803, 0x5C0F, 0x61A8, 0x649F, 0x6D1F, 0x77B4, 0x7AE6, 0x80F5, 
    0x8405, 0x9054, 0x9286, 0x5CE1, 0x9D08, 0x5340, 0x5F98, 0x5FB4, 
    0x6D9D, 0x727A, 0x7764, 0x79C0, 0x7BE5, 0x6BD3, 0x72ED, 0x8AAE, 
    0x6804, 0x6A62, 0x51F9, 0x7A82, 0x6935, 0x5C4B, 0x9CF7, 0x82EC, 
    0x5BC6, 0x914A, 0x701F, 0x5679, 0x5C70, 0x60C8, 0x6567, 0x6C8D, 
    0x8C5B, 0x9042, 0x9814, 0x5452, 0x66C8, 0x920E, 0x5949, 0x90A4, 
    0x5186, 0x4E4E, 0x51EB, 0x859A, 0x8B0F, 0x7059, 0x637B, 0x934C, 
    0x6963, 0x99B5, 0x7E05, 0x7578, 0x5358, 0x6961, 0x8EE0, 0x96E4, 
    0x6C5E, 0x4E8D, 0x5C3D, 0x5F11, 0x8FEA, 0x5303, 0x8CD2, 0x808A, 
    0x867A, 0x5F00, 0x65E6, 0x4E74, 0x5166, 0x0000, 0x0000, 0x0000, 
    0x0000, 0x0000, 0x0000, 0x0000, 0x0000, 0x0000, 0x0000, 0x0000, 
    0x0000, 0x0000, 0x0000, 0x0000, 0x0000, 0x0000, 0x0000, 0x0000, 
    0x0000, 0x0000, 0x0000, 0x0000, 0x0000, 0x0000, 0x0000, 0x0000, 
    0x0000, 0x0000, 0x0000, 0x0000, 0x0000, 0x0000, 0x0000, 0x0000, 
    0x0000, 0x0000, 0x0000, 0x0000, 0x0000, 0x0000, 0x0000, 0x0000, 
    0x0000, 0x0000, 0x0000, 0x0000, 0x0000, 0x0000, 0x0000, 0x0000, 
    0x0000, 0x0000, 0x0000, 0x0000, 0x0000, 0x0000, 0x0000, 0x0000, 
    0x0000, 0x0000, 0x0000, 0x0000, 0x0000, 0x0000, 0x0000, 0x0000, 
    0x5983, 0x5C40, 0x97EF, 0x4EFC, 0x598B, 0x5FCE, 0x8A8E, 0x6FE2, 
    0x79B1, 0x7963, 0x5BE8, 0x8472, 0x732C, 0x71B2, 0x5E75, 0x5FF6, 
    0x637C, 0x649B, 0x71C4, 0x7C99, 0x4E44, 0x5EFD, 0x4E4C, 0x57DD, 
    0x56A3, 0x60AA, 0x6FC4, 0x7D0E, 0x80FE, 0x8134, 0x81C0, 0x8FB3, 
    0x8998, 0x86A5, 0x5DF5, 0x628B, 0x64AE, 0x8988, 0x6778, 0x6CE3, 
    0x6D3F, 0x7437, 0x7835, 0x5A47, 0x7F76, 0x82AE, 0x99AD, 0x4FF4, 
    0x5EC4, 0x62DE, 0x6393, 0x6558, 0x6770, 0x76C4, 0x724D, 0x80CD, 
    0x80BB, 0x8F2A, 0x914E, 0x500E, 0x57FA, 0x5A93, 0x6886, 0x0000, 
    0x6974, 0x7165, 0x72FE, 0x8CB8, 0x58F3, 0x8CE1, 0x966B, 0x901A, 
    0x8780, 0x79E5, 0x77E8, 0x842A, 0x4F30, 0x5266, 0x535B, 0x62CE, 
    0x67D0, 0x6CCB, 0x767E, 0x7B95, 0x7C96, 0x8237, 0x8585, 0x8FEC, 
    0x66DE, 0x6F21, 0x7207, 0x7E1C, 0x83AC, 0x99C2, 0x9EA7, 0x51FE, 
    0x7BB2, 0x7873, 0x7BB9, 0x8088, 0x7B49, 0x6AE9, 0x5E62, 0x808D, 
    0x7552, 0x7561, 0x516C, 0x9263, 0x6E8D, 0x767B, 0x9198, 0x9AEB, 
    0x4F11, 0x7F71, 0x629D, 0x7B50, 0x95A6, 0x9CEA, 0x567B, 0x585A, 
    0x86E5, 0x96BD, 0x4F35, 0x5225, 0x534B, 0x53CE, 0x53DC, 0x5E07, 
    0x642D, 0x6592, 0x6780, 0x6C3F, 0x6C4F, 0x7249, 0x72B0, 0x73EE, 
    0x7555, 0x7E42, 0x822D, 0x85EA, 0x8CAA, 0x7BC5, 0x91C7, 0x716A, 
    0x9813, 0x98F0, 0x633E, 0x666A, 0x756B, 0x76E5, 0x78D1, 0x8544, 
    0x86EF, 0x532B, 0x5352, 0x5427, 0x5984, 0x5E88, 0x5F7D, 0x60B3, 
    0x624A, 0x627A, 0x62AC, 0x6591, 0x6BD5, 0x6CCD, 0x75B3, 0x76AF, 
    0x7892, 0x79D9, 0x7DCC, 0x7F78, 0x80A6, 0x88AC, 0x8ABA, 0x8CBC, 
    0x9080, 0x975F, 0x98DC, 0x6A0C, 0x7C39, 0x509A, 0x5C3F, 0x5FAF, 
    0x6788, 0x6BD9, 0x7436, 0x770A, 0x7F8F, 0x0000, 0x0000, 0x0000, 
    0x0000, 0x0000, 0x0000, 0x0000, 0x0000, 0x0000, 0x0000, 0x0000, 
    0x0000, 0x0000, 0x0000, 0x0000, 0x0000, 0x0000, 0x0000, 0x0000, 
    0x0000, 0x0000, 0x0000, 0x0000, 0x0000, 0x0000, 0x0000, 0x0000, 
    0x0000, 0x0000, 0x0000, 0x0000, 0x0000, 0x0000, 0x0000, 0x0000, 
    0x0000, 0x0000, 0x0000, 0x0000, 0x0000, 0x0000, 0x0000, 0x0000, 
    0x0000, 0x0000, 0x0000, 0x0000, 0x0000, 0x0000, 0x0000, 0x0000, 
    0x0000, 0x0000, 0x0000, 0x0000, 0x0000, 0x0000, 0x0000, 0x0000, 
    0x0000, 0x0000, 0x0000, 0x0000, 0x0000, 0x0000, 0x0000, 0x0000, 
    0x9F3C, 0x67CB, 0x7A18, 0x533A, 0x758C, 0x9AEE, 0x5F67, 0x819E, 
    0x83F2, 0x8099, 0x5F3D, 0x5FC6, 0x7563, 0x7B47, 0x903D, 0x6868, 
    0x59EC, 0x5A9C, 0x7D11, 0x767F, 0x8B2D, 0x4FF6, 0x5F6B, 0x6A1A, 
    0x6C38, 0x6F03, 0x74E3, 0x7969, 0x8869, 0x8A56, 0x8C7A, 0x5EE0, 
    0x63D0, 0x75C6, 0x79D3, 0x82D8, 0x9329, 0x92F3, 0x849D, 0x86EE, 
    0x9C2E, 0x54C2, 0x5F6D, 0x658D, 0x6D5D, 0x7016, 0x8CA8, 0x8CD4, 
    0x983C, 0x6550, 0x74F7, 0x4E0E, 0x4ED9, 0x57E1, 0x592C, 0x5A67, 
    0x5BCD, 0x51A9, 0x5E04, 0x5E9D, 0x6017, 0x6277, 0x6578, 0x0000, 
    0x65A8, 0x666F, 0x6D6F, 0x7237, 0x7B27, 0x8151, 0x819B, 0x829A, 
    0x8B5D, 0x8CA1, 0x8CE7, 0x8D75, 0x961D, 0x9645, 0x4FAF, 0x64AC, 
    0x6B67, 0x821F, 0x8462, 0x856B, 0x90E9, 0x5C02, 0x6954, 0x98A9, 
    0x847B, 0x8558, 0x4F10, 0x5270, 0x5FAA, 0x5E46, 0x670E, 0x7990, 
    0x817A, 0x8908, 0x8987, 0x6DF6, 0x5F18, 0x6256, 0x6CB9, 0x4ED0, 
    0x726A, 0x9B93, 0x5207, 0x543C, 0x5675, 0x58B4, 0x61A5, 0x626F, 
    0x711B, 0x596F, 0x7C8A, 0x7CDF, 0x7D1C, 0x96F1, 0x6588, 0x805F, 
    0x4E1A, 0x4F76, 0x5176, 0x5841, 0x5E64, 0x5E74, 0x5F0B, 0x67C5, 
    0x4E27, 0x853E, 0x958A, 0x965C, 0x7C74, 0x9802, 0x50FC, 0x58C2, 
    0x7657, 0x78A8, 0x5226, 0x77A6, 0x8512, 0x7B87, 0x5050, 0x590A, 
    0x7248, 0x7BC8, 0x7DE9, 0x8FBB, 0x8FD5, 0x904E, 0x4FC0, 0x52CA, 
    0x5A2A, 0x5F02, 0x97AE, 0x4FDE, 0x8218, 0x92EB, 0x5704, 0x6356, 
    0x6B6A, 0x752C, 0x88DD, 0x8F15, 0x7A43, 0x52E0, 0x5894, 0x6156, 
    0x620B, 0x66AF, 0x6BCE, 0x7C40, 0x83EA, 0x5024, 0x4FF9, 0x5306, 
    0x5447, 0x5832, 0x594A, 0x5B9E, 0x5CF1, 0x5CF0, 0x5D2A, 0x5E97, 
    0x62B2, 0x6368, 0x653F, 0x65BA, 0x670C, 0x0000, 0x0000, 0x0000, 
    0x0000, 0x0000, 0x0000, 0x0000, 0x0000, 0x0000, 0x0000, 0x0000, 
    0x0000, 0x0000, 0x0000, 0x0000, 0x0000, 0x0000, 0x0000, 0x0000, 
    0x0000, 0x0000, 0x0000, 0x0000, 0x0000, 0x0000, 0x0000, 0x0000, 
    0x0000, 0x0000, 0x0000, 0x0000, 0x0000, 0x0000, 0x0000, 0x0000, 
    0x0000, 0x0000, 0x0000, 0x0000, 0x0000, 0x0000, 0x0000, 0x0000, 
    0x0000, 0x0000, 0x0000, 0x0000, 0x0000, 0x0000, 0x0000, 0x0000, 
    0x0000, 0x0000, 0x0000, 0x0000, 0x0000, 0x0000, 0x0000, 0x0000, 
    0x0000, 0x0000, 0x0000, 0x0000, 0x0000, 0x0000, 0x0000, 0x0000, 
    0x6CD6, 0x6CE2, 0x70FA, 0x7833, 0x7E2C, 0x80DF, 0x82B4, 0x840D, 
    0x84ED, 0x8703, 0x8913, 0x8A2B, 0x8C4B, 0x90A7, 0x92D3, 0x98FE, 
    0x9CF4, 0x9D6D, 0x4E50, 0x4EA2, 0x508E, 0x5257, 0x574B, 0x59A9, 
    0x5E3E, 0x5FD9, 0x5FDA, 0x6240, 0x66B5, 0x671C, 0x67D1, 0x68D3, 
    0x5193, 0x7D22, 0x80AB, 0x81A9, 0x8B01, 0x8C8D, 0x8CC0, 0x927F, 
    0x9633, 0x5421, 0x982D, 0x5318, 0x50D6, 0x535D, 0x58A9, 0x64B3, 
    0x6735, 0x7268, 0x7767, 0x7A47, 0x91E7, 0x52C4, 0x6CA2, 0x6B87, 
    0x5801, 0x5E4D, 0x5955, 0x672D, 0x7FFC, 0x51E2, 0x76C7, 0x0000, 
    0x646A, 0x78E9, 0x9B55, 0x9EBC, 0x57CC, 0x59BA, 0x6628, 0x679B, 
    0x6BCF, 0x54EA, 0x69DA, 0x5E56, 0x819D, 0x6796, 0x9BAB, 0x67FF, 
    0x9C53, 0x685E, 0x4EA7, 0x4FE4, 0x53C9, 0x62BA, 0x672C, 0x6CAC, 
    0x8FC5, 0x4FAE, 0x7E6E, 0x9EC0, 0x4E08, 0x6163, 0x6E81, 0x6F2C, 
    0x8514, 0x5474, 0x672B, 0x9B46, 0x5DF4, 0x7B96, 0x5CAD, 0x5BC7, 
    0x871D, 0x6E4B, 0x84D2, 0x7A15, 0x8109, 0x599A, 0x7C8E, 0x6C12, 
    0x7721, 0x52DA, 0x5923, 0x7122, 0x7260, 0x77DC, 0x9728, 0x9D62, 
    0x690C, 0x5A80, 0x5A19, 0x51A6, 0x540E, 0x547E, 0x660F, 0x76E0, 
    0x8FF8, 0x9299, 0x9CF5, 0x59EB, 0x725E, 0x6EC6, 0x514E, 0x68CA, 
    0x7DC0, 0x7DED, 0x9763, 0x9EBB, 0x6479, 0x6A22, 0x8303, 0x5985, 
    0x5B60, 0x6BDC, 0x731C, 0x76F3, 0x7DB3, 0x8018, 0x849A, 0x5133, 
    0x6729, 0x9EDA, 0x76EF, 0x6763, 0x5300, 0x9906, 0x5C25, 0x623C, 
    0x7C7F, 0x8CB1, 0x5550, 0x60B7, 0x7D0C, 0x9581, 0x5302, 0x4E60, 
    0x51B7, 0x591D, 0x723B, 0x8037, 0x91CF, 0x5F26, 0x77E3, 0x5385, 
    0x5F7A, 0x7D05, 0x85AD, 0x8A34, 0x8E8E, 0x9757, 0x67F4, 0x85AF, 
    0x9454, 0x610A, 0x6109, 0x6CBA, 0x7653, 0x0000, 0x0000, 0x0000, 
    0x0000, 0x0000, 0x0000, 0x0000, 0x0000, 0x0000, 0x0000, 0x0000, 
    0x0000, 0x0000, 0x0000, 0x0000, 0x0000, 0x0000, 0x0000, 0x0000, 
    0x0000, 0x0000, 0x0000, 0x0000, 0x0000, 0x0000, 0x0000, 0x0000, 
    0x0000, 0x0000, 0x0000, 0x0000, 0x0000, 0x0000, 0x0000, 0x0000, 
    0x0000, 0x0000, 0x0000, 0x0000, 0x0000, 0x0000, 0x0000, 0x0000, 
    0x0000, 0x0000, 0x0000, 0x0000, 0x0000, 0x0000, 0x0000, 0x0000, 
    0x0000, 0x0000, 0x0000, 0x0000, 0x0000, 0x0000, 0x0000, 0x0000, 
    0x0000, 0x0000, 0x0000, 0x0000, 0x0000, 0x0000, 0x0000, 0x0000, 
    0x8AEE, 0x8F39, 0x5530, 0x4F52, 0x512B, 0x52C8, 0x53CC, 0x5BA6, 
    0x5E7E, 0x60A1, 0x6183, 0x63D7, 0x670A, 0x67DB, 0x6E68, 0x6D8D, 
    0x7337, 0x7338, 0x7532, 0x7951, 0x88D6, 0x8A99, 0x904B, 0x9092, 
    0x90F6, 0x96C5, 0x878E, 0x5916, 0x4E89, 0x4F5A, 0x4E0F, 0x8A8A, 
    0x8F40, 0x9811, 0x50AE, 0x5E7D, 0x5997, 0x5BBA, 0x5EB9, 0x63DB, 
    0x63FB, 0x64C2, 0x66DD, 0x694B, 0x69D9, 0x6D0C, 0x6EB7, 0x7195, 
    0x7529, 0x7AB0, 0x7F8B, 0x8001, 0x844A, 0x84CA, 0x8982, 0x8B22, 
    0x8E0B, 0x9066, 0x967E, 0x990B, 0x617F, 0x6292, 0x6B33, 0x0000, 
    0x6C84, 0x6D75, 0x7FCD, 0x7FFD, 0x6DC1, 0x7F86, 0x87BB, 0x88F9, 
    0x6766, 0x83B2, 0x983D, 0x96F8, 0x6D1C, 0x7D62, 0x843E, 0x916B, 
    0x4E72, 0x5376, 0x5D51, 0x6B05, 0x6FEC, 0x85CE, 0x862E, 0x89A8, 
    0x522A, 0x5410, 0x5C66, 0x674F, 0x68A9, 0x7407, 0x7484, 0x75E3, 
    0x88D0, 0x88E2, 0x91CD, 0x96E3, 0x9679, 0x5F8C, 0x7388, 0x7ACC, 
    0x844F, 0x63A1, 0x7566, 0x528A, 0x6D42, 0x6E9D, 0x740A, 0x755A, 
    0x786C, 0x7C93, 0x9687, 0x7ADD, 0x9F8E, 0x4FB7, 0x616F, 0x65C6, 
    0x865D, 0x4E87, 0x4EAF, 0x50DB, 0x4E22, 0x51CD, 0x5BEF, 0x659A, 
    0x6882, 0x6DBD, 0x7320, 0x7643, 0x77AE, 0x7A1D, 0x7CE8, 0x8270, 
    0x8AD3, 0x907D, 0x91D0, 0x9676, 0x9819, 0x529C, 0x7DD2, 0x502C, 
    0x5399, 0x6798, 0x6DCC, 0x71D1, 0x7434, 0x81E9, 0x8F2B, 0x96A4, 
    0x9C58, 0x9EA0, 0x7461, 0x5842, 0x6D9A, 0x7D30, 0x985F, 0x4EE5, 
    0x4F37, 0x4F8C, 0x51B8, 0x52B2, 0x5DBB, 0x601D, 0x73B3, 0x793D, 
    0x82D4, 0x9235, 0x96B8, 0x96F7, 0x970B, 0x9E98, 0x9F63, 0x66A7, 
    0x6B75, 0x5218, 0x52A4, 0x70C9, 0x88C3, 0x5ECA, 0x604C, 0x6191, 
    0x6F24, 0x714A, 0x7C3F, 0x7DF5, 0x8070, 0x0000, 0x0000, 0x0000, 
    0x0000, 0x0000, 0x0000, 0x0000, 0x0000, 0x0000, 0x0000, 0x0000, 
    0x0000, 0x0000, 0x0000, 0x0000, 0x0000, 0x0000, 0x0000, 0x0000, 
    0x0000, 0x0000, 0x0000, 0x0000, 0x0000, 0x0000, 0x0000, 0x0000, 
    0x0000, 0x0000, 0x0000, 0x0000, 0x0000, 0x0000, 0x0000, 0x0000, 
    0x0000, 0x0000, 0x0000, 0x0000, 0x0000, 0x0000, 0x0000, 0x0000, 
    0x0000, 0x0000, 0x0000, 0x0000, 0x0000, 0x0000, 0x0000, 0x0000, 
    0x0000, 0x0000, 0x0000, 0x0000, 0x0000, 0x0000, 0x0000, 0x0000, 
    0x0000, 0x0000, 0x0000, 0x0000, 0x0000, 0x0000, 0x0000, 0x0000, 
    0x84EF, 0x9024, 0x932D, 0x5443, 0x9B70, 0x6AD4, 0x708A, 0x8CC3, 
    0x8DF0, 0x9733, 0x52B5, 0x5A42, 0x5ECB, 0x5F05, 0x6718, 0x697D, 
    0x6995, 0x6D6B, 0x6F10, 0x7263, 0x72FD, 0x7BEE, 0x8002, 0x807F, 
    0x874C, 0x90CF, 0x516E, 0x9E94, 0x7985, 0x808C, 0x9333, 0x8AD7, 
    0x502E, 0x548D, 0x8A72, 0x6B6B, 0x8CC5, 0x8108, 0x60D2, 0x67A1, 
    0x9DF3, 0x4E9A, 0x4E99, 0x9C11, 0x8A6C, 0x85C2, 0x8569, 0x6901, 
    0x6E7F, 0x7898, 0x8156, 0x0000, 0x0000, 0x0000, 0x0000, 0x0000, 
    0x0000, 0x0000, 0x0000, 0x0000, 0x0000, 0x0000, 0x0000, 0x0000, 
    0x0000, 0x0000, 0x0000, 0x0000, 0x0000, 0x0000, 0x0000, 0x0000, 
    0x0000, 0x0000, 0x0000, 0x0000, 0x0000, 0x0000, 0x0000, 0x0000, 
    0x0000, 0x0000, 0x0000, 0x0000, 0x0000, 0x0000, 0x0000, 0x0000, 
    0x0000, 0x0000, 0x0000, 0x0000, 0x0000, 0x0000, 0x0000, 0x5F0D, 
    0x4E11, 0x4E16, 0x4E2B, 0x4E32, 0x4E37, 0x4E3D, 0x4E40, 0x4E43, 
    0x4E57, 0x4E59, 0x4E83, 0x4E86, 0x8C6C, 0x4E8B, 0x8213, 0x5F0E, 
    0x4E8F, 0x4E9F, 0x4EA0, 0x4EA1, 0x4EA3, 0x4EB1, 0x4EB4, 0x4EB7, 
    0x4ECF, 0x4ECE, 0x4EC5, 0x4EC7, 0x4EC3, 0x4ED8, 0x4EDF, 0x4EEE, 
    0x4EE0, 0x4EF8, 0x4F0A, 0x4F5B, 0x4F31, 0x4F5C, 0x4F5E, 0x4F58, 
    0x4F48, 0x4F77, 0x4F89, 0x4F90, 0x4F99, 0x4F7C, 0x4F6A, 0x4F71, 
    0x4F92, 0x4F70, 0x4F87, 0x4F97, 0x5119, 0x4FD5, 0x4FE0, 0x4FCF, 
    0x4FD9, 0x4FDC, 0x4FD2, 0x4FDB, 0x4FD1, 0x4FE5, 0x4FE6, 0x501B, 
    0x5029, 0x5015, 0x502B, 0x5026, 0x5006, 0x4F1D, 0x4FF7, 0x5022, 
    0x502A, 0x502D, 0x4FFF, 0x4FF0, 0x5012, 0x5007, 0x5044, 0x5048, 
    0x6704, 0x5056, 0x5051, 0x5049, 0x505B, 0x5057, 0x506D, 0x5079, 
    0x5081, 0x509B, 0x5086, 0x50B5, 0x50B3, 0x0000, 0x0000, 0x0000, 
    0x0000, 0x0000, 0x0000, 0x0000, 0x0000, 0x0000, 0x0000, 0x0000, 
    0x0000, 0x0000, 0x0000, 0x0000, 0x0000, 0x0000, 0x0000, 0x0000, 
    0x0000, 0x0000, 0x0000, 0x0000, 0x0000, 0x0000, 0x0000, 0x0000, 
    0x0000, 0x0000, 0x0000, 0x0000, 0x0000, 0x0000, 0x0000, 0x0000, 
    0x0000, 0x0000, 0x0000, 0x0000, 0x0000, 0x0000, 0x0000, 0x0000, 
    0x0000, 0x0000, 0x0000, 0x0000, 0x0000, 0x0000, 0x0000, 0x0000, 
    0x0000, 0x0000, 0x0000, 0x0000, 0x0000, 0x0000, 0x0000, 0x0000, 
    0x0000, 0x0000, 0x0000, 0x0000, 0x0000, 0x0000, 0x0000, 0x0000, 
    0x50CA, 0x50CB, 0x50B4, 0x50C3, 0x50D7, 0x50DF, 0x50E6, 0x50EE, 
    0x50E4, 0x50EF, 0x50FA, 0x50F6, 0x510A, 0x5102, 0x5103, 0x5117, 
    0x5116, 0x5115, 0x511B, 0x5122, 0x513B, 0x5138, 0x513D, 0x513C, 
    0x5140, 0x5141, 0x5153, 0x514D, 0x5155, 0x5163, 0x7AF9, 0x516A, 
    0x516B, 0x516F, 0x5181, 0x5183, 0x56D9, 0x518D, 0x518A, 0x5190, 
    0x5192, 0x5194, 0x5196, 0x5197, 0x51A5, 0x51A7, 0x51A3, 0x51AA, 
    0x51AB, 0x51AC, 0x51B4, 0x51B2, 0x51B3, 0x51B1, 0x51B6, 0x51BE, 
    0x51C6, 0x51CA, 0x51DC, 0x51E1, 0x8656, 0x51EA, 0x51EE, 0x0000, 
    0x51F1, 0x51F6, 0x51FF, 0x5205, 0x520C, 0x5215, 0x520F, 0x5228, 
    0x522B, 0x522F, 0x5234, 0x523A, 0x5250, 0x5245, 0x524C, 0x524D, 
    0x525F, 0x5255, 0x526B, 0x5275, 0x526A, 0x5274, 0x5280, 0x527E, 
    0x528E, 0x5295, 0x5293, 0x5272, 0x5289, 0x5292, 0x8FA9, 0x8FA8, 
    0x52AD, 0x52AE, 0x52BD, 0x52B6, 0x52C2, 0x52CE, 0x52D8, 0x52DF, 
    0x52E4, 0x52E7, 0x98EE, 0x52E1, 0x52F4, 0x52F6, 0x52F9, 0x52FA, 
    0x5307, 0x5309, 0x7539, 0x530E, 0x5311, 0x5310, 0x5316, 0x531B, 
    0x5324, 0x5330, 0x5332, 0x5334, 0x5339, 0x5341, 0x5347, 0x5346, 
    0x4E18, 0x534A, 0x534E, 0x51D7, 0x535F, 0x536A, 0x536F, 0x5919, 
    0x537C, 0x5378, 0x5383, 0x5397, 0x53A1, 0x53A7, 0x53A6, 0x53AF, 
    0x53B1, 0x53B7, 0x53C4, 0x7C13, 0x96DA, 0x53E0, 0x66FD, 0x71EF, 
    0x53EF, 0x53E9, 0x53EE, 0x53FB, 0x5402, 0x543E, 0x5441, 0x542D, 
    0x542E, 0x543D, 0x542F, 0x5437, 0x542A, 0x541E, 0x544F, 0x5490, 
    0x5476, 0x548F, 0x5460, 0x5472, 0x5478, 0x5471, 0x5493, 0x547C, 
    0x5481, 0x5477, 0x5485, 0x5491, 0x5487, 0x54C8, 0x54A3, 0x54B9, 
    0x54A6, 0x54AD, 0x54C5, 0x54C9, 0x54A9, 0x0000, 0x0000, 0x0000, 
    0x0000, 0x0000, 0x0000, 0x0000, 0x0000, 0x0000, 0x0000, 0x0000, 
    0x0000, 0x0000, 0x0000, 0x0000, 0x0000, 0x0000, 0x0000, 0x0000, 
    0x0000, 0x0000, 0x0000, 0x0000, 0x0000, 0x0000, 0x0000, 0x0000, 
    0x0000, 0x0000, 0x0000, 0x0000, 0x0000, 0x0000, 0x0000, 0x0000, 
    0x0000, 0x0000, 0x0000, 0x0000, 0x0000, 0x0000, 0x0000, 0x0000, 
    0x0000, 0x0000, 0x0000, 0x0000, 0x0000, 0x0000, 0x0000, 0x0000, 
    0x0000, 0x0000, 0x0000, 0x0000, 0x0000, 0x0000, 0x0000, 0x0000, 
    0x0000, 0x0000, 0x0000, 0x0000, 0x0000, 0x0000, 0x0000, 0x0000, 
    0x54AC, 0x54C3, 0x54A5, 0x54BF, 0x54BD, 0x54D9, 0x54E6, 0x54E7, 
    0x5510, 0x5515, 0x54FE, 0x54EF, 0x54EE, 0x54FB, 0x54E3, 0x553A, 
    0x5541, 0x5564, 0x554D, 0x552F, 0x555D, 0x5546, 0x5557, 0x5558, 
    0x5539, 0x5534, 0x555E, 0x559A, 0x5581, 0x54B0, 0x558B, 0x55A0, 
    0x557C, 0x557F, 0x5599, 0x559F, 0x55AF, 0x557D, 0x5584, 0x55AA, 
    0x5588, 0x55A9, 0x55DB, 0x55C6, 0x55E0, 0x55C5, 0x55DD, 0x55E5, 
    0x55D5, 0x5615, 0x55F8, 0x5617, 0x55FF, 0x55FE, 0x561C, 0x55FA, 
    0x564F, 0x5651, 0x71E0, 0x5635, 0x5637, 0x5633, 0x5639, 0x0000, 
    0x566C, 0x5665, 0x5630, 0x566D, 0x566B, 0x5687, 0x5681, 0x568B, 
    0x56A1, 0x5695, 0x5690, 0x56A6, 0x56AF, 0x56B7, 0x56B5, 0x56C3, 
    0x56BD, 0x56C2, 0x56C4, 0x56C1, 0x56C9, 0x56CF, 0x56D2, 0x56D4, 
    0x56D8, 0x56EF, 0x56FA, 0x5701, 0x5700, 0x5705, 0x570A, 0x5709, 
    0x570C, 0x570E, 0x5714, 0x5719, 0x5717, 0x55C8, 0x571D, 0x5727, 
    0x5738, 0x5739, 0x574F, 0x573C, 0x5741, 0x5750, 0x576A, 0x57C1, 
    0x5789, 0x5762, 0x5780, 0x578A, 0x5794, 0x57A1, 0x57B4, 0x57A5, 
    0x57AB, 0x57B1, 0x57C4, 0x57C7, 0x57D5, 0x57D3, 0x57D4, 0x580B, 
    0x57D7, 0x57E4, 0x580C, 0x581A, 0x581E, 0x5873, 0x5822, 0x5863, 
    0x584C, 0x5871, 0x6BC1, 0x5853, 0x583E, 0x587A, 0x5886, 0x58BA, 
    0x58A0, 0x58AC, 0x58BB, 0x58DF, 0x58BC, 0x58B9, 0x58AF, 0x58C6, 
    0x58D4, 0x58D2, 0x58D8, 0x58DA, 0x58D9, 0x58E6, 0x58DD, 0x58E5, 
    0x58E0, 0x58F0, 0x58FB, 0x58FA, 0x58FC, 0x58FD, 0x58FE, 0x5903, 
    0x590B, 0x5911, 0x591C, 0x68A7, 0x5926, 0x592D, 0x592E, 0x5933, 
    0x5939, 0x593F, 0x7AD3, 0x5956, 0x5951, 0x594F, 0x595B, 0x5959, 
    0x5963, 0x5961, 0x5968, 0x596D, 0x596A, 0x0000, 0x0000, 0x0000, 
    0x0000, 0x0000, 0x0000, 0x0000, 0x0000, 0x0000, 0x0000, 0x0000, 
    0x0000, 0x0000, 0x0000, 0x0000, 0x0000, 0x0000, 0x0000, 0x0000, 
    0x0000, 0x0000, 0x0000, 0x0000, 0x0000, 0x0000, 0x0000, 0x0000, 
    0x0000, 0x0000, 0x0000, 0x0000, 0x0000, 0x0000, 0x0000, 0x0000, 
    0x0000, 0x0000, 0x0000, 0x0000, 0x0000, 0x0000, 0x0000, 0x0000, 
    0x0000, 0x0000, 0x0000, 0x0000, 0x0000, 0x0000, 0x0000, 0x0000, 
    0x0000, 0x0000, 0x0000, 0x0000, 0x0000, 0x0000, 0x0000, 0x0000, 
    0x0000, 0x0000, 0x0000, 0x0000, 0x0000, 0x0000, 0x0000, 0x0000, 
    0x5979, 0x5982, 0x599E, 0x4F5F, 0x4FAC, 0x59A4, 0x59B3, 0x59C7, 
    0x59E9, 0x59DD, 0x598E, 0x59DA, 0x59DB, 0x5A26, 0x5A20, 0x5A12, 
    0x5A1D, 0x5A0A, 0x5A1B, 0x5A41, 0x5A6D, 0x5A4A, 0x5A36, 0x5A37, 
    0x5A63, 0x5A6B, 0x5A9B, 0x5ABD, 0x5ABF, 0x5ACC, 0x5AC3, 0x5ABE, 
    0x5AE4, 0x5AD8, 0x5AE7, 0x5AEA, 0x5AD7, 0x5AFB, 0x5AFC, 0x5B0D, 
    0x5B0C, 0x5B17, 0x5B33, 0x5AD1, 0x5B2B, 0x5B37, 0x5B3F, 0x5B44, 
    0x5B46, 0x5B41, 0x5B52, 0x5B56, 0x5B5B, 0x5B5C, 0x5B66, 0x5B6A, 
    0x5B71, 0x5B74, 0x5B76, 0x5B79, 0x6589, 0x5B7B, 0x5B81, 0x0000, 
    0x5B84, 0x5BA7, 0x5BB9, 0x5BC4, 0x5BC8, 0x5BCA, 0x5BD5, 0x5BD1, 
    0x5BE5, 0x5BE7, 0x5BE3, 0x5BDF, 0x5BE6, 0x5BEC, 0x5BF1, 0x5BF7, 
    0x5BF4, 0x5C06, 0x5C08, 0x5C09, 0x5C0E, 0x5C14, 0x5C21, 0x5C23, 
    0x5C29, 0x5C39, 0x5C3A, 0x5C42, 0x5C47, 0x5C4F, 0x5C54, 0x5C51, 
    0x5C50, 0x5B72, 0x5C6D, 0x5C6F, 0x4E63, 0x5C77, 0x5C7A, 0x5C8D, 
    0x5C92, 0x5C95, 0x599C, 0x5CAC, 0x5CBC, 0x5CB7, 0x5CBD, 0x5CB8, 
    0x5CC6, 0x5CBF, 0x5CC8, 0x5CDA, 0x5CEA, 0x5CFE, 0x5CFB, 0x5CEE, 
    0x5D8D, 0x5CEB, 0x5D0C, 0x5D16, 0x5D18, 0x5D5D, 0x5D20, 0x5D1C, 
    0x5D12, 0x5D15, 0x5D23, 0x5D1B, 0x5D1A, 0x5D19, 0x5D4D, 0x5D53, 
    0x5D4F, 0x5D4C, 0x5D6D, 0x5D74, 0x5D77, 0x5D88, 0x5D85, 0x5D83, 
    0x5DA3, 0x5D9E, 0x5DAD, 0x5DAF, 0x5DBE, 0x5D91, 0x5DB8, 0x5DBD, 
    0x5DCA, 0x5DCE, 0x5DD4, 0x5DD3, 0x5DD7, 0x5DDC, 0x5DEC, 0x5DF3, 
    0x5DF6, 0x5E0C, 0x5E1B, 0x5E1A, 0x5E12, 0x5E1C, 0x5E37, 0x5E38, 
    0x5E45, 0x5E44, 0x5E41, 0x5E4F, 0x5E58, 0x5E55, 0x5E60, 0x5E63, 
    0x5E65, 0x5E48, 0x5E76, 0x5E77, 0x5E7B, 0x9EBD, 0x5E80, 0x5EA1, 
    0x5EC2, 0x5EC3, 0x5EC9, 0x5ED1, 0x5ED0, 0x0000, 0x0000, 0x0000, 
    0x0000, 0x0000, 0x0000, 0x0000, 0x0000, 0x0000, 0x0000, 0x0000, 
    0x0000, 0x0000, 0x0000, 0x0000, 0x0000, 0x0000, 0x0000, 0x0000, 
    0x0000, 0x0000, 0x0000, 0x0000, 0x0000, 0x0000, 0x0000, 0x0000, 
    0x0000, 0x0000, 0x0000, 0x0000, 0x0000, 0x0000, 0x0000, 0x0000, 
    0x0000, 0x0000, 0x0000, 0x0000, 0x0000, 0x0000, 0x0000, 0x0000, 
    0x0000, 0x0000, 0x0000, 0x0000, 0x0000, 0x0000, 0x0000, 0x0000, 
    0x0000, 0x0000, 0x0000, 0x0000, 0x0000, 0x0000, 0x0000, 0x0000, 
    0x0000, 0x0000, 0x0000, 0x0000, 0x0000, 0x0000, 0x0000, 0x0000, 
    0x5ED7, 0x5EE4, 0x5EDE, 0x5EDB, 0x5EDC, 0x5EE3, 0x5EE2, 0x5EE9, 
    0x5EEA, 0x5EED, 0x5EF2, 0x5EF4, 0x5EF1, 0x5EF5, 0x5EF9, 0x5EFF, 
    0x5F04, 0x5F0A, 0x5F5E, 0x5F5D, 0x5F0C, 0x5F12, 0x5F17, 0x5F2A, 
    0x5F2E, 0x5F39, 0x5F42, 0x5F49, 0x5F4D, 0x5F4F, 0x5F30, 0x5F52, 
    0x5F57, 0x5F58, 0x5F5A, 0x5F62, 0x5F6E, 0x5F74, 0x5F78, 0x5F84, 
    0x5F83, 0x5F80, 0x5F8B, 0x5F89, 0x5F92, 0x5F88, 0x5F9F, 0x5F9A, 
    0x5F99, 0x5FA1, 0x5FA9, 0x5FAE, 0x5FBD, 0x5FD7, 0x5FFC, 0x5FE5, 
    0x5FF9, 0x5FF2, 0x5FDE, 0x60B4, 0x6000, 0x6022, 0x6061, 0x0000, 
    0x601A, 0x6011, 0x602A, 0x600F, 0x6032, 0x601C, 0x6016, 0x602C, 
    0x6027, 0x6010, 0x603B, 0x605B, 0x6042, 0x606B, 0x6078, 0x6060, 
    0x604B, 0x6047, 0x604E, 0x6064, 0x6044, 0x6065, 0x6043, 0x606D, 
    0x606C, 0x605A, 0x6082, 0x608E, 0x60E8, 0x6084, 0x609B, 0x6085, 
    0x609C, 0x6097, 0x6098, 0x6093, 0x60A8, 0x608C, 0x60E2, 0x60B9, 
    0x60E1, 0x60D4, 0x60B5, 0x5FF1, 0x60BE, 0x60C7, 0x60B6, 0x60D9, 
    0x614E, 0x6116, 0x6107, 0x60F7, 0x60F8, 0x6101, 0x60F5, 0x60FB, 
    0x6104, 0x6122, 0x60FC, 0x60F2, 0x610E, 0x610F, 0x6148, 0x613F, 
    0x6129, 0x6128, 0x614B, 0x6140, 0x613D, 0x612D, 0x6135, 0x613E, 
    0x6143, 0x6145, 0x6174, 0x6178, 0x6159, 0x615A, 0x615B, 0x616C, 
    0x6175, 0x6170, 0x6166, 0x6172, 0x6160, 0x615E, 0x6154, 0x6176, 
    0x619A, 0x6197, 0x6188, 0x61AD, 0x6195, 0x619B, 0x618B, 0x6192, 
    0x61AC, 0x61AF, 0x61CD, 0x61CB, 0x61CA, 0x61F8, 0x61C9, 0x61C4, 
    0x61C7, 0x61BB, 0x61CC, 0x7F7A, 0x61CE, 0x61E7, 0x61E4, 0x61F7, 
    0x61FB, 0x61F5, 0x6200, 0x61FE, 0x61FD, 0x61FF, 0x6201, 0x6209, 
    0x620A, 0x620E, 0x620D, 0x6215, 0x621C, 0x0000, 0x0000, 0x0000, 
    0x0000, 0x0000, 0x0000, 0x0000, 0x0000, 0x0000, 0x0000, 0x0000, 
    0x0000, 0x0000, 0x0000, 0x0000, 0x0000, 0x0000, 0x0000, 0x0000, 
    0x0000, 0x0000, 0x0000, 0x0000, 0x0000, 0x0000, 0x0000, 0x0000, 
    0x0000, 0x0000, 0x0000, 0x0000, 0x0000, 0x0000, 0x0000, 0x0000, 
    0x0000, 0x0000, 0x0000, 0x0000, 0x0000, 0x0000, 0x0000, 0x0000, 
    0x0000, 0x0000, 0x0000, 0x0000, 0x0000, 0x0000, 0x0000, 0x0000, 
    0x0000, 0x0000, 0x0000, 0x0000, 0x0000, 0x0000, 0x0000, 0x0000, 
    0x0000, 0x0000, 0x0000, 0x0000, 0x0000, 0x0000, 0x0000, 0x0000, 
    0x621F, 0x6222, 0x622B, 0x622F, 0x6231, 0x6233, 0x6234, 0x6242, 
    0x624F, 0x625F, 0x6264, 0x625C, 0x6261, 0x6269, 0x627D, 0x6283, 
    0x628A, 0x627F, 0x6293, 0x6294, 0x6297, 0x62D5, 0x6284, 0x6295, 
    0x62D8, 0x62D2, 0x62BC, 0x62D0, 0x6300, 0x62C7, 0x64D5, 0x62C9, 
    0x62DD, 0x62CD, 0x62CB, 0x62C3, 0x62C8, 0x629C, 0x62CA, 0x630D, 
    0x62EF, 0x62F2, 0x6328, 0x6303, 0x6309, 0x62F0, 0x62F6, 0x6351, 
    0x633F, 0x634E, 0x641D, 0x6350, 0x6397, 0x638F, 0x6381, 0x63AC, 
    0x6377, 0x63A4, 0x6390, 0x638A, 0x63A0, 0x63B6, 0x636C, 0x0000, 
    0x636A, 0x63BF, 0x63EA, 0x63C1, 0x63C7, 0x63E4, 0x63CA, 0x63D3, 
    0x63F7, 0x63C5, 0x6417, 0x6435, 0x6407, 0x6414, 0x6427, 0x6437, 
    0x651E, 0x6418, 0x6429, 0x6410, 0x6468, 0x6470, 0x6477, 0x644F, 
    0x652B, 0x6496, 0x6494, 0x64A6, 0x64AA, 0x6489, 0x64BD, 0x64DB, 
    0x64D3, 0x64C6, 0x64C8, 0x64BC, 0x64D9, 0x64C3, 0x64F2, 0x64E8, 
    0x820A, 0x64E1, 0x64E2, 0x62AD, 0x64E4, 0x64F0, 0x652D, 0x64F7, 
    0x64F5, 0x64F3, 0x64FB, 0x6501, 0x64FE, 0x6519, 0x651D, 0x6506, 
    0x6525, 0x6524, 0x652C, 0x6535, 0x6536, 0x6538, 0x6537, 0x6539, 
    0x754C, 0x6549, 0x6557, 0x6556, 0x654E, 0x6559, 0x655F, 0x655E, 
    0x6573, 0x6579, 0x6583, 0x6584, 0x8B8B, 0x659C, 0x65A0, 0x65AC, 
    0x65B8, 0x65C4, 0x65C7, 0x65C2, 0x65C5, 0x65CD, 0x65D3, 0x65DC, 
    0x65DA, 0x65E1, 0x65E2, 0x65F2, 0x6773, 0x660B, 0x6604, 0x65FC, 
    0x6774, 0x6636, 0x6637, 0x6635, 0x661D, 0x6650, 0x6645, 0x664A, 
    0x6642, 0x665F, 0x665E, 0x6665, 0x6668, 0x6669, 0x6660, 0x6663, 
    0x6671, 0x6684, 0x6689, 0x668F, 0x668A, 0x6685, 0x6699, 0x669E, 
    0x66C2, 0x66BA, 0x66CA, 0x66BF, 0x66BD, 0x0000, 0x0000, 0x0000, 
    0x0000, 0x0000, 0x0000, 0x0000, 0x0000, 0x0000, 0x0000, 0x0000, 
    0x0000, 0x0000, 0x0000, 0x0000, 0x0000, 0x0000, 0x0000, 0x0000, 
    0x0000, 0x0000, 0x0000, 0x0000, 0x0000, 0x0000, 0x0000, 0x0000, 
    0x0000, 0x0000, 0x0000, 0x0000, 0x0000, 0x0000, 0x0000, 0x0000, 
    0x0000, 0x0000, 0x0000, 0x0000, 0x0000, 0x0000, 0x0000, 0x0000, 
    0x0000, 0x0000, 0x0000, 0x0000, 0x0000, 0x0000, 0x0000, 0x0000, 
    0x0000, 0x0000, 0x0000, 0x0000, 0x0000, 0x0000, 0x0000, 0x0000, 
    0x0000, 0x0000, 0x0000, 0x0000, 0x0000, 0x0000, 0x0000, 0x0000, 
    0x66C5, 0x66B9, 0x66D7, 0x66DB, 0x66E1, 0x6640, 0x66E7, 0x66EA, 
    0x66F1, 0x66F6, 0x66F8, 0x6710, 0x6717, 0x671F, 0x6727, 0x6728, 
    0x9739, 0x672F, 0x6740, 0x6737, 0x6742, 0x6739, 0x6738, 0x6747, 
    0x675F, 0x6761, 0x675A, 0x6764, 0x6765, 0x678A, 0x6771, 0x67AA, 
    0x677D, 0x676B, 0x678D, 0x678C, 0x67A7, 0x67A2, 0x6786, 0x67B8, 
    0x67F0, 0x67B5, 0x67ED, 0x67B4, 0x67EA, 0x67B9, 0x67E5, 0x67DF, 
    0x67DE, 0x67E3, 0x67EF, 0x67BA, 0x67CF, 0x67C7, 0x67E8, 0x6A9D, 
    0x681F, 0x6847, 0x682A, 0x6841, 0x684E, 0x6833, 0x684F, 0x0000, 
    0x68B4, 0x682C, 0x685A, 0x6864, 0x6878, 0x6880, 0x68A0, 0x6890, 
    0x68AE, 0x6895, 0x689E, 0x689C, 0x6884, 0x6AAF, 0x68BA, 0x6875, 
    0x68B6, 0x68A1, 0x68BB, 0x6910, 0x688E, 0x687F, 0x6902, 0x68CB, 
    0x6909, 0x68D9, 0x6923, 0x6927, 0x68E2, 0x690D, 0x68CE, 0x68D5, 
    0x68E8, 0x68D6, 0x6937, 0x6913, 0x6905, 0x68D8, 0x68E4, 0x6926, 
    0x68FA, 0x68E1, 0x68F0, 0x6929, 0x692B, 0x691B, 0x6924, 0x6922, 
    0x68C7, 0x697A, 0x6978, 0x695D, 0x6979, 0x696C, 0x6955, 0x697F, 
    0x696F, 0x693A, 0x6975, 0x693E, 0x695A, 0x6931, 0x6962, 0x695F, 
    0x695E, 0x6982, 0x696B, 0x69B3, 0x69AF, 0x69D1, 0x69C0, 0x69C2, 
    0x69D4, 0x69BF, 0x69CF, 0x5BE9, 0x69CB, 0x69DE, 0x69BC, 0x69C4, 
    0x69A8, 0x6A2F, 0x6992, 0x69A1, 0x699D, 0x6996, 0x69B5, 0x69DF, 
    0x69E9, 0x6A03, 0x6A1C, 0x6A00, 0x6B0B, 0x69FA, 0x69F3, 0x69E8, 
    0x6A06, 0x69B2, 0x6A1F, 0x69EE, 0x6A15, 0x69EC, 0x6A0B, 0x6A13, 
    0x6AC2, 0x6A24, 0x6A14, 0x6A45, 0x6A0D, 0x6A73, 0x6A37, 0x6A79, 
    0x6A48, 0x6A63, 0x6A5A, 0x6A67, 0x6A49, 0x6A39, 0x6A23, 0x6A91, 
    0x6A8E, 0x6AA1, 0x6A85, 0x6AA3, 0x6AA4, 0x0000, 0x0000, 0x0000, 
    0x0000, 0x0000, 0x0000, 0x0000, 0x0000, 0x0000, 0x0000, 0x0000, 
    0x0000, 0x0000, 0x0000, 0x0000, 0x0000, 0x0000, 0x0000, 0x0000, 
    0x0000, 0x0000, 0x0000, 0x0000, 0x0000, 0x0000, 0x0000, 0x0000, 
    0x0000, 0x0000, 0x0000, 0x0000, 0x0000, 0x0000, 0x0000, 0x0000, 
    0x0000, 0x0000, 0x0000, 0x0000, 0x0000, 0x0000, 0x0000, 0x0000, 
    0x0000, 0x0000, 0x0000, 0x0000, 0x0000, 0x0000, 0x0000, 0x0000, 
    0x0000, 0x0000, 0x0000, 0x0000, 0x0000, 0x0000, 0x0000, 0x0000, 
    0x0000, 0x0000, 0x0000, 0x0000, 0x0000, 0x0000, 0x0000, 0x0000, 
    0x6A98, 0x8618, 0x6ABC, 0x6AC4, 0x6AC3, 0x6AB9, 0x6AB4, 0x6AAD, 
    0x6ADF, 0x6AD2, 0x6AE0, 0x6AAB, 0x6ADB, 0x6AEB, 0x6AFC, 0x6B06, 
    0x8617, 0x6AFB, 0x6B13, 0x6B17, 0x9B32, 0x6B20, 0x6B39, 0x6B38, 
    0x76DD, 0x6B3A, 0x98EF, 0x6B48, 0x6B44, 0x6B4A, 0x6B51, 0x6B5A, 
    0x6B55, 0x6B5C, 0x6B60, 0x6B62, 0x6B79, 0x6B7A, 0x6B80, 0x6B81, 
    0x6B85, 0x6B84, 0x6B8E, 0x6B99, 0x6B96, 0x6B9F, 0x6BA5, 0x6BAB, 
    0x6BAC, 0x6BB0, 0x6BB3, 0x6BB2, 0x6BB4, 0x6BB8, 0x6BBD, 0x6BC7, 
    0x6BCC, 0x6BD4, 0x6BE0, 0x6BED, 0x6BEC, 0x6BF4, 0x6BF0, 0x0000, 
    0x9EBF, 0x6C09, 0x6C14, 0x6C15, 0x6C1C, 0x6C25, 0x6C24, 0x6C5F, 
    0x6C56, 0x6C63, 0x6C6B, 0x6C83, 0x6C8E, 0x6C9B, 0x6C82, 0x6C9C, 
    0x6C7F, 0x6C69, 0x6C74, 0x6C93, 0x6C91, 0x6CC5, 0x6CF2, 0x6CD4, 
    0x6CBE, 0x6CD8, 0x6CC6, 0x6CDE, 0x6CAF, 0x6CB2, 0x6CBF, 0x6CBB, 
    0x6CDC, 0x6CF0, 0x6CDA, 0x6CEB, 0x6D20, 0x884E, 0x6D37, 0x6D2C, 
    0x6D3E, 0x6D39, 0x6D1A, 0x6D36, 0x6D34, 0x6D13, 0x6D0D, 0x6D64, 
    0x6D94, 0x6D65, 0x6D5B, 0x6D7A, 0x6D5A, 0x6D8F, 0x6D96, 0x6FE5, 
    0x6D86, 0x6DFA, 0x6E16, 0x6E0B, 0x6DB6, 0x6DC8, 0x6DE7, 0x6DB9, 
    0x6DC7, 0x6DED, 0x6DDF, 0x6DCD, 0x6DE9, 0x6DD3, 0x6DC6, 0x6DFB, 
    0x6DDA, 0x6DE5, 0x6DD6, 0x6DEB, 0x6DEF, 0x6E2E, 0x6E6F, 0x6E2F, 
    0x6E1A, 0x6E73, 0x6E60, 0x6E3F, 0x6E24, 0x6E6C, 0x6E2C, 0x6E77, 
    0x6E4E, 0x6E20, 0x6E44, 0x6E3B, 0x6E4F, 0x6E25, 0x6F00, 0x6E1E, 
    0x6E39, 0x6E83, 0x6EAB, 0x6E99, 0x6ECA, 0x6EB8, 0x6ED4, 0x6EBE, 
    0x6EB0, 0x6EC5, 0x6EB3, 0x6ED5, 0x6ED6, 0x6E90, 0x6EA6, 0x6EC3, 
    0x6EA0, 0x6F42, 0x6F12, 0x704D, 0x6EED, 0x6EF9, 0x6EFF, 0x6F40, 
    0x6EF3, 0x6F32, 0x6EF0, 0x6F33, 0x6ECD, 0x0000, 0x0000, 0x0000, 
    0x0000, 0x0000, 0x0000, 0x0000, 0x0000, 0x0000, 0x0000, 0x0000, 
    0x0000, 0x0000, 0x0000, 0x0000, 0x0000, 0x0000, 0x0000, 0x0000, 
    0x0000, 0x0000, 0x0000, 0x0000, 0x0000, 0x0000, 0x0000, 0x0000, 
    0x0000, 0x0000, 0x0000, 0x0000, 0x0000, 0x0000, 0x0000, 0x0000, 
    0x0000, 0x0000, 0x0000, 0x0000, 0x0000, 0x0000, 0x0000, 0x0000, 
    0x0000, 0x0000, 0x0000, 0x0000, 0x0000, 0x0000, 0x0000, 0x0000, 
    0x0000, 0x0000, 0x0000, 0x0000, 0x0000, 0x0000, 0x0000, 0x0000, 
    0x0000, 0x0000, 0x0000, 0x0000, 0x0000, 0x0000, 0x0000, 0x0000, 
    0x0000, 0x0000, 0x0000, 0x0000, 0x0000, 0x0000, 0x0000, 0x0000, 
    0x0000, 0x0000, 0x0000, 0x0000, 0x0000, 0x0000, 0x0000, 0x0000, 
    0x0000, 0x0000, 0x0000, 0x0000, 0x0000, 0x0000, 0x0000, 0x0000, 
    0x0000, 0x0000, 0x0000, 0x0000, 0x0000, 0x0000, 0x0000, 0x0000, 
    0x0000, 0x0000, 0x0000, 0x0000, 0x0000, 0x0000, 0x0000, 0x0000, 
    0x0000, 0x0000, 0x0000, 0x0000, 0x0000, 0x0000, 0x0000, 0x0000, 
    0x0000, 0x0000, 0x0000, 0x0000, 0x0000, 0x0000, 0x0000, 0x0000, 
    0x0000, 0x0000, 0x0000, 0x0000, 0x0000, 0x0000, 0x0000, 0x0000, 
    0x0000, 0x0000, 0x0000, 0x0000, 0x0000, 0x0000, 0x0000, 0x0000, 
    0x0000, 0x0000, 0x0000, 0x0000, 0x0000, 0x0000, 0x0000, 0x0000, 
    0x0000, 0x0000, 0x0000, 0x0000, 0x0000, 0x0000, 0x0000, 0x0000, 
    0x0000, 0x0000, 0x0000, 0x0000, 0x0000, 0x0000, 0x0000, 0x0000, 
    0x0000, 0x0000, 0x0000, 0x0000, 0x0000, 0x0000, 0x0000, 0x0000, 
    0x0000, 0x0000, 0x0000, 0x0000, 0x0000, 0x0000, 0x0000, 0x0000, 
    0x0000, 0x0000, 0x0000, 0x0000, 0x0000, 0x0000, 0x0000, 0x0000, 
    0x0000, 0x0000, 0x0000, 0x0000, 0x0000, 0x0000, 0x0000, 0x0000, 
    0x0000, 0x0000, 0x0000, 0x0000, 0x0000, 0x0000, 0x0000, 0x0000, 
    0x0000, 0x0000, 0x0000, 0x0000, 0x0000, 0x0000, 0x0000, 0x0000, 
    0x0000, 0x0000, 0x0000, 0x0000, 0x0000, 0x0000, 0x0000, 0x0000, 
    0x0000, 0x0000, 0x0000, 0x0000, 0x0000, 0x0000, 0x0000, 0x0000, 
    0x0000, 0x0000, 0x0000, 0x0000, 0x0000, 0x0000, 0x0000, 0x0000, 
    0x0000, 0x0000, 0x0000, 0x0000, 0x0000, 0x0000, 0x0000, 0x0000, 
    0x0000, 0x0000, 0x0000, 0x0000, 0x0000, 0x0000, 0x0000, 0x0000, 
    0x0000, 0x0000, 0x0000, 0x0000, 0x0000, 0x0000, 0x0000, 0x0000, 
    0x0000, 0x0000, 0x0000, 0x0000, 0x0000, 0x0000, 0x0000, 0x0000, 
    0x0000, 0x0000, 0x0000, 0x0000, 0x0000, 0x0000, 0x0000, 0x0000, 
    0x0000, 0x0000, 0x0000, 0x0000, 0x0000, 0x0000, 0x0000, 0x0000, 
    0x0000, 0x0000, 0x0000, 0x0000, 0x0000, 0x0000, 0x0000, 0x0000, 
    0x0000, 0x0000, 0x0000, 0x0000, 0x0000, 0x0000, 0x0000, 0x0000, 
    0x0000, 0x0000, 0x0000, 0x0000, 0x0000, 0x0000, 0x0000, 0x0000, 
    0x0000, 0x0000, 0x0000, 0x0000, 0x0000, 0x0000, 0x0000, 0x0000, 
    0x0000, 0x0000, 0x0000, 0x0000, 0x0000, 0x0000, 0x0000, 0x0000, 
    0x0000, 0x0000, 0x0000, 0x0000, 0x0000, 0x0000, 0x0000, 0x0000, 
    0x0000, 0x0000, 0x0000, 0x0000, 0x0000, 0x0000, 0x0000, 0x0000, 
    0x0000, 0x0000, 0x0000, 0x0000, 0x0000, 0x0000, 0x0000, 0x0000, 
    0x0000, 0x0000, 0x0000, 0x0000, 0x0000, 0x0000, 0x0000, 0x0000, 
    0x0000, 0x0000, 0x0000, 0x0000, 0x0000, 0x0000, 0x0000, 0x0000, 
    0x0000, 0x0000, 0x0000, 0x0000, 0x0000, 0x0000, 0x0000, 0x0000, 
    0x0000, 0x0000, 0x0000, 0x0000, 0x0000, 0x0000, 0x0000, 0x0000, 
    0x0000, 0x0000, 0x0000, 0x0000, 0x0000, 0x0000, 0x0000, 0x0000, 
    0x0000, 0x0000, 0x0000, 0x0000, 0x0000, 0x0000, 0x0000, 0x0000, 
    0x0000, 0x0000, 0x0000, 0x0000, 0x0000, 0x0000, 0x0000, 0x0000, 
    0x0000, 0x0000, 0x0000, 0x0000, 0x0000, 0x0000, 0x0000, 0x0000, 
    0x0000, 0x0000, 0x0000, 0x0000, 0x0000, 0x0000, 0x0000, 0x0000, 
    0x0000, 0x0000, 0x0000, 0x0000, 0x0000, 0x0000, 0x0000, 0x0000, 
    0x0000, 0x0000, 0x0000, 0x0000, 0x0000, 0x0000, 0x0000, 0x0000, 
    0x0000, 0x0000, 0x0000, 0x0000, 0x0000, 0x0000, 0x0000, 0x0000, 
    0x0000, 0x0000, 0x0000, 0x0000, 0x0000, 0x0000, 0x0000, 0x0000, 
    0x0000, 0x0000, 0x0000, 0x0000, 0x0000, 0x0000, 0x0000, 0x0000, 
    0x0000, 0x0000, 0x0000, 0x0000, 0x0000, 0x0000, 0x0000, 0x0000, 
    0x0000, 0x0000, 0x0000, 0x0000, 0x0000, 0x0000, 0x0000, 0x0000, 
    0x0000, 0x0000, 0x0000, 0x0000, 0x0000, 0x0000, 0x0000, 0x0000, 
    0x0000, 0x0000, 0x0000, 0x0000, 0x0000, 0x0000, 0x0000, 0x0000, 
    0x0000, 0x0000, 0x0000, 0x0000, 0x0000, 0x0000, 0x0000, 0x0000, 
    0x0000, 0x0000, 0x0000, 0x0000, 0x0000, 0x0000, 0x0000, 0x0000, 
    0x0000, 0x0000, 0x0000, 0x0000, 0x0000, 0x0000, 0x0000, 0x0000, 
    0x0000, 0x0000, 0x0000, 0x0000, 0x0000, 0x0000, 0x0000, 0x0000, 
    0x0000, 0x0000, 0x0000, 0x0000, 0x0000, 0x0000, 0x0000, 0x0000, 
    0x0000, 0x0000, 0x0000, 0x0000, 0x0000, 0x0000, 0x0000, 0x0000, 
    0x0000, 0x0000, 0x0000, 0x0000, 0x0000, 0x0000, 0x0000, 0x0000, 
    0x0000, 0x0000, 0x0000, 0x0000, 0x0000, 0x0000, 0x0000, 0x0000, 
    0x0000, 0x0000, 0x0000, 0x0000, 0x0000, 0x0000, 0x0000, 0x0000, 
    0x0000, 0x0000, 0x0000, 0x0000, 0x0000, 0x0000, 0x0000, 0x0000, 
    0x0000, 0x0000, 0x0000, 0x0000, 0x0000, 0x0000, 0x0000, 0x0000, 
    0x0000, 0x0000, 0x0000, 0x0000, 0x0000, 0x0000, 0x0000, 0x0000, 
    0x0000, 0x0000, 0x0000, 0x0000, 0x0000, 0x0000, 0x0000, 0x0000, 
    0x0000, 0x0000, 0x0000, 0x0000, 0x0000, 0x0000, 0x0000, 0x0000, 
    0x0000, 0x0000, 0x0000, 0x0000, 0x0000, 0x0000, 0x0000, 0x0000, 
    0x0000, 0x0000, 0x0000, 0x0000, 0x0000, 0x0000, 0x0000, 0x0000, 
    0x0000, 0x0000, 0x0000, 0x0000, 0x0000, 0x0000, 0x0000, 0x0000, 
    0x0000, 0x0000, 0x0000, 0x0000, 0x0000, 0x0000, 0x0000, 0x0000, 
    0x0000, 0x0000, 0x0000, 0x0000, 0x0000, 0x0000, 0x0000, 0x0000, 
    0x0000, 0x0000, 0x0000, 0x0000, 0x0000, 0x0000, 0x0000, 0x0000, 
    0x0000, 0x0000, 0x0000, 0x0000, 0x0000, 0x0000, 0x0000, 0x0000, 
    0x0000, 0x0000, 0x0000, 0x0000, 0x0000, 0x0000, 0x0000, 0x0000, 
    0x0000, 0x0000, 0x0000, 0x0000, 0x0000, 0x0000, 0x0000, 0x0000, 
    0x0000, 0x0000, 0x0000, 0x0000, 0x0000, 0x0000, 0x0000, 0x0000, 
    0x0000, 0x0000, 0x0000, 0x0000, 0x0000, 0x0000, 0x0000, 0x0000, 
    0x0000, 0x0000, 0x0000, 0x0000, 0x0000, 0x0000, 0x0000, 0x0000, 
    0x0000, 0x0000, 0x0000, 0x0000, 0x0000, 0x0000, 0x0000, 0x0000, 
    0x0000, 0x0000, 0x0000, 0x0000, 0x0000, 0x0000, 0x0000, 0x0000, 
    0x0000, 0x0000, 0x0000, 0x0000, 0x0000, 0x0000, 0x0000, 0x0000, 
    0x0000, 0x0000, 0x0000, 0x0000, 0x0000, 0x0000, 0x0000, 0x0000, 
    0x0000, 0x0000, 0x0000, 0x0000, 0x0000, 0x0000, 0x0000, 0x0000, 
    0x0000, 0x0000, 0x0000, 0x0000, 0x0000, 0x0000, 0x0000, 0x0000, 
    0x0000, 0x0000, 0x0000, 0x0000, 0x0000, 0x0000, 0x0000, 0x0000, 
    0x0000, 0x0000, 0x0000, 0x0000, 0x0000, 0x0000, 0x0000, 0x0000, 
    0x0000, 0x0000, 0x0000, 0x0000, 0x0000, 0x0000, 0x0000, 0x0000, 
    0x0000, 0x0000, 0x0000, 0x0000, 0x0000, 0x0000, 0x0000, 0x0000, 
    0x0000, 0x0000, 0x0000, 0x0000, 0x0000, 0x0000, 0x0000, 0x0000, 
    0x0000, 0x0000, 0x0000, 0x0000, 0x0000, 0x0000, 0x0000, 0x0000, 
    0x0000, 0x0000, 0x0000, 0x0000, 0x0000, 0x0000, 0x0000, 0x0000, 
    0x0000, 0x0000, 0x0000, 0x0000, 0x0000, 0x0000, 0x0000, 0x0000, 
    0x0000, 0x0000, 0x0000, 0x0000, 0x0000, 0x0000, 0x0000, 0x0000, 
    0x0000, 0x0000, 0x0000, 0x0000, 0x0000, 0x0000, 0x0000, 0x0000, 
    0x0000, 0x0000, 0x0000, 0x0000, 0x0000, 0x0000, 0x0000, 0x0000, 
    0x0000, 0x0000, 0x0000, 0x0000, 0x0000, 0x0000, 0x0000, 0x0000, 
    0x0000, 0x0000, 0x0000, 0x0000, 0x0000, 0x0000, 0x0000, 0x0000, 
    0x0000, 0x0000, 0x0000, 0x0000, 0x0000, 0x0000, 0x0000, 0x0000, 
    0x0000, 0x0000, 0x0000, 0x0000, 0x0000, 0x0000, 0x0000, 0x0000, 
    0x0000, 0x0000, 0x0000, 0x0000, 0x0000, 0x0000, 0x0000, 0x0000, 
    0x0000, 0x0000, 0x0000, 0x0000, 0x0000, 0x0000, 0x0000, 0x0000, 
    0x0000, 0x0000, 0x0000, 0x0000, 0x0000, 0x0000, 0x0000, 0x0000, 
    0x0000, 0x0000, 0x0000, 0x0000, 0x0000, 0x0000, 0x0000, 0x0000, 
    0x0000, 0x0000, 0x0000, 0x0000, 0x0000, 0x0000, 0x0000, 0x0000, 
    0x0000, 0x0000, 0x0000, 0x0000, 0x0000, 0x0000, 0x0000, 0x0000, 
    0x0000, 0x0000, 0x0000, 0x0000, 0x0000, 0x0000, 0x0000, 0x0000, 
    0x0000, 0x0000, 0x0000, 0x0000, 0x0000, 0x0000, 0x0000, 0x0000, 
    0x0000, 0x0000, 0x0000, 0x0000, 0x0000, 0x0000, 0x0000, 0x0000, 
    0x0000, 0x0000, 0x0000, 0x0000, 0x0000, 0x0000, 0x0000, 0x0000, 
    0x0000, 0x0000, 0x0000, 0x0000, 0x0000, 0x0000, 0x0000, 0x0000, 
    0x0000, 0x0000, 0x0000, 0x0000, 0x0000, 0x0000, 0x0000, 0x0000, 
    0x0000, 0x0000, 0x0000, 0x0000, 0x0000, 0x0000, 0x0000, 0x0000, 
    0x0000, 0x0000, 0x0000, 0x0000, 0x0000, 0x0000, 0x0000, 0x0000, 
    0x0000, 0x0000, 0x0000, 0x0000, 0x0000, 0x0000, 0x0000, 0x0000, 
    0x0000, 0x0000, 0x0000, 0x0000, 0x0000, 0x0000, 0x0000, 0x0000, 
    0x0000, 0x0000, 0x0000, 0x0000, 0x0000, 0x0000, 0x0000, 0x0000, 
    0x0000, 0x0000, 0x0000, 0x0000, 0x0000, 0x0000, 0x0000, 0x0000, 
    0x0000, 0x0000, 0x0000, 0x0000, 0x0000, 0x0000, 0x0000, 0x0000, 
    0x0000, 0x0000, 0x0000, 0x0000, 0x0000, 0x0000, 0x0000, 0x0000, 
    0x0000, 0x0000, 0x0000, 0x0000, 0x0000, 0x0000, 0x0000, 0x0000, 
    0x0000, 0x0000, 0x0000, 0x0000, 0x0000, 0x0000, 0x0000, 0x0000, 
    0x0000, 0x0000, 0x0000, 0x0000, 0x0000, 0x0000, 0x0000, 0x0000, 
    0x0000, 0x0000, 0x0000, 0x0000, 0x0000, 0x0000, 0x0000, 0x0000, 
    0x0000, 0x0000, 0x0000, 0x0000, 0x0000, 0x0000, 0x0000, 0x0000, 
    0x0000, 0x0000, 0x0000, 0x0000, 0x0000, 0x0000, 0x0000, 0x0000, 
    0x0000, 0x0000, 0x0000, 0x0000, 0x0000, 0x0000, 0x0000, 0x0000, 
    0x0000, 0x0000, 0x0000, 0x0000, 0x0000, 0x0000, 0x0000, 0x0000, 
    0x0000, 0x0000, 0x0000, 0x0000, 0x0000, 0x0000, 0x0000, 0x0000, 
    0x0000, 0x0000, 0x0000, 0x0000, 0x0000, 0x0000, 0x0000, 0x0000, 
    0x0000, 0x0000, 0x0000, 0x0000, 0x0000, 0x0000, 0x0000, 0x0000, 
    0x0000, 0x0000, 0x0000, 0x0000, 0x0000, 0x0000, 0x0000, 0x0000, 
    0x0000, 0x0000, 0x0000, 0x0000, 0x0000, 0x0000, 0x0000, 0x0000, 
    0x0000, 0x0000, 0x0000, 0x0000, 0x0000, 0x0000, 0x0000, 0x0000, 
    0x0000, 0x0000, 0x0000, 0x0000, 0x0000, 0x0000, 0x0000, 0x0000, 
    0x0000, 0x0000, 0x0000, 0x0000, 0x0000, 0x0000, 0x0000, 0x0000, 
    0x0000, 0x0000, 0x0000, 0x0000, 0x0000, 0x0000, 0x0000, 0x0000, 
    0x0000, 0x0000, 0x0000, 0x0000, 0x0000, 0x0000, 0x0000, 0x0000, 
    0x0000, 0x0000, 0x0000, 0x0000, 0x0000, 0x0000, 0x0000, 0x0000, 
    0x0000, 0x0000, 0x0000, 0x0000, 0x0000, 0x0000, 0x0000, 0x0000, 
    0x0000, 0x0000, 0x0000, 0x0000, 0x0000, 0x0000, 0x0000, 0x0000, 
    0x0000, 0x0000, 0x0000, 0x0000, 0x0000, 0x0000, 0x0000, 0x0000, 
    0x0000, 0x0000, 0x0000, 0x0000, 0x0000, 0x0000, 0x0000, 0x0000, 
    0x0000, 0x0000, 0x0000, 0x0000, 0x0000, 0x0000, 0x0000, 0x0000, 
    0x0000, 0x0000, 0x0000, 0x0000, 0x0000, 0x0000, 0x0000, 0x0000, 
    0x0000, 0x0000, 0x0000, 0x0000, 0x0000, 0x0000, 0x0000, 0x0000, 
    0x0000, 0x0000, 0x0000, 0x0000, 0x0000, 0x0000, 0x0000, 0x0000, 
    0x0000, 0x0000, 0x0000, 0x0000, 0x0000, 0x0000, 0x0000, 0x0000, 
    0x0000, 0x0000, 0x0000, 0x0000, 0x0000, 0x0000, 0x0000, 0x0000, 
    0x0000, 0x0000, 0x0000, 0x0000, 0x0000, 0x0000, 0x0000, 0x0000, 
    0x0000, 0x0000, 0x0000, 0x0000, 0x0000, 0x0000, 0x0000, 0x0000, 
    0x0000, 0x0000, 0x0000, 0x0000, 0x0000, 0x0000, 0x0000, 0x0000, 
    0x0000, 0x0000, 0x0000, 0x0000, 0x0000, 0x0000, 0x0000, 0x0000, 
    0x0000, 0x0000, 0x0000, 0x0000, 0x0000, 0x0000, 0x0000, 0x0000, 
    0x0000, 0x0000, 0x0000, 0x0000, 0x0000, 0x0000, 0x0000, 0x0000, 
    0x0000, 0x0000, 0x0000, 0x0000, 0x0000, 0x0000, 0x0000, 0x0000, 
    0x0000, 0x0000, 0x0000, 0x0000, 0x0000, 0x0000, 0x0000, 0x0000, 
    0x0000, 0x0000, 0x0000, 0x0000, 0x0000, 0x0000, 0x0000, 0x0000, 
    0x0000, 0x0000, 0x0000, 0x0000, 0x0000, 0x0000, 0x0000, 0x0000, 
    0x0000, 0x0000, 0x0000, 0x0000, 0x0000, 0x0000, 0x0000, 0x0000, 
    0x0000, 0x0000, 0x0000, 0x0000, 0x0000, 0x0000, 0x0000, 0x0000, 
    0x0000, 0x0000, 0x0000, 0x0000, 0x0000, 0x0000, 0x0000, 0x0000, 
    0x0000, 0x0000, 0x0000, 0x0000, 0x0000, 0x0000, 0x0000, 0x0000, 
    0x0000, 0x0000, 0x0000, 0x0000, 0x0000, 0x0000, 0x0000, 0x0000, 
    0x0000, 0x0000, 0x0000, 0x0000, 0x0000, 0x0000, 0x0000, 0x0000, 
    0x0000, 0x0000, 0x0000, 0x0000, 0x0000, 0x0000, 0x0000, 0x0000, 
    0x0000, 0x0000, 0x0000, 0x0000, 0x0000, 0x0000, 0x0000, 0x0000, 
    0x0000, 0x0000, 0x0000, 0x0000, 0x0000, 0x0000, 0x0000, 0x0000, 
    0x0000, 0x0000, 0x0000, 0x0000, 0x0000, 0x0000, 0x0000, 0x0000, 
    0x0000, 0x0000, 0x0000, 0x0000, 0x0000, 0x0000, 0x0000, 0x0000, 
    0x0000, 0x0000, 0x0000, 0x0000, 0x0000, 0x0000, 0x0000, 0x0000, 
    0x0000, 0x0000, 0x0000, 0x0000, 0x0000, 0x0000, 0x0000, 0x0000, 
    0x0000, 0x0000, 0x0000, 0x0000, 0x0000, 0x0000, 0x0000, 0x0000, 
    0x0000, 0x0000, 0x0000, 0x0000, 0x0000, 0x0000, 0x0000, 0x0000, 
    0x0000, 0x0000, 0x0000, 0x0000, 0x0000, 0x0000, 0x0000, 0x0000, 
    0x0000, 0x0000, 0x0000, 0x0000, 0x0000, 0x0000, 0x0000, 0x0000, 
    0x0000, 0x0000, 0x0000, 0x0000, 0x0000, 0x0000, 0x0000, 0x0000, 
    0x0000, 0x0000, 0x0000, 0x0000, 0x0000, 0x0000, 0x0000, 0x0000, 
    0x0000, 0x0000, 0x0000, 0x0000, 0x0000, 0x0000, 0x0000, 0x0000, 
    0x0000, 0x0000, 0x0000, 0x0000, 0x0000, 0x0000, 0x0000, 0x0000, 
    0x0000, 0x0000, 0x0000, 0x0000, 0x0000, 0x0000, 0x0000, 0x0000, 
    0x0000, 0x0000, 0x0000, 0x0000, 0x0000, 0x0000, 0x0000, 0x0000, 
    0x0000, 0x0000, 0x0000, 0x0000, 0x0000, 0x0000, 0x0000, 0x0000, 
    0x0000, 0x0000, 0x0000, 0x0000, 0x0000, 0x0000, 0x0000, 0x0000, 
    0x0000, 0x0000, 0x0000, 0x0000, 0x0000, 0x0000, 0x0000, 0x0000, 
    0x0000, 0x0000, 0x0000, 0x0000, 0x0000, 0x0000, 0x0000, 0x0000, 
    0x0000, 0x0000, 0x0000, 0x0000, 0x0000, 0x0000, 0x0000, 0x0000, 
    0x0000, 0x0000, 0x0000, 0x0000, 0x0000, 0x0000, 0x0000, 0x0000, 
    0x0000, 0x0000, 0x0000, 0x0000, 0x0000, 0x0000, 0x0000, 0x0000, 
    0x0000, 0x0000, 0x0000, 0x0000, 0x0000, 0x0000, 0x0000, 0x0000, 
    0x0000, 0x0000, 0x0000, 0x0000, 0x0000, 0x0000, 0x0000, 0x0000, 
    0x0000, 0x0000, 0x0000, 0x0000, 0x0000, 0x0000, 0x0000, 0x0000, 
    0x0000, 0x0000, 0x0000, 0x0000, 0x0000, 0x0000, 0x0000, 0x0000, 
    0x0000, 0x0000, 0x0000, 0x0000, 0x0000, 0x0000, 0x0000, 0x0000, 
    0x0000, 0x0000, 0x0000, 0x0000, 0x0000, 0x0000, 0x0000, 0x0000, 
    0x0000, 0x0000, 0x0000, 0x0000, 0x0000, 0x0000, 0x0000, 0x0000, 
    0x0000, 0x0000, 0x0000, 0x0000, 0x0000, 0x0000, 0x0000, 0x0000, 
    0x0000, 0x0000, 0x0000, 0x0000, 0x0000, 0x0000, 0x0000, 0x0000, 
    0x0000, 0x0000, 0x0000, 0x0000, 0x0000, 0x0000, 0x0000, 0x0000, 
    0x0000, 0x0000, 0x0000, 0x0000, 0x0000, 0x0000, 0x0000, 0x0000, 
    0x0000, 0x0000, 0x0000, 0x0000, 0x0000, 0x0000, 0x0000, 0x0000, 
    0x0000, 0x0000, 0x0000, 0x0000, 0x0000, 0x0000, 0x0000, 0x0000, 
    0x0000, 0x0000, 0x0000, 0x0000, 0x0000, 0x0000, 0x0000, 0x0000, 
    0x0000, 0x0000, 0x0000, 0x0000, 0x0000, 0x0000, 0x0000, 0x0000, 
    0x0000, 0x0000, 0x0000, 0x0000, 0x0000, 0x0000, 0x0000, 0x0000, 
    0x0000, 0x0000, 0x0000, 0x0000, 0x0000, 0x0000, 0x0000, 0x0000, 
    0x0000, 0x0000, 0x0000, 0x0000, 0x0000, 0x0000, 0x0000, 0x0000, 
    0x0000, 0x0000, 0x0000, 0x0000, 0x0000, 0x0000, 0x0000, 0x0000, 
    0x0000, 0x0000, 0x0000, 0x0000, 0x0000, 0x0000, 0x0000, 0x0000, 
    0x0000, 0x0000, 0x0000, 0x0000, 0x0000, 0x0000, 0x0000, 0x0000, 
    0x0000, 0x0000, 0x0000, 0x0000, 0x0000, 0x0000, 0x0000, 0x0000, 
    0x0000, 0x0000, 0x0000, 0x0000, 0x0000, 0x0000, 0x0000, 0x0000, 
    0x0000, 0x0000, 0x0000, 0x0000, 0x0000, 0x0000, 0x0000, 0x0000, 
    0x0000, 0x0000, 0x0000, 0x0000, 0x0000, 0x0000, 0x0000, 0x0000, 
    0x0000, 0x0000, 0x0000, 0x0000, 0x0000, 0x0000, 0x0000, 0x0000, 
    0x0000, 0x0000, 0x0000, 0x0000, 0x0000, 0x0000, 0x0000, 0x0000, 
    0x0000, 0x0000, 0x0000, 0x0000, 0x0000, 0x0000, 0x0000, 0x0000, 
    0x0000, 0x0000, 0x0000, 0x0000, 0x0000, 0x0000, 0x0000, 0x0000, 
    0x0000, 0x0000, 0x0000, 0x0000, 0x0000, 0x0000, 0x0000, 0x0000, 
    0x0000, 0x0000, 0x0000, 0x0000, 0x0000, 0x0000, 0x0000, 0x0000, 
    0x0000, 0x0000, 0x0000, 0x0000, 0x0000, 0x0000, 0x0000, 0x0000, 
    0x0000, 0x0000, 0x0000, 0x0000, 0x0000, 0x0000, 0x0000, 0x0000, 
    0x0000, 0x0000, 0x0000, 0x0000, 0x0000, 0x0000, 0x0000, 0x0000, 
    0x0000, 0x0000, 0x0000, 0x0000, 0x0000, 0x0000, 0x0000, 0x0000, 
    0x0000, 0x0000, 0x0000, 0x0000, 0x0000, 0x0000, 0x0000, 0x0000, 
    0x0000, 0x0000, 0x0000, 0x0000, 0x0000, 0x0000, 0x0000, 0x0000, 
    0x0000, 0x0000, 0x0000, 0x0000, 0x0000, 0x0000, 0x0000, 0x0000, 
    0x0000, 0x0000, 0x0000, 0x0000, 0x0000, 0x0000, 0x0000, 0x0000, 
    0x0000, 0x0000, 0x0000, 0x0000, 0x0000, 0x0000, 0x0000, 0x0000, 
    0x0000, 0x0000, 0x0000, 0x0000, 0x0000, 0x0000, 0x0000, 0x0000, 
    0x0000, 0x0000, 0x0000, 0x0000, 0x0000, 0x0000, 0x0000, 0x0000, 
    0x0000, 0x0000, 0x0000, 0x0000, 0x0000, 0x0000, 0x0000, 0x0000, 
    0x0000, 0x0000, 0x0000, 0x0000, 0x0000, 0x0000, 0x0000, 0x0000, 
    0x0000, 0x0000, 0x0000, 0x0000, 0x0000, 0x0000, 0x0000, 0x0000, 
    0x0000, 0x0000, 0x0000, 0x0000, 0x0000, 0x0000, 0x0000, 0x0000, 
    0x0000, 0x0000, 0x0000, 0x0000, 0x0000, 0x0000, 0x0000, 0x0000, 
    0x0000, 0x0000, 0x0000, 0x0000, 0x0000, 0x0000, 0x0000, 0x0000, 
    0x0000, 0x0000, 0x0000, 0x0000, 0x0000, 0x0000, 0x0000, 0x0000, 
    0x0000, 0x0000, 0x0000, 0x0000, 0x0000, 0x0000, 0x0000, 0x0000, 
    0x0000, 0x0000, 0x0000, 0x0000, 0x0000, 0x0000, 0x0000, 0x0000, 
    0x0000, 0x0000, 0x0000, 0x0000, 0x0000, 0x0000, 0x0000, 0x0000, 
    0x0000, 0x0000, 0x0000, 0x0000, 0x0000, 0x0000, 0x0000, 0x0000, 
    0x0000, 0x0000, 0x0000, 0x0000, 0x0000, 0x0000, 0x0000, 0x0000, 
    0x0000, 0x0000, 0x0000, 0x0000, 0x0000, 0x0000, 0x0000, 0x0000, 
    0x0000, 0x0000, 0x0000, 0x0000, 0x0000, 0x0000, 0x0000, 0x0000, 
    0x0000, 0x0000, 0x0000, 0x0000, 0x0000, 0x0000, 0x0000, 0x0000, 
    0x0000, 0x0000, 0x0000, 0x0000, 0x0000, 0x0000, 0x0000, 0x0000, 
    0x0000, 0x0000, 0x0000, 0x0000, 0x0000, 0x0000, 0x0000, 0x0000, 
    0x0000, 0x0000, 0x0000, 0x0000, 0x0000, 0x0000, 0x0000, 0x0000, 
    0x0000, 0x0000, 0x0000, 0x0000, 0x0000, 0x0000, 0x0000, 0x0000, 
    0x0000, 0x0000, 0x0000, 0x0000, 0x0000, 0x0000, 0x0000, 0x0000, 
    0x0000, 0x0000, 0x0000, 0x0000, 0x0000, 0x0000, 0x0000, 0x0000, 
    0x0000, 0x0000, 0x0000, 0x0000, 0x0000, 0x0000, 0x0000, 0x0000, 
    0x0000, 0x0000, 0x0000, 0x0000, 0x0000, 0x0000, 0x0000, 0x0000, 
    0x0000, 0x0000, 0x0000, 0x0000, 0x0000, 0x0000, 0x0000, 0x0000, 
    0x0000, 0x0000, 0x0000, 0x0000, 0x0000, 0x0000, 0x0000, 0x0000, 
    0x0000, 0x0000, 0x0000, 0x0000, 0x0000, 0x0000, 0x0000, 0x0000, 
    0x0000, 0x0000, 0x0000, 0x0000, 0x0000, 0x0000, 0x0000, 0x0000, 
    0x0000, 0x0000, 0x0000, 0x0000, 0x0000, 0x0000, 0x0000, 0x0000, 
    0x0000, 0x0000, 0x0000, 0x0000, 0x0000, 0x0000, 0x0000, 0x0000, 
    0x0000, 0x0000, 0x0000, 0x0000, 0x0000, 0x0000, 0x0000, 0x0000, 
    0x0000, 0x0000, 0x0000, 0x0000, 0x0000, 0x0000, 0x0000, 0x0000, 
    0x0000, 0x0000, 0x0000, 0x0000, 0x0000, 0x0000, 0x0000, 0x0000, 
    0x0000, 0x0000, 0x0000, 0x0000, 0x0000, 0x0000, 0x0000, 0x0000, 
    0x0000, 0x0000, 0x0000, 0x0000, 0x0000, 0x0000, 0x0000, 0x0000, 
    0x0000, 0x0000, 0x0000, 0x0000, 0x0000, 0x0000, 0x0000, 0x0000, 
    0x0000, 0x0000, 0x0000, 0x0000, 0x0000, 0x0000, 0x0000, 0x0000, 
    0x0000, 0x0000, 0x0000, 0x0000, 0x0000, 0x0000, 0x0000, 0x0000, 
    0x0000, 0x0000, 0x0000, 0x0000, 0x0000, 0x0000, 0x0000, 0x0000, 
    0x0000, 0x0000, 0x0000, 0x0000, 0x0000, 0x0000, 0x0000, 0x0000, 
    0x0000, 0x0000, 0x0000, 0x0000, 0x0000, 0x0000, 0x0000, 0x0000, 
    0x0000, 0x0000, 0x0000, 0x0000, 0x0000, 0x0000, 0x0000, 0x0000, 
    0x0000, 0x0000, 0x0000, 0x0000, 0x0000, 0x0000, 0x0000, 0x0000, 
    0x0000, 0x0000, 0x0000, 0x0000, 0x0000, 0x0000, 0x0000, 0x0000, 
    0x0000, 0x0000, 0x0000, 0x0000, 0x0000, 0x0000, 0x0000, 0x0000, 
    0x0000, 0x0000, 0x0000, 0x0000, 0x0000, 0x0000, 0x0000, 0x0000, 
    0x0000, 0x0000, 0x0000, 0x0000, 0x0000, 0x0000, 0x0000, 0x0000, 
    0x0000, 0x0000, 0x0000, 0x0000, 0x0000, 0x0000, 0x0000, 0x0000, 
    0x0000, 0x0000, 0x0000, 0x0000, 0x0000, 0x0000, 0x0000, 0x0000, 
    0x0000, 0x0000, 0x0000, 0x0000, 0x0000, 0x0000, 0x0000, 0x0000, 
    0x0000, 0x0000, 0x0000, 0x0000, 0x0000, 0x0000, 0x0000, 0x0000, 
    0x0000, 0x0000, 0x0000, 0x0000, 0x0000, 0x0000, 0x0000, 0x0000, 
    0x0000, 0x0000, 0x0000, 0x0000, 0x0000, 0x0000, 0x0000, 0x0000, 
    0x0000, 0x0000, 0x0000, 0x0000, 0x0000, 0x0000, 0x0000, 0x0000, 
    0x0000, 0x0000, 0x0000, 0x0000, 0x0000, 0x0000, 0x0000, 0x0000, 
    0x0000, 0x0000, 0x0000, 0x0000, 0x0000, 0x0000, 0x0000, 0x0000, 
    0x0000, 0x0000, 0x0000, 0x0000, 0x0000, 0x0000, 0x0000, 0x0000, 
    0x0000, 0x0000, 0x0000, 0x0000, 0x0000, 0x0000, 0x0000, 0x0000, 
    0x0000, 0x0000, 0x0000, 0x0000, 0x0000, 0x0000, 0x0000, 0x0000, 
    0x0000, 0x0000, 0x0000, 0x0000, 0x0000, 0x0000, 0x0000, 0x0000, 
    0x0000, 0x0000, 0x0000, 0x0000, 0x0000, 0x0000, 0x0000, 0x0000, 
    0x0000, 0x0000, 0x0000, 0x0000, 0x0000, 0x0000, 0x0000, 0x0000, 
    0x0000, 0x0000, 0x0000, 0x0000, 0x0000, 0x0000, 0x0000, 0x0000, 
    0x0000, 0x0000, 0x0000, 0x0000, 0x0000, 0x0000, 0x0000, 0x0000, 
    0x0000, 0x0000, 0x0000, 0x0000, 0x0000, 0x0000, 0x0000, 0x0000, 
    0x0000, 0x0000, 0x0000, 0x0000, 0x0000, 0x0000, 0x0000, 0x0000, 
    0x0000, 0x0000, 0x0000, 0x0000, 0x0000, 0x0000, 0x0000, 0x0000, 
    0x0000, 0x0000, 0x0000, 0x0000, 0x0000, 0x0000, 0x0000, 0x0000, 
    0x0000, 0x0000, 0x0000, 0x0000, 0x0000, 0x0000, 0x0000, 0x0000, 
    0x0000, 0x0000, 0x0000, 0x0000, 0x0000, 0x0000, 0x0000, 0x0000, 
    0x0000, 0x0000, 0x0000, 0x0000, 0x0000, 0x0000, 0x0000, 0x0000, 
    0x0000, 0x0000, 0x0000, 0x0000, 0x0000, 0x0000, 0x0000, 0x0000, 
    0x0000, 0x0000, 0x0000, 0x0000, 0x0000, 0x0000, 0x0000, 0x0000, 
    0x0000, 0x0000, 0x0000, 0x0000, 0x0000, 0x0000, 0x0000, 0x0000, 
    0x0000, 0x0000, 0x0000, 0x0000, 0x0000, 0x0000, 0x0000, 0x0000, 
    0x0000, 0x0000, 0x0000, 0x0000, 0x0000, 0x0000, 0x0000, 0x0000, 
    0x0000, 0x0000, 0x0000, 0x0000, 0x0000, 0x0000, 0x0000, 0x0000, 
    0x0000, 0x0000, 0x0000, 0x0000, 0x0000, 0x0000, 0x0000, 0x0000, 
    0x0000, 0x0000, 0x0000, 0x0000, 0x0000, 0x0000, 0x0000, 0x0000, 
    0x0000, 0x0000, 0x0000, 0x0000, 0x0000, 0x0000, 0x0000, 0x0000, 
    0x0000, 0x0000, 0x0000, 0x0000, 0x0000, 0x0000, 0x0000, 0x0000, 
    0x0000, 0x0000, 0x0000, 0x0000, 0x0000, 0x0000, 0x0000, 0x0000, 
    0x0000, 0x0000, 0x0000, 0x0000, 0x0000, 0x0000, 0x0000, 0x0000, 
    0x0000, 0x0000, 0x0000, 0x0000, 0x0000, 0x0000, 0x0000, 0x0000, 
    0x0000, 0x0000, 0x0000, 0x0000, 0x0000, 0x0000, 0x0000, 0x0000, 
    0x0000, 0x0000, 0x0000, 0x0000, 0x0000, 0x0000, 0x0000, 0x0000, 
    0x0000, 0x0000, 0x0000, 0x0000, 0x0000, 0x0000, 0x0000, 0x0000, 
    0x0000, 0x0000, 0x0000, 0x0000, 0x0000, 0x0000, 0x0000, 0x0000, 
    0x0000, 0x0000, 0x0000, 0x0000, 0x0000, 0x0000, 0x0000, 0x0000, 
    0x0000, 0x0000, 0x0000, 0x0000, 0x0000, 0x0000, 0x0000, 0x0000, 
    0x0000, 0x0000, 0x0000, 0x0000, 0x0000, 0x0000, 0x0000, 0x0000, 
    0x0000, 0x0000, 0x0000, 0x0000, 0x0000, 0x0000, 0x0000, 0x0000, 
    0x0000, 0x0000, 0x0000, 0x0000, 0x0000, 0x0000, 0x0000, 0x0000, 
    0x0000, 0x0000, 0x0000, 0x0000, 0x0000, 0x0000, 0x0000, 0x0000, 
    0x0000, 0x0000, 0x0000, 0x0000, 0x0000, 0x0000, 0x0000, 0x0000, 
    0x0000, 0x0000, 0x0000, 0x0000, 0x0000, 0x0000, 0x0000, 0x0000, 
    0x0000, 0x0000, 0x0000, 0x0000, 0x0000, 0x0000, 0x0000, 0x0000, 
    0x0000, 0x0000, 0x0000, 0x0000, 0x0000, 0x0000, 0x0000, 0x0000, 
    0x0000, 0x0000, 0x0000, 0x0000, 0x0000, 0x0000, 0x0000, 0x0000, 
    0x0000, 0x0000, 0x0000, 0x0000, 0x0000, 0x0000, 0x0000, 0x0000, 
    0x0000, 0x0000, 0x0000, 0x0000, 0x0000, 0x0000, 0x0000, 0x0000, 
    0x0000, 0x0000, 0x0000, 0x0000, 0x0000, 0x0000, 0x0000, 0x0000, 
    0x0000, 0x0000, 0x0000, 0x0000, 0x0000, 0x0000, 0x0000, 0x0000, 
    0x0000, 0x0000, 0x0000, 0x0000, 0x0000, 0x0000, 0x0000, 0x0000, 
    0x0000, 0x0000, 0x0000, 0x0000, 0x0000, 0x0000, 0x0000, 0x0000, 
    0x0000, 0x0000, 0x0000, 0x0000, 0x0000, 0x0000, 0x0000, 0x0000, 
    0x0000, 0x0000, 0x0000, 0x0000, 0x0000, 0x0000, 0x0000, 0x0000, 
    0x0000, 0x0000, 0x0000, 0x0000, 0x0000, 0x0000, 0x0000, 0x0000, 
    0x0000, 0x0000, 0x0000, 0x0000, 0x0000, 0x0000, 0x0000, 0x0000, 
    0x0000, 0x0000, 0x0000, 0x0000, 0x0000, 0x0000, 0x0000, 0x0000, 
    0x0000, 0x0000, 0x0000, 0x0000, 0x0000, 0x0000, 0x0000, 0x0000, 
    0x0000, 0x0000, 0x0000, 0x0000, 0x0000, 0x0000, 0x0000, 0x0000, 
    0x0000, 0x0000, 0x0000, 0x0000, 0x0000, 0x0000, 0x0000, 0x0000, 
    0x0000, 0x0000, 0x0000, 0x0000, 0x0000, 0x0000, 0x0000, 0x0000, 
    0x0000, 0x0000, 0x0000, 0x0000, 0x0000, 0x0000, 0x0000, 0x0000, 
    0x0000, 0x0000, 0x0000, 0x0000, 0x0000, 0x0000, 0x0000, 0x0000, 
    0x0000, 0x0000, 0x0000, 0x0000, 0x0000, 0x0000, 0x0000, 0x0000, 
    0x0000, 0x0000, 0x0000, 0x0000, 0x0000, 0x0000, 0x0000, 0x0000, 
    0x0000, 0x0000, 0x0000, 0x0000, 0x0000, 0x0000, 0x0000, 0x0000, 
    0x0000, 0x0000, 0x0000, 0x0000, 0x0000, 0x0000, 0x0000, 0x0000, 
    0x0000, 0x0000, 0x0000, 0x0000, 0x0000, 0x0000, 0x0000, 0x0000, 
    0x0000, 0x0000, 0x0000, 0x0000, 0x0000, 0x0000, 0x0000, 0x0000, 
    0x0000, 0x0000, 0x0000, 0x0000, 0x0000, 0x0000, 0x0000, 0x0000, 
    0x0000, 0x0000, 0x0000, 0x0000, 0x0000, 0x0000, 0x0000, 0x0000, 
    0x0000, 0x0000, 0x0000, 0x0000, 0x0000, 0x0000, 0x0000, 0x0000, 
    0x0000, 0x0000, 0x0000, 0x0000, 0x0000, 0x0000, 0x0000, 0x0000, 
    0x0000, 0x0000, 0x0000, 0x0000, 0x0000, 0x0000, 0x0000, 0x0000, 
    0x0000, 0x0000, 0x0000, 0x0000, 0x0000, 0x0000, 0x0000, 0x0000, 
    0x0000, 0x0000, 0x0000, 0x0000, 0x0000, 0x0000, 0x0000, 0x0000, 
    0x0000, 0x0000, 0x0000, 0x0000, 0x0000, 0x0000, 0x0000, 0x0000, 
    0x0000, 0x0000, 0x0000, 0x0000, 0x0000, 0x0000, 0x0000, 0x0000, 
    0x0000, 0x0000, 0x0000, 0x0000, 0x0000, 0x0000, 0x0000, 0x0000, 
    0x0000, 0x0000, 0x0000, 0x0000, 0x0000, 0x0000, 0x0000, 0x0000, 
    0x0000, 0x0000, 0x0000, 0x0000, 0x0000, 0x0000, 0x0000, 0x0000, 
    0x0000, 0x0000, 0x0000, 0x0000, 0x0000, 0x0000, 0x0000, 0x0000, 
    0x0000, 0x0000, 0x0000, 0x0000, 0x0000, 0x0000, 0x0000, 0x0000, 
    0x0000, 0x0000, 0x0000, 0x0000, 0x0000, 0x0000, 0x0000, 0x0000, 
    0x0000, 0x0000, 0x0000, 0x0000, 0x0000, 0x0000, 0x0000, 0x0000, 
    0x0000, 0x0000, 0x0000, 0x0000, 0x0000, 0x0000, 0x0000, 0x0000, 
    0x0000, 0x0000, 0x0000, 0x0000, 0x0000, 0x0000, 0x0000, 0x0000, 
    0x0000, 0x0000, 0x0000, 0x0000, 0x0000, 0x0000, 0x0000, 0x0000, 
    0x0000, 0x0000, 0x0000, 0x0000, 0x0000, 0x0000, 0x0000, 0x0000, 
    0x0000, 0x0000, 0x0000, 0x0000, 0x0000, 0x0000, 0x0000, 0x0000, 
    0x0000, 0x0000, 0x0000, 0x0000, 0x0000, 0x0000, 0x0000, 0x0000, 
    0x0000, 0x0000, 0x0000, 0x0000, 0x0000, 0x0000, 0x0000, 0x0000, 
    0x0000, 0x0000, 0x0000, 0x0000, 0x0000, 0x0000, 0x0000, 0x0000, 
    0x0000, 0x0000, 0x0000, 0x0000, 0x0000, 0x0000, 0x0000, 0x0000, 
    0x0000, 0x0000, 0x0000, 0x0000, 0x0000, 0x0000, 0x0000, 0x0000, 
    0x0000, 0x0000, 0x0000, 0x0000, 0x0000, 0x0000, 0x0000, 0x0000, 
    0x0000, 0x0000, 0x0000, 0x0000, 0x0000, 0x0000, 0x0000, 0x0000, 
    0x0000, 0x0000, 0x0000, 0x0000, 0x0000, 0x0000, 0x0000, 0x0000, 
    0x0000, 0x0000, 0x0000, 0x0000, 0x0000, 0x0000, 0x0000, 0x0000, 
    0x0000, 0x0000, 0x0000, 0x0000, 0x0000, 0x0000, 0x0000, 0x0000, 
    0x0000, 0x0000, 0x0000, 0x0000, 0x0000, 0x0000, 0x0000, 0x0000, 
    0x0000, 0x0000, 0x0000, 0x0000, 0x0000, 0x0000, 0x0000, 0x0000, 
    0x0000, 0x0000, 0x0000, 0x0000, 0x0000, 0x0000, 0x0000, 0x0000, 
    0x0000, 0x0000, 0x0000, 0x0000, 0x0000, 0x0000, 0x0000, 0x0000, 
    0x0000, 0x0000, 0x0000, 0x0000, 0x0000, 0x0000, 0x0000, 0x0000, 
    0x0000, 0x0000, 0x0000, 0x0000, 0x0000, 0x0000, 0x0000, 0x0000, 
    0x0000, 0x0000, 0x0000, 0x0000, 0x0000, 0x0000, 0x0000, 0x0000, 
    0x0000, 0x0000, 0x0000, 0x0000, 0x0000, 0x0000, 0x0000, 0x0000, 
    0x0000, 0x0000, 0x0000, 0x0000, 0x0000, 0x0000, 0x0000, 0x0000, 
    0x0000, 0x0000, 0x0000, 0x0000, 0x0000, 0x0000, 0x0000, 0x0000, 
    0x0000, 0x0000, 0x0000, 0x0000, 0x0000, 0x0000, 0x0000, 0x0000, 
    0x0000, 0x0000, 0x0000, 0x0000, 0x0000, 0x0000, 0x0000, 0x0000, 
    0x0000, 0x0000, 0x0000, 0x0000, 0x0000, 0x0000, 0x0000, 0x0000, 
    0x0000, 0x0000, 0x0000, 0x0000, 0x0000, 0x0000, 0x0000, 0x0000, 
    0x0000, 0x0000, 0x0000, 0x0000, 0x0000, 0x0000, 0x0000, 0x0000, 
    0x0000, 0x0000, 0x0000, 0x0000, 0x0000, 0x0000, 0x0000, 0x0000, 
    0x0000, 0x0000, 0x0000, 0x0000, 0x0000, 0x0000, 0x0000, 0x0000, 
    0x0000, 0x0000, 0x0000, 0x0000, 0x0000, 0x0000, 0x0000, 0x0000, 
    0x0000, 0x0000, 0x0000, 0x0000, 0x0000, 0x0000, 0x0000, 0x0000, 
    0x0000, 0x0000, 0x0000, 0x0000, 0x0000, 0x0000, 0x0000, 0x0000, 
    0x0000, 0x0000, 0x0000, 0x0000, 0x0000, 0x0000, 0x0000, 0x0000, 
    0x0000, 0x0000, 0x0000, 0x0000, 0x0000, 0x0000, 0x0000, 0x0000, 
    0x0000, 0x0000, 0x0000, 0x0000, 0x0000, 0x0000, 0x0000, 0x0000, 
    0x0000, 0x0000, 0x0000, 0x0000, 0x0000, 0x0000, 0x0000, 0x0000, 
    0x0000, 0x0000, 0x0000, 0x0000, 0x0000, 0x0000, 0x0000, 0x0000, 
    0x0000, 0x0000, 0x0000, 0x0000, 0x0000, 0x0000, 0x0000, 0x0000, 
    0x0000, 0x0000, 0x0000, 0x0000, 0x0000, 0x0000, 0x0000, 0x0000, 
    0x0000, 0x0000, 0x0000, 0x0000, 0x0000, 0x0000, 0x0000, 0x0000, 
    0x0000, 0x0000, 0x0000, 0x0000, 0x0000, 0x0000, 0x0000, 0x0000, 
    0x0000, 0x0000, 0x0000, 0x0000, 0x0000, 0x0000, 0x0000, 0x0000, 
    0x0000, 0x0000, 0x0000, 0x0000, 0x0000, 0x0000, 0x0000, 0x0000, 
    0x0000, 0x0000, 0x0000, 0x0000, 0x0000, 0x0000, 0x0000, 0x0000, 
    0x0000, 0x0000, 0x0000, 0x0000, 0x0000, 0x0000, 0x0000, 0x0000, 
    0x0000, 0x0000, 0x0000, 0x0000, 0x0000, 0x0000, 0x0000, 0x0000, 
    0x0000, 0x0000, 0x0000, 0x0000, 0x0000, 0x0000, 0x0000, 0x0000, 
    0x0000, 0x0000, 0x0000, 0x0000, 0x0000, 0x0000, 0x0000, 0x0000, 
    0x0000, 0x0000, 0x0000, 0x0000, 0x0000, 0x0000, 0x0000, 0x0000, 
    0x0000, 0x0000, 0x0000, 0x0000, 0x0000, 0x0000, 0x0000, 0x0000, 
    0x0000, 0x0000, 0x0000, 0x0000, 0x0000, 0x0000, 0x0000, 0x0000, 
    0x0000, 0x0000, 0x0000, 0x0000, 0x0000, 0x0000, 0x0000, 0x0000, 
    0x0000, 0x0000, 0x0000, 0x0000, 0x0000, 0x0000, 0x0000, 0x0000, 
    0x0000, 0x0000, 0x0000, 0x0000, 0x0000, 0x0000, 0x0000, 0x0000, 
    0x0000, 0x0000, 0x0000, 0x0000, 0x0000, 0x0000, 0x0000, 0x0000, 
    0x0000, 0x0000, 0x0000, 0x0000, 0x0000, 0x0000, 0x0000, 0x0000, 
    0x0000, 0x0000, 0x0000, 0x0000, 0x0000, 0x0000, 0x0000, 0x0000, 
    0x0000, 0x0000, 0x0000, 0x0000, 0x0000, 0x0000, 0x0000, 0x0000, 
    0x0000, 0x0000, 0x0000, 0x0000, 0x0000, 0x0000, 0x0000, 0x0000, 
    0x0000, 0x0000, 0x0000, 0x0000, 0x0000, 0x0000, 0x0000, 0x0000, 
    0x0000, 0x0000, 0x0000, 0x0000, 0x0000, 0x0000, 0x0000, 0x0000, 
    0x0000, 0x0000, 0x0000, 0x0000, 0x0000, 0x0000, 0x0000, 0x0000, 
    0x0000, 0x0000, 0x0000, 0x0000, 0x0000, 0x0000, 0x0000, 0x0000, 
    0x0000, 0x0000, 0x0000, 0x0000, 0x0000, 0x0000, 0x0000, 0x0000, 
    0x0000, 0x0000, 0x0000, 0x0000, 0x0000, 0x0000, 0x0000, 0x0000, 
    0x0000, 0x0000, 0x0000, 0x0000, 0x0000, 0x0000, 0x0000, 0x0000, 
    0x0000, 0x0000, 0x0000, 0x0000, 0x0000, 0x0000, 0x0000, 0x0000, 
    0x0000, 0x0000, 0x0000, 0x0000, 0x0000, 0x0000, 0x0000, 0x0000, 
    0x0000, 0x0000, 0x0000, 0x0000, 0x0000, 0x0000, 0x0000, 0x0000, 
    0x0000, 0x0000, 0x0000, 0x0000, 0x0000, 0x0000, 0x0000, 0x0000, 
    0x0000, 0x0000, 0x0000, 0x0000, 0x0000, 0x0000, 0x0000, 0x0000, 
    0x0000, 0x0000, 0x0000, 0x0000, 0x0000, 0x0000, 0x0000, 0x0000, 
    0x0000, 0x0000, 0x0000, 0x0000, 0x0000, 0x0000, 0x0000, 0x0000, 
    0x0000, 0x0000, 0x0000, 0x0000, 0x0000, 0x0000, 0x0000, 0x0000, 
    0x0000, 0x0000, 0x0000, 0x0000, 0x0000, 0x0000, 0x0000, 0x0000, 
    0x0000, 0x0000, 0x0000, 0x0000, 0x0000, 0x0000, 0x0000, 0x0000, 
    0x0000, 0x0000, 0x0000, 0x0000, 0x0000, 0x0000, 0x0000, 0x0000, 
    0x0000, 0x0000, 0x0000, 0x0000, 0x0000, 0x0000, 0x0000, 0x0000, 
    0x0000, 0x0000, 0x0000, 0x0000, 0x0000, 0x0000, 0x0000, 0x0000, 
    0x0000, 0x0000, 0x0000, 0x0000, 0x0000, 0x0000, 0x0000, 0x0000, 
    0x0000, 0x0000, 0x0000, 0x0000, 0x0000, 0x0000, 0x0000, 0x0000, 
    0x0000, 0x0000, 0x0000, 0x0000, 0x0000, 0x0000, 0x0000, 0x0000, 
    0x0000, 0x0000, 0x0000, 0x0000, 0x0000, 0x0000, 0x0000, 0x0000, 
    0x0000, 0x0000, 0x0000, 0x0000, 0x0000, 0x0000, 0x0000, 0x0000, 
    0x0000, 0x0000, 0x0000, 0x0000, 0x0000, 0x0000, 0x0000, 0x0000, 
    0x0000, 0x0000, 0x0000, 0x0000, 0x0000, 0x0000, 0x0000, 0x0000, 
    0x0000, 0x0000, 0x0000, 0x0000, 0x0000, 0x0000, 0x0000, 0x0000, 
    0x0000, 0x0000, 0x0000, 0x0000, 0x0000, 0x0000, 0x0000, 0x0000, 
    0x0000, 0x0000, 0x0000, 0x0000, 0x0000, 0x0000, 0x0000, 0x0000, 
    0x0000, 0x0000, 0x0000, 0x0000, 0x0000, 0x0000, 0x0000, 0x0000, 
    0x0000, 0x0000, 0x0000, 0x0000, 0x0000, 0x0000, 0x0000, 0x0000, 
    0x0000, 0x0000, 0x0000, 0x0000, 0x0000, 0x0000, 0x0000, 0x0000, 
    0x0000, 0x0000, 0x0000, 0x0000, 0x0000, 0x0000, 0x0000, 0x0000, 
    0x0000, 0x0000, 0x0000, 0x0000, 0x0000, 0x0000, 0x0000, 0x0000, 
    0x0000, 0x0000, 0x0000, 0x0000, 0x0000, 0x0000, 0x0000, 0x0000, 
    0x0000, 0x0000, 0x0000, 0x0000, 0x0000, 0x0000, 0x0000, 0x0000, 
    0x0000, 0x0000, 0x0000, 0x0000, 0x0000, 0x0000, 0x0000, 0x0000, 
    0x0000, 0x0000, 0x0000, 0x0000, 0x0000, 0x0000, 0x0000, 0x0000, 
    0x0000, 0x0000, 0x0000, 0x0000, 0x0000, 0x0000, 0x0000, 0x0000, 
    0x0000, 0x0000, 0x0000, 0x0000, 0x0000, 0x0000, 0x0000, 0x0000, 
    0x0000, 0x0000, 0x0000, 0x0000, 0x0000, 0x0000, 0x0000, 0x0000, 
    0x0000, 0x0000, 0x0000, 0x0000, 0x0000, 0x0000, 0x0000, 0x0000, 
    0x0000, 0x0000, 0x0000, 0x0000, 0x0000, 0x0000, 0x0000, 0x0000, 
    0x0000, 0x0000, 0x0000, 0x0000, 0x0000, 0x0000, 0x0000, 0x0000, 
    0x0000, 0x0000, 0x0000, 0x0000, 0x0000, 0x0000, 0x0000, 0x0000, 
    0x0000, 0x0000, 0x0000, 0x0000, 0x0000, 0x0000, 0x0000, 0x0000, 
    0x0000, 0x0000, 0x0000, 0x0000, 0x0000, 0x0000, 0x0000, 0x0000, 
    0x0000, 0x0000, 0x0000, 0x0000, 0x0000, 0x0000, 0x0000, 0x0000, 
    0x0000, 0x0000, 0x0000, 0x0000, 0x0000, 0x0000, 0x0000, 0x0000, 
    0x0000, 0x0000, 0x0000, 0x0000, 0x0000, 0x0000, 0x0000, 0x0000, 
    0x0000, 0x0000, 0x0000, 0x0000, 0x0000, 0x0000, 0x0000, 0x0000, 
    0x0000, 0x0000, 0x0000, 0x0000, 0x0000, 0x0000, 0x0000, 0x0000, 
    0x0000, 0x0000, 0x0000, 0x0000, 0x0000, 0x0000, 0x0000, 0x0000, 
    0x0000, 0x0000, 0x0000, 0x0000, 0x0000, 0x0000, 0x0000, 0x0000, 
    0x0000, 0x0000, 0x0000, 0x0000, 0x0000, 0x0000, 0x0000, 0x0000, 
    0x0000, 0x0000, 0x0000, 0x0000, 0x0000, 0x0000, 0x0000, 0x0000, 
    0x0000, 0x0000, 0x0000, 0x0000, 0x0000, 0x0000, 0x0000, 0x0000, 
    0x0000, 0x0000, 0x0000, 0x0000, 0x0000, 0x0000, 0x0000, 0x0000, 
    0x0000, 0x0000, 0x0000, 0x0000, 0x0000, 0x0000, 0x0000, 0x0000, 
    0x0000, 0x0000, 0x0000, 0x0000, 0x0000, 0x0000, 0x0000, 0x0000, 
    0x0000, 0x0000, 0x0000, 0x0000, 0x0000, 0x0000, 0x0000, 0x0000, 
    0x0000, 0x0000, 0x0000, 0x0000, 0x0000, 0x0000, 0x0000, 0x0000, 
    0x0000, 0x0000, 0x0000, 0x0000, 0x0000, 0x0000, 0x0000, 0x0000, 
    0x0000, 0x0000, 0x0000, 0x0000, 0x0000, 0x0000, 0x0000, 0x0000, 
    0x0000, 0x0000, 0x0000, 0x0000, 0x0000, 0x0000, 0x0000, 0x0000, 
    0x0000, 0x0000, 0x0000, 0x0000, 0x0000, 0x0000, 0x0000, 0x0000, 
    0x0000, 0x0000, 0x0000, 0x0000, 0x0000, 0x0000, 0x0000, 0x0000, 
    0x0000, 0x0000, 0x0000, 0x0000, 0x0000, 0x0000, 0x0000, 0x0000, 
    0x0000, 0x0000, 0x0000, 0x0000, 0x0000, 0x0000, 0x0000, 0x0000, 
    0x0000, 0x0000, 0x0000, 0x0000, 0x0000, 0x0000, 0x0000, 0x0000, 
    0x0000, 0x0000, 0x0000, 0x0000, 0x0000, 0x0000, 0x0000, 0x0000, 
    0x0000, 0x0000, 0x0000, 0x0000, 0x0000, 0x0000, 0x0000, 0x0000, 
    0x0000, 0x0000, 0x0000, 0x0000, 0x0000, 0x0000, 0x0000, 0x0000, 
    0x0000, 0x0000, 0x0000, 0x0000, 0x0000, 0x0000, 0x0000, 0x0000, 
    0x0000, 0x0000, 0x0000, 0x0000, 0x0000, 0x0000, 0x0000, 0x0000, 
    0x0000, 0x0000, 0x0000, 0x0000, 0x0000, 0x0000, 0x0000, 0x0000, 
    0x0000, 0x0000, 0x0000, 0x0000, 0x0000, 0x0000, 0x0000, 0x0000, 
    0x0000, 0x0000, 0x0000, 0x0000, 0x0000, 0x0000, 0x0000, 0x0000, 
    0x0000, 0x0000, 0x0000, 0x0000, 0x0000, 0x0000, 0x0000, 0x0000, 
    0x0000, 0x0000, 0x0000, 0x0000, 0x0000, 0x0000, 0x0000, 0x0000, 
    0x0000, 0x0000, 0x0000, 0x0000, 0x0000, 0x0000, 0x0000, 0x0000, 
    0x0000, 0x0000, 0x0000, 0x0000, 0x0000, 0x0000, 0x0000, 0x0000, 
    0x0000, 0x0000, 0x0000, 0x0000, 0x0000, 0x0000, 0x0000, 0x0000, 
    0x0000, 0x0000, 0x0000, 0x0000, 0x0000, 0x0000, 0x0000, 0x0000, 
    0x0000, 0x0000, 0x0000, 0x0000, 0x0000, 0x0000, 0x0000, 0x0000, 
    0x0000, 0x0000, 0x0000, 0x0000, 0x0000, 0x0000, 0x0000, 0x0000, 
    0x0000, 0x0000, 0x0000, 0x0000, 0x0000, 0x0000, 0x0000, 0x0000, 
    0x0000, 0x0000, 0x0000, 0x0000, 0x0000, 0x0000, 0x0000, 0x0000, 
    0x0000, 0x0000, 0x0000, 0x0000, 0x0000, 0x0000, 0x0000, 0x0000, 
    0x0000, 0x0000, 0x0000, 0x0000, 0x0000, 0x0000, 0x0000, 0x0000, 
    0x0000, 0x0000, 0x0000, 0x0000, 0x0000, 0x0000, 0x0000, 0x0000, 
    0x0000, 0x0000, 0x0000, 0x0000, 0x0000, 0x0000, 0x0000, 0x0000, 
    0x0000, 0x0000, 0x0000, 0x0000, 0x0000, 0x0000, 0x0000, 0x0000, 
    0x0000, 0x0000, 0x0000, 0x0000, 0x0000, 0x0000, 0x0000, 0x0000, 
    0x0000, 0x0000, 0x0000, 0x0000, 0x0000, 0x0000, 0x0000, 0x0000, 
    0x0000, 0x0000, 0x0000, 0x0000, 0x0000, 0x0000, 0x0000, 0x0000, 
    0x0000, 0x0000, 0x0000, 0x0000, 0x0000, 0x0000, 0x0000, 0x0000, 
    0x0000, 0x0000, 0x0000, 0x0000, 0x0000, 0x0000, 0x0000, 0x0000, 
    0x0000, 0x0000, 0x0000, 0x0000, 0x0000, 0x0000, 0x0000, 0x0000, 
    0x0000, 0x0000, 0x0000, 0x0000, 0x0000, 0x0000, 0x0000, 0x0000, 
    0x0000, 0x0000, 0x0000, 0x0000, 0x0000, 0x0000, 0x0000, 0x0000, 
    0x0000, 0x0000, 0x0000, 0x0000, 0x0000, 0x0000, 0x0000, 0x0000, 
    0x0000, 0x0000, 0x0000, 0x0000, 0x0000, 0x0000, 0x0000, 0x0000, 
    0x0000, 0x0000, 0x0000, 0x0000, 0x0000, 0x0000, 0x0000, 0x0000, 
    0x0000, 0x0000, 0x0000, 0x0000, 0x0000, 0x0000, 0x0000, 0x0000, 
    0x0000, 0x0000, 0x0000, 0x0000, 0x0000, 0x0000, 0x0000, 0x0000, 
    0x0000, 0x0000, 0x0000, 0x0000, 0x0000, 0x0000, 0x0000, 0x0000, 
    0x0000, 0x0000, 0x0000, 0x0000, 0x0000, 0x0000, 0x0000, 0x0000, 
    0x0000, 0x0000, 0x0000, 0x0000, 0x0000, 0x0000, 0x0000, 0x0000, 
    0x0000, 0x0000, 0x0000, 0x0000, 0x0000, 0x0000, 0x0000, 0x0000, 
    0x0000, 0x0000, 0x0000, 0x0000, 0x0000, 0x0000, 0x0000, 0x0000, 
    0x0000, 0x0000, 0x0000, 0x0000, 0x0000, 0x0000, 0x0000, 0x0000, 
    0x0000, 0x0000, 0x0000, 0x0000, 0x0000, 0x0000, 0x0000, 0x0000, 
    0x0000, 0x0000, 0x0000, 0x0000, 0x0000, 0x0000, 0x0000, 0x0000, 
    0x0000, 0x0000, 0x0000, 0x0000, 0x0000, 0x0000, 0x0000, 0x0000, 
    0x0000, 0x0000, 0x0000, 0x0000, 0x0000, 0x0000, 0x0000, 0x0000, 
    0x0000, 0x0000, 0x0000, 0x0000, 0x0000, 0x0000, 0x0000, 0x0000, 
    0x0000, 0x0000, 0x0000, 0x0000, 0x0000, 0x0000, 0x0000, 0x0000, 
    0x0000, 0x0000, 0x0000, 0x0000, 0x0000, 0x0000, 0x0000, 0x0000, 
    0x0000, 0x0000, 0x0000, 0x0000, 0x0000, 0x0000, 0x0000, 0x0000, 
    0x0000, 0x0000, 0x0000, 0x0000, 0x0000, 0x0000, 0x0000, 0x0000, 
    0x0000, 0x0000, 0x0000, 0x0000, 0x0000, 0x0000, 0x0000, 0x0000, 
    0x0000, 0x0000, 0x0000, 0x0000, 0x0000, 0x0000, 0x0000, 0x0000, 
    0x0000, 0x0000, 0x0000, 0x0000, 0x0000, 0x0000, 0x0000, 0x0000, 
    0x0000, 0x0000, 0x0000, 0x0000, 0x0000, 0x0000, 0x0000, 0x0000, 
    0x0000, 0x0000, 0x0000, 0x0000, 0x0000, 0x0000, 0x0000, 0x0000, 
    0x0000, 0x0000, 0x0000, 0x0000, 0x0000, 0x0000, 0x0000, 0x0000, 
    0x0000, 0x0000, 0x0000, 0x0000, 0x0000, 0x0000, 0x0000, 0x0000, 
    0x0000, 0x0000, 0x0000, 0x0000, 0x0000, 0x0000, 0x0000, 0x0000, 
    0x0000, 0x0000, 0x0000, 0x0000, 0x0000, 0x0000, 0x0000, 0x0000, 
    0x0000, 0x0000, 0x0000, 0x0000, 0x0000, 0x0000, 0x0000, 0x0000, 
    0x0000, 0x0000, 0x0000, 0x0000, 0x0000, 0x0000, 0x0000, 0x0000, 
    0x0000, 0x0000, 0x0000, 0x0000, 0x0000, 0x0000, 0x0000, 0x0000, 
    0x0000, 0x0000, 0x0000, 0x0000, 0x0000, 0x0000, 0x0000, 0x0000, 
    0x0000, 0x0000, 0x0000, 0x0000, 0x0000, 0x0000, 0x0000, 0x0000, 
    0x0000, 0x0000, 0x0000, 0x0000, 0x0000, 0x0000, 0x0000, 0x0000, 
    0x0000, 0x0000, 0x0000, 0x0000, 0x0000, 0x0000, 0x0000, 0x0000, 
    0x0000, 0x0000, 0x0000, 0x0000, 0x0000, 0x0000, 0x0000, 0x0000, 
    0x0000, 0x0000, 0x0000, 0x0000, 0x0000, 0x0000, 0x0000, 0x0000, 
    0x0000, 0x0000, 0x0000, 0x0000, 0x0000, 0x0000, 0x0000, 0x0000, 
    0x0000, 0x0000, 0x0000, 0x0000, 0x0000, 0x0000, 0x0000, 0x0000, 
    0x0000, 0x0000, 0x0000, 0x0000, 0x0000, 0x0000, 0x0000, 0x0000, 
    0x0000, 0x0000, 0x0000, 0x0000, 0x0000, 0x0000, 0x0000, 0x0000, 
    0x0000, 0x0000, 0x0000, 0x0000, 0x0000, 0x0000, 0x0000, 0x0000, 
    0x0000, 0x0000, 0x0000, 0x0000, 0x0000, 0x0000, 0x0000, 0x0000, 
    0x0000, 0x0000, 0x0000, 0x0000, 0x0000, 0x0000, 0x0000, 0x0000, 
    0x0000, 0x0000, 0x0000, 0x0000, 0x0000, 0x0000, 0x0000, 0x0000, 
    0x0000, 0x0000, 0x0000, 0x0000, 0x0000, 0x0000, 0x0000, 0x0000, 
    0x0000, 0x0000, 0x0000, 0x0000, 0x0000, 0x0000, 0x0000, 0x0000, 
    0x0000, 0x0000, 0x0000, 0x0000, 0x0000, 0x0000, 0x0000, 0x0000, 
    0x0000, 0x0000, 0x0000, 0x0000, 0x0000, 0x0000, 0x0000, 0x0000, 
    0x0000, 0x0000, 0x0000, 0x0000, 0x0000, 0x0000, 0x0000, 0x0000, 
    0x0000, 0x0000, 0x0000, 0x0000, 0x0000, 0x0000, 0x0000, 0x0000, 
    0x0000, 0x0000, 0x0000, 0x0000, 0x0000, 0x0000, 0x0000, 0x0000, 
    0x0000, 0x0000, 0x0000, 0x0000, 0x0000, 0x0000, 0x0000, 0x0000, 
    0x0000, 0x0000, 0x0000, 0x0000, 0x0000, 0x0000, 0x0000, 0x0000, 
    0x0000, 0x0000, 0x0000, 0x0000, 0x0000, 0x0000, 0x0000, 0x0000, 
    0x0000, 0x0000, 0x0000, 0x0000, 0x0000, 0x0000, 0x0000, 0x0000, 
    0x0000, 0x0000, 0x0000, 0x0000, 0x0000, 0x0000, 0x0000, 0x0000, 
    0x0000, 0x0000, 0x0000, 0x0000, 0x0000, 0x0000, 0x0000, 0x0000, 
    0x0000, 0x0000, 0x0000, 0x0000, 0x0000, 0x0000, 0x0000, 0x0000, 
    0x0000, 0x0000, 0x0000, 0x0000, 0x0000, 0x0000, 0x0000, 0x0000, 
    0x0000, 0x0000, 0x0000, 0x0000, 0x0000, 0x0000, 0x0000, 0x0000, 
    0x0000, 0x0000, 0x0000, 0x0000, 0x0000, 0x0000, 0x0000, 0x0000, 
    0x0000, 0x0000, 0x0000, 0x0000, 0x0000, 0x0000, 0x0000, 0x0000, 
    0x0000, 0x0000, 0x0000, 0x0000, 0x0000, 0x0000, 0x0000, 0x0000, 
    0x0000, 0x0000, 0x0000, 0x0000, 0x0000, 0x0000, 0x0000, 0x0000, 
    0x0000, 0x0000, 0x0000, 0x0000, 0x0000, 0x0000, 0x0000, 0x0000, 
    0x0000, 0x0000, 0x0000, 0x0000, 0x0000, 0x0000, 0x0000, 0x0000, 
    0x0000, 0x0000, 0x0000, 0x0000, 0x0000, 0x0000, 0x0000, 0x0000, 
    0x0000, 0x0000, 0x0000, 0x0000, 0x0000, 0x0000, 0x0000, 0x0000, 
    0x0000, 0x0000, 0x0000, 0x0000, 0x0000, 0x0000, 0x0000, 0x0000, 
    0x0000, 0x0000, 0x0000, 0x0000, 0x0000, 0x0000, 0x0000, 0x0000, 
    0x0000, 0x0000, 0x0000, 0x0000, 0x0000, 0x0000, 0x0000, 0x0000, 
    0x0000, 0x0000, 0x0000, 0x0000, 0x0000, 0x0000, 0x0000, 0x0000, 
    0x0000, 0x0000, 0x0000, 0x0000, 0x0000, 0x0000, 0x0000, 0x0000, 
    0x0000, 0x0000, 0x0000, 0x0000, 0x0000, 0x0000, 0x0000, 0x0000, 
    0x0000, 0x0000, 0x0000, 0x0000, 0x0000, 0x0000, 0x0000, 0x0000, 
    0x0000, 0x0000, 0x0000, 0x0000, 0x0000, 0x0000, 0x0000, 0x0000, 
    0x0000, 0x0000, 0x0000, 0x0000, 0x0000, 0x0000, 0x0000, 0x0000, 
    0x0000, 0x0000, 0x0000, 0x0000, 0x0000, 0x0000, 0x0000, 0x0000, 
    0x0000, 0x0000, 0x0000, 0x0000, 0x0000, 0x0000, 0x0000, 0x0000, 
    0x0000, 0x0000, 0x0000, 0x0000, 0x0000, 0x0000, 0x0000, 0x0000, 
    0x0000, 0x0000, 0x0000, 0x0000, 0x0000, 0x0000, 0x0000, 0x0000, 
    0x0000, 0x0000, 0x0000, 0x0000, 0x0000, 0x0000, 0x0000, 0x0000, 
    0x0000, 0x0000, 0x0000, 0x0000, 0x0000, 0x0000, 0x0000, 0x0000, 
    0x0000, 0x0000, 0x0000, 0x0000, 0x0000, 0x0000, 0x0000, 0x0000, 
    0x0000, 0x0000, 0x0000, 0x0000, 0x0000, 0x0000, 0x0000, 0x0000, 
    0x0000, 0x0000, 0x0000, 0x0000, 0x0000, 0x0000, 0x0000, 0x0000, 
    0x0000, 0x0000, 0x0000, 0x0000, 0x0000, 0x0000, 0x0000, 0x0000, 
    0x0000, 0x0000, 0x0000, 0x0000, 0x0000, 0x0000, 0x0000, 0x0000, 
    0x0000, 0x0000, 0x0000, 0x0000, 0x0000, 0x0000, 0x0000, 0x0000, 
    0x0000, 0x0000, 0x0000, 0x0000, 0x0000, 0x0000, 0x0000, 0x0000, 
    0x0000, 0x0000, 0x0000, 0x0000, 0x0000, 0x0000, 0x0000, 0x0000, 
    0x0000, 0x0000, 0x0000, 0x0000, 0x0000, 0x0000, 0x0000, 0x0000, 
    0x0000, 0x0000, 0x0000, 0x0000, 0x0000, 0x0000, 0x0000, 0x0000, 
    0x0000, 0x0000, 0x0000, 0x0000, 0x0000, 0x0000, 0x0000, 0x0000, 
    0x0000, 0x0000, 0x0000, 0x0000, 0x0000, 0x0000, 0x0000, 0x0000, 
    0x0000, 0x0000, 0x0000, 0x0000, 0x0000, 0x0000, 0x0000, 0x0000, 
    0x0000, 0x0000, 0x0000, 0x0000, 0x0000, 0x0000, 0x0000, 0x0000, 
    0x0000, 0x0000, 0x0000, 0x0000, 0x0000, 0x0000, 0x0000, 0x0000, 
    0x0000, 0x0000, 0x0000, 0x0000, 0x0000, 0x0000, 0x0000, 0x0000, 
    0x0000, 0x0000, 0x0000, 0x0000, 0x0000, 0x0000, 0x0000, 0x0000, 
    0x0000, 0x0000, 0x0000, 0x0000, 0x0000, 0x0000, 0x0000, 0x0000, 
    0x0000, 0x0000, 0x0000, 0x0000, 0x0000, 0x0000, 0x0000, 0x0000, 
    0x0000, 0x0000, 0x0000, 0x0000, 0x0000, 0x0000, 0x0000, 0x0000, 
    0x0000, 0x0000, 0x0000, 0x0000, 0x0000, 0x0000, 0x0000, 0x0000, 
    0x0000, 0x0000, 0x0000, 0x0000, 0x0000, 0x0000, 0x0000, 0x0000, 
    0x0000, 0x0000, 0x0000, 0x0000, 0x0000, 0x0000, 0x0000, 0x0000, 
    0x0000, 0x0000, 0x0000, 0x0000, 0x0000, 0x0000, 0x0000, 0x0000, 
    0x0000, 0x0000, 0x0000, 0x0000, 0x0000, 0x0000, 0x0000, 0x0000, 
    0x0000, 0x0000, 0x0000, 0x0000, 0x0000, 0x0000, 0x0000, 0x0000, 
    0x0000, 0x0000, 0x0000, 0x0000, 0x0000, 0x0000, 0x0000, 0x0000, 
    0x0000, 0x0000, 0x0000, 0x0000, 0x0000, 0x0000, 0x0000, 0x0000, 
    0x0000, 0x0000, 0x0000, 0x0000, 0x0000, 0x0000, 0x0000, 0x0000, 
    0x0000, 0x0000, 0x0000, 0x0000, 0x0000, 0x0000, 0x0000, 0x0000, 
    0x0000, 0x0000, 0x0000, 0x0000, 0x0000, 0x0000, 0x0000, 0x0000, 
    0x0000, 0x0000, 0x0000, 0x0000, 0x0000, 0x0000, 0x0000, 0x0000, 
    0x0000, 0x0000, 0x0000, 0x0000, 0x0000, 0x0000, 0x0000, 0x0000, 
    0x0000, 0x0000, 0x0000, 0x0000, 0x0000, 0x0000, 0x0000, 0x0000, 
    0x0000, 0x0000, 0x0000, 0x0000, 0x0000, 0x0000, 0x0000, 0x0000, 
    0x0000, 0x0000, 0x0000, 0x0000, 0x0000, 0x0000, 0x0000, 0x0000, 
    0x0000, 0x0000, 0x0000, 0x0000, 0x0000, 0x0000, 0x0000, 0x0000, 
    0x0000, 0x0000, 0x0000, 0x0000, 0x0000, 0x0000, 0x0000, 0x0000, 
    0x0000, 0x0000, 0x0000, 0x0000, 0x0000, 0x0000, 0x0000, 0x0000, 
    0x0000, 0x0000, 0x0000, 0x0000, 0x0000, 0x0000, 0x0000, 0x0000, 
    0x0000, 0x0000, 0x0000, 0x0000, 0x0000, 0x0000, 0x0000, 0x0000, 
    0x0000, 0x0000, 0x0000, 0x0000, 0x0000, 0x0000, 0x0000, 0x0000, 
    0x0000, 0x0000, 0x0000, 0x0000, 0x0000, 0x0000, 0x0000, 0x0000, 
    0x0000, 0x0000, 0x0000, 0x0000, 0x0000, 0x0000, 0x0000, 0x0000, 
    0x0000, 0x0000, 0x0000, 0x0000, 0x0000, 0x0000, 0x0000, 0x0000, 
    0x0000, 0x0000, 0x0000, 0x0000, 0x0000, 0x0000, 0x0000, 0x0000, 
    0x0000, 0x0000, 0x0000, 0x0000, 0x0000, 0x0000, 0x0000, 0x0000, 
    0x0000, 0x0000, 0x0000, 0x0000, 0x0000, 0x0000, 0x0000, 0x0000, 
    0x0000, 0x0000, 0x0000, 0x0000, 0x0000, 0x0000, 0x0000, 0x0000, 
    0x0000, 0x0000, 0x0000, 0x0000, 0x0000, 0x0000, 0x0000, 0x0000, 
    0x0000, 0x0000, 0x0000, 0x0000, 0x0000, 0x0000, 0x0000, 0x0000, 
    0x0000, 0x0000, 0x0000, 0x0000, 0x0000, 0x0000, 0x0000, 0x0000, 
    0x0000, 0x0000, 0x0000, 0x0000, 0x0000, 0x0000, 0x0000, 0x0000, 
    0x0000, 0x0000, 0x0000, 0x0000, 0x0000, 0x0000, 0x0000, 0x0000, 
    0x0000, 0x0000, 0x0000, 0x0000, 0x0000, 0x0000, 0x0000, 0x0000, 
    0x0000, 0x0000, 0x0000, 0x0000, 0x0000, 0x0000, 0x0000, 0x0000, 
    0x0000, 0x0000, 0x0000, 0x0000, 0x0000, 0x0000, 0x0000, 0x0000, 
    0x0000, 0x0000, 0x0000, 0x0000, 0x0000, 0x0000, 0x0000, 0x0000, 
    0x0000, 0x0000, 0x0000, 0x0000, 0x0000, 0x0000, 0x0000, 0x0000, 
    0x0000, 0x0000, 0x0000, 0x0000, 0x0000, 0x0000, 0x0000, 0x0000, 
    0x0000, 0x0000, 0x0000, 0x0000, 0x0000, 0x0000, 0x0000, 0x0000, 
    0x0000, 0x0000, 0x0000, 0x0000, 0x0000, 0x0000, 0x0000, 0x0000, 
    0x0000, 0x0000, 0x0000, 0x0000, 0x0000, 0x0000, 0x0000, 0x0000, 
    0x0000, 0x0000, 0x0000, 0x0000, 0x0000, 0x0000, 0x0000, 0x0000, 
    0x0000, 0x0000, 0x0000, 0x0000, 0x0000, 0x0000, 0x0000, 0x0000, 
    0x0000, 0x0000, 0x0000, 0x0000, 0x0000, 0x0000, 0x0000, 0x0000, 
    0x0000, 0x0000, 0x0000, 0x0000, 0x0000, 0x0000, 0x0000, 0x0000, 
    0x0000, 0x0000, 0x0000, 0x0000, 0x0000, 0x0000, 0x0000, 0x0000, 
    0x0000, 0x0000, 0x0000, 0x0000, 0x0000, 0x0000, 0x0000, 0x0000, 
    0x0000, 0x0000, 0x0000, 0x0000, 0x0000, 0x0000, 0x0000, 0x0000, 
    0x0000, 0x0000, 0x0000, 0x0000, 0x0000, 0x0000, 0x0000, 0x0000, 
    0x0000, 0x0000, 0x0000, 0x0000, 0x0000, 0x0000, 0x0000, 0x0000, 
    0x0000, 0x0000, 0x0000, 0x0000, 0x0000, 0x0000, 0x0000, 0x0000, 
    0x0000, 0x0000, 0x0000, 0x0000, 0x0000, 0x0000, 0x0000, 0x0000, 
    0x0000, 0x0000, 0x0000, 0x0000, 0x0000, 0x0000, 0x0000, 0x0000, 
    0x0000, 0x0000, 0x0000, 0x0000, 0x0000, 0x0000, 0x0000, 0x0000, 
    0x0000, 0x0000, 0x0000, 0x0000, 0x0000, 0x0000, 0x0000, 0x0000, 
    0x0000, 0x0000, 0x0000, 0x0000, 0x0000, 0x0000, 0x0000, 0x0000, 
    0x0000, 0x0000, 0x0000, 0x0000, 0x0000, 0x0000, 0x0000, 0x0000, 
    0x0000, 0x0000, 0x0000, 0x0000, 0x0000, 0x0000, 0x0000, 0x0000, 
    0x0000, 0x0000, 0x0000, 0x0000, 0x0000, 0x0000, 0x0000, 0x0000, 
    0x0000, 0x0000, 0x0000, 0x0000, 0x0000, 0x0000, 0x0000, 0x0000, 
    0x0000, 0x0000, 0x0000, 0x0000, 0x0000, 0x0000, 0x0000, 0x0000, 
    0x0000, 0x0000, 0x0000, 0x0000, 0x0000, 0x0000, 0x0000, 0x0000, 
    0x0000, 0x0000, 0x0000, 0x0000, 0x0000, 0x0000, 0x0000, 0x0000, 
    0x0000, 0x0000, 0x0000, 0x0000, 0x0000, 0x0000, 0x0000, 0x0000, 
    0x0000, 0x0000, 0x0000, 0x0000, 0x0000, 0x0000, 0x0000, 0x0000, 
    0x0000, 0x0000, 0x0000, 0x0000, 0x0000, 0x0000, 0x0000, 0x0000, 
    0x0000, 0x0000, 0x0000, 0x0000, 0x0000, 0x0000, 0x0000, 0x0000, 
    0x0000, 0x0000, 0x0000, 0x0000, 0x0000, 0x0000, 0x0000, 0x0000, 
    0x0000, 0x0000, 0x0000, 0x0000, 0x0000, 0x0000, 0x0000, 0x0000, 
    0x0000, 0x0000, 0x0000, 0x0000, 0x0000, 0x0000, 0x0000, 0x0000, 
    0x0000, 0x0000, 0x0000, 0x0000, 0x0000, 0x0000, 0x0000, 0x0000, 
    0x0000, 0x0000, 0x0000, 0x0000, 0x0000, 0x0000, 0x0000, 0x0000, 
    0x0000, 0x0000, 0x0000, 0x0000, 0x0000, 0x0000, 0x0000, 0x0000, 
    0x0000, 0x0000, 0x0000, 0x0000, 0x0000, 0x0000, 0x0000, 0x0000, 
    0x0000, 0x0000, 0x0000, 0x0000, 0x0000, 0x0000, 0x0000, 0x0000, 
    0x0000, 0x0000, 0x0000, 0x0000, 0x0000, 0x0000, 0x0000, 0x0000, 
    0x0000, 0x0000, 0x0000, 0x0000, 0x0000, 0x0000, 0x0000, 0x0000, 
    0x0000, 0x0000, 0x0000, 0x0000, 0x0000, 0x0000, 0x0000, 0x0000, 
    0x0000, 0x0000, 0x0000, 0x0000, 0x0000, 0x0000, 0x0000, 0x0000, 
    0x0000, 0x0000, 0x0000, 0x0000, 0x0000, 0x0000, 0x0000, 0x0000, 
    0x0000, 0x0000, 0x0000, 0x0000, 0x0000, 0x0000, 0x0000, 0x0000, 
    0x0000, 0x0000, 0x0000, 0x0000, 0x0000, 0x0000, 0x0000, 0x0000, 
    0x0000, 0x0000, 0x0000, 0x0000, 0x0000, 0x0000, 0x0000, 0x0000, 
    0x0000, 0x0000, 0x0000, 0x0000, 0x0000, 0x0000, 0x0000, 0x0000, 
    0x0000, 0x0000, 0x0000, 0x0000, 0x0000, 0x0000, 0x0000, 0x0000, 
    0x0000, 0x0000, 0x0000, 0x0000, 0x0000, 0x0000, 0x0000, 0x0000, 
    0x0000, 0x0000, 0x0000, 0x0000, 0x0000, 0x0000, 0x0000, 0x0000, 
    0x0000, 0x0000, 0x0000, 0x0000, 0x0000, 0x0000, 0x0000, 0x0000, 
    0x0000, 0x0000, 0x0000, 0x0000, 0x0000, 0x0000, 0x0000, 0x0000, 
    0x0000, 0x0000, 0x0000, 0x0000, 0x0000, 0x0000, 0x0000, 0x0000, 
    0x0000, 0x0000, 0x0000, 0x0000, 0x0000, 0x0000, 0x0000, 0x0000, 
    0x0000, 0x0000, 0x0000, 0x0000, 0x0000, 0x0000, 0x0000, 0x0000, 
    0x0000, 0x0000, 0x0000, 0x0000, 0x0000, 0x0000, 0x0000, 0x0000, 
    0x0000, 0x0000, 0x0000, 0x0000, 0x0000, 0x0000, 0x0000, 0x0000, 
    0x0000, 0x0000, 0x0000, 0x0000, 0x0000, 0x0000, 0x0000, 0x0000, 
    0x0000, 0x0000, 0x0000, 0x0000, 0x0000, 0x0000, 0x0000, 0x0000, 
    0x0000, 0x0000, 0x0000, 0x0000, 0x0000, 0x0000, 0x0000, 0x0000, 
    0x0000, 0x0000, 0x0000, 0x0000, 0x0000, 0x0000, 0x0000, 0x0000, 
    0x0000, 0x0000, 0x0000, 0x0000, 0x0000, 0x0000, 0x0000, 0x0000, 
    0x0000, 0x0000, 0x0000, 0x0000, 0x0000, 0x0000, 0x0000, 0x0000, 
    0x0000, 0x0000, 0x0000, 0x0000, 0x0000, 0x0000, 0x0000, 0x0000, 
    0x0000, 0x0000, 0x0000, 0x0000, 0x0000, 0x0000, 0x0000, 0x0000, 
    0x0000, 0x0000, 0x0000, 0x0000, 0x0000, 0x0000, 0x0000, 0x0000, 
    0x0000, 0x0000, 0x0000, 0x0000, 0x0000, 0x0000, 0x0000, 0x0000, 
    0x0000, 0x0000, 0x0000, 0x0000, 0x0000, 0x0000, 0x0000, 0x0000, 
    0x0000, 0x0000, 0x0000, 0x0000, 0x0000, 0x0000, 0x0000, 0x0000, 
    0x0000, 0x0000, 0x0000, 0x0000, 0x0000, 0x0000, 0x0000, 0x0000, 
    0x0000, 0x0000, 0x0000, 0x0000, 0x0000, 0x0000, 0x0000, 0x0000, 
    0x0000, 0x0000, 0x0000, 0x0000, 0x0000, 0x0000, 0x0000, 0x0000, 
    0x0000, 0x0000, 0x0000, 0x0000, 0x0000, 0x0000, 0x0000, 0x0000, 
    0x0000, 0x0000, 0x0000, 0x0000, 0x0000, 0x0000, 0x0000, 0x0000, 
    0x0000, 0x0000, 0x0000, 0x0000, 0x0000, 0x0000, 0x0000, 0x0000, 
    0x0000, 0x0000, 0x0000, 0x0000, 0x0000, 0x0000, 0x0000, 0x0000, 
    0x0000, 0x0000, 0x0000, 0x0000, 0x0000, 0x0000, 0x0000, 0x0000, 
    0x0000, 0x0000, 0x0000, 0x0000, 0x0000, 0x0000, 0x0000, 0x0000, 
    0x0000, 0x0000, 0x0000, 0x0000, 0x0000, 0x0000, 0x0000, 0x0000, 
    0x0000, 0x0000, 0x0000, 0x0000, 0x0000, 0x0000, 0x0000, 0x0000, 
    0x0000, 0x0000, 0x0000, 0x0000, 0x0000, 0x0000, 0x0000, 0x0000, 
    0x0000, 0x0000, 0x0000, 0x0000, 0x0000, 0x0000, 0x0000, 0x0000, 
    0x0000, 0x0000, 0x0000, 0x0000, 0x0000, 0x0000, 0x0000, 0x0000, 
    0x0000, 0x0000, 0x0000, 0x0000, 0x0000, 0x0000, 0x0000, 0x0000, 
    0x0000, 0x0000, 0x0000, 0x0000, 0x0000, 0x0000, 0x0000, 0x0000, 
    0x0000, 0x0000, 0x0000, 0x0000, 0x0000, 0x0000, 0x0000, 0x0000, 
    0x0000, 0x0000, 0x0000, 0x0000, 0x0000, 0x0000, 0x0000, 0x0000, 
    0x0000, 0x0000, 0x0000, 0x0000, 0x0000, 0x0000, 0x0000, 0x0000, 
    0x0000, 0x0000, 0x0000, 0x0000, 0x0000, 0x0000, 0x0000, 0x0000, 
    0x0000, 0x0000, 0x0000, 0x0000, 0x0000, 0x0000, 0x0000, 0x0000, 
    0x0000, 0x0000, 0x0000, 0x0000, 0x0000, 0x0000, 0x0000, 0x0000, 
    0x0000, 0x0000, 0x0000, 0x0000, 0x0000, 0x0000, 0x0000, 0x0000, 
    0x0000, 0x0000, 0x0000, 0x0000, 0x0000, 0x0000, 0x0000, 0x0000, 
    0x0000, 0x0000, 0x0000, 0x0000, 0x0000, 0x0000, 0x0000, 0x0000, 
    0x0000, 0x0000, 0x0000, 0x0000, 0x0000, 0x0000, 0x0000, 0x0000, 
    0x0000, 0x0000, 0x0000, 0x0000, 0x0000, 0x0000, 0x0000, 0x0000, 
    0x0000, 0x0000, 0x0000, 0x0000, 0x0000, 0x0000, 0x0000, 0x0000, 
    0x0000, 0x0000, 0x0000, 0x0000, 0x0000, 0x0000, 0x0000, 0x0000, 
    0x0000, 0x0000, 0x0000, 0x0000, 0x0000, 0x0000, 0x0000, 0x0000, 
    0x0000, 0x0000, 0x0000, 0x0000, 0x0000, 0x0000, 0x0000, 0x0000, 
    0x0000, 0x0000, 0x0000, 0x0000, 0x0000, 0x0000, 0x0000, 0x0000, 
    0x0000, 0x0000, 0x0000, 0x0000, 0x0000, 0x0000, 0x0000, 0x0000, 
    0x0000, 0x0000, 0x0000, 0x0000, 0x0000, 0x0000, 0x0000, 0x0000, 
    0x0000, 0x0000, 0x0000, 0x0000, 0x0000, 0x0000, 0x0000, 0x0000, 
    0x0000, 0x0000, 0x0000, 0x0000, 0x0000, 0x0000, 0x0000, 0x0000, 
    0x0000, 0x0000, 0x0000, 0x0000, 0x0000, 0x0000, 0x0000, 0x0000, 
    0x0000, 0x0000, 0x0000, 0x0000, 0x0000, 0x0000, 0x0000, 0x0000, 
    0x0000, 0x0000, 0x0000, 0x0000, 0x0000, 0x0000, 0x0000, 0x0000, 
    0x0000, 0x0000, 0x0000, 0x0000, 0x0000, 0x0000, 0x0000, 0x0000, 
    0x0000, 0x0000, 0x0000, 0x0000, 0x0000, 0x0000, 0x0000, 0x0000, 
    0x0000, 0x0000, 0x0000, 0x0000, 0x0000, 0x0000, 0x0000, 0x0000, 
    0x0000, 0x0000, 0x0000, 0x0000, 0x0000, 0x0000, 0x0000, 0x0000, 
    0x0000, 0x0000, 0x0000, 0x0000, 0x0000, 0x0000, 0x0000, 0x0000, 
    0x0000, 0x0000, 0x0000, 0x0000, 0x0000, 0x0000, 0x0000, 0x0000, 
    0x0000, 0x0000, 0x0000, 0x0000, 0x0000, 0x0000, 0x0000, 0x0000, 
    0x0000, 0x0000, 0x0000, 0x0000, 0x0000, 0x0000, 0x0000, 0x0000, 
    0x0000, 0x0000, 0x0000, 0x0000, 0x0000, 0x0000, 0x0000, 0x0000, 
    0x0000, 0x0000, 0x0000, 0x0000, 0x0000, 0x0000, 0x0000, 0x0000, 
    0x0000, 0x0000, 0x0000, 0x0000, 0x0000, 0x0000, 0x0000, 0x0000, 
    0x0000, 0x0000, 0x0000, 0x0000, 0x0000, 0x0000, 0x0000, 0x0000, 
    0x0000, 0x0000, 0x0000, 0x0000, 0x0000, 0x0000, 0x0000, 0x0000, 
    0x0000, 0x0000, 0x0000, 0x0000, 0x0000, 0x0000, 0x0000, 0x0000, 
    0x0000, 0x0000, 0x0000, 0x0000, 0x0000, 0x0000, 0x0000, 0x0000, 
    0x0000, 0x0000, 0x0000, 0x0000, 0x0000, 0x0000, 0x0000, 0x0000, 
    0x0000, 0x0000, 0x0000, 0x0000, 0x0000, 0x0000, 0x0000, 0x0000, 
    0x0000, 0x0000, 0x0000, 0x0000, 0x0000, 0x0000, 0x0000, 0x0000, 
    0x0000, 0x0000, 0x0000, 0x0000, 0x0000, 0x0000, 0x0000, 0x0000, 
    0x0000, 0x0000, 0x0000, 0x0000, 0x0000, 0x0000, 0x0000, 0x0000, 
    0x0000, 0x0000, 0x0000, 0x0000, 0x0000, 0x0000, 0x0000, 0x0000, 
    0x0000, 0x0000, 0x0000, 0x0000, 0x0000, 0x0000, 0x0000, 0x0000, 
    0x0000, 0x0000, 0x0000, 0x0000, 0x0000, 0x0000, 0x0000, 0x0000, 
    0x0000, 0x0000, 0x0000, 0x0000, 0x0000, 0x0000, 0x0000, 0x0000, 
    0x0000, 0x0000, 0x0000, 0x0000, 0x0000, 0x0000, 0x0000, 0x0000, 
    0x0000, 0x0000, 0x0000, 0x0000, 0x0000, 0x0000, 0x0000, 0x0000, 
    0x0000, 0x0000, 0x0000, 0x0000, 0x0000, 0x0000, 0x0000, 0x0000, 
    0x0000, 0x0000, 0x0000, 0x0000, 0x0000, 0x0000, 0x0000, 0x0000, 
    0x0000, 0x0000, 0x0000, 0x0000, 0x0000, 0x0000, 0x0000, 0x0000, 
    0x0000, 0x0000, 0x0000, 0x0000, 0x0000, 0x0000, 0x0000, 0x0000, 
    0x0000, 0x0000, 0x0000, 0x0000, 0x0000, 0x0000, 0x0000, 0x0000, 
    0x0000, 0x0000, 0x0000, 0x0000, 0x0000, 0x0000, 0x0000, 0x0000, 
    0x0000, 0x0000, 0x0000, 0x0000, 0x0000, 0x0000, 0x0000, 0x0000, 
    0x0000, 0x0000, 0x0000, 0x0000, 0x0000, 0x0000, 0x0000, 0x0000, 
    0x0000, 0x0000, 0x0000, 0x0000, 0x0000, 0x0000, 0x0000, 0x0000, 
    0x0000, 0x0000, 0x0000, 0x0000, 0x0000, 0x0000, 0x0000, 0x0000, 
    0x0000, 0x0000, 0x0000, 0x0000, 0x0000, 0x0000, 0x0000, 0x0000, 
    0x0000, 0x0000, 0x0000, 0x0000, 0x0000, 0x0000, 0x0000, 0x0000, 
    0x0000, 0x0000, 0x0000, 0x0000, 0x0000, 0x0000, 0x0000, 0x0000, 
    0x0000, 0x0000, 0x0000, 0x0000, 0x0000, 0x0000, 0x0000, 0x0000, 
    0x0000, 0x0000, 0x0000, 0x0000, 0x0000, 0x0000, 0x0000, 0x0000, 
    0x0000, 0x0000, 0x0000, 0x0000, 0x0000, 0x0000, 0x0000, 0x0000, 
    0x0000, 0x0000, 0x0000, 0x0000, 0x0000, 0x0000, 0x0000, 0x0000, 
    0x0000, 0x0000, 0x0000, 0x0000, 0x0000, 0x0000, 0x0000, 0x0000, 
    0x0000, 0x0000, 0x0000, 0x0000, 0x0000, 0x0000, 0x0000, 0x0000, 
    0x0000, 0x0000, 0x0000, 0x0000, 0x0000, 0x0000, 0x0000, 0x0000, 
    0x0000, 0x0000, 0x0000, 0x0000, 0x0000, 0x0000, 0x0000, 0x0000, 
    0x0000, 0x0000, 0x0000, 0x0000, 0x0000, 0x0000, 0x0000, 0x0000, 
    0x0000, 0x0000, 0x0000, 0x0000, 0x0000, 0x0000, 0x0000, 0x0000, 
    0x0000, 0x0000, 0x0000, 0x0000, 0x0000, 0x0000, 0x0000, 0x0000, 
    0x0000, 0x0000, 0x0000, 0x0000, 0x0000, 0x0000, 0x0000, 0x0000, 
    0x0000, 0x0000, 0x0000, 0x0000, 0x0000, 0x0000, 0x0000, 0x0000, 
    0x0000, 0x0000, 0x0000, 0x0000, 0x0000, 0x0000, 0x0000, 0x0000, 
    0x0000, 0x0000, 0x0000, 0x0000, 0x0000, 0x0000, 0x0000, 0x0000, 
    0x0000, 0x0000, 0x0000, 0x0000, 0x0000, 0x0000, 0x0000, 0x0000, 
    0x0000, 0x0000, 0x0000, 0x0000, 0x0000, 0x0000, 0x0000, 0x0000, 
    0x0000, 0x0000, 0x0000, 0x0000, 0x0000, 0x0000, 0x0000, 0x0000, 
    0x0000, 0x0000, 0x0000, 0x0000, 0x0000, 0x0000, 0x0000, 0x0000, 
    0x0000, 0x0000, 0x0000, 0x0000, 0x0000, 0x0000, 0x0000, 0x0000, 
    0x0000, 0x0000, 0x0000, 0x0000, 0x0000, 0x0000, 0x0000, 0x0000, 
    0x0000, 0x0000, 0x0000, 0x0000, 0x0000, 0x0000, 0x0000, 0x0000, 
    0x0000, 0x0000, 0x0000, 0x0000, 0x0000, 0x0000, 0x0000, 0x0000, 
    0x0000, 0x0000, 0x0000, 0x0000, 0x0000, 0x0000, 0x0000, 0x0000, 
    0x0000, 0x0000, 0x0000, 0x0000, 0x0000, 0x0000, 0x0000, 0x0000, 
    0x0000, 0x0000, 0x0000, 0x0000, 0x0000, 0x0000, 0x0000, 0x0000, 
    0x0000, 0x0000, 0x0000, 0x0000, 0x0000, 0x0000, 0x0000, 0x0000, 
    0x0000, 0x0000, 0x0000, 0x0000, 0x0000, 0x0000, 0x0000, 0x0000, 
    0x0000, 0x0000, 0x0000, 0x0000, 0x0000, 0x0000, 0x0000, 0x0000, 
    0x0000, 0x0000, 0x0000, 0x0000, 0x0000, 0x0000, 0x0000, 0x0000, 
    0x0000, 0x0000, 0x0000, 0x0000, 0x0000, 0x0000, 0x0000, 0x0000, 
    0x0000, 0x0000, 0x0000, 0x0000, 0x0000, 0x0000, 0x0000, 0x0000, 
    0x0000, 0x0000, 0x0000, 0x0000, 0x0000, 0x0000, 0x0000, 0x0000, 
    0x0000, 0x0000, 0x0000, 0x0000, 0x0000, 0x0000, 0x0000, 0x0000, 
    0x0000, 0x0000, 0x0000, 0x0000, 0x0000, 0x0000, 0x0000, 0x0000, 
    0x0000, 0x0000, 0x0000, 0x0000, 0x0000, 0x0000, 0x0000, 0x0000, 
    0x0000, 0x0000, 0x0000, 0x0000, 0x0000, 0x0000, 0x0000, 0x0000, 
    0x0000, 0x0000, 0x0000, 0x0000, 0x0000, 0x0000, 0x0000, 0x0000, 
    0x0000, 0x0000, 0x0000, 0x0000, 0x0000, 0x0000, 0x0000, 0x0000, 
    0x0000, 0x0000, 0x0000, 0x0000, 0x0000, 0x0000, 0x0000, 0x0000, 
    0x0000, 0x0000, 0x0000, 0x0000, 0x0000, 0x0000, 0x0000, 0x0000, 
    0x0000, 0x0000, 0x0000, 0x0000, 0x0000, 0x0000, 0x0000, 0x0000, 
    0x0000, 0x0000, 0x0000, 0x0000, 0x0000, 0x0000, 0x0000, 0x0000, 
    0x0000, 0x0000, 0x0000, 0x0000, 0x0000, 0x0000, 0x0000, 0x0000, 
    0x0000, 0x0000, 0x0000, 0x0000, 0x0000, 0x0000, 0x0000, 0x0000, 
    0x0000, 0x0000, 0x0000, 0x0000, 0x0000, 0x0000, 0x0000, 0x0000, 
    0x0000, 0x0000, 0x0000, 0x0000, 0x0000, 0x0000, 0x0000, 0x0000, 
    0x0000, 0x0000, 0x0000, 0x0000, 0x0000, 0x0000, 0x0000, 0x0000, 
    0x0000, 0x0000, 0x0000, 0x0000, 0x0000, 0x0000, 0x0000, 0x0000, 
    0x0000, 0x0000, 0x0000, 0x0000, 0x0000, 0x0000, 0x0000, 0x0000, 
    0x0000, 0x0000, 0x0000, 0x0000, 0x0000, 0x0000, 0x0000, 0x0000, 
    0x0000, 0x0000, 0x0000, 0x0000, 0x0000, 0x0000, 0x0000, 0x0000, 
    0x0000, 0x0000, 0x0000, 0x0000, 0x0000, 0x0000, 0x0000, 0x0000, 
    0x0000, 0x0000, 0x0000, 0x0000, 0x0000, 0x0000, 0x0000, 0x0000, 
    0x0000, 0x0000, 0x0000, 0x0000, 0x0000, 0x0000, 0x0000, 0x0000, 
    0x0000, 0x0000, 0x0000, 0x0000, 0x0000, 0x0000, 0x0000, 0x0000, 
    0x0000, 0x0000, 0x0000, 0x0000, 0x0000, 0x0000, 0x0000, 0x0000, 
    0x0000, 0x0000, 0x0000, 0x0000, 0x0000, 0x0000, 0x0000, 0x0000, 
    0x0000, 0x0000, 0x0000, 0x0000, 0x0000, 0x0000, 0x0000, 0x0000, 
    0x0000, 0x0000, 0x0000, 0x0000, 0x0000, 0x0000, 0x0000, 0x0000, 
    0x0000, 0x0000, 0x0000, 0x0000, 0x0000, 0x0000, 0x0000, 0x0000, 
    0x0000, 0x0000, 0x0000, 0x0000, 0x0000, 0x0000, 0x0000, 0x0000, 
    0x0000, 0x0000, 0x0000, 0x0000, 0x0000, 0x0000, 0x0000, 0x0000, 
    0x0000, 0x0000, 0x0000, 0x0000, 0x0000, 0x0000, 0x0000, 0x0000, 
    0x0000, 0x0000, 0x0000, 0x0000, 0x0000, 0x0000, 0x0000, 0x0000, 
    0x0000, 0x0000, 0x0000, 0x0000, 0x0000, 0x0000, 0x0000, 0x0000, 
    0x0000, 0x0000, 0x0000, 0x0000, 0x0000, 0x0000, 0x0000, 0x0000, 
    0x0000, 0x0000, 0x0000, 0x0000, 0x0000, 0x0000, 0x0000, 0x0000, 
    0x0000, 0x0000, 0x0000, 0x0000, 0x0000, 0x0000, 0x0000, 0x0000, 
    0x0000, 0x0000, 0x0000, 0x0000, 0x0000, 0x0000, 0x0000, 0x0000, 
    0x0000, 0x0000, 0x0000, 0x0000, 0x0000, 0x0000, 0x0000, 0x0000, 
    0x0000, 0x0000, 0x0000, 0x0000, 0x0000, 0x0000, 0x0000, 0x0000, 
    0x0000, 0x0000, 0x0000, 0x0000, 0x0000, 0x0000, 0x0000, 0x0000, 
    0x0000, 0x0000, 0x0000, 0x0000, 0x0000, 0x0000, 0x0000, 0x0000, 
    0x0000, 0x0000, 0x0000, 0x0000, 0x0000, 0x0000, 0x0000, 0x0000, 
    0x0000, 0x0000, 0x0000, 0x0000, 0x0000, 0x0000, 0x0000, 0x0000, 
    0x0000, 0x0000, 0x0000, 0x0000, 0x0000, 0x0000, 0x0000, 0x0000, 
    0x0000, 0x0000, 0x0000, 0x0000, 0x0000, 0x0000, 0x0000, 0x0000, 
    0x0000, 0x0000, 0x0000, 0x0000, 0x0000, 0x0000, 0x0000, 0x0000, 
    0x0000, 0x0000, 0x0000, 0x0000, 0x0000, 0x0000, 0x0000, 0x0000, 
    0x0000, 0x0000, 0x0000, 0x0000, 0x0000, 0x0000, 0x0000, 0x0000, 
    0x0000, 0x0000, 0x0000, 0x0000, 0x0000, 0x0000, 0x0000, 0x0000, 
    0x0000, 0x0000, 0x0000, 0x0000, 0x0000, 0x0000, 0x0000, 0x0000, 
    0x0000, 0x0000, 0x0000, 0x0000, 0x0000, 0x0000, 0x0000, 0x0000, 
    0x0000, 0x0000, 0x0000, 0x0000, 0x0000, 0x0000, 0x0000, 0x0000, 
    0x0000, 0x0000, 0x0000, 0x0000, 0x0000, 0x0000, 0x0000, 0x0000, 
    0x0000, 0x0000, 0x0000, 0x0000, 0x0000, 0x0000, 0x0000, 0x0000, 
    0x0000, 0x0000, 0x0000, 0x0000, 0x0000, 0x0000, 0x0000, 0x0000, 
    0x0000, 0x0000, 0x0000, 0x0000, 0x0000, 0x0000, 0x0000, 0x0000, 
    0x0000, 0x0000, 0x0000, 0x0000, 0x0000, 0x0000, 0x0000, 0x0000, 
    0x0000, 0x0000, 0x0000, 0x0000, 0x0000, 0x0000, 0x0000, 0x0000, 
    0x0000, 0x0000, 0x0000, 0x0000, 0x0000, 0x0000, 0x0000, 0x0000, 
    0x0000, 0x0000, 0x0000, 0x0000, 0x0000, 0x0000, 0x0000, 0x0000, 
    0x0000, 0x0000, 0x0000, 0x0000, 0x0000, 0x0000, 0x0000, 0x0000, 
    0x0000, 0x0000, 0x0000, 0x0000, 0x0000, 0x0000, 0x0000, 0x0000, 
    0x0000, 0x0000, 0x0000, 0x0000, 0x0000, 0x0000, 0x0000, 0x0000, 
    0x0000, 0x0000, 0x0000, 0x0000, 0x0000, 0x0000, 0x0000, 0x0000, 
    0x0000, 0x0000, 0x0000, 0x0000, 0x0000, 0x0000, 0x0000, 0x0000, 
    0x0000, 0x0000, 0x0000, 0x0000, 0x0000, 0x0000, 0x0000, 0x0000, 
    0x0000, 0x0000, 0x0000, 0x0000, 0x0000, 0x0000, 0x0000, 0x0000, 
    0x0000, 0x0000, 0x0000, 0x0000, 0x0000, 0x0000, 0x0000, 0x0000, 
    0x0000, 0x0000, 0x0000, 0x0000, 0x0000, 0x0000, 0x0000, 0x0000, 
    0x0000, 0x0000, 0x0000, 0x0000, 0x0000, 0x0000, 0x0000, 0x0000, 
    0x0000, 0x0000, 0x0000, 0x0000, 0x0000, 0x0000, 0x0000, 0x0000, 
    0x0000, 0x0000, 0x0000, 0x0000, 0x0000, 0x0000, 0x0000, 0x0000, 
    0x0000, 0x0000, 0x0000, 0x0000, 0x0000, 0x0000, 0x0000, 0x0000, 
    0x0000, 0x0000, 0x0000, 0x0000, 0x0000, 0x0000, 0x0000, 0x0000, 
    0x0000, 0x0000, 0x0000, 0x0000, 0x0000, 0x0000, 0x0000, 0x0000, 
    0x0000, 0x0000, 0x0000, 0x0000, 0x0000, 0x0000, 0x0000, 0x0000, 
    0x0000, 0x0000, 0x0000, 0x0000, 0x0000, 0x0000, 0x0000, 0x0000, 
    0x0000, 0x0000, 0x0000, 0x0000, 0x0000, 0x0000, 0x0000, 0x0000, 
    0x0000, 0x0000, 0x0000, 0x0000, 0x0000, 0x0000, 0x0000, 0x0000, 
    0x0000, 0x0000, 0x0000, 0x0000, 0x0000, 0x0000, 0x0000, 0x0000, 
    0x0000, 0x0000, 0x0000, 0x0000, 0x0000, 0x0000, 0x0000, 0x0000, 
    0x0000, 0x0000, 0x0000, 0x0000, 0x0000, 0x0000, 0x0000, 0x0000, 
    0x0000, 0x0000, 0x0000, 0x0000, 0x0000, 0x0000, 0x0000, 0x0000, 
    0x0000, 0x0000, 0x0000, 0x0000, 0x0000, 0x0000, 0x0000, 0x0000, 
    0x0000, 0x0000, 0x0000, 0x0000, 0x0000, 0x0000, 0x0000, 0x0000, 
    0x0000, 0x0000, 0x0000, 0x0000, 0x0000, 0x0000, 0x0000, 0x0000, 
    0x0000, 0x0000, 0x0000, 0x0000, 0x0000, 0x0000, 0x0000, 0x0000, 
    0x0000, 0x0000, 0x0000, 0x0000, 0x0000, 0x0000, 0x0000, 0x0000, 
    0x0000, 0x0000, 0x0000, 0x0000, 0x0000, 0x0000, 0x0000, 0x0000, 
    0x0000, 0x0000, 0x0000, 0x0000, 0x0000, 0x0000, 0x0000, 0x0000, 
    0x0000, 0x0000, 0x0000, 0x0000, 0x0000, 0x0000, 0x0000, 0x0000, 
    0x0000, 0x0000, 0x0000, 0x0000, 0x0000, 0x0000, 0x0000, 0x0000, 
    0x0000, 0x0000, 0x0000, 0x0000, 0x0000, 0x0000, 0x0000, 0x0000, 
    0x0000, 0x0000, 0x0000, 0x0000, 0x0000, 0x0000, 0x0000, 0x0000, 
    0x0000, 0x0000, 0x0000, 0x0000, 0x0000, 0x0000, 0x0000, 0x0000, 
    0x0000, 0x0000, 0x0000, 0x0000, 0x0000, 0x0000, 0x0000, 0x0000, 
    0x0000, 0x0000, 0x0000, 0x0000, 0x0000, 0x0000, 0x0000, 0x0000, 
    0x0000, 0x0000, 0x0000, 0x0000, 0x0000, 0x0000, 0x0000, 0x0000, 
    0x0000, 0x0000, 0x0000, 0x0000, 0x0000, 0x0000, 0x0000, 0x0000, 
    0x0000, 0x0000, 0x0000, 0x0000, 0x0000, 0x0000, 0x0000, 0x0000, 
    0x0000, 0x0000, 0x0000, 0x0000, 0x0000, 0x0000, 0x0000, 0x0000, 
    0x0000, 0x0000, 0x0000, 0x0000, 0x0000, 0x0000, 0x0000, 0x0000, 
    0x0000, 0x0000, 0x0000, 0x0000, 0x0000, 0x0000, 0x0000, 0x0000, 
    0x0000, 0x0000, 0x0000, 0x0000, 0x0000, 0x0000, 0x0000, 0x0000, 
    0x0000, 0x0000, 0x0000, 0x0000, 0x0000, 0x0000, 0x0000, 0x0000, 
    0x0000, 0x0000, 0x0000, 0x0000, 0x0000, 0x0000, 0x0000, 0x0000, 
    0x0000, 0x0000, 0x0000, 0x0000, 0x0000, 0x0000, 0x0000, 0x0000, 
    0x0000, 0x0000, 0x0000, 0x0000, 0x0000, 0x0000, 0x0000, 0x0000, 
    0x0000, 0x0000, 0x0000, 0x0000, 0x0000, 0x0000, 0x0000, 0x0000, 
    0x0000, 0x0000, 0x0000, 0x0000, 0x0000, 0x0000, 0x0000, 0x0000, 
    0x0000, 0x0000, 0x0000, 0x0000, 0x0000, 0x0000, 0x0000, 0x0000, 
    0x0000, 0x0000, 0x0000, 0x0000, 0x0000, 0x0000, 0x0000, 0x0000, 
    0x0000, 0x0000, 0x0000, 0x0000, 0x0000, 0x0000, 0x0000, 0x0000, 
    0x0000, 0x0000, 0x0000, 0x0000, 0x0000, 0x0000, 0x0000, 0x0000, 
    0x0000, 0x0000, 0x0000, 0x0000, 0x0000, 0x0000, 0x0000, 0x0000, 
    0x0000, 0x0000, 0x0000, 0x0000, 0x0000, 0x0000, 0x0000, 0x0000, 
    0x0000, 0x0000, 0x0000, 0x0000, 0x0000, 0x0000, 0x0000, 0x0000, 
    0x0000, 0x0000, 0x0000, 0x0000, 0x0000, 0x0000, 0x0000, 0x0000, 
    0x0000, 0x0000, 0x0000, 0x0000, 0x0000, 0x0000, 0x0000, 0x0000, 
    0x0000, 0x0000, 0x0000, 0x0000, 0x0000, 0x0000, 0x0000, 0x0000, 
    0x0000, 0x0000, 0x0000, 0x0000, 0x0000, 0x0000, 0x0000, 0x0000, 
    0x0000, 0x0000, 0x0000, 0x0000, 0x0000, 0x0000, 0x0000, 0x0000, 
    0x0000, 0x0000, 0x0000, 0x0000, 0x0000, 0x0000, 0x0000, 0x0000, 
    0x0000, 0x0000, 0x0000, 0x0000, 0x0000, 0x0000, 0x0000, 0x0000, 
    0x0000, 0x0000, 0x0000, 0x0000, 0x0000, 0x0000, 0x0000, 0x0000, 
    0x0000, 0x0000, 0x0000, 0x0000, 0x0000, 0x0000, 0x0000, 0x0000, 
    0x0000, 0x0000, 0x0000, 0x0000, 0x0000, 0x0000, 0x0000, 0x0000, 
    0x0000, 0x0000, 0x0000, 0x0000, 0x0000, 0x0000, 0x0000, 0x0000, 
    0x0000, 0x0000, 0x0000, 0x0000, 0x0000, 0x0000, 0x0000, 0x0000, 
    0x0000, 0x0000, 0x0000, 0x0000, 0x0000, 0x0000, 0x0000, 0x0000, 
    0x0000, 0x0000, 0x0000, 0x0000, 0x0000, 0x0000, 0x0000, 0x0000, 
    0x0000, 0x0000, 0x0000, 0x0000, 0x0000, 0x0000, 0x0000, 0x0000, 
    0x0000, 0x0000, 0x0000, 0x0000, 0x0000, 0x0000, 0x0000, 0x0000, 
    0x0000, 0x0000, 0x0000, 0x0000, 0x0000, 0x0000, 0x0000, 0x0000, 
    0x0000, 0x0000, 0x0000, 0x0000, 0x0000, 0x0000, 0x0000, 0x0000, 
    0x0000, 0x0000, 0x0000, 0x0000, 0x0000, 0x0000, 0x0000, 0x0000, 
    0x0000, 0x0000, 0x0000, 0x0000, 0x0000, 0x0000, 0x0000, 0x0000, 
    0x0000, 0x0000, 0x0000, 0x0000, 0x0000, 0x0000, 0x0000, 0x0000, 
    0x0000, 0x0000, 0x0000, 0x0000, 0x0000, 0x0000, 0x0000, 0x0000, 
    0x0000, 0x0000, 0x0000, 0x0000, 0x0000, 0x0000, 0x0000, 0x0000, 
    0x0000, 0x0000, 0x0000, 0x0000, 0x0000, 0x0000, 0x0000, 0x0000, 
    0x0000, 0x0000, 0x0000, 0x0000, 0x0000, 0x0000, 0x0000, 0x0000, 
    0x0000, 0x0000, 0x0000, 0x0000, 0x0000, 0x0000, 0x0000, 0x0000, 
    0x0000, 0x0000, 0x0000, 0x0000, 0x0000, 0x0000, 0x0000, 0x0000, 
    0x0000, 0x0000, 0x0000, 0x0000, 0x0000, 0x0000, 0x0000, 0x0000, 
    0x0000, 0x0000, 0x0000, 0x0000, 0x0000, 0x0000, 0x0000, 0x0000, 
    0x0000, 0x0000, 0x0000, 0x0000, 0x0000, 0x0000, 0x0000, 0x0000, 
    0x0000, 0x0000, 0x0000, 0x0000, 0x0000, 0x0000, 0x0000, 0x0000, 
    0x0000, 0x0000, 0x0000, 0x0000, 0x0000, 0x0000, 0x0000, 0x0000, 
    0x0000, 0x0000, 0x0000, 0x0000, 0x0000, 0x0000, 0x0000, 0x0000, 
    0x0000, 0x0000, 0x0000, 0x0000, 0x0000, 0x0000, 0x0000, 0x0000, 
    0x0000, 0x0000, 0x0000, 0x0000, 0x0000, 0x0000, 0x0000, 0x0000, 
    0x0000, 0x0000, 0x0000, 0x0000, 0x0000, 0x0000, 0x0000, 0x0000, 
    0x0000, 0x0000, 0x0000, 0x0000, 0x0000, 0x0000, 0x0000, 0x0000, 
    0x0000, 0x0000, 0x0000, 0x0000, 0x0000, 0x0000, 0x0000, 0x0000, 
    0x0000, 0x0000, 0x0000, 0x0000, 0x0000, 0x0000, 0x0000, 0x0000, 
    0x0000, 0x0000, 0x0000, 0x0000, 0x0000, 0x0000, 0x0000, 0x0000, 
    0x0000, 0x0000, 0x0000, 0x0000, 0x0000, 0x0000, 0x0000, 0x0000, 
    0x0000, 0x0000, 0x0000, 0x0000, 0x0000, 0x0000, 0x0000, 0x0000, 
    0x0000, 0x0000, 0x0000, 0x0000, 0x0000, 0x0000, 0x0000, 0x0000, 
    0x0000, 0x0000, 0x0000, 0x0000, 0x0000, 0x0000, 0x0000, 0x0000, 
    0x0000, 0x0000, 0x0000, 0x0000, 0x0000, 0x0000, 0x0000, 0x0000, 
    0x0000, 0x0000, 0x0000, 0x0000, 0x0000, 0x0000, 0x0000, 0x0000, 
    0x0000, 0x0000, 0x0000, 0x0000, 0x0000, 0x0000, 0x0000, 0x0000, 
    0x0000, 0x0000, 0x0000, 0x0000, 0x0000, 0x0000, 0x0000, 0x0000, 
    0x0000, 0x0000, 0x0000, 0x0000, 0x0000, 0x0000, 0x0000, 0x0000, 
    0x0000, 0x0000, 0x0000, 0x0000, 0x0000, 0x0000, 0x0000, 0x0000, 
    0x0000, 0x0000, 0x0000, 0x0000, 0x0000, 0x0000, 0x0000, 0x0000, 
    0x0000, 0x0000, 0x0000, 0x0000, 0x0000, 0x0000, 0x0000, 0x0000, 
    0x0000, 0x0000, 0x0000, 0x0000, 0x0000, 0x0000, 0x0000, 0x0000, 
    0x0000, 0x0000, 0x0000, 0x0000, 0x0000, 0x0000, 0x0000, 0x0000, 
    0x0000, 0x0000, 0x0000, 0x0000, 0x0000, 0x0000, 0x0000, 0x0000, 
    0x0000, 0x0000, 0x0000, 0x0000, 0x0000, 0x0000, 0x0000, 0x0000, 
    0x0000, 0x0000, 0x0000, 0x0000, 0x0000, 0x0000, 0x0000, 0x0000, 
    0x0000, 0x0000, 0x0000, 0x0000, 0x0000, 0x0000, 0x0000, 0x0000, 
    0x0000, 0x0000, 0x0000, 0x0000, 0x0000, 0x0000, 0x0000, 0x0000, 
    0x0000, 0x0000, 0x0000, 0x0000, 0x0000, 0x0000, 0x0000, 0x0000, 
    0x0000, 0x0000, 0x0000, 0x0000, 0x0000, 0x0000, 0x0000, 0x0000, 
    0x0000, 0x0000, 0x0000, 0x0000, 0x0000, 0x0000, 0x0000, 0x0000, 
    0x0000, 0x0000, 0x0000, 0x0000, 0x0000, 0x0000, 0x0000, 0x0000, 
    0x0000, 0x0000, 0x0000, 0x0000, 0x0000, 0x0000, 0x0000, 0x0000, 
    0x0000, 0x0000, 0x0000, 0x0000, 0x0000, 0x0000, 0x0000, 0x0000, 
    0x0000, 0x0000, 0x0000, 0x0000, 0x0000, 0x0000, 0x0000, 0x0000, 
    0x0000, 0x0000, 0x0000, 0x0000, 0x0000, 0x0000, 0x0000, 0x0000, 
    0x0000, 0x0000, 0x0000, 0x0000, 0x0000, 0x0000, 0x0000, 0x0000, 
    0x0000, 0x0000, 0x0000, 0x0000, 0x0000, 0x0000, 0x0000, 0x0000, 
    0x0000, 0x0000, 0x0000, 0x0000, 0x0000, 0x0000, 0x0000, 0x0000, 
    0x0000, 0x0000, 0x0000, 0x0000, 0x0000, 0x0000, 0x0000, 0x0000, 
    0x0000, 0x0000, 0x0000, 0x0000, 0x0000, 0x0000, 0x0000, 0x0000, 
    0x0000, 0x0000, 0x0000, 0x0000, 0x0000, 0x0000, 0x0000, 0x0000, 
    0x0000, 0x0000, 0x0000, 0x0000, 0x0000, 0x0000, 0x0000, 0x0000, 
    0x0000, 0x0000, 0x0000, 0x0000, 0x0000, 0x0000, 0x0000, 0x0000, 
    0x0000, 0x0000, 0x0000, 0x0000, 0x0000, 0x0000, 0x0000, 0x0000, 
    0x0000, 0x0000, 0x0000, 0x0000, 0x0000, 0x0000, 0x0000, 0x0000, 
    0x0000, 0x0000, 0x0000, 0x0000, 0x0000, 0x0000, 0x0000, 0x0000, 
    0x0000, 0x0000, 0x0000, 0x0000, 0x0000, 0x0000, 0x0000, 0x0000, 
    0x0000, 0x0000, 0x0000, 0x0000, 0x0000, 0x0000, 0x0000, 0x0000, 
    0x0000, 0x0000, 0x0000, 0x0000, 0x0000, 0x0000, 0x0000, 0x0000, 
    0x0000, 0x0000, 0x0000, 0x0000, 0x0000, 0x0000, 0x0000, 0x0000, 
    0x0000, 0x0000, 0x0000, 0x0000, 0x0000, 0x0000, 0x0000, 0x0000, 
    0x0000, 0x0000, 0x0000, 0x0000, 0x0000, 0x0000, 0x0000, 0x0000, 
    0x0000, 0x0000, 0x0000, 0x0000, 0x0000, 0x0000, 0x0000, 0x0000, 
    0x0000, 0x0000, 0x0000, 0x0000, 0x0000, 0x0000, 0x0000, 0x0000, 
    0x0000, 0x0000, 0x0000, 0x0000, 0x0000, 0x0000, 0x0000, 0x0000, 
    0x0000, 0x0000, 0x0000, 0x0000, 0x0000, 0x0000, 0x0000, 0x0000, 
    0x0000, 0x0000, 0x0000, 0x0000, 0x0000, 0x0000, 0x0000, 0x0000, 
    0x0000, 0x0000, 0x0000, 0x0000, 0x0000, 0x0000, 0x0000, 0x0000, 
    0x0000, 0x0000, 0x0000, 0x0000, 0x0000, 0x0000, 0x0000, 0x0000, 
    0x0000, 0x0000, 0x0000, 0x0000, 0x0000, 0x0000, 0x0000, 0x0000, 
    0x0000, 0x0000, 0x0000, 0x0000, 0x0000, 0x0000, 0x0000, 0x0000, 
    0x0000, 0x0000, 0x0000, 0x0000, 0x0000, 0x0000, 0x0000, 0x0000, 
    0x0000, 0x0000, 0x0000, 0x0000, 0x0000, 0x0000, 0x0000, 0x0000, 
    0x0000, 0x0000, 0x0000, 0x0000, 0x0000, 0x0000, 0x0000, 0x0000, 
    0x0000, 0x0000, 0x0000, 0x0000, 0x0000, 0x0000, 0x0000, 0x0000, 
    0x0000, 0x0000, 0x0000, 0x0000, 0x0000, 0x0000, 0x0000, 0x0000, 
    0x0000, 0x0000, 0x0000, 0x0000, 0x0000, 0x0000, 0x0000, 0x0000, 
    0x0000, 0x0000, 0x0000, 0x0000, 0x0000, 0x0000, 0x0000, 0x0000, 
    0x0000, 0x0000, 0x0000, 0x0000, 0x0000, 0x0000, 0x0000, 0x0000, 
    0x0000, 0x0000, 0x0000, 0x0000, 0x0000, 0x0000, 0x0000, 0x0000, 
    0x0000, 0x0000, 0x0000, 0x0000, 0x0000, 0x0000, 0x0000, 0x0000, 
    0x0000, 0x0000, 0x0000, 0x0000, 0x0000, 0x0000, 0x0000, 0x0000, 
    0x0000, 0x0000, 0x0000, 0x0000, 0x0000, 0x0000, 0x0000, 0x0000, 
    0x0000, 0x0000, 0x0000, 0x0000, 0x0000, 0x0000, 0x0000, 0x0000, 
    0x0000, 0x0000, 0x0000, 0x0000, 0x0000, 0x0000, 0x0000, 0x0000, 
    0x0000, 0x0000, 0x0000, 0x0000, 0x0000, 0x0000, 0x0000, 0x0000, 
    0x0000, 0x0000, 0x0000, 0x0000, 0x0000, 0x0000, 0x0000, 0x0000, 
    0x0000, 0x0000, 0x0000, 0x0000, 0x0000, 0x0000, 0x0000, 0x0000, 
    0x0000, 0x0000, 0x0000, 0x0000, 0x0000, 0x0000, 0x0000, 0x0000, 
    0x0000, 0x0000, 0x0000, 0x0000, 0x0000, 0x0000, 0x0000, 0x0000, 
    0x0000, 0x0000, 0x0000, 0x0000, 0x0000, 0x0000, 0x0000, 0x0000, 
    0x0000, 0x0000, 0x0000, 0x0000, 0x0000, 0x0000, 0x0000, 0x0000, 
    0x0000, 0x0000, 0x0000, 0x0000, 0x0000, 0x0000, 0x0000, 0x0000, 
    0x0000, 0x0000, 0x0000, 0x0000, 0x0000, 0x0000, 0x0000, 0x0000, 
    0x0000, 0x0000, 0x0000, 0x0000, 0x0000, 0x0000, 0x0000, 0x0000, 
    0x0000, 0x0000, 0x0000, 0x0000, 0x0000, 0x0000, 0x0000, 0x0000, 
    0x0000, 0x0000, 0x0000, 0x0000, 0x0000, 0x0000, 0x0000, 0x0000, 
    0x0000, 0x0000, 0x0000, 0x0000, 0x0000, 0x0000, 0x0000, 0x0000, 
    0x0000, 0x0000, 0x0000, 0x0000, 0x0000, 0x0000, 0x0000, 0x0000, 
    0x0000, 0x0000, 0x0000, 0x0000, 0x0000, 0x0000, 0x0000, 0x0000, 
    0x0000, 0x0000, 0x0000, 0x0000, 0x0000, 0x0000, 0x0000, 0x0000, 
    0x0000, 0x0000, 0x0000, 0x0000, 0x0000, 0x0000, 0x0000, 0x0000, 
    0x0000, 0x0000, 0x0000, 0x0000, 0x0000, 0x0000, 0x0000, 0x0000, 
    0x0000, 0x0000, 0x0000, 0x0000, 0x0000, 0x0000, 0x0000, 0x0000, 
    0x0000, 0x0000, 0x0000, 0x0000, 0x0000, 0x0000, 0x0000, 0x0000, 
    0x0000, 0x0000, 0x0000, 0x0000, 0x0000, 0x0000, 0x0000, 0x0000, 
    0x0000, 0x0000, 0x0000, 0x0000, 0x0000, 0x0000, 0x0000, 0x0000, 
    0x0000, 0x0000, 0x0000, 0x0000, 0x0000, 0x0000, 0x0000, 0x0000, 
    0x0000, 0x0000, 0x0000, 0x0000, 0x0000, 0x0000, 0x0000, 0x0000, 
    0x0000, 0x0000, 0x0000, 0x0000, 0x0000, 0x0000, 0x0000, 0x0000, 
    0x0000, 0x0000, 0x0000, 0x0000, 0x0000, 0x0000, 0x0000, 0x0000, 
    0x0000, 0x0000, 0x0000, 0x0000, 0x0000, 0x0000, 0x0000, 0x0000, 
    0x0000, 0x0000, 0x0000, 0x0000, 0x0000, 0x0000, 0x0000, 0x0000, 
    0x0000, 0x0000, 0x0000, 0x0000, 0x0000, 0x0000, 0x0000, 0x0000, 
    0x0000, 0x0000, 0x0000, 0x0000, 0x0000, 0x0000, 0x0000, 0x0000, 
    0x0000, 0x0000, 0x0000, 0x0000, 0x0000, 0x0000, 0x0000, 0x0000, 
    0x0000, 0x0000, 0x0000, 0x0000, 0x0000, 0x0000, 0x0000, 0x0000, 
    0x0000, 0x0000, 0x0000, 0x0000, 0x0000, 0x0000, 0x0000, 0x0000, 
    0x0000, 0x0000, 0x0000, 0x0000, 0x0000, 0x0000, 0x0000, 0x0000, 
    0x0000, 0x0000, 0x0000, 0x0000, 0x0000, 0x0000, 0x0000, 0x0000, 
    0x0000, 0x0000, 0x0000, 0x0000, 0x0000, 0x0000, 0x0000, 0x0000, 
    0x0000, 0x0000, 0x0000, 0x0000, 0x0000, 0x0000, 0x0000, 0x0000, 
    0x0000, 0x0000, 0x0000, 0x0000, 0x0000, 0x0000, 0x0000, 0x0000, 
    0x0000, 0x0000, 0x0000, 0x0000, 0x0000, 0x0000, 0x0000, 0x0000, 
    0x0000, 0x0000, 0x0000, 0x0000, 0x0000, 0x0000, 0x0000, 0x0000, 
    0x0000, 0x0000, 0x0000, 0x0000, 0x0000, 0x0000, 0x0000, 0x0000, 
    0x0000, 0x0000, 0x0000, 0x0000, 0x0000, 0x0000, 0x0000, 0x0000, 
    0x0000, 0x0000, 0x0000, 0x0000, 0x0000, 0x0000, 0x0000, 0x0000, 
    0x0000, 0x0000, 0x0000, 0x0000, 0x0000, 0x0000, 0x0000, 0x0000, 
    0x0000, 0x0000, 0x0000, 0x0000, 0x0000, 0x0000, 0x0000, 0x0000, 
    0x0000, 0x0000, 0x0000, 0x0000, 0x0000, 0x0000, 0x0000, 0x0000, 
    0x0000, 0x0000, 0x0000, 0x0000, 0x0000, 0x0000, 0x0000, 0x0000, 
    0x0000, 0x0000, 0x0000, 0x0000, 0x0000, 0x0000, 0x0000, 0x0000, 
    0x0000, 0x0000, 0x0000, 0x0000, 0x0000, 0x0000, 0x0000, 0x0000, 
    0x0000, 0x0000, 0x0000, 0x0000, 0x0000, 0x0000, 0x0000, 0x0000, 
    0x0000, 0x0000, 0x0000, 0x0000, 0x0000, 0x0000, 0x0000, 0x0000, 
    0x0000, 0x0000, 0x0000, 0x0000, 0x0000, 0x0000, 0x0000, 0x0000, 
    0x0000, 0x0000, 0x0000, 0x0000, 0x0000, 0x0000, 0x0000, 0x0000, 
    0x0000, 0x0000, 0x0000, 0x0000, 0x0000, 0x0000, 0x0000, 0x0000, 
    0x0000, 0x0000, 0x0000, 0x0000, 0x0000, 0x0000, 0x0000, 0x0000, 
    0x0000, 0x0000, 0x0000, 0x0000, 0x0000, 0x0000, 0x0000, 0x0000, 
    0x0000, 0x0000, 0x0000, 0x0000, 0x0000, 0x0000, 0x0000, 0x0000, 
    0x0000, 0x0000, 0x0000, 0x0000, 0x0000, 0x0000, 0x0000, 0x0000, 
    0x0000, 0x0000, 0x0000, 0x0000, 0x0000, 0x0000, 0x0000, 0x0000, 
    0x0000, 0x0000, 0x0000, 0x0000, 0x0000, 0x0000, 0x0000, 0x0000, 
    0x0000, 0x0000, 0x0000, 0x0000, 0x0000, 0x0000, 0x0000, 0x0000, 
    0x0000, 0x0000, 0x0000, 0x0000, 0x0000, 0x0000, 0x0000, 0x0000, 
    0x0000, 0x0000, 0x0000, 0x0000, 0x0000, 0x0000, 0x0000, 0x0000, 
    0x0000, 0x0000, 0x0000, 0x0000, 0x0000, 0x0000, 0x0000, 0x0000, 
    0x0000, 0x0000, 0x0000, 0x0000, 0x0000, 0x0000, 0x0000, 0x0000, 
    0x0000, 0x0000, 0x0000, 0x0000, 0x0000, 0x0000, 0x0000, 0x0000, 
    0x0000, 0x0000, 0x0000, 0x0000, 0x0000, 0x0000, 0x0000, 0x0000, 
    0x0000, 0x0000, 0x0000, 0x0000, 0x0000, 0x0000, 0x0000, 0x0000, 
    0x0000, 0x0000, 0x0000, 0x0000, 0x0000, 0x0000, 0x0000, 0x0000, 
    0x0000, 0x0000, 0x0000, 0x0000, 0x0000, 0x0000, 0x0000, 0x0000, 
    0x0000, 0x0000, 0x0000, 0x0000, 0x0000, 0x0000, 0x0000, 0x0000, 
    0x0000, 0x0000, 0x0000, 0x0000, 0x0000, 0x0000, 0x0000, 0x0000, 
    0x0000, 0x0000, 0x0000, 0x0000, 0x0000, 0x0000, 0x0000, 0x0000, 
    0x0000, 0x0000, 0x0000, 0x0000, 0x0000, 0x0000, 0x0000, 0x0000, 
    0x0000, 0x0000, 0x0000, 0x0000, 0x0000, 0x0000, 0x0000, 0x0000, 
    0x0000, 0x0000, 0x0000, 0x0000, 0x0000, 0x0000, 0x0000, 0x0000, 
    0x0000, 0x0000, 0x0000, 0x0000, 0x0000, 0x0000, 0x0000, 0x0000, 
    0x0000, 0x0000, 0x0000, 0x0000, 0x0000, 0x0000, 0x0000, 0x0000, 
    0x0000, 0x0000, 0x0000, 0x0000, 0x0000, 0x0000, 0x0000, 0x0000, 
    0x0000, 0x0000, 0x0000, 0x0000, 0x0000, 0x0000, 0x0000, 0x0000, 
    0x0000, 0x0000, 0x0000, 0x0000, 0x0000, 0x0000, 0x0000, 0x0000, 
    0x0000, 0x0000, 0x0000, 0x0000, 0x0000, 0x0000, 0x0000, 0x0000, 
    0x0000, 0x0000, 0x0000, 0x0000, 0x0000, 0x0000, 0x0000, 0x0000, 
    0x0000, 0x0000, 0x0000, 0x0000, 0x0000, 0x0000, 0x0000, 0x0000, 
    0x0000, 0x0000, 0x0000, 0x0000, 0x0000, 0x0000, 0x0000, 0x0000, 
    0x0000, 0x0000, 0x0000, 0x0000, 0x0000, 0x0000, 0x0000, 0x0000, 
    0x0000, 0x0000, 0x0000, 0x0000, 0x0000, 0x0000, 0x0000, 0x0000, 
    0x0000, 0x0000, 0x0000, 0x0000, 0x0000, 0x0000, 0x0000, 0x0000, 
    0x0000, 0x0000, 0x0000, 0x0000, 0x0000, 0x0000, 0x0000, 0x0000, 
    0x0000, 0x0000, 0x0000, 0x0000, 0x0000, 0x0000, 0x0000, 0x0000, 
    0x0000, 0x0000, 0x0000, 0x0000, 0x0000, 0x0000, 0x0000, 0x0000, 
    0x0000, 0x0000, 0x0000, 0x0000, 0x0000, 0x0000, 0x0000, 0x0000, 
    0x0000, 0x0000, 0x0000, 0x0000, 0x0000, 0x0000, 0x0000, 0x0000, 
    0x0000, 0x0000, 0x0000, 0x0000, 0x0000, 0x0000, 0x0000, 0x0000, 
    0x0000, 0x0000, 0x0000, 0x0000, 0x0000, 0x0000, 0x0000, 0x0000, 
    0x0000, 0x0000, 0x0000, 0x0000, 0x0000, 0x0000, 0x0000, 0x0000, 
    0x0000, 0x0000, 0x0000, 0x0000, 0x0000, 0x0000, 0x0000, 0x0000, 
    0x0000, 0x0000, 0x0000, 0x0000, 0x0000, 0x0000, 0x0000, 0x0000, 
    0x0000, 0x0000, 0x0000, 0x0000, 0x0000, 0x0000, 0x0000, 0x0000, 
    0x0000, 0x0000, 0x0000, 0x0000, 0x0000, 0x0000, 0x0000, 0x0000, 
    0x0000, 0x0000, 0x0000, 0x0000, 0x0000, 0x0000, 0x0000, 0x0000, 
    0x0000, 0x0000, 0x0000, 0x0000, 0x0000, 0x0000, 0x0000, 0x0000, 
    0x0000, 0x0000, 0x0000, 0x0000, 0x0000, 0x0000, 0x0000, 0x0000, 
    0x0000, 0x0000, 0x0000, 0x0000, 0x0000, 0x0000, 0x0000, 0x0000, 
    0x0000, 0x0000, 0x0000, 0x0000, 0x0000, 0x0000, 0x0000, 0x0000, 
    0x0000, 0x0000, 0x0000, 0x0000, 0x0000, 0x0000, 0x0000, 0x0000, 
    0x0000, 0x0000, 0x0000, 0x0000, 0x0000, 0x0000, 0x0000, 0x0000, 
    0x0000, 0x0000, 0x0000, 0x0000, 0x0000, 0x0000, 0x0000, 0x0000, 
    0x0000, 0x0000, 0x0000, 0x0000, 0x0000, 0x0000, 0x0000, 0x0000, 
    0x0000, 0x0000, 0x0000, 0x0000, 0x0000, 0x0000, 0x0000, 0x0000, 
    0x0000, 0x0000, 0x0000, 0x0000, 0x0000, 0x0000, 0x0000, 0x0000, 
    0x0000, 0x0000, 0x0000, 0x0000, 0x0000, 0x0000, 0x0000, 0x0000, 
    0x0000, 0x0000, 0x0000, 0x0000, 0x0000, 0x0000, 0x0000, 0x0000, 
    0x0000, 0x0000, 0x0000, 0x0000, 0x0000, 0x0000, 0x0000, 0x0000, 
    0x0000, 0x0000, 0x0000, 0x0000, 0x0000, 0x0000, 0x0000, 0x0000, 
    0x0000, 0x0000, 0x0000, 0x0000, 0x0000, 0x0000, 0x0000, 0x0000, 
    0x0000, 0x0000, 0x0000, 0x0000, 0x0000, 0x0000, 0x0000, 0x0000, 
    0x0000, 0x0000, 0x0000, 0x0000, 0x0000, 0x0000, 0x0000, 0x0000, 
    0x0000, 0x0000, 0x0000, 0x0000, 0x0000, 0x0000, 0x0000, 0x0000, 
    0x0000, 0x0000, 0x0000, 0x0000, 0x0000, 0x0000, 0x0000, 0x0000, 
    0x0000, 0x0000, 0x0000, 0x0000, 0x0000, 0x0000, 0x0000, 0x0000, 
    0x0000, 0x0000, 0x0000, 0x0000, 0x0000, 0x0000, 0x0000, 0x0000, 
    0x0000, 0x0000, 0x0000, 0x0000, 0x0000, 0x0000, 0x0000, 0x0000, 
    0x0000, 0x0000, 0x0000, 0x0000, 0x0000, 0x0000, 0x0000, 0x0000, 
    0x0000, 0x0000, 0x0000, 0x0000, 0x0000, 0x0000, 0x0000, 0x0000, 
    0x0000, 0x0000, 0x0000, 0x0000, 0x0000, 0x0000, 0x0000, 0x0000, 
    0x0000, 0x0000, 0x0000, 0x0000, 0x0000, 0x0000, 0x0000, 0x0000, 
    0x0000, 0x0000, 0x0000, 0x0000, 0x0000, 0x0000, 0x0000, 0x0000, 
    0x0000, 0x0000, 0x0000, 0x0000, 0x0000, 0x0000, 0x0000, 0x0000, 
    0x0000, 0x0000, 0x0000, 0x0000, 0x0000, 0x0000, 0x0000, 0x0000, 
    0x0000, 0x0000, 0x0000, 0x0000, 0x0000, 0x0000, 0x0000, 0x0000, 
    0x0000, 0x0000, 0x0000, 0x0000, 0x0000, 0x0000, 0x0000, 0x0000, 
    0x0000, 0x0000, 0x0000, 0x0000, 0x0000, 0x0000, 0x0000, 0x0000, 
    0x0000, 0x0000, 0x0000, 0x0000, 0x0000, 0x0000, 0x0000, 0x0000, 
    0x0000, 0x0000, 0x0000, 0x0000, 0x0000, 0x0000, 0x0000, 0x0000, 
    0x0000, 0x0000, 0x0000, 0x0000, 0x0000, 0x0000, 0x0000, 0x0000, 
    0x0000, 0x0000, 0x0000, 0x0000, 0x0000, 0x0000, 0x0000, 0x0000, 
    0x0000, 0x0000, 0x0000, 0x0000, 0x0000, 0x0000, 0x0000, 0x0000, 
    0x0000, 0x0000, 0x0000, 0x0000, 0x0000, 0x0000, 0x0000, 0x0000, 
    0x0000, 0x0000, 0x0000, 0x0000, 0x0000, 0x0000, 0x0000, 0x0000, 
    0x0000, 0x0000, 0x0000, 0x0000, 0x0000, 0x0000, 0x0000, 0x0000, 
    0x0000, 0x0000, 0x0000, 0x0000, 0x0000, 0x0000, 0x0000, 0x0000, 
    0x0000, 0x0000, 0x0000, 0x0000, 0x0000, 0x0000, 0x0000, 0x0000, 
    0x0000, 0x0000, 0x0000, 0x0000, 0x0000, 0x0000, 0x0000, 0x0000, 
    0x0000, 0x0000, 0x0000, 0x0000, 0x0000, 0x0000, 0x0000, 0x0000, 
    0x0000, 0x0000, 0x0000, 0x0000, 0x0000, 0x0000, 0x0000, 0x0000, 
    0x0000, 0x0000, 0x0000, 0x0000, 0x0000, 0x0000, 0x0000, 0x0000, 
    0x0000, 0x0000, 0x0000, 0x0000, 0x0000, 0x0000, 0x0000, 0x0000, 
    0x0000, 0x0000, 0x0000, 0x0000, 0x0000, 0x0000, 0x0000, 0x0000, 
    0x0000, 0x0000, 0x0000, 0x0000, 0x0000, 0x0000, 0x0000, 0x0000, 
    0x0000, 0x0000, 0x0000, 0x0000, 0x0000, 0x0000, 0x0000, 0x0000, 
    0x0000, 0x0000, 0x0000, 0x0000, 0x0000, 0x0000, 0x0000, 0x0000, 
    0x0000, 0x0000, 0x0000, 0x0000, 0x0000, 0x0000, 0x0000, 0x0000, 
    0x0000, 0x0000, 0x0000, 0x0000, 0x0000, 0x0000, 0x0000, 0x0000, 
    0x0000, 0x0000, 0x0000, 0x0000, 0x0000, 0x0000, 0x0000, 0x0000, 
    0x0000, 0x0000, 0x0000, 0x0000, 0x0000, 0x0000, 0x0000, 0x0000, 
    0x0000, 0x0000, 0x0000, 0x0000, 0x0000, 0x0000, 0x0000, 0x0000, 
    0x0000, 0x0000, 0x0000, 0x0000, 0x0000, 0x0000, 0x0000, 0x0000, 
    0x0000, 0x0000, 0x0000, 0x0000, 0x0000, 0x0000, 0x0000, 0x0000, 
    0x0000, 0x0000, 0x0000, 0x0000, 0x0000, 0x0000, 0x0000, 0x0000, 
    0x0000, 0x0000, 0x0000, 0x0000, 0x0000, 0x0000, 0x0000, 0x0000, 
    0x0000, 0x0000, 0x0000, 0x0000, 0x0000, 0x0000, 0x0000, 0x0000, 
    0x0000, 0x0000, 0x0000, 0x0000, 0x0000, 0x0000, 0x0000, 0x0000, 
    0x0000, 0x0000, 0x0000, 0x0000, 0x0000, 0x0000, 0x0000, 0x0000, 
    0x0000, 0x0000, 0x0000, 0x0000, 0x0000, 0x0000, 0x0000, 0x0000, 
    0x0000, 0x0000, 0x0000, 0x0000, 0x0000, 0x0000, 0x0000, 0x0000, 
    0x0000, 0x0000, 0x0000, 0x0000, 0x0000, 0x0000, 0x0000, 0x0000, 
    0x0000, 0x0000, 0x0000, 0x0000, 0x0000, 0x0000, 0x0000, 0x0000, 
    0x0000, 0x0000, 0x0000, 0x0000, 0x0000, 0x0000, 0x0000, 0x0000, 
    0x0000, 0x0000, 0x0000, 0x0000, 0x0000, 0x0000, 0x0000, 0x0000, 
    0x0000, 0x0000, 0x0000, 0x0000, 0x0000, 0x0000, 0x0000, 0x0000, 
    0x0000, 0x0000, 0x0000, 0x0000, 0x0000, 0x0000, 0x0000, 0x0000, 
    0x0000, 0x0000, 0x0000, 0x0000, 0x0000, 0x0000, 0x0000, 0x0000, 
    0x0000, 0x0000, 0x0000, 0x0000, 0x0000, 0x0000, 0x0000, 0x0000, 
    0x0000, 0x0000, 0x0000, 0x0000, 0x0000, 0x0000, 0x0000, 0x0000, 
    0x0000, 0x0000, 0x0000, 0x0000, 0x0000, 0x0000, 0x0000, 0x0000, 
    0x0000, 0x0000, 0x0000, 0x0000, 0x0000, 0x0000, 0x0000, 0x0000, 
    0x0000, 0x0000, 0x0000, 0x0000, 0x0000, 0x0000, 0x0000, 0x0000, 
    0x0000, 0x0000, 0x0000, 0x0000, 0x0000, 0x0000, 0x0000, 0x0000, 
    0x0000, 0x0000, 0x0000, 0x0000, 0x0000, 0x0000, 0x0000, 0x0000, 
    0x0000, 0x0000, 0x0000, 0x0000, 0x0000, 0x0000, 0x0000, 0x0000, 
    0x0000, 0x0000, 0x0000, 0x0000, 0x0000, 0x0000, 0x0000, 0x0000, 
    0x0000, 0x0000, 0x0000, 0x0000, 0x0000, 0x0000, 0x0000, 0x0000, 
    0x0000, 0x0000, 0x0000, 0x0000, 0x0000, 0x0000, 0x0000, 0x0000, 
    0x0000, 0x0000, 0x0000, 0x0000, 0x0000, 0x0000, 0x0000, 0x0000, 
    0x0000, 0x0000, 0x0000, 0x0000, 0x0000, 0x0000, 0x0000, 0x0000, 
    0x0000, 0x0000, 0x0000, 0x0000, 0x0000, 0x0000, 0x0000, 0x0000, 
    0x0000, 0x0000, 0x0000, 0x0000, 0x0000, 0x0000, 0x0000, 0x0000, 
    0x0000, 0x0000, 0x0000, 0x0000, 0x0000, 0x0000, 0x0000, 0x0000, 
    0x0000, 0x0000, 0x0000, 0x0000, 0x0000, 0x0000, 0x0000, 0x0000, 
    0x0000, 0x0000, 0x0000, 0x0000, 0x0000, 0x0000, 0x0000, 0x0000, 
    0x0000, 0x0000, 0x0000, 0x0000, 0x0000, 0x0000, 0x0000, 0x0000, 
    0x0000, 0x0000, 0x0000, 0x0000, 0x0000, 0x0000, 0x0000, 0x0000, 
    0x0000, 0x0000, 0x0000, 0x0000, 0x0000, 0x0000, 0x0000, 0x0000, 
    0x0000, 0x0000, 0x0000, 0x0000, 0x0000, 0x0000, 0x0000, 0x0000, 
    0x0000, 0x0000, 0x0000, 0x0000, 0x0000, 0x0000, 0x0000, 0x0000, 
    0x0000, 0x0000, 0x0000, 0x0000, 0x0000, 0x0000, 0x0000, 0x0000, 
    0x0000, 0x0000, 0x0000, 0x0000, 0x0000, 0x0000, 0x0000, 0x0000, 
    0x0000, 0x0000, 0x0000, 0x0000, 0x0000, 0x0000, 0x0000, 0x0000, 
    0x0000, 0x0000, 0x0000, 0x0000, 0x0000, 0x0000, 0x0000, 0x0000, 
    0x0000, 0x0000, 0x0000, 0x0000, 0x0000, 0x0000, 0x0000, 0x0000, 
    0x0000, 0x0000, 0x0000, 0x0000, 0x0000, 0x0000, 0x0000, 0x0000, 
    0x0000, 0x0000, 0x0000, 0x0000, 0x0000, 0x0000, 0x0000, 0x0000, 
    0x0000, 0x0000, 0x0000, 0x0000, 0x0000, 0x0000, 0x0000, 0x0000, 
    0x0000, 0x0000, 0x0000, 0x0000, 0x0000, 0x0000, 0x0000, 0x0000, 
    0x0000, 0x0000, 0x0000, 0x0000, 0x0000, 0x0000, 0x0000, 0x0000, 
    0x0000, 0x0000, 0x0000, 0x0000, 0x0000, 0x0000, 0x0000, 0x0000, 
    0x0000, 0x0000, 0x0000, 0x0000, 0x0000, 0x0000, 0x0000, 0x0000, 
    0x0000, 0x0000, 0x0000, 0x0000, 0x0000, 0x0000, 0x0000, 0x0000, 
    0x0000, 0x0000, 0x0000, 0x0000, 0x0000, 0x0000, 0x0000, 0x0000, 
    0x0000, 0x0000, 0x0000, 0x0000, 0x0000, 0x0000, 0x0000, 0x0000, 
    0x0000, 0x0000, 0x0000, 0x0000, 0x0000, 0x0000, 0x0000, 0x0000, 
    0x0000, 0x0000, 0x0000, 0x0000, 0x0000, 0x0000, 0x0000, 0x0000, 
    0x0000, 0x0000, 0x0000, 0x0000, 0x0000, 0x0000, 0x0000, 0x0000, 
    0x0000, 0x0000, 0x0000, 0x0000, 0x0000, 0x0000, 0x0000, 0x0000, 
    0x0000, 0x0000, 0x0000, 0x0000, 0x0000, 0x0000, 0x0000, 0x0000, 
    0x0000, 0x0000, 0x0000, 0x0000, 0x0000, 0x0000, 0x0000, 0x0000, 
    0x0000, 0x0000, 0x0000, 0x0000, 0x0000, 0x0000, 0x0000, 0x0000, 
    0x0000, 0x0000, 0x0000, 0x0000, 0x0000, 0x0000, 0x0000, 0x0000, 
    0x0000, 0x0000, 0x0000, 0x0000, 0x0000, 0x0000, 0x0000, 0x0000, 
    0x0000, 0x0000, 0x0000, 0x0000, 0x0000, 0x0000, 0x0000, 0x0000, 
    0x0000, 0x0000, 0x0000, 0x0000, 0x0000, 0x0000, 0x0000, 0x0000, 
    0x0000, 0x0000, 0x0000, 0x0000, 0x0000, 0x0000, 0x0000, 0x0000, 
    0x0000, 0x0000, 0x0000, 0x0000, 0x0000, 0x0000, 0x0000, 0x0000, 
    0x0000, 0x0000, 0x0000, 0x0000, 0x0000, 0x0000, 0x0000, 0x0000, 
    0x0000, 0x0000, 0x0000, 0x0000, 0x0000, 0x0000, 0x0000, 0x0000, 
    0x0000, 0x0000, 0x0000, 0x0000, 0x0000, 0x0000, 0x0000, 0x0000, 
    0x0000, 0x0000, 0x0000, 0x0000, 0x0000, 0x0000, 0x0000, 0x0000, 
    0x0000, 0x0000, 0x0000, 0x0000, 0x0000, 0x0000, 0x0000, 0x0000, 
    0x0000, 0x0000, 0x0000, 0x0000, 0x0000, 0x0000, 0x0000, 0x0000, 
    0x0000, 0x0000, 0x0000, 0x0000, 0x0000, 0x0000, 0x0000, 0x0000, 
    0x0000, 0x0000, 0x0000, 0x0000, 0x0000, 0x0000, 0x0000, 0x0000, 
    0x0000, 0x0000, 0x0000, 0x0000, 0x0000, 0x0000, 0x0000, 0x0000, 
    0x0000, 0x0000, 0x0000, 0x0000, 0x0000, 0x0000, 0x0000, 0x0000, 
    0x0000, 0x0000, 0x0000, 0x0000, 0x0000, 0x0000, 0x0000, 0x0000, 
    0x0000, 0x0000, 0x0000, 0x0000, 0x0000, 0x0000, 0x0000, 0x0000, 
    0x0000, 0x0000, 0x0000, 0x0000, 0x0000, 0x0000, 0x0000, 0x0000, 
    0x0000, 0x0000, 0x0000, 0x0000, 0x0000, 0x0000, 0x0000, 0x0000, 
    0x0000, 0x0000, 0x0000, 0x0000, 0x0000, 0x0000, 0x0000, 0x0000, 
    0x0000, 0x0000, 0x0000, 0x0000, 0x0000, 0x0000, 0x0000, 0x0000, 
    0x0000, 0x0000, 0x0000, 0x0000, 0x0000, 0x0000, 0x0000, 0x0000, 
    0x0000, 0x0000, 0x0000, 0x0000, 0x0000, 0x0000, 0x0000, 0x0000, 
    0x0000, 0x0000, 0x0000, 0x0000, 0x0000, 0x0000, 0x0000, 0x0000, 
    0x0000, 0x0000, 0x0000, 0x0000, 0x0000, 0x0000, 0x0000, 0x0000, 
    0x0000, 0x0000, 0x0000, 0x0000, 0x0000, 0x0000, 0x0000, 0x0000, 
    0x0000, 0x0000, 0x0000, 0x0000, 0x0000, 0x0000, 0x0000, 0x0000, 
    0x0000, 0x0000, 0x0000, 0x0000, 0x0000, 0x0000, 0x0000, 0x0000, 
    0x0000, 0x0000, 0x0000, 0x0000, 0x0000, 0x0000, 0x0000, 0x0000, 
    0x0000, 0x0000, 0x0000, 0x0000, 0x0000, 0x0000, 0x0000, 0x0000, 
    0x0000, 0x0000, 0x0000, 0x0000, 0x0000, 0x0000, 0x0000, 0x0000, 
    0x0000, 0x0000, 0x0000, 0x0000, 0x0000, 0x0000, 0x0000, 0x0000, 
    0x0000, 0x0000, 0x0000, 0x0000, 0x0000, 0x0000, 0x0000, 0x0000, 
    0x0000, 0x0000, 0x0000, 0x0000, 0x0000, 0x0000, 0x0000, 0x0000, 
    0x0000, 0x0000, 0x0000, 0x0000, 0x0000, 0x0000, 0x0000, 0x0000, 
    0x0000, 0x0000, 0x0000, 0x0000, 0x0000, 0x0000, 0x0000, 0x0000, 
    0x0000, 0x0000, 0x0000, 0x0000, 0x0000, 0x0000, 0x0000, 0x0000, 
    0x0000, 0x0000, 0x0000, 0x0000, 0x0000, 0x0000, 0x0000, 0x0000, 
    0x0000, 0x0000, 0x0000, 0x0000, 0x0000, 0x0000, 0x0000, 0x0000, 
    0x0000, 0x0000, 0x0000, 0x0000, 0x0000, 0x0000, 0x0000, 0x0000, 
    0x0000, 0x0000, 0x0000, 0x0000, 0x0000, 0x0000, 0x0000, 0x0000, 
    0x0000, 0x0000, 0x0000, 0x0000, 0x0000, 0x0000, 0x0000, 0x0000, 
    0x0000, 0x0000, 0x0000, 0x0000, 0x0000, 0x0000, 0x0000, 0x0000, 
    0x0000, 0x0000, 0x0000, 0x0000, 0x0000, 0x0000, 0x0000, 0x0000, 
    0x0000, 0x0000, 0x0000, 0x0000, 0x0000, 0x0000, 0x0000, 0x0000, 
    0x0000, 0x0000, 0x0000, 0x0000, 0x0000, 0x0000, 0x0000, 0x0000, 
    0x0000, 0x0000, 0x0000, 0x0000, 0x0000, 0x0000, 0x0000, 0x0000, 
    0x0000, 0x0000, 0x0000, 0x0000, 0x0000, 0x0000, 0x0000, 0x0000, 
    0x0000, 0x0000, 0x0000, 0x0000, 0x0000, 0x0000, 0x0000, 0x0000, 
    0x0000, 0x0000, 0x0000, 0x0000, 0x0000, 0x0000, 0x0000, 0x0000, 
    0x0000, 0x0000, 0x0000, 0x0000, 0x0000, 0x0000, 0x0000, 0x0000, 
    0x0000, 0x0000, 0x0000, 0x0000, 0x0000, 0x0000, 0x0000, 0x0000, 
    0x0000, 0x0000, 0x0000, 0x0000, 0x0000, 0x0000, 0x0000, 0x0000, 
    0x0000, 0x0000, 0x0000, 0x0000, 0x0000, 0x0000, 0x0000, 0x0000, 
    0x0000, 0x0000, 0x0000, 0x0000, 0x0000, 0x0000, 0x0000, 0x0000, 
    0x0000, 0x0000, 0x0000, 0x0000, 0x0000, 0x0000, 0x0000, 0x0000, 
    0x0000, 0x0000, 0x0000, 0x0000, 0x0000, 0x0000, 0x0000, 0x0000, 
    0x0000, 0x0000, 0x0000, 0x0000, 0x0000, 0x0000, 0x0000, 0x0000, 
    0x0000, 0x0000, 0x0000, 0x0000, 0x0000, 0x0000, 0x0000, 0x0000, 
    0x0000, 0x0000, 0x0000, 0x0000, 0x0000, 0x0000, 0x0000, 0x0000, 
    0x0000, 0x0000, 0x0000, 0x0000, 0x0000, 0x0000, 0x0000, 0x0000, 
    0x0000, 0x0000, 0x0000, 0x0000, 0x0000, 0x0000, 0x0000, 0x0000, 
    0x0000, 0x0000, 0x0000, 0x0000, 0x0000, 0x0000, 0x0000, 0x0000, 
    0x0000, 0x0000, 0x0000, 0x0000, 0x0000, 0x0000, 0x0000, 0x0000, 
    0x0000, 0x0000, 0x0000, 0x0000, 0x0000, 0x0000, 0x0000, 0x0000, 
    0x0000, 0x0000, 0x0000, 0x0000, 0x0000, 0x0000, 0x0000, 0x0000, 
    0x0000, 0x0000, 0x0000, 0x0000, 0x0000, 0x0000, 0x0000, 0x0000, 
    0x0000, 0x0000, 0x0000, 0x0000, 0x0000, 0x0000, 0x0000, 0x0000, 
    0x0000, 0x0000, 0x0000, 0x0000, 0x0000, 0x0000, 0x0000, 0x0000, 
    0x0000, 0x0000, 0x0000, 0x0000, 0x0000, 0x0000, 0x0000, 0x0000, 
    0x0000, 0x0000, 0x0000, 0x0000, 0x0000, 0x0000, 0x0000, 0x0000, 
    0x0000, 0x0000, 0x0000, 0x0000, 0x0000, 0x0000, 0x0000, 0x0000, 
    0x0000, 0x0000, 0x0000, 0x0000, 0x0000, 0x0000, 0x0000, 0x0000, 
    0x0000, 0x0000, 0x0000, 0x0000, 0x0000, 0x0000, 0x0000, 0x0000, 
    0x0000, 0x0000, 0x0000, 0x0000, 0x0000, 0x0000, 0x0000, 0x0000, 
    0x0000, 0x0000, 0x0000, 0x0000, 0x0000, 0x0000, 0x0000, 0x0000, 
    0x0000, 0x0000, 0x0000, 0x0000, 0x0000, 0x0000, 0x0000, 0x0000, 
    0x0000, 0x0000, 0x0000, 0x0000, 0x0000, 0x0000, 0x0000, 0x0000, 
    0x0000, 0x0000, 0x0000, 0x0000, 0x0000, 0x0000, 0x0000, 0x0000, 
    0x0000, 0x0000, 0x0000, 0x0000, 0x0000, 0x0000, 0x0000, 0x0000, 
    0x0000, 0x0000, 0x0000, 0x0000, 0x0000, 0x0000, 0x0000, 0x0000, 
    0x0000, 0x0000, 0x0000, 0x0000, 0x0000, 0x0000, 0x0000, 0x0000, 
    0x0000, 0x0000, 0x0000, 0x0000, 0x0000, 0x0000, 0x0000, 0x0000, 
    0x0000, 0x0000, 0x0000, 0x0000, 0x0000, 0x0000, 0x0000, 0x0000, 
    0x0000, 0x0000, 0x0000, 0x0000, 0x0000, 0x0000, 0x0000, 0x0000, 
    0x0000, 0x0000, 0x0000, 0x0000, 0x0000, 0x0000, 0x0000, 0x0000, 
    0x0000, 0x0000, 0x0000, 0x0000, 0x0000, 0x0000, 0x0000, 0x0000, 
    0x0000, 0x0000, 0x0000, 0x0000, 0x0000, 0x0000, 0x0000, 0x0000, 
    0x0000, 0x0000, 0x0000, 0x0000, 0x0000, 0x0000, 0x0000, 0x0000, 
    0x0000, 0x0000, 0x0000, 0x0000, 0x0000, 0x0000, 0x0000, 0x0000, 
    0x0000, 0x0000, 0x0000, 0x0000, 0x0000, 0x0000, 0x0000, 0x0000, 
    0x0000, 0x0000, 0x0000, 0x0000, 0x0000, 0x0000, 0x0000, 0x0000, 
    0x0000, 0x0000, 0x0000, 0x0000, 0x0000, 0x0000, 0x0000, 0x0000, 
    0x0000, 0x0000, 0x0000, 0x0000, 0x0000, 0x0000, 0x0000, 0x0000, 
    0x0000, 0x0000, 0x0000, 0x0000, 0x0000, 0x0000, 0x0000, 0x0000, 
    0x0000, 0x0000, 0x0000, 0x0000, 0x0000, 0x0000, 0x0000, 0x0000, 
    0x0000, 0x0000, 0x0000, 0x0000, 0x0000, 0x0000, 0x0000, 0x0000, 
    0x0000, 0x0000, 0x0000, 0x0000, 0x0000, 0x0000, 0x0000, 0x0000, 
    0x0000, 0x0000, 0x0000, 0x0000, 0x0000, 0x0000, 0x0000, 0x0000, 
    0x0000, 0x0000, 0x0000, 0x0000, 0x0000, 0x0000, 0x0000, 0x0000, 
    0x0000, 0x0000, 0x0000, 0x0000, 0x0000, 0x0000, 0x0000, 0x0000, 
    0x0000, 0x0000, 0x0000, 0x0000, 0x0000, 0x0000, 0x0000, 0x0000, 
    0x0000, 0x0000, 0x0000, 0x0000, 0x0000, 0x0000, 0x0000, 0x0000, 
    0x0000, 0x0000, 0x0000, 0x0000, 0x0000, 0x0000, 0x0000, 0x0000, 
    0x0000, 0x0000, 0x0000, 0x0000, 0x0000, 0x0000, 0x0000, 0x0000, 
    0x0000, 0x0000, 0x0000, 0x0000, 0x0000, 0x0000, 0x0000, 0x0000, 
    0x0000, 0x0000, 0x0000, 0x0000, 0x0000, 0x0000, 0x0000, 0x0000, 
    0x0000, 0x0000, 0x0000, 0x0000, 0x0000, 0x0000, 0x0000, 0x0000, 
    0x0000, 0x0000, 0x0000, 0x0000, 0x0000, 0x0000, 0x0000, 0x0000, 
    0x0000, 0x0000, 0x0000, 0x0000, 0x0000, 0x0000, 0x0000, 0x0000, 
    0x0000, 0x0000, 0x0000, 0x0000, 0x0000, 0x0000, 0x0000, 0x0000, 
    0x0000, 0x0000, 0x0000, 0x0000, 0x0000, 0x0000, 0x0000, 0x0000, 
    0x0000, 0x0000, 0x0000, 0x0000, 0x0000, 0x0000, 0x0000, 0x0000, 
    0x0000, 0x0000, 0x0000, 0x0000, 0x0000, 0x0000, 0x0000, 0x0000, 
    0x0000, 0x0000, 0x0000, 0x0000, 0x0000, 0x0000, 0x0000, 0x0000, 
    0x0000, 0x0000, 0x0000, 0x0000, 0x0000, 0x0000, 0x0000, 0x0000, 
    0x0000, 0x0000, 0x0000, 0x0000, 0x0000, 0x0000, 0x0000, 0x0000, 
    0x0000, 0x0000, 0x0000, 0x0000, 0x0000, 0x0000, 0x0000, 0x0000, 
    0x0000, 0x0000, 0x0000, 0x0000, 0x0000, 0x0000, 0x0000, 0x0000, 
    0x0000, 0x0000, 0x0000, 0x0000, 0x0000, 0x0000, 0x0000, 0x0000, 
    0x0000, 0x0000, 0x0000, 0x0000, 0x0000, 0x0000, 0x0000, 0x0000, 
    0x0000, 0x0000, 0x0000, 0x0000, 0x0000, 0x0000, 0x0000, 0x0000, 
    0x0000, 0x0000, 0x0000, 0x0000, 0x0000, 0x0000, 0x0000, 0x0000, 
    0x0000, 0x0000, 0x0000, 0x0000, 0x0000, 0x0000, 0x0000, 0x0000, 
    0x0000, 0x0000, 0x0000, 0x0000, 0x0000, 0x0000, 0x0000, 0x0000, 
    0x0000, 0x0000, 0x0000, 0x0000, 0x0000, 0x0000, 0x0000, 0x0000, 
    0x0000, 0x0000, 0x0000, 0x0000, 0x0000, 0x0000, 0x0000, 0x0000, 
    0x0000, 0x0000, 0x0000, 0x0000, 0x0000, 0x0000, 0x0000, 0x0000, 
    0x0000, 0x0000, 0x0000, 0x0000, 0x0000, 0x0000, 0x0000, 0x0000, 
    0x0000, 0x0000, 0x0000, 0x0000, 0x0000, 0x0000, 0x0000, 0x0000, 
    0x0000, 0x0000, 0x0000, 0x0000, 0x0000, 0x0000, 0x0000, 0x0000, 
    0x0000, 0x0000, 0x0000, 0x0000, 0x0000, 0x0000, 0x0000, 0x0000, 
    0x0000, 0x0000, 0x0000, 0x0000, 0x0000, 0x0000, 0x0000, 0x0000, 
    0x0000, 0x0000, 0x0000, 0x0000, 0x0000, 0x0000, 0x0000, 0x0000, 
    0x0000, 0x0000, 0x0000, 0x0000, 0x0000, 0x0000, 0x0000, 0x0000, 
    0x0000, 0x0000, 0x0000, 0x0000, 0x0000, 0x0000, 0x0000, 0x0000, 
    0x0000, 0x0000, 0x0000, 0x0000, 0x0000, 0x0000, 0x0000, 0x0000, 
    0x0000, 0x0000, 0x0000, 0x0000, 0x0000, 0x0000, 0x0000, 0x0000, 
    0x0000, 0x0000, 0x0000, 0x0000, 0x0000, 0x0000, 0x0000, 0x0000, 
    0x0000, 0x0000, 0x0000, 0x0000, 0x0000, 0x0000, 0x0000, 0x0000, 
    0x0000, 0x0000, 0x0000, 0x0000, 0x0000, 0x0000, 0x0000, 0x0000, 
    0x0000, 0x0000, 0x0000, 0x0000, 0x0000, 0x0000, 0x0000, 0x0000, 
    0x0000, 0x0000, 0x0000, 0x0000, 0x0000, 0x0000, 0x0000, 0x0000, 
    0x0000, 0x0000, 0x0000, 0x0000, 0x0000, 0x0000, 0x0000, 0x0000, 
    0x0000, 0x0000, 0x0000, 0x0000, 0x0000, 0x0000, 0x0000, 0x0000, 
    0x0000, 0x0000, 0x0000, 0x0000, 0x0000, 0x0000, 0x0000, 0x0000, 
    0x0000, 0x0000, 0x0000, 0x0000, 0x0000, 0x0000, 0x0000, 0x0000, 
    0x0000, 0x0000, 0x0000, 0x0000, 0x0000, 0x0000, 0x0000, 0x0000, 
    0x0000, 0x0000, 0x0000, 0x0000, 0x0000, 0x0000, 0x0000, 0x0000, 
    0x0000, 0x0000, 0x0000, 0x0000, 0x0000, 0x0000, 0x0000, 0x0000, 
    0x0000, 0x0000, 0x0000, 0x0000, 0x0000, 0x0000, 0x0000, 0x0000, 
    0x0000, 0x0000, 0x0000, 0x0000, 0x0000, 0x0000, 0x0000, 0x0000, 
    0x0000, 0x0000, 0x0000, 0x0000, 0x0000, 0x0000, 0x0000, 0x0000, 
    0x0000, 0x0000, 0x0000, 0x0000, 0x0000, 0x0000, 0x0000, 0x0000, 
    0x0000, 0x0000, 0x0000, 0x0000, 0x0000, 0x0000, 0x0000, 0x0000, 
    0x0000, 0x0000, 0x0000, 0x0000, 0x0000, 0x0000, 0x0000, 0x0000, 
    0x0000, 0x0000, 0x0000, 0x0000, 0x0000, 0x0000, 0x0000, 0x0000, 
    0x0000, 0x0000, 0x0000, 0x0000, 0x0000, 0x0000, 0x0000, 0x0000, 
    0x0000, 0x0000, 0x0000, 0x0000, 0x0000, 0x0000, 0x0000, 0x0000, 
    0x0000, 0x0000, 0x0000, 0x0000, 0x0000, 0x0000, 0x0000, 0x0000, 
    0x0000, 0x0000, 0x0000, 0x0000, 0x0000, 0x0000, 0x0000, 0x0000, 
    0x0000, 0x0000, 0x0000, 0x0000, 0x0000, 0x0000, 0x0000, 0x0000, 
    0x0000, 0x0000, 0x0000, 0x0000, 0x0000, 0x0000, 0x0000, 0x0000, 
    0x0000, 0x0000, 0x0000, 0x0000, 0x0000, 0x0000, 0x0000, 0x0000, 
    0x0000, 0x0000, 0x0000, 0x0000, 0x0000, 0x0000, 0x0000, 0x0000, 
    0x0000, 0x0000, 0x0000, 0x0000, 0x0000, 0x0000, 0x0000, 0x0000, 
    0x0000, 0x0000, 0x0000, 0x0000, 0x0000, 0x0000, 0x0000, 0x0000, 
    0x0000, 0x0000, 0x0000, 0x0000, 0x0000, 0x0000, 0x0000, 0x0000, 
    0x0000, 0x0000, 0x0000, 0x0000, 0x0000, 0x0000, 0x0000, 0x0000, 
    0x0000, 0x0000, 0x0000, 0x0000, 0x0000, 0x0000, 0x0000, 0x0000, 
    0x0000, 0x0000, 0x0000, 0x0000, 0x0000, 0x0000, 0x0000, 0x0000, 
    0x0000, 0x0000, 0x0000, 0x0000, 0x0000, 0x0000, 0x0000, 0x0000, 
    0x0000, 0x0000, 0x0000, 0x0000, 0x0000, 0x0000, 0x0000, 0x0000, 
    0x0000, 0x0000, 0x0000, 0x0000, 0x0000, 0x0000, 0x0000, 0x0000, 
    0x0000, 0x0000, 0x0000, 0x0000, 0x0000, 0x0000, 0x0000, 0x0000, 
    0x0000, 0x0000, 0x0000, 0x0000, 0x0000, 0x0000, 0x0000, 0x0000, 
    0x0000, 0x0000, 0x0000, 0x0000, 0x0000, 0x0000, 0x0000, 0x0000, 
    0x0000, 0x0000, 0x0000, 0x0000, 0x0000, 0x0000, 0x0000, 0x0000, 
    0x0000, 0x0000, 0x0000, 0x0000, 0x0000, 0x0000, 0x0000, 0x0000, 
    0x0000, 0x0000, 0x0000, 0x0000, 0x0000, 0x0000, 0x0000, 0x0000, 
    0x0000, 0x0000, 0x0000, 0x0000, 0x0000, 0x0000, 0x0000, 0x0000, 
    0x0000, 0x0000, 0x0000, 0x0000, 0x0000, 0x0000, 0x0000, 0x0000, 
    0x0000, 0x0000, 0x0000, 0x0000, 0x0000, 0x0000, 0x0000, 0x0000, 
    0x0000, 0x0000, 0x0000, 0x0000, 0x0000, 0x0000, 0x0000, 0x0000, 
    0x0000, 0x0000, 0x0000, 0x0000, 0x0000, 0x0000, 0x0000, 0x0000, 
    0x0000, 0x0000, 0x0000, 0x0000, 0x0000, 0x0000, 0x0000, 0x0000, 
    0x0000, 0x0000, 0x0000, 0x0000, 0x0000, 0x0000, 0x0000, 0x0000, 
    0x0000, 0x0000, 0x0000, 0x0000, 0x0000, 0x0000, 0x0000, 0x0000, 
    0x0000, 0x0000, 0x0000, 0x0000, 0x0000, 0x0000, 0x0000, 0x0000, 
    0x0000, 0x0000, 0x0000, 0x0000, 0x0000, 0x0000, 0x0000, 0x0000, 
    0x0000, 0x0000, 0x0000, 0x0000, 0x0000, 0x0000, 0x0000, 0x0000, 
    0x0000, 0x0000, 0x0000, 0x0000, 0x0000, 0x0000, 0x0000, 0x0000, 
    0x0000, 0x0000, 0x0000, 0x0000, 0x0000, 0x0000, 0x0000, 0x0000, 
    0x0000, 0x0000, 0x0000, 0x0000, 0x0000, 0x0000, 0x0000, 0x0000, 
    0x0000, 0x0000, 0x0000, 0x0000, 0x0000, 0x0000, 0x0000, 0x0000, 
    0x0000, 0x0000, 0x0000, 0x0000, 0x0000, 0x0000, 0x0000, 0x0000, 
    0x0000, 0x0000, 0x0000, 0x0000, 0x0000, 0x0000, 0x0000, 0x0000, 
    0x0000, 0x0000, 0x0000, 0x0000, 0x0000, 0x0000, 0x0000, 0x0000, 
    0x0000, 0x0000, 0x0000, 0x0000, 0x0000, 0x0000, 0x0000, 0x0000, 
    0x0000, 0x0000, 0x0000, 0x0000, 0x0000, 0x0000, 0x0000, 0x0000, 
    0x0000, 0x0000, 0x0000, 0x0000, 0x0000, 0x0000, 0x0000, 0x0000, 
    0x0000, 0x0000, 0x0000, 0x0000, 0x0000, 0x0000, 0x0000, 0x0000, 
    0x0000, 0x0000, 0x0000, 0x0000, 0x0000, 0x0000, 0x0000, 0x0000, 
    0x0000, 0x0000, 0x0000, 0x0000, 0x0000, 0x0000, 0x0000, 0x0000, 
    0x0000, 0x0000, 0x0000, 0x0000, 0x0000, 0x0000, 0x0000, 0x0000, 
    0x0000, 0x0000, 0x0000, 0x0000, 0x0000, 0x0000, 0x0000, 0x0000, 
    0x0000, 0x0000, 0x0000, 0x0000, 0x0000, 0x0000, 0x0000, 0x0000, 
    0x0000, 0x0000, 0x0000, 0x0000, 0x0000, 0x0000, 0x0000, 0x0000, 
    0x0000, 0x0000, 0x0000, 0x0000, 0x0000, 0x0000, 0x0000, 0x0000, 
    0x0000, 0x0000, 0x0000, 0x0000, 0x0000, 0x0000, 0x0000, 0x0000, 
    0x0000, 0x0000, 0x0000, 0x0000, 0x0000, 0x0000, 0x0000, 0x0000, 
    0x0000, 0x0000, 0x0000, 0x0000, 0x0000, 0x0000, 0x0000, 0x0000, 
    0x0000, 0x0000, 0x0000, 0x0000, 0x0000, 0x0000, 0x0000, 0x0000, 
    0x0000, 0x0000, 0x0000, 0x0000, 0x0000, 0x0000, 0x0000, 0x0000, 
    0x0000, 0x0000, 0x0000, 0x0000, 0x0000, 0x0000, 0x0000, 0x0000, 
    0x0000, 0x0000, 0x0000, 0x0000, 0x0000, 0x0000, 0x0000, 0x0000, 
    0x0000, 0x0000, 0x0000, 0x0000, 0x0000, 0x0000, 0x0000, 0x0000, 
    0x0000, 0x0000, 0x0000, 0x0000, 0x0000, 0x0000, 0x0000, 0x0000, 
    0x0000, 0x0000, 0x0000, 0x0000, 0x0000, 0x0000, 0x0000, 0x0000, 
    0x0000, 0x0000, 0x0000, 0x0000, 0x0000, 0x0000, 0x0000, 0x0000, 
    0x0000, 0x0000, 0x0000, 0x0000, 0x0000, 0x0000, 0x0000, 0x0000, 
    0x0000, 0x0000, 0x0000, 0x0000, 0x0000, 0x0000, 0x0000, 0x0000, 
    0x0000, 0x0000, 0x0000, 0x0000, 0x0000, 0x0000, 0x0000, 0x0000, 
    0x0000, 0x0000, 0x0000, 0x0000, 0x0000, 0x0000, 0x0000, 0x0000, 
    0x0000, 0x0000, 0x0000, 0x0000, 0x0000, 0x0000, 0x0000, 0x0000, 
    0x0000, 0x0000, 0x0000, 0x0000, 0x0000, 0x0000, 0x0000, 0x0000, 
    0x0000, 0x0000, 0x0000, 0x0000, 0x0000, 0x0000, 0x0000, 0x0000, 
    0x0000, 0x0000, 0x0000, 0x0000, 0x0000, 0x0000, 0x0000, 0x0000, 
    0x0000, 0x0000, 0x0000, 0x0000, 0x0000, 0x0000, 0x0000, 0x0000, 
    0x0000, 0x0000, 0x0000, 0x0000, 0x0000, 0x0000, 0x0000, 0x0000, 
    0x0000, 0x0000, 0x0000, 0x0000, 0x0000, 0x0000, 0x0000, 0x0000, 
    0x0000, 0x0000, 0x0000, 0x0000, 0x0000, 0x0000, 0x0000, 0x0000, 
    0x0000, 0x0000, 0x0000, 0x0000, 0x0000, 0x0000, 0x0000, 0x0000, 
    0x0000, 0x0000, 0x0000, 0x0000, 0x0000, 0x0000, 0x0000, 0x0000, 
    0x0000, 0x0000, 0x0000, 0x0000, 0x0000, 0x0000, 0x0000, 0x0000, 
    0x0000, 0x0000, 0x0000, 0x0000, 0x0000, 0x0000, 0x0000, 0x0000, 
    0x0000, 0x0000, 0x0000, 0x0000, 0x0000, 0x0000, 0x0000, 0x0000, 
    0x0000, 0x0000, 0x0000, 0x0000, 0x0000, 0x0000, 0x0000, 0x0000, 
    0x0000, 0x0000, 0x0000, 0x0000, 0x0000, 0x0000, 0x0000, 0x0000, 
    0x0000, 0x0000, 0x0000, 0x0000, 0x0000, 0x0000, 0x0000, 0x0000, 
    0x0000, 0x0000, 0x0000, 0x0000, 0x0000, 0x0000, 0x0000, 0x0000, 
    0x0000, 0x0000, 0x0000, 0x0000, 0x0000, 0x0000, 0x0000, 0x0000, 
    0x0000, 0x0000, 0x0000, 0x0000, 0x0000, 0x0000, 0x0000, 0x0000, 
    0x0000, 0x0000, 0x0000, 0x0000, 0x0000, 0x0000, 0x0000, 0x0000, 
    0x0000, 0x0000, 0x0000, 0x0000, 0x0000, 0x0000, 0x0000, 0x0000, 
    0x0000, 0x0000, 0x0000, 0x0000, 0x0000, 0x0000, 0x0000, 0x0000, 
    0x0000, 0x0000, 0x0000, 0x0000, 0x0000, 0x0000, 0x0000, 0x0000, 
    0x0000, 0x0000, 0x0000, 0x0000, 0x0000, 0x0000, 0x0000, 0x0000, 
    0x0000, 0x0000, 0x0000, 0x0000, 0x0000, 0x0000, 0x0000, 0x0000, 
    0x0000, 0x0000, 0x0000, 0x0000, 0x0000, 0x0000, 0x0000, 0x0000, 
    0x0000, 0x0000, 0x0000, 0x0000, 0x0000, 0x0000, 0x0000, 0x0000, 
    0x0000, 0x0000, 0x0000, 0x0000, 0x0000, 0x0000, 0x0000, 0x0000, 
    0x0000, 0x0000, 0x0000, 0x0000, 0x0000, 0x0000, 0x0000, 0x0000, 
    0x0000, 0x0000, 0x0000, 0x0000, 0x0000, 0x0000, 0x0000, 0x0000, 
    0x0000, 0x0000, 0x0000, 0x0000, 0x0000, 0x0000, 0x0000, 0x0000, 
    0x0000, 0x0000, 0x0000, 0x0000, 0x0000, 0x0000, 0x0000, 0x0000, 
    0x0000, 0x0000, 0x0000, 0x0000, 0x0000, 0x0000, 0x0000, 0x0000, 
    0x0000, 0x0000, 0x0000, 0x0000, 0x0000, 0x0000, 0x0000, 0x0000, 
    0x0000, 0x0000, 0x0000, 0x0000, 0x0000, 0x0000, 0x0000, 0x0000, 
    0x0000, 0x0000, 0x0000, 0x0000, 0x0000, 0x0000, 0x0000, 0x0000, 
    0x0000, 0x0000, 0x0000, 0x0000, 0x0000, 0x0000, 0x0000, 0x0000, 
    0x0000, 0x0000, 0x0000, 0x0000, 0x0000, 0x0000, 0x0000, 0x0000, 
    0x0000, 0x0000, 0x0000, 0x0000, 0x0000, 0x0000, 0x0000, 0x0000, 
    0x0000, 0x0000, 0x0000, 0x0000, 0x0000, 0x0000, 0x0000, 0x0000, 
    0x0000, 0x0000, 0x0000, 0x0000, 0x0000, 0x0000, 0x0000, 0x0000, 
    0x0000, 0x0000, 0x0000, 0x0000, 0x0000, 0x0000, 0x0000, 0x0000, 
    0x0000, 0x0000, 0x0000, 0x0000, 0x0000, 0x0000, 0x0000, 0x0000, 
    0x0000, 0x0000, 0x0000, 0x0000, 0x0000, 0x0000, 0x0000, 0x0000, 
    0x0000, 0x0000, 0x0000, 0x0000, 0x0000, 0x0000, 0x0000, 0x0000, 
    0x0000, 0x0000, 0x0000, 0x0000, 0x0000, 0x0000, 0x0000, 0x0000, 
    0x0000, 0x0000, 0x0000, 0x0000, 0x0000, 0x0000, 0x0000, 0x0000, 
    0x0000, 0x0000, 0x0000, 0x0000, 0x0000, 0x0000, 0x0000, 0x0000, 
    0x0000, 0x0000, 0x0000, 0x0000, 0x0000, 0x0000, 0x0000, 0x0000, 
    0x0000, 0x0000, 0x0000, 0x0000, 0x0000, 0x0000, 0x0000, 0x0000, 
    0x0000, 0x0000, 0x0000, 0x0000, 0x0000, 0x0000, 0x0000, 0x0000, 
    0x0000, 0x0000, 0x0000, 0x0000, 0x0000, 0x0000, 0x0000, 0x0000, 
    0x0000, 0x0000, 0x0000, 0x0000, 0x0000, 0x0000, 0x0000, 0x0000, 
    0x0000, 0x0000, 0x0000, 0x0000, 0x0000, 0x0000, 0x0000, 0x0000, 
    0x0000, 0x0000, 0x0000, 0x0000, 0x0000, 0x0000, 0x0000, 0x0000, 
    0x0000, 0x0000, 0x0000, 0x0000, 0x0000, 0x0000, 0x0000, 0x0000, 
    0x0000, 0x0000, 0x0000, 0x0000, 0x0000, 0x0000, 0x0000, 0x0000, 
    0x0000, 0x0000, 0x0000, 0x0000, 0x0000, 0x0000, 0x0000, 0x0000, 
    0x0000, 0x0000, 0x0000, 0x0000, 0x0000, 0x0000, 0x0000, 0x0000, 
    0x0000, 0x0000, 0x0000, 0x0000, 0x0000, 0x0000, 0x0000, 0x0000, 
    0x0000, 0x0000, 0x0000, 0x0000, 0x0000, 0x0000, 0x0000, 0x0000, 
    0x0000, 0x0000, 0x0000, 0x0000, 0x0000, 0x0000, 0x0000, 0x0000, 
    0x0000, 0x0000, 0x0000, 0x0000, 0x0000, 0x0000, 0x0000, 0x0000, 
    0x0000, 0x0000, 0x0000, 0x0000, 0x0000, 0x0000, 0x0000, 0x0000, 
    0x0000, 0x0000, 0x0000, 0x0000, 0x0000, 0x0000, 0x0000, 0x0000, 
    0x0000, 0x0000, 0x0000, 0x0000, 0x0000, 0x0000, 0x0000, 0x0000, 
    0x0000, 0x0000, 0x0000, 0x0000, 0x0000, 0x0000, 0x0000, 0x0000, 
    0x0000, 0x0000, 0x0000, 0x0000, 0x0000, 0x0000, 0x0000, 0x0000, 
    0x0000, 0x0000, 0x0000, 0x0000, 0x0000, 0x0000, 0x0000, 0x0000, 
    0x0000, 0x0000, 0x0000, 0x0000, 0x0000, 0x0000, 0x0000, 0x0000, 
    0x0000, 0x0000, 0x0000, 0x0000, 0x0000, 0x0000, 0x0000, 0x0000, 
    0x0000, 0x0000, 0x0000, 0x0000, 0x0000, 0x0000, 0x0000, 0x0000, 
    0x0000, 0x0000, 0x0000, 0x0000, 0x0000, 0x0000, 0x0000, 0x0000, 
    0x0000, 0x0000, 0x0000, 0x0000, 0x0000, 0x0000, 0x0000, 0x0000, 
    0x0000, 0x0000, 0x0000, 0x0000, 0x0000, 0x0000, 0x0000, 0x0000, 
    0x0000, 0x0000, 0x0000, 0x0000, 0x0000, 0x0000, 0x0000, 0x0000, 
    0x0000, 0x0000, 0x0000, 0x0000, 0x0000, 0x0000, 0x0000, 0x0000, 
    0x0000, 0x0000, 0x0000, 0x0000, 0x0000, 0x0000, 0x0000, 0x0000, 
    0x0000, 0x0000, 0x0000, 0x0000, 0x0000, 0x0000, 0x0000, 0x0000, 
    0x0000, 0x0000, 0x0000, 0x0000, 0x0000, 0x0000, 0x0000, 0x0000, 
    0x0000, 0x0000, 0x0000, 0x0000, 0x0000, 0x0000, 0x0000, 0x0000, 
    0x0000, 0x0000, 0x0000, 0x0000, 0x0000, 0x0000, 0x0000, 0x0000, 
    0x0000, 0x0000, 0x0000, 0x0000, 0x0000, 0x0000, 0x0000, 0x0000, 
    0x0000, 0x0000, 0x0000, 0x0000, 0x0000, 0x0000, 0x0000, 0x0000, 
    0x0000, 0x0000, 0x0000, 0x0000, 0x0000, 0x0000, 0x0000, 0x0000, 
    0x0000, 0x0000, 0x0000, 0x0000, 0x0000, 0x0000, 0x0000, 0x0000, 
    0x0000, 0x0000, 0x0000, 0x0000, 0x0000, 0x0000, 0x0000, 0x0000, 
    0x0000, 0x0000, 0x0000, 0x0000, 0x0000, 0x0000, 0x0000, 0x0000, 
    0x0000, 0x0000, 0x0000, 0x0000, 0x0000, 0x0000, 0x0000, 0x0000, 
    0x0000, 0x0000, 0x0000, 0x0000, 0x0000, 0x0000, 0x0000, 0x0000, 
    0x0000, 0x0000, 0x0000, 0x0000, 0x0000, 0x0000, 0x0000, 0x0000, 
    0x0000, 0x0000, 0x0000, 0x0000, 0x0000, 0x0000, 0x0000, 0x0000, 
    0x0000, 0x0000, 0x0000, 0x0000, 0x0000, 0x0000, 0x0000, 0x0000, 
    0x0000, 0x0000, 0x0000, 0x0000, 0x0000, 0x0000, 0x0000, 0x0000, 
    0x0000, 0x0000, 0x0000, 0x0000, 0x0000, 0x0000, 0x0000, 0x0000, 
    0x0000, 0x0000, 0x0000, 0x0000, 0x0000, 0x0000, 0x0000, 0x0000, 
    0x0000, 0x0000, 0x0000, 0x0000, 0x0000, 0x0000, 0x0000, 0x0000, 
    0x0000, 0x0000, 0x0000, 0x0000, 0x0000, 0x0000, 0x0000, 0x0000, 
    0x0000, 0x0000, 0x0000, 0x0000, 0x0000, 0x0000, 0x0000, 0x0000, 
    0x0000, 0x0000, 0x0000, 0x0000, 0x0000, 0x0000, 0x0000, 0x0000, 
    0x0000, 0x0000, 0x0000, 0x0000, 0x0000, 0x0000, 0x0000, 0x0000, 
    0x0000, 0x0000, 0x0000, 0x0000, 0x0000, 0x0000, 0x0000, 0x0000, 
    0x0000, 0x0000, 0x0000, 0x0000, 0x0000, 0x0000, 0x0000, 0x0000, 
    0x0000, 0x0000, 0x0000, 0x0000, 0x0000, 0x0000, 0x0000, 0x0000, 
    0x0000, 0x0000, 0x0000, 0x0000, 0x0000, 0x0000, 0x0000, 0x0000, 
    0x0000, 0x0000, 0x0000, 0x0000, 0x0000, 0x0000, 0x0000, 0x0000, 
    0x0000, 0x0000, 0x0000, 0x0000, 0x0000, 0x0000, 0x0000, 0x0000, 
    0x0000, 0x0000, 0x0000, 0x0000, 0x0000, 0x0000, 0x0000, 0x0000, 
    0x0000, 0x0000, 0x0000, 0x0000, 0x0000, 0x0000, 0x0000, 0x0000, 
    0x0000, 0x0000, 0x0000, 0x0000, 0x0000, 0x0000, 0x0000, 0x0000, 
    0x0000, 0x0000, 0x0000, 0x0000, 0x0000, 0x0000, 0x0000, 0x0000, 
    0x0000, 0x0000, 0x0000, 0x0000, 0x0000, 0x0000, 0x0000, 0x0000, 
    0x0000, 0x0000, 0x0000, 0x0000, 0x0000, 0x0000, 0x0000, 0x0000, 
    0x0000, 0x0000, 0x0000, 0x0000, 0x0000, 0x0000, 0x0000, 0x0000, 
    0x0000, 0x0000, 0x0000, 0x0000, 0x0000, 0x0000, 0x0000, 0x0000, 
    0x0000, 0x0000, 0x0000, 0x0000, 0x0000, 0x0000, 0x0000, 0x0000, 
    0x0000, 0x0000, 0x0000, 0x0000, 0x0000, 0x0000, 0x0000, 0x0000, 
    0x0000, 0x0000, 0x0000, 0x0000, 0x0000, 0x0000, 0x0000, 0x0000, 
    0x0000, 0x0000, 0x0000, 0x0000, 0x0000, 0x0000, 0x0000, 0x0000, 
    0x0000, 0x0000, 0x0000, 0x0000, 0x0000, 0x0000, 0x0000, 0x0000, 
    0x0000, 0x0000, 0x0000, 0x0000, 0x0000, 0x0000, 0x0000, 0x0000, 
    0x0000, 0x0000, 0x0000, 0x0000, 0x0000, 0x0000, 0x0000, 0x0000, 
    0x0000, 0x0000, 0x0000, 0x0000, 0x0000, 0x0000, 0x0000, 0x0000, 
    0x0000, 0x0000, 0x0000, 0x0000, 0x0000, 0x0000, 0x0000, 0x0000, 
    0x0000, 0x0000, 0x0000, 0x0000, 0x0000, 0x0000, 0x0000, 0x0000, 
    0x0000, 0x0000, 0x0000, 0x0000, 0x0000, 0x0000, 0x0000, 0x0000, 
    0x0000, 0x0000, 0x0000, 0x0000, 0x0000, 0x0000, 0x0000, 0x0000, 
    0x0000, 0x0000, 0x0000, 0x0000, 0x0000, 0x0000, 0x0000, 0x0000, 
    0x0000, 0x0000, 0x0000, 0x0000, 0x0000, 0x0000, 0x0000, 0x0000, 
    0x0000, 0x0000, 0x0000, 0x0000, 0x0000, 0x0000, 0x0000, 0x0000, 
    0x0000, 0x0000, 0x0000, 0x0000, 0x0000, 0x0000, 0x0000, 0x0000, 
    0x0000, 0x0000, 0x0000, 0x0000, 0x0000, 0x0000, 0x0000, 0x0000, 
    0x0000, 0x0000, 0x0000, 0x0000, 0x0000, 0x0000, 0x0000, 0x0000, 
    0x0000, 0x0000, 0x0000, 0x0000, 0x0000, 0x0000, 0x0000, 0x0000, 
    0x0000, 0x0000, 0x0000, 0x0000, 0x0000, 0x0000, 0x0000, 0x0000, 
    0x0000, 0x0000, 0x0000, 0x0000, 0x0000, 0x0000, 0x0000, 0x0000, 
    0x0000, 0x0000, 0x0000, 0x0000, 0x0000, 0x0000, 0x0000, 0x0000, 
    0x0000, 0x0000, 0x0000, 0x0000, 0x0000, 0x0000, 0x0000, 0x0000, 
    0x0000, 0x0000, 0x0000, 0x0000, 0x0000, 0x0000, 0x0000, 0x0000, 
    0x0000, 0x0000, 0x0000, 0x0000, 0x0000, 0x0000, 0x0000, 0x0000, 
    0x0000, 0x0000, 0x0000, 0x0000, 0x0000, 0x0000, 0x0000, 0x0000, 
    0x0000, 0x0000, 0x0000, 0x0000, 0x0000, 0x0000, 0x0000, 0x0000, 
    0x0000, 0x0000, 0x0000, 0x0000, 0x0000, 0x0000, 0x0000, 0x0000, 
    0x0000, 0x0000, 0x0000, 0x0000, 0x0000, 0x0000, 0x0000, 0x0000, 
    0x0000, 0x0000, 0x0000, 0x0000, 0x0000, 0x0000, 0x0000, 0x0000, 
    0x0000, 0x0000, 0x0000, 0x0000, 0x0000, 0x0000, 0x0000, 0x0000, 
    0x0000, 0x0000, 0x0000, 0x0000, 0x0000, 0x0000, 0x0000, 0x0000, 
    0x0000, 0x0000, 0x0000, 0x0000, 0x0000, 0x0000, 0x0000, 0x0000, 
    0x0000, 0x0000, 0x0000, 0x0000, 0x0000, 0x0000, 0x0000, 0x0000, 
    0x0000, 0x0000, 0x0000, 0x0000, 0x0000, 0x0000, 0x0000, 0x0000, 
    0x0000, 0x0000, 0x0000, 0x0000, 0x0000, 0x0000, 0x0000, 0x0000, 
    0x0000, 0x0000, 0x0000, 0x0000, 0x0000, 0x0000, 0x0000, 0x0000, 
    0x0000, 0x0000, 0x0000, 0x0000, 0x0000, 0x0000, 0x0000, 0x0000, 
    0x0000, 0x0000, 0x0000, 0x0000, 0x0000, 0x0000, 0x0000, 0x0000, 
    0x0000, 0x0000, 0x0000, 0x0000, 0x0000, 0x0000, 0x0000, 0x0000, 
    0x0000, 0x0000, 0x0000, 0x0000, 0x0000, 0x0000, 0x0000, 0x0000, 
    0x0000, 0x0000, 0x0000, 0x0000, 0x0000, 0x0000, 0x0000, 0x0000, 
    0x0000, 0x0000, 0x0000, 0x0000, 0x0000, 0x0000, 0x0000, 0x0000, 
    0x0000, 0x0000, 0x0000, 0x0000, 0x0000, 0x0000, 0x0000, 0x0000, 
    0x0000, 0x0000, 0x0000, 0x0000, 0x0000, 0x0000, 0x0000, 0x0000, 
    0x0000, 0x0000, 0x0000, 0x0000, 0x0000, 0x0000, 0x0000, 0x0000, 
    0x0000, 0x0000, 0x0000, 0x0000, 0x0000, 0x0000, 0x0000, 0x0000, 
    0x0000, 0x0000, 0x0000, 0x0000, 0x0000, 0x0000, 0x0000, 0x0000, 
    0x0000, 0x0000, 0x0000, 0x0000, 0x0000, 0x0000, 0x0000, 0x0000, 
    0x0000, 0x0000, 0x0000, 0x0000, 0x0000, 0x0000, 0x0000, 0x0000, 
    0x0000, 0x0000, 0x0000, 0x0000, 0x0000, 0x0000, 0x0000, 0x0000, 
    0x0000, 0x0000, 0x0000, 0x0000, 0x0000, 0x0000, 0x0000, 0x0000, 
    0x0000, 0x0000, 0x0000, 0x0000, 0x0000, 0x0000, 0x0000, 0x0000, 
    0x0000, 0x0000, 0x0000, 0x0000, 0x0000, 0x0000, 0x0000, 0x0000, 
    0x0000, 0x0000, 0x0000, 0x0000, 0x0000, 0x0000, 0x0000, 0x0000, 
    0x0000, 0x0000, 0x0000, 0x0000, 0x0000, 0x0000, 0x0000, 0x0000, 
    0x0000, 0x0000, 0x0000, 0x0000, 0x0000, 0x0000, 0x0000, 0x0000, 
    0x0000, 0x0000, 0x0000, 0x0000, 0x0000, 0x0000, 0x0000, 0x0000, 
    0x0000, 0x0000, 0x0000, 0x0000, 0x0000, 0x0000, 0x0000, 0x0000, 
    0x0000, 0x0000, 0x0000, 0x0000, 0x0000, 0x0000, 0x0000, 0x0000, 
    0x0000, 0x0000, 0x0000, 0x0000, 0x0000, 0x0000, 0x0000, 0x0000, 
    0x0000, 0x0000, 0x0000, 0x0000, 0x0000, 0x0000, 0x0000, 0x0000, 
    0x0000, 0x0000, 0x0000, 0x0000, 0x0000, 0x0000, 0x0000, 0x0000, 
    0x0000, 0x0000, 0x0000, 0x0000, 0x0000, 0x0000, 0x0000, 0x0000, 
    0x0000, 0x0000, 0x0000, 0x0000, 0x0000, 0x0000, 0x0000, 0x0000, 
    0x0000, 0x0000, 0x0000, 0x0000, 0x0000, 0x0000, 0x0000, 0x0000, 
    0x0000, 0x0000, 0x0000, 0x0000, 0x0000, 0x0000, 0x0000, 0x0000, 
    0x0000, 0x0000, 0x0000, 0x0000, 0x0000, 0x0000, 0x0000, 0x0000, 
    0x0000, 0x0000, 0x0000, 0x0000, 0x0000, 0x0000, 0x0000, 0x0000, 
    0x0000, 0x0000, 0x0000, 0x0000, 0x0000, 0x0000, 0x0000, 0x0000, 
    0x0000, 0x0000, 0x0000, 0x0000, 0x0000, 0x0000, 0x0000, 0x0000, 
    0x0000, 0x0000, 0x0000, 0x0000, 0x0000, 0x0000, 0x0000, 0x0000, 
    0x0000, 0x0000, 0x0000, 0x0000, 0x0000, 0x0000, 0x0000, 0x0000, 
    0x0000, 0x0000, 0x0000, 0x0000, 0x0000, 0x0000, 0x0000, 0x0000, 
    0x0000, 0x0000, 0x0000, 0x0000, 0x0000, 0x0000, 0x0000, 0x0000, 
    0x0000, 0x0000, 0x0000, 0x0000, 0x0000, 0x0000, 0x0000, 0x0000, 
    0x0000, 0x0000, 0x0000, 0x0000, 0x0000, 0x0000, 0x0000, 0x0000, 
    0x0000, 0x0000, 0x0000, 0x0000, 0x0000, 0x0000, 0x0000, 0x0000, 
    0x0000, 0x0000, 0x0000, 0x0000, 0x0000, 0x0000, 0x0000, 0x0000, 
    0x0000, 0x0000, 0x0000, 0x0000, 0x0000, 0x0000, 0x0000, 0x0000, 
    0x0000, 0x0000, 0x0000, 0x0000, 0x0000, 0x0000, 0x0000, 0x0000, 
    0x0000, 0x0000, 0x0000, 0x0000, 0x0000, 0x0000, 0x0000, 0x0000, 
    0x0000, 0x0000, 0x0000, 0x0000, 0x0000, 0x0000, 0x0000, 0x0000, 
    0x0000, 0x0000, 0x0000, 0x0000, 0x0000, 0x0000, 0x0000, 0x0000, 
    0x0000, 0x0000, 0x0000, 0x0000, 0x0000, 0x0000, 0x0000, 0x0000, 
    0x0000, 0x0000, 0x0000, 0x0000, 0x0000, 0x0000, 0x0000, 0x0000, 
    0x0000, 0x0000, 0x0000, 0x0000, 0x0000, 0x0000, 0x0000, 0x0000, 
    0x0000, 0x0000, 0x0000, 0x0000, 0x0000, 0x0000, 0x0000, 0x0000, 
    0x0000, 0x0000, 0x0000, 0x0000, 0x0000, 0x0000, 0x0000, 0x0000, 
    0x0000, 0x0000, 0x0000, 0x0000, 0x0000, 0x0000, 0x0000, 0x0000, 
    0x0000, 0x0000, 0x0000, 0x0000, 0x0000, 0x0000, 0x0000, 0x0000, 
    0x0000, 0x0000, 0x0000, 0x0000, 0x0000, 0x0000, 0x0000, 0x0000, 
    0x0000, 0x0000, 0x0000, 0x0000, 0x0000, 0x0000, 0x0000, 0x0000, 
    0x0000, 0x0000, 0x0000, 0x0000, 0x0000, 0x0000, 0x0000, 0x0000, 
    0x0000, 0x0000, 0x0000, 0x0000, 0x0000, 0x0000, 0x0000, 0x0000, 
    0x0000, 0x0000, 0x0000, 0x0000, 0x0000, 0x0000, 0x0000, 0x0000, 
    0x0000, 0x0000, 0x0000, 0x0000, 0x0000, 0x0000, 0x0000, 0x0000, 
    0x0000, 0x0000, 0x0000, 0x0000, 0x0000, 0x0000, 0x0000, 0x0000, 
    0x0000, 0x0000, 0x0000, 0x0000, 0x0000, 0x0000, 0x0000, 0x0000, 
    0x0000, 0x0000, 0x0000, 0x0000, 0x0000, 0x0000, 0x0000, 0x0000, 
    0x0000, 0x0000, 0x0000, 0x0000, 0x0000, 0x0000, 0x0000, 0x0000, 
    0x0000, 0x0000, 0x0000, 0x0000, 0x0000, 0x0000, 0x0000, 0x0000, 
    0x0000, 0x0000, 0x0000, 0x0000, 0x0000, 0x0000, 0x0000, 0x0000, 
    0x0000, 0x0000, 0x0000, 0x0000, 0x0000, 0x0000, 0x0000, 0x0000, 
    0x0000, 0x0000, 0x0000, 0x0000, 0x0000, 0x0000, 0x0000, 0x0000, 
    0x0000, 0x0000, 0x0000, 0x0000, 0x0000, 0x0000, 0x0000, 0x0000, 
    0x0000, 0x0000, 0x0000, 0x0000, 0x0000, 0x0000, 0x0000, 0x0000, 
    0x0000, 0x0000, 0x0000, 0x0000, 0x0000, 0x0000, 0x0000, 0x0000, 
    0x0000, 0x0000, 0x0000, 0x0000, 0x0000, 0x0000, 0x0000, 0x0000, 
    0x0000, 0x0000, 0x0000, 0x0000, 0x0000, 0x0000, 0x0000, 0x0000, 
    0x0000, 0x0000, 0x0000, 0x0000, 0x0000, 0x0000, 0x0000, 0x0000, 
    0x0000, 0x0000, 0x0000, 0x0000, 0x0000, 0x0000, 0x0000, 0x0000, 
    0x0000, 0x0000, 0x0000, 0x0000, 0x0000, 0x0000, 0x0000, 0x0000, 
    0x0000, 0x0000, 0x0000, 0x0000, 0x0000, 0x0000, 0x0000, 0x0000, 
    0x0000, 0x0000, 0x0000, 0x0000, 0x0000, 0x0000, 0x0000, 0x0000, 
    0x0000, 0x0000, 0x0000, 0x0000, 0x0000, 0x0000, 0x0000, 0x0000, 
    0x0000, 0x0000, 0x0000, 0x0000, 0x0000, 0x0000, 0x0000, 0x0000, 
    0x0000, 0x0000, 0x0000, 0x0000, 0x0000, 0x0000, 0x0000, 0x0000, 
    0x0000, 0x0000, 0x0000, 0x0000, 0x0000, 0x0000, 0x0000, 0x0000, 
    0x0000, 0x0000, 0x0000, 0x0000, 0x0000, 0x0000, 0x0000, 0x0000, 
    0x0000, 0x0000, 0x0000, 0x0000, 0x0000, 0x0000, 0x0000, 0x0000, 
    0x0000, 0x0000, 0x0000, 0x0000, 0x0000, 0x0000, 0x0000, 0x0000, 
    0x0000, 0x0000, 0x0000, 0x0000, 0x0000, 0x0000, 0x0000, 0x0000, 
    0x0000, 0x0000, 0x0000, 0x0000, 0x0000, 0x0000, 0x0000, 0x0000, 
    0x0000, 0x0000, 0x0000, 0x0000, 0x0000, 0x0000, 0x0000, 0x0000, 
    0x0000, 0x0000, 0x0000, 0x0000, 0x0000, 0x0000, 0x0000, 0x0000, 
    0x0000, 0x0000, 0x0000, 0x0000, 0x0000, 0x0000, 0x0000, 0x0000, 
    0x0000, 0x0000, 0x0000, 0x0000, 0x0000, 0x0000, 0x0000, 0x0000, 
    0x0000, 0x0000, 0x0000, 0x0000, 0x0000, 0x0000, 0x0000, 0x0000, 
    0x0000, 0x0000, 0x0000, 0x0000, 0x0000, 0x0000, 0x0000, 0x0000, 
    0x0000, 0x0000, 0x0000, 0x0000, 0x0000, 0x0000, 0x0000, 0x0000, 
    0x0000, 0x0000, 0x0000, 0x0000, 0x0000, 0x0000, 0x0000, 0x0000, 
    0x0000, 0x0000, 0x0000, 0x0000, 0x0000, 0x0000, 0x0000, 0x0000, 
    0x0000, 0x0000, 0x0000, 0x0000, 0x0000, 0x0000, 0x0000, 0x0000, 
    0x0000, 0x0000, 0x0000, 0x0000, 0x0000, 0x0000, 0x0000, 0x0000, 
    0x0000, 0x0000, 0x0000, 0x0000, 0x0000, 0x0000, 0x0000, 0x0000, 
    0x0000, 0x0000, 0x0000, 0x0000, 0x0000, 0x0000, 0x0000, 0x0000, 
    0x0000, 0x0000, 0x0000, 0x0000, 0x0000, 0x0000, 0x0000, 0x0000, 
    0x0000, 0x0000, 0x0000, 0x0000, 0x0000, 0x0000, 0x0000, 0x0000, 
    0x0000, 0x0000, 0x0000, 0x0000, 0x0000, 0x0000, 0x0000, 0x0000, 
    0x0000, 0x0000, 0x0000, 0x0000, 0x0000, 0x0000, 0x0000, 0x0000, 
    0x0000, 0x0000, 0x0000, 0x0000, 0x0000, 0x0000, 0x0000, 0x0000, 
    0x0000, 0x0000, 0x0000, 0x0000, 0x0000, 0x0000, 0x0000, 0x0000, 
    0x0000, 0x0000, 0x0000, 0x0000, 0x0000, 0x0000, 0x0000, 0x0000, 
    0x0000, 0x0000, 0x0000, 0x0000, 0x0000, 0x0000, 0x0000, 0x0000, 
    0x0000, 0x0000, 0x0000, 0x0000, 0x0000, 0x0000, 0x0000, 0x0000, 
    0x0000, 0x0000, 0x0000, 0x0000, 0x0000, 0x0000, 0x0000, 0x0000, 
    0x0000, 0x0000, 0x0000, 0x0000, 0x0000, 0x0000, 0x0000, 0x0000, 
    0x0000, 0x0000, 0x0000, 0x0000, 0x0000, 0x0000, 0x0000, 0x0000, 
    0x0000, 0x0000, 0x0000, 0x0000, 0x0000, 0x0000, 0x0000, 0x0000, 
    0x0000, 0x0000, 0x0000, 0x0000, 0x0000, 0x0000, 0x0000, 0x0000, 
    0x0000, 0x0000, 0x0000, 0x0000, 0x0000, 0x0000, 0x0000, 0x0000, 
    0x0000, 0x0000, 0x0000, 0x0000, 0x0000, 0x0000, 0x0000, 0x0000, 
    0x0000, 0x0000, 0x0000, 0x0000, 0x0000, 0x0000, 0x0000, 0x0000, 
    0x0000, 0x0000, 0x0000, 0x0000, 0x0000, 0x0000, 0x0000, 0x0000, 
    0x0000, 0x0000, 0x0000, 0x0000, 0x0000, 0x0000, 0x0000, 0x0000, 
    0x0000, 0x0000, 0x0000, 0x0000, 0x0000, 0x0000, 0x0000, 0x0000, 
    0x0000, 0x0000, 0x0000, 0x0000, 0x0000, 0x0000, 0x0000, 0x0000, 
    0x0000, 0x0000, 0x0000, 0x0000, 0x0000, 0x0000, 0x0000, 0x0000, 
    0x0000, 0x0000, 0x0000, 0x0000, 0x0000, 0x0000, 0x0000, 0x0000, 
    0x0000, 0x0000, 0x0000, 0x0000, 0x0000, 0x0000, 0x0000, 0x0000, 
    0x0000, 0x0000, 0x0000, 0x0000, 0x0000, 0x0000, 0x0000, 0x0000, 
    0x0000, 0x0000, 0x0000, 0x0000, 0x0000, 0x0000, 0x0000, 0x0000, 
    0x0000, 0x0000, 0x0000, 0x0000, 0x0000, 0x0000, 0x0000, 0x0000, 
    0x0000, 0x0000, 0x0000, 0x0000, 0x0000, 0x0000, 0x0000, 0x0000, 
    0x0000, 0x0000, 0x0000, 0x0000, 0x0000, 0x0000, 0x0000, 0x0000, 
    0x0000, 0x0000, 0x0000, 0x0000, 0x0000, 0x0000, 0x0000, 0x0000, 
    0x0000, 0x0000, 0x0000, 0x0000, 0x0000, 0x0000, 0x0000, 0x0000, 
    0x0000, 0x0000, 0x0000, 0x0000, 0x0000, 0x0000, 0x0000, 0x0000, 
    0x0000, 0x0000, 0x0000, 0x0000, 0x0000, 0x0000, 0x0000, 0x0000, 
    0x0000, 0x0000, 0x0000, 0x0000, 0x0000, 0x0000, 0x0000, 0x0000, 
    0x0000, 0x0000, 0x0000, 0x0000, 0x0000, 0x0000, 0x0000, 0x0000, 
    0x0000, 0x0000, 0x0000, 0x0000, 0x0000, 0x0000, 0x0000, 0x0000, 
    0x0000, 0x0000, 0x0000, 0x0000, 0x0000, 0x0000, 0x0000, 0x0000, 
    0x0000, 0x0000, 0x0000, 0x0000, 0x0000, 0x0000, 0x0000, 0x0000, 
    0x0000, 0x0000, 0x0000, 0x0000, 0x0000, 0x0000, 0x0000, 0x0000, 
    0x0000, 0x0000, 0x0000, 0x0000, 0x0000, 0x0000, 0x0000, 0x0000, 
    0x0000, 0x0000, 0x0000, 0x0000, 0x0000, 0x0000, 0x0000, 0x0000, 
    0x0000, 0x0000, 0x0000, 0x0000, 0x0000, 0x0000, 0x0000, 0x0000, 
    0x0000, 0x0000, 0x0000, 0x0000, 0x0000, 0x0000, 0x0000, 0x0000, 
    0x0000, 0x0000, 0x0000, 0x0000, 0x0000, 0x0000, 0x0000, 0x0000, 
    0x0000, 0x0000, 0x0000, 0x0000, 0x0000, 0x0000, 0x0000, 0x0000, 
    0x0000, 0x0000, 0x0000, 0x0000, 0x0000, 0x0000, 0x0000, 0x0000, 
    0x0000, 0x0000, 0x0000, 0x0000, 0x0000, 0x0000, 0x0000, 0x0000, 
    0x0000, 0x0000, 0x0000, 0x0000, 0x0000, 0x0000, 0x0000, 0x0000, 
    0x0000, 0x0000, 0x0000, 0x0000, 0x0000, 0x0000, 0x0000, 0x0000, 
    0x0000, 0x0000, 0x0000, 0x0000, 0x0000, 0x0000, 0x0000, 0x0000, 
    0x0000, 0x0000, 0x0000, 0x0000, 0x0000, 0x0000, 0x0000, 0x0000, 
    0x0000, 0x0000, 0x0000, 0x0000, 0x0000, 0x0000, 0x0000, 0x0000, 
    0x0000, 0x0000, 0x0000, 0x0000, 0x0000, 0x0000, 0x0000, 0x0000, 
    0x0000, 0x0000, 0x0000, 0x0000, 0x0000, 0x0000, 0x0000, 0x0000, 
    0x0000, 0x0000, 0x0000, 0x0000, 0x0000, 0x0000, 0x0000, 0x0000, 
    0x0000, 0x0000, 0x0000, 0x0000, 0x0000, 0x0000, 0x0000, 0x0000, 
    0x0000, 0x0000, 0x0000, 0x0000, 0x0000, 0x0000, 0x0000, 0x0000, 
    0x0000, 0x0000, 0x0000, 0x0000, 0x0000, 0x0000, 0x0000, 0x0000, 
    0x0000, 0x0000, 0x0000, 0x0000, 0x0000, 0x0000, 0x0000, 0x0000, 
    0x0000, 0x0000, 0x0000, 0x0000, 0x0000, 0x0000, 0x0000, 0x0000, 
    0x0000, 0x0000, 0x0000, 0x0000, 0x0000, 0x0000, 0x0000, 0x0000, 
    0x0000, 0x0000, 0x0000, 0x0000, 0x0000, 0x0000, 0x0000, 0x0000, 
    0x0000, 0x0000, 0x0000, 0x0000, 0x0000, 0x0000, 0x0000, 0x0000, 
    0x0000, 0x0000, 0x0000, 0x0000, 0x0000, 0x0000, 0x0000, 0x0000, 
    0x0000, 0x0000, 0x0000, 0x0000, 0x0000, 0x0000, 0x0000, 0x0000, 
    0x0000, 0x0000, 0x0000, 0x0000, 0x0000, 0x0000, 0x0000, 0x0000, 
    0x0000, 0x0000, 0x0000, 0x0000, 0x0000, 0x0000, 0x0000, 0x0000, 
    0x0000, 0x0000, 0x0000, 0x0000, 0x0000, 0x0000, 0x0000, 0x0000, 
    0x0000, 0x0000, 0x0000, 0x0000, 0x0000, 0x0000, 0x0000, 0x0000, 
    0x0000, 0x0000, 0x0000, 0x0000, 0x0000, 0x0000, 0x0000, 0x0000, 
    0x0000, 0x0000, 0x0000, 0x0000, 0x0000, 0x0000, 0x0000, 0x0000, 
    0x0000, 0x0000, 0x0000, 0x0000, 0x0000, 0x0000, 0x0000, 0x0000, 
    0x0000, 0x0000, 0x0000, 0x0000, 0x0000, 0x0000, 0x0000, 0x0000, 
    0x0000, 0x0000, 0x0000, 0x0000, 0x0000, 0x0000, 0x0000, 0x0000, 
    0x0000, 0x0000, 0x0000, 0x0000, 0x0000, 0x0000, 0x0000, 0x0000, 
    0x0000, 0x0000, 0x0000, 0x0000, 0x0000, 0x0000, 0x0000, 0x0000, 
    0x0000, 0x0000, 0x0000, 0x0000, 0x0000, 0x0000, 0x0000, 0x0000, 
    0x0000, 0x0000, 0x0000, 0x0000, 0x0000, 0x0000, 0x0000, 0x0000, 
    0x0000, 0x0000, 0x0000, 0x0000, 0x0000, 0x0000, 0x0000, 0x0000, 
    0x0000, 0x0000, 0x0000, 0x0000, 0x0000, 0x0000, 0x0000, 0x0000, 
    0x0000, 0x0000, 0x0000, 0x0000, 0x0000, 0x0000, 0x0000, 0x0000, 
    0x0000, 0x0000, 0x0000, 0x0000, 0x0000, 0x0000, 0x0000, 0x0000, 
    0x0000, 0x0000, 0x0000, 0x0000, 0x0000, 0x0000, 0x0000, 0x0000, 
    0x0000, 0x0000, 0x0000, 0x0000, 0x0000, 0x0000, 0x0000, 0x0000, 
    0x0000, 0x0000, 0x0000, 0x0000, 0x0000, 0x0000, 0x0000, 0x0000, 
    0x0000, 0x0000, 0x0000, 0x0000, 0x0000, 0x0000, 0x0000, 0x0000, 
    0x0000, 0x0000, 0x0000, 0x0000, 0x0000, 0x0000, 0x0000, 0x0000, 
    0x0000, 0x0000, 0x0000, 0x0000, 0x0000, 0x0000, 0x0000, 0x0000, 
    0x0000, 0x0000, 0x0000, 0x0000, 0x0000, 0x0000, 0x0000, 0x0000, 
    0x0000, 0x0000, 0x0000, 0x0000, 0x0000, 0x0000, 0x0000, 0x0000, 
    0x0000, 0x0000, 0x0000, 0x0000, 0x0000, 0x0000, 0x0000, 0x0000, 
    0x0000, 0x0000, 0x0000, 0x0000, 0x0000, 0x0000, 0x0000, 0x0000, 
    0x0000, 0x0000, 0x0000, 0x0000, 0x0000, 0x0000, 0x0000, 0x0000, 
    0x0000, 0x0000, 0x0000, 0x0000, 0x0000, 0x0000, 0x0000, 0x0000, 
    0x0000, 0x0000, 0x0000, 0x0000, 0x0000, 0x0000, 0x0000, 0x0000, 
    0x0000, 0x0000, 0x0000, 0x0000, 0x0000, 0x0000, 0x0000, 0x0000, 
    0x0000, 0x0000, 0x0000, 0x0000, 0x0000, 0x0000, 0x0000, 0x0000, 
    0x0000, 0x0000, 0x0000, 0x0000, 0x0000, 0x0000, 0x0000, 0x0000, 
    0x0000, 0x0000, 0x0000, 0x0000, 0x0000, 0x0000, 0x0000, 0x0000, 
    0x0000, 0x0000, 0x0000, 0x0000, 0x0000, 0x0000, 0x0000, 0x0000, 
    0x0000, 0x0000, 0x0000, 0x0000, 0x0000, 0x0000, 0x0000, 0x0000, 
    0x0000, 0x0000, 0x0000, 0x0000, 0x0000, 0x0000, 0x0000, 0x0000, 
    0x0000, 0x0000, 0x0000, 0x0000, 0x0000, 0x0000, 0x0000, 0x0000, 
    0x0000, 0x0000, 0x0000, 0x0000, 0x0000, 0x0000, 0x0000, 0x0000, 
    0x0000, 0x0000, 0x0000, 0x0000, 0x0000, 0x0000, 0x0000, 0x0000, 
    0x0000, 0x0000, 0x0000, 0x0000, 0x0000, 0x0000, 0x0000, 0x0000, 
    0x0000, 0x0000, 0x0000, 0x0000, 0x0000, 0x0000, 0x0000, 0x0000, 
    0x0000, 0x0000, 0x0000, 0x0000, 0x0000, 0x0000, 0x0000, 0x0000, 
    0x0000, 0x0000, 0x0000, 0x0000, 0x0000, 0x0000, 0x0000, 0x0000, 
    0x0000, 0x0000, 0x0000, 0x0000, 0x0000, 0x0000, 0x0000, 0x0000, 
    0x0000, 0x0000, 0x0000, 0x0000, 0x0000, 0x0000, 0x0000, 0x0000, 
    0x0000, 0x0000, 0x0000, 0x0000, 0x0000, 0x0000, 0x0000, 0x0000, 
    0x0000, 0x0000, 0x0000, 0x0000, 0x0000, 0x0000, 0x0000, 0x0000, 
    0x0000, 0x0000, 0x0000, 0x0000, 0x0000, 0x0000, 0x0000, 0x0000, 
    0x0000, 0x0000, 0x0000, 0x0000, 0x0000, 0x0000, 0x0000, 0x0000, 
    0x0000, 0x0000, 0x0000, 0x0000, 0x0000, 0x0000, 0x0000, 0x0000, 
    0x0000, 0x0000, 0x0000, 0x0000, 0x0000, 0x0000, 0x0000, 0x0000, 
    0x0000, 0x0000, 0x0000, 0x0000, 0x0000, 0x0000, 0x0000, 0x0000, 
    0x0000, 0x0000, 0x0000, 0x0000, 0x0000, 0x0000, 0x0000, 0x0000, 
    0x0000, 0x0000, 0x0000, 0x0000, 0x0000, 0x0000, 0x0000, 0x0000, 
    0x0000, 0x0000, 0x0000, 0x0000, 0x0000, 0x0000, 0x0000, 0x0000, 
    0x0000, 0x0000, 0x0000, 0x0000, 0x0000, 0x0000, 0x0000, 0x0000, 
    0x0000, 0x0000, 0x0000, 0x0000, 0x0000, 0x0000, 0x0000, 0x0000, 
    0x0000, 0x0000, 0x0000, 0x0000, 0x0000, 0x0000, 0x0000, 0x0000, 
    0x0000, 0x0000, 0x0000, 0x0000, 0x0000, 0x0000, 0x0000, 0x0000, 
    0x0000, 0x0000, 0x0000, 0x0000, 0x0000, 0x0000, 0x0000, 0x0000, 
    0x0000, 0x0000, 0x0000, 0x0000, 0x0000, 0x0000, 0x0000, 0x0000, 
    0x0000, 0x0000, 0x0000, 0x0000, 0x0000, 0x0000, 0x0000, 0x0000, 
    0x0000, 0x0000, 0x0000, 0x0000, 0x0000, 0x0000, 0x0000, 0x0000, 
    0x0000, 0x0000, 0x0000, 0x0000, 0x0000, 0x0000, 0x0000, 0x0000, 
    0x0000, 0x0000, 0x0000, 0x0000, 0x0000, 0x0000, 0x0000, 0x0000, 
    0x0000, 0x0000, 0x0000, 0x0000, 0x0000, 0x0000, 0x0000, 0x0000, 
    0x0000, 0x0000, 0x0000, 0x0000, 0x0000, 0x0000, 0x0000, 0x0000, 
    0x0000, 0x0000, 0x0000, 0x0000, 0x0000, 0x0000, 0x0000, 0x0000, 
    0x0000, 0x0000, 0x0000, 0x0000, 0x0000, 0x0000, 0x0000, 0x0000, 
    0x0000, 0x0000, 0x0000, 0x0000, 0x0000, 0x0000, 0x0000, 0x0000, 
    0x0000, 0x0000, 0x0000, 0x0000, 0x0000, 0x0000, 0x0000, 0x0000, 
    0x0000, 0x0000, 0x0000, 0x0000, 0x0000, 0x0000, 0x0000, 0x0000, 
    0x0000, 0x0000, 0x0000, 0x0000, 0x0000, 0x0000, 0x0000, 0x0000, 
    0x0000, 0x0000, 0x0000, 0x0000, 0x0000, 0x0000, 0x0000, 0x0000, 
    0x0000, 0x0000, 0x0000, 0x0000, 0x0000, 0x0000, 0x0000, 0x0000, 
    0x0000, 0x0000, 0x0000, 0x0000, 0x0000, 0x0000, 0x0000, 0x0000, 
    0x0000, 0x0000, 0x0000, 0x0000, 0x0000, 0x0000, 0x0000, 0x0000, 
    0x0000, 0x0000, 0x0000, 0x0000, 0x0000, 0x0000, 0x0000, 0x0000, 
    0x0000, 0x0000, 0x0000, 0x0000, 0x0000, 0x0000, 0x0000, 0x0000, 
    0x0000, 0x0000, 0x0000, 0x0000, 0x0000, 0x0000, 0x0000, 0x0000, 
    0x0000, 0x0000, 0x0000, 0x0000, 0x0000, 0x0000, 0x0000, 0x0000, 
    0x0000, 0x0000, 0x0000, 0x0000, 0x0000, 0x0000, 0x0000, 0x0000, 
    0x0000, 0x0000, 0x0000, 0x0000, 0x0000, 0x0000, 0x0000, 0x0000, 
    0x0000, 0x0000, 0x0000, 0x0000, 0x0000, 0x0000, 0x0000, 0x0000, 
    0x0000, 0x0000, 0x0000, 0x0000, 0x0000, 0x0000, 0x0000, 0x0000, 
    0x0000, 0x0000, 0x0000, 0x0000, 0x0000, 0x0000, 0x0000, 0x0000, 
    0x0000, 0x0000, 0x0000, 0x0000, 0x0000, 0x0000, 0x0000, 0x0000, 
    0x0000, 0x0000, 0x0000, 0x0000, 0x0000, 0x0000, 0x0000, 0x0000, 
    0x0000, 0x0000, 0x0000, 0x0000, 0x0000, 0x0000, 0x0000, 0x0000, 
    0x0000, 0x0000, 0x0000, 0x0000, 0x0000, 0x0000, 0x0000, 0x0000, 
    0x0000, 0x0000, 0x0000, 0x0000, 0x0000, 0x0000, 0x0000, 0x0000, 
    0x0000, 0x0000, 0x0000, 0x0000, 0x0000, 0x0000, 0x0000, 0x0000, 
    0x0000, 0x0000, 0x0000, 0x0000, 0x0000, 0x0000, 0x0000, 0x0000, 
    0x0000, 0x0000, 0x0000, 0x0000, 0x0000, 0x0000, 0x0000, 0x0000, 
    0x0000, 0x0000, 0x0000, 0x0000, 0x0000, 0x0000, 0x0000, 0x0000, 
    0x0000, 0x0000, 0x0000, 0x0000, 0x0000, 0x0000, 0x0000, 0x0000, 
    0x0000, 0x0000, 0x0000, 0x0000, 0x0000, 0x0000, 0x0000, 0x0000, 
    0x0000, 0x0000, 0x0000, 0x0000, 0x0000, 0x0000, 0x0000, 0x0000, 
    0x0000, 0x0000, 0x0000, 0x0000, 0x0000, 0x0000, 0x0000, 0x0000, 
    0x0000, 0x0000, 0x0000, 0x0000, 0x0000, 0x0000, 0x0000, 0x0000, 
    0x0000, 0x0000, 0x0000, 0x0000, 0x0000, 0x0000, 0x0000, 0x0000, 
    0x0000, 0x0000, 0x0000, 0x0000, 0x0000, 0x0000, 0x0000, 0x0000, 
    0x0000, 0x0000, 0x0000, 0x0000, 0x0000, 0x0000, 0x0000, 0x0000, 
    0x0000, 0x0000, 0x0000, 0x0000, 0x0000, 0x0000, 0x0000, 0x0000, 
    0x0000, 0x0000, 0x0000, 0x0000, 0x0000, 0x0000, 0x0000, 0x0000, 
    0x0000, 0x0000, 0x0000, 0x0000, 0x0000, 0x0000, 0x0000, 0x0000, 
    0x0000, 0x0000, 0x0000, 0x0000, 0x0000, 0x0000, 0x0000, 0x0000, 
    0x0000, 0x0000, 0x0000, 0x0000, 0x0000, 0x0000, 0x0000, 0x0000, 
    0x0000, 0x0000, 0x0000, 0x0000, 0x0000, 0x0000, 0x0000, 0x0000, 
    0x0000, 0x0000, 0x0000, 0x0000, 0x0000, 0x0000, 0x0000, 0x0000, 
    0x0000, 0x0000, 0x0000, 0x0000, 0x0000, 0x0000, 0x0000, 0x0000, 
    0x0000, 0x0000, 0x0000, 0x0000, 0x0000, 0x0000, 0x0000, 0x0000, 
    0x0000, 0x0000, 0x0000, 0x0000, 0x0000, 0x0000, 0x0000, 0x0000, 
    0x0000, 0x0000, 0x0000, 0x0000, 0x0000, 0x0000, 0x0000, 0x0000, 
    0x0000, 0x0000, 0x0000, 0x0000, 0x0000, 0x0000, 0x0000, 0x0000, 
    0x0000, 0x0000, 0x0000, 0x0000, 0x0000, 0x0000, 0x0000, 0x0000, 
    0x0000, 0x0000, 0x0000, 0x0000, 0x0000, 0x0000, 0x0000, 0x0000, 
    0x0000, 0x0000, 0x0000, 0x0000, 0x0000, 0x0000, 0x0000, 0x0000, 
    0x0000, 0x0000, 0x0000, 0x0000, 0x0000, 0x0000, 0x0000, 0x0000, 
    0x0000, 0x0000, 0x0000, 0x0000, 0x0000, 0x0000, 0x0000, 0x0000, 
    0x0000, 0x0000, 0x0000, 0x0000, 0x0000, 0x0000, 0x0000, 0x0000, 
    0x0000, 0x0000, 0x0000, 0x0000, 0x0000, 0x0000, 0x0000, 0x0000, 
    0x0000, 0x0000, 0x0000, 0x0000, 0x0000, 0x0000, 0x0000, 0x0000, 
    0x0000, 0x0000, 0x0000, 0x0000, 0x0000, 0x0000, 0x0000, 0x0000, 
    0x0000, 0x0000, 0x0000, 0x0000, 0x0000, 0x0000, 0x0000, 0x0000, 
    0x0000, 0x0000, 0x0000, 0x0000, 0x0000, 0x0000, 0x0000, 0x0000, 
    0x0000, 0x0000, 0x0000, 0x0000, 0x0000, 0x0000, 0x0000, 0x0000, 
    0x0000, 0x0000, 0x0000, 0x0000, 0x0000, 0x0000, 0x0000, 0x0000, 
    0x0000, 0x0000, 0x0000, 0x0000, 0x0000, 0x0000, 0x0000, 0x0000, 
    0x0000, 0x0000, 0x0000, 0x0000, 0x0000, 0x0000, 0x0000, 0x0000, 
    0x0000, 0x0000, 0x0000, 0x0000, 0x0000, 0x0000, 0x0000, 0x0000, 
    0x0000, 0x0000, 0x0000, 0x0000, 0x0000, 0x0000, 0x0000, 0x0000, 
    0x0000, 0x0000, 0x0000, 0x0000, 0x0000, 0x0000, 0x0000, 0x0000, 
    0x0000, 0x0000, 0x0000, 0x0000, 0x0000, 0x0000, 0x0000, 0x0000, 
    0x0000, 0x0000, 0x0000, 0x0000, 0x0000, 0x0000, 0x0000, 0x0000, 
    0x0000, 0x0000, 0x0000, 0x0000, 0x0000, 0x0000, 0x0000, 0x0000, 
    0x0000, 0x0000, 0x0000, 0x0000, 0x0000, 0x0000, 0x0000, 0x0000, 
    0x0000, 0x0000, 0x0000, 0x0000, 0x0000, 0x0000, 0x0000, 0x0000, 
    0x0000, 0x0000, 0x0000, 0x0000, 0x0000, 0x0000, 0x0000, 0x0000, 
    0x0000, 0x0000, 0x0000, 0x0000, 0x0000, 0x0000, 0x0000, 0x0000, 
    0x0000, 0x0000, 0x0000, 0x0000, 0x0000, 0x0000, 0x0000, 0x0000, 
    0x0000, 0x0000, 0x0000, 0x0000, 0x0000, 0x0000, 0x0000, 0x0000, 
    0x0000, 0x0000, 0x0000, 0x0000, 0x0000, 0x0000, 0x0000, 0x0000, 
    0x0000, 0x0000, 0x0000, 0x0000, 0x0000, 0x0000, 0x0000, 0x0000, 
    0x0000, 0x0000, 0x0000, 0x0000, 0x0000, 0x0000, 0x0000, 0x0000, 
    0x0000, 0x0000, 0x0000, 0x0000, 0x0000, 0x0000, 0x0000, 0x0000, 
    0x0000, 0x0000, 0x0000, 0x0000, 0x0000, 0x0000, 0x0000, 0x0000, 
    0x0000, 0x0000, 0x0000, 0x0000, 0x0000, 0x0000, 0x0000, 0x0000, 
    0x0000, 0x0000, 0x0000, 0x0000, 0x0000, 0x0000, 0x0000, 0x0000, 
    0x0000, 0x0000, 0x0000, 0x0000, 0x0000, 0x0000, 0x0000, 0x0000, 
    0x0000, 0x0000, 0x0000, 0x0000, 0x0000, 0x0000, 0x0000, 0x0000, 
    0x0000, 0x0000, 0x0000, 0x0000, 0x0000, 0x0000, 0x0000, 0x0000, 
    0x0000, 0x0000, 0x0000, 0x0000, 0x0000, 0x0000, 0x0000, 0x0000, 
    0x0000, 0x0000, 0x0000, 0x0000, 0x0000, 0x0000, 0x0000, 0x0000, 
    0x0000, 0x0000, 0x0000, 0x0000, 0x0000, 0x0000, 0x0000, 0x0000, 
    0x0000, 0x0000, 0x0000, 0x0000, 0x0000, 0x0000, 0x0000, 0x0000, 
    0x0000, 0x0000, 0x0000, 0x0000, 0x0000, 0x0000, 0x0000, 0x0000, 
    0x0000, 0x0000, 0x0000, 0x0000, 0x0000, 0x0000, 0x0000, 0x0000, 
    0x0000, 0x0000, 0x0000, 0x0000, 0x0000, 0x0000, 0x0000, 0x0000, 
    0x0000, 0x0000, 0x0000, 0x0000, 0x0000, 0x0000, 0x0000, 0x0000, 
    0x0000, 0x0000, 0x0000, 0x0000, 0x0000, 0x0000, 0x0000, 0x0000, 
    0x0000, 0x0000, 0x0000, 0x0000, 0x0000, 0x0000, 0x0000, 0x0000, 
    0x0000, 0x0000, 0x0000, 0x0000, 0x0000, 0x0000, 0x0000, 0x0000, 
    0x0000, 0x0000, 0x0000, 0x0000, 0x0000, 0x0000, 0x0000, 0x0000, 
    0x0000, 0x0000, 0x0000, 0x0000, 0x0000, 0x0000, 0x0000, 0x0000, 
    0x0000, 0x0000, 0x0000, 0x0000, 0x0000, 0x0000, 0x0000, 0x0000, 
    0x0000, 0x0000, 0x0000, 0x0000, 0x0000, 0x0000, 0x0000, 0x0000, 
    0x0000, 0x0000, 0x0000, 0x0000, 0x0000, 0x0000, 0x0000, 0x0000, 
    0x0000, 0x0000, 0x0000, 0x0000, 0x0000, 0x0000, 0x0000, 0x0000, 
    0x0000, 0x0000, 0x0000, 0x0000, 0x0000, 0x0000, 0x0000, 0x0000, 
    0x0000, 0x0000, 0x0000, 0x0000, 0x0000, 0x0000, 0x0000, 0x0000, 
    0x0000, 0x0000, 0x0000, 0x0000, 0x0000, 0x0000, 0x0000, 0x0000, 
    0x0000, 0x0000, 0x0000, 0x0000, 0x0000, 0x0000, 0x0000, 0x0000, 
    0x0000, 0x0000, 0x0000, 0x0000, 0x0000, 0x0000, 0x0000, 0x0000, 
    0x0000, 0x0000, 0x0000, 0x0000, 0x0000, 0x0000, 0x0000, 0x0000, 
    0x0000, 0x0000, 0x0000, 0x0000, 0x0000, 0x0000, 0x0000, 0x0000, 
    0x0000, 0x0000, 0x0000, 0x0000, 0x0000, 0x0000, 0x0000, 0x0000, 
    0x0000, 0x0000, 0x0000, 0x0000, 0x0000, 0x0000, 0x0000, 0x0000, 
    0x0000, 0x0000, 0x0000, 0x0000, 0x0000, 0x0000, 0x0000, 0x0000, 
    0x0000, 0x0000, 0x0000, 0x0000, 0x0000, 0x0000, 0x0000, 0x0000, 
    0x0000, 0x0000, 0x0000, 0x0000, 0x0000, 0x0000, 0x0000, 0x0000, 
    0x0000, 0x0000, 0x0000, 0x0000, 0x0000, 0x0000, 0x0000, 0x0000, 
    0x0000, 0x0000, 0x0000, 0x0000, 0x0000, 0x0000, 0x0000, 0x0000, 
    0x0000, 0x0000, 0x0000, 0x0000, 0x0000, 0x0000, 0x0000, 0x0000, 
    0x0000, 0x0000, 0x0000, 0x0000, 0x0000, 0x0000, 0x0000, 0x0000, 
    0x0000, 0x0000, 0x0000, 0x0000, 0x0000, 0x0000, 0x0000, 0x0000, 
    0x0000, 0x0000, 0x0000, 0x0000, 0x0000, 0x0000, 0x0000, 0x0000, 
    0x0000, 0x0000, 0x0000, 0x0000, 0x0000, 0x0000, 0x0000, 0x0000, 
    0x0000, 0x0000, 0x0000, 0x0000, 0x0000, 0x0000, 0x0000, 0x0000, 
    0x0000, 0x0000, 0x0000, 0x0000, 0x0000, 0x0000, 0x0000, 0x0000, 
    0x0000, 0x0000, 0x0000, 0x0000, 0x0000, 0x0000, 0x0000, 0x0000, 
    0x0000, 0x0000, 0x0000, 0x0000, 0x0000, 0x0000, 0x0000, 0x0000, 
    0x0000, 0x0000, 0x0000, 0x0000, 0x0000, 0x0000, 0x0000, 0x0000, 
    0x0000, 0x0000, 0x0000, 0x0000, 0x0000, 0x0000, 0x0000, 0x0000, 
    0x0000, 0x0000, 0x0000, 0x0000, 0x0000, 0x0000, 0x0000, 0x0000, 
    0x0000, 0x0000, 0x0000, 0x0000, 0x0000, 0x0000, 0x0000, 0x0000, 
    0x0000, 0x0000, 0x0000, 0x0000, 0x0000, 0x0000, 0x0000, 0x0000, 
    0x0000, 0x0000, 0x0000, 0x0000, 0x0000, 0x0000, 0x0000, 0x0000, 
    0x0000, 0x0000, 0x0000, 0x0000, 0x0000, 0x0000, 0x0000, 0x0000, 
    0x0000, 0x0000, 0x0000, 0x0000, 0x0000, 0x0000, 0x0000, 0x0000, 
    0x0000, 0x0000, 0x0000, 0x0000, 0x0000, 0x0000, 0x0000, 0x0000, 
    0x0000, 0x0000, 0x0000, 0x0000, 0x0000, 0x0000, 0x0000, 0x0000, 
    0x0000, 0x0000, 0x0000, 0x0000, 0x0000, 0x0000, 0x0000, 0x0000, 
    0x0000, 0x0000, 0x0000, 0x0000, 0x0000, 0x0000, 0x0000, 0x0000, 
    0x0000, 0x0000, 0x0000, 0x0000, 0x0000, 0x0000, 0x0000, 0x0000, 
    0x0000, 0x0000, 0x0000, 0x0000, 0x0000, 0x0000, 0x0000, 0x0000, 
    0x0000, 0x0000, 0x0000, 0x0000, 0x0000, 0x0000, 0x0000, 0x0000, 
    0x6F3F, 0x6F14, 0x6EF8, 0x6F87, 0x6F7B, 0x6F79, 0x6F82, 0x6F81, 
    0x6F70, 0x6F5C, 0x6FF4, 0x6F6E, 0x6F83, 0x6F7D, 0x6F59, 0x6F8F, 
    0x6F92, 0x6FC3, 0x6F67, 0x6FB4, 0x6FA4, 0x6FA2, 0x6FA5, 0x6FBA, 
    0x6FC7, 0x6FAB, 0x6FE0, 0x6FD6, 0x6FED, 0x6FD5, 0x6FD9, 0x6FF2, 
    0x6FEF, 0x6FDC, 0x700A, 0x700C, 0x6FFB, 0x7012, 0x7002, 0x7010, 
    0x6FFF, 0x701C, 0x701B, 0x6F75, 0x701E, 0x7019, 0x7020, 0x7031, 
    0x703F, 0x7033, 0x7052, 0x7064, 0x709A, 0x7093, 0x70B0, 0x70F2, 
    0x70AD, 0x70B9, 0x70B4, 0x70AF, 0x70E0, 0x70CC, 0x70DE, 0x0000, 
    0x70DA, 0x710A, 0x70FE, 0x711D, 0x711A, 0x7166, 0x7156, 0x7189, 
    0x7167, 0x7163, 0x714D, 0x7157, 0x716D, 0x7190, 0x71FC, 0x7185, 
    0x7196, 0x71A9, 0x71AD, 0x71D8, 0x71BA, 0x71BF, 0x71D3, 0x71CA, 
    0x71D5, 0x71CF, 0x71E1, 0x71ED, 0x71E8, 0x71F6, 0x71FD, 0x71FA, 
    0x7200, 0x720E, 0x7211, 0x721C, 0x7229, 0x722E, 0x722D, 0x7231, 
    0x7233, 0x723C, 0x723D, 0x7240, 0x7241, 0x7247, 0x724C, 0x7259, 
    0x7275, 0x727F, 0x7283, 0x7282, 0x7288, 0x7293, 0x7297, 0x72A3, 
    0x72A8, 0x72BA, 0x72B3, 0x72C4, 0x72C7, 0x72C5, 0x72CF, 0x72D3, 
    0x72E3, 0x72E1, 0x72E2, 0x72FA, 0x72F8, 0x5010, 0x7318, 0x730B, 
    0x731D, 0x7317, 0x731E, 0x7335, 0x7330, 0x732A, 0x7326, 0x733F, 
    0x734F, 0x7350, 0x9ED9, 0x7358, 0x736B, 0x7369, 0x7371, 0x7379, 
    0x7376, 0x737C, 0x737B, 0x73C9, 0x73B4, 0x73CF, 0x73BC, 0x73C1, 
    0x73E6, 0x73EF, 0x73DF, 0x74A3, 0x7406, 0x7470, 0x7426, 0x73F9, 
    0x7433, 0x743B, 0x7456, 0x7440, 0x7460, 0x745A, 0x7442, 0x745D, 
    0x746A, 0x7471, 0x7464, 0x746B, 0x7477, 0x747F, 0x748C, 0x749F, 
    0x74A8, 0x74CB, 0x74D0, 0x74D5, 0x73F2, 0x0000, 0x0000, 0x0000, 
    0x0000, 0x0000, 0x0000, 0x0000, 0x0000, 0x0000, 0x0000, 0x0000, 
    0x0000, 0x0000, 0x0000, 0x0000, 0x0000, 0x0000, 0x0000, 0x0000, 
    0x0000, 0x0000, 0x0000, 0x0000, 0x0000, 0x0000, 0x0000, 0x0000, 
    0x0000, 0x0000, 0x0000, 0x0000, 0x0000, 0x0000, 0x0000, 0x0000, 
    0x0000, 0x0000, 0x0000, 0x0000, 0x0000, 0x0000, 0x0000, 0x0000, 
    0x0000, 0x0000, 0x0000, 0x0000, 0x0000, 0x0000, 0x0000, 0x0000, 
    0x0000, 0x0000, 0x0000, 0x0000, 0x0000, 0x0000, 0x0000, 0x0000, 
    0x0000, 0x0000, 0x0000, 0x0000, 0x0000, 0x0000, 0x0000, 0x0000, 
    0x74E1, 0x74E4, 0x74E8, 0x74EA, 0x74EF, 0x74F3, 0x74F1, 0x74F2, 
    0x74F9, 0x74F8, 0x7505, 0x7504, 0x7506, 0x750D, 0x750F, 0x750E, 
    0x7516, 0x7514, 0x751F, 0x7527, 0x752D, 0x753D, 0x7545, 0x754E, 
    0x754B, 0x754A, 0x755C, 0x7547, 0x755B, 0x756A, 0x7565, 0x7568, 
    0x756C, 0x756E, 0x7579, 0x7577, 0x7587, 0x7588, 0x7575, 0x758B, 
    0x758A, 0x7583, 0x7595, 0x759B, 0x759E, 0x75A6, 0x75A4, 0x75C3, 
    0x75B4, 0x75C4, 0x75B6, 0x75BE, 0x75B9, 0x75BD, 0x75B2, 0x75CE, 
    0x75CB, 0x75D3, 0x75DA, 0x75E4, 0x75DF, 0x75FF, 0x7600, 0x0000, 
    0x75FD, 0x7602, 0x75F1, 0x75FB, 0x75F3, 0x75F4, 0x760C, 0x760E, 
    0x760A, 0x7620, 0x7628, 0x7621, 0x7622, 0x7623, 0x7625, 0x7635, 
    0x7631, 0x763C, 0x7648, 0x7649, 0x7647, 0x765D, 0x7659, 0x7662, 
    0x7663, 0x7669, 0x766A, 0x766B, 0x7668, 0x766D, 0x7671, 0x7673, 
    0x7677, 0x7679, 0x767D, 0x7681, 0x7684, 0x7689, 0x768C, 0x768F, 
    0x7697, 0x7694, 0x769A, 0x769B, 0x76B1, 0x76B5, 0x76B9, 0x76BA, 
    0x76BB, 0x76C3, 0x76CE, 0x76D7, 0x76D3, 0x76DF, 0x76E2, 0x76E6, 
    0x76E8, 0x76EB, 0x8630, 0x76FC, 0x7709, 0x7708, 0x7705, 0x772A, 
    0x7725, 0x771F, 0x7726, 0x7727, 0x771C, 0x7738, 0x7739, 0x7748, 
    0x775B, 0x7769, 0x776C, 0x775C, 0x7766, 0x7780, 0x777F, 0x777A, 
    0x778F, 0x778C, 0x7792, 0x77A1, 0x779F, 0x77B1, 0x77B7, 0x77BA, 
    0x77C0, 0x77BD, 0x77BE, 0x77BC, 0x77C8, 0x77CE, 0x77D8, 0x77DB, 
    0x77DD, 0x77E4, 0x77EF, 0x77FD, 0x780D, 0x7813, 0x7927, 0x7821, 
    0x792B, 0x7846, 0x788F, 0x7875, 0x7887, 0x787D, 0x789B, 0x788D, 
    0x78A4, 0x78B6, 0x78AB, 0x78B0, 0x78D2, 0x78C7, 0x78CC, 0x78D5, 
    0x78BF, 0x78BD, 0x78C6, 0x78CB, 0x78ED, 0x0000, 0x0000, 0x0000, 
    0x0000, 0x0000, 0x0000, 0x0000, 0x0000, 0x0000, 0x0000, 0x0000, 
    0x0000, 0x0000, 0x0000, 0x0000, 0x0000, 0x0000, 0x0000, 0x0000, 
    0x0000, 0x0000, 0x0000, 0x0000, 0x0000, 0x0000, 0x0000, 0x0000, 
    0x0000, 0x0000, 0x0000, 0x0000, 0x0000, 0x0000, 0x0000, 0x0000, 
    0x0000, 0x0000, 0x0000, 0x0000, 0x0000, 0x0000, 0x0000, 0x0000, 
    0x0000, 0x0000, 0x0000, 0x0000, 0x0000, 0x0000, 0x0000, 0x0000, 
    0x0000, 0x0000, 0x0000, 0x0000, 0x0000, 0x0000, 0x0000, 0x0000, 
    0x0000, 0x0000, 0x0000, 0x0000, 0x0000, 0x0000, 0x0000, 0x0000, 
    0x78E8, 0x78DB, 0x78FE, 0x78F5, 0x7908, 0x7913, 0x7912, 0x791A, 
    0x792D, 0x792C, 0x7941, 0x7961, 0x7958, 0x7960, 0x795B, 0x7956, 
    0x7954, 0x797B, 0x7980, 0x798B, 0x799E, 0x79A8, 0x9F4C, 0x79AB, 
    0x79AF, 0x79B4, 0x79BA, 0x79BB, 0x79CA, 0x79D6, 0x79E8, 0x79ED, 
    0x79E2, 0x79E4, 0x7A09, 0x7A0E, 0x7A19, 0x7A1A, 0x7A21, 0x7A20, 
    0x7981, 0x7A32, 0x7A3C, 0x7A3F, 0x7A38, 0x7A44, 0x7A58, 0x7A4A, 
    0x7A62, 0x7A63, 0x7A6A, 0x9F9E, 0x7A71, 0x7A7A, 0x7A7E, 0x7A89, 
    0x7A98, 0x7A96, 0x7A99, 0x7A97, 0x7AAA, 0x7AC9, 0x7AB1, 0x0000, 
    0x7AB7, 0x7AC6, 0x7AC5, 0x7AC0, 0x9084, 0x7AC8, 0x7ACB, 0x7ACE, 
    0x7AD0, 0x7AD6, 0x7AD4, 0x7ADA, 0x7ADB, 0x7ADE, 0x7AE2, 0x7AE3, 
    0x7AE7, 0x7AEE, 0x7AF1, 0x7B03, 0x7B10, 0x7B0B, 0x7B07, 0x7B34, 
    0x7B19, 0x7B1A, 0x7B1F, 0x7B36, 0x7B29, 0x7B37, 0x7B51, 0x7B7B, 
    0x7B05, 0x7B4E, 0x7B0C, 0x7B4D, 0x7B46, 0x7B76, 0x7B66, 0x7B75, 
    0x7B68, 0x7B71, 0x7B72, 0x7B6D, 0x7B6F, 0x7B9E, 0x7B99, 0x7BA0, 
    0x7B8E, 0x7B9D, 0x7B9B, 0x7B8C, 0x7B93, 0x7B90, 0x7B5E, 0x7B9A, 
    0x7BCC, 0x7BC2, 0x7BCD, 0x7BD0, 0x7BB5, 0x7BC7, 0x7BDE, 0x7BEA, 
    0x7C12, 0x7C15, 0x7BE7, 0x7BE6, 0x7C61, 0x7C01, 0x7C08, 0x7C14, 
    0x7BF4, 0x7BF8, 0x7C18, 0x7C0E, 0x7BF7, 0x7C24, 0x7C28, 0x7C2B, 
    0x7C20, 0x7C38, 0x7C2C, 0x7C3E, 0x7C4D, 0x7C44, 0x7C55, 0x7C50, 
    0x7C41, 0x7C51, 0x7C59, 0x7C60, 0x7C65, 0x7C57, 0x7C66, 0x7C6D, 
    0x7C76, 0x7C84, 0x7C91, 0x7CA5, 0x7CAE, 0x7CA3, 0x7CAC, 0x7CA2, 
    0x7CA9, 0x7CB4, 0x7CB3, 0x7CB2, 0x7CAF, 0x7CBA, 0x7CBE, 0x7CC1, 
    0x7CC6, 0x7CC3, 0x7CD9, 0x7CD3, 0x7CDD, 0x7CE3, 0x9B3C, 0x7CF0, 
    0x7CF3, 0x7CF5, 0x7CF7, 0x7CFB, 0x7D07, 0x0000, 0x0000, 0x0000, 
    0x0000, 0x0000, 0x0000, 0x0000, 0x0000, 0x0000, 0x0000, 0x0000, 
    0x0000, 0x0000, 0x0000, 0x0000, 0x0000, 0x0000, 0x0000, 0x0000, 
    0x0000, 0x0000, 0x0000, 0x0000, 0x0000, 0x0000, 0x0000, 0x0000, 
    0x0000, 0x0000, 0x0000, 0x0000, 0x0000, 0x0000, 0x0000, 0x0000, 
    0x0000, 0x0000, 0x0000, 0x0000, 0x0000, 0x0000, 0x0000, 0x0000, 
    0x0000, 0x0000, 0x0000, 0x0000, 0x0000, 0x0000, 0x0000, 0x0000, 
    0x0000, 0x0000, 0x0000, 0x0000, 0x0000, 0x0000, 0x0000, 0x0000, 
    0x0000, 0x0000, 0x0000, 0x0000, 0x0000, 0x0000, 0x0000, 0x0000, 
    0x7D03, 0x7D1D, 0x7D16, 0x7D0B, 0x7D46, 0x7D4C, 0x7D2F, 0x7D33, 
    0x7D40, 0x7D36, 0x7D47, 0x7D74, 0x7D57, 0x7D4F, 0x7D73, 0x7D69, 
    0x7D6F, 0x7D50, 0x7D64, 0x7D94, 0x7D8A, 0x7D5C, 0x7D90, 0x7D7E, 
    0x7D9C, 0x7DBB, 0x7DAF, 0x7DA4, 0x7DB6, 0x7DC8, 0x7DBE, 0x7DAC, 
    0x7E3E, 0x7DA3, 0x7DB0, 0x7DDD, 0x7DB9, 0x7DA0, 0x7DB1, 0x7DD9, 
    0x7DDE, 0x7DE5, 0x7DDF, 0x7DFC, 0x7DF3, 0x7DE2, 0x7E06, 0x7E0B, 
    0x7E24, 0x7E22, 0x7E13, 0x7E32, 0x7E20, 0x7E0A, 0x7E0C, 0x7E23, 
    0x7E47, 0x7E67, 0x7E3C, 0x7E36, 0x7E3A, 0x7E44, 0x7E38, 0x0000, 
    0x7E33, 0x7E3B, 0x7E68, 0x7E5E, 0x7E57, 0x7E5F, 0x7E5A, 0x7E5B, 
    0x7E7A, 0x7E6B, 0x7E6A, 0x7E7D, 0x7E7C, 0x7E84, 0x7DD6, 0x7E7E, 
    0x8FAF, 0x7E80, 0x7E89, 0x7E8A, 0x7E8D, 0x7E93, 0x7E91, 0x7E94, 
    0x7E95, 0x7E97, 0x7E8F, 0x7E9C, 0x7E9D, 0x7F39, 0x7F3B, 0x7F46, 
    0x7F4D, 0x7F4E, 0x7F4F, 0x7F51, 0x7F52, 0x7F56, 0x7F55, 0x7F59, 
    0x7F60, 0x7F61, 0x7F69, 0x7F6A, 0x7F68, 0x7F79, 0x7F83, 0x7F87, 
    0x7F84, 0x7F89, 0x7F88, 0x7F8D, 0x7F95, 0x7F9F, 0x7F9E, 0x7F9B, 
    0x7FA4, 0x7FB0, 0x7FB3, 0x7FBA, 0x7FAF, 0x7FB7, 0x7FB9, 0x8B72, 
    0x7FC6, 0x7FC7, 0x7FCB, 0x7FD6, 0x7FD5, 0x7FE2, 0x7FE7, 0x7FEA, 
    0x7FF4, 0x7FFA, 0x98DD, 0x8007, 0x8005, 0x800C, 0x8013, 0x8019, 
    0x801A, 0x801D, 0x8022, 0x8029, 0x8040, 0x803C, 0x804B, 0x8047, 
    0x8053, 0x8059, 0x805B, 0x8060, 0x8063, 0x8069, 0x8074, 0x8073, 
    0x8071, 0x8077, 0x807A, 0x807E, 0x8080, 0x8085, 0x8087, 0x8086, 
    0x809C, 0x8094, 0x809B, 0x80AE, 0x5191, 0x80AD, 0x80DC, 0x80E6, 
    0x80DA, 0x80DE, 0x80C5, 0x80DB, 0x80D7, 0x810A, 0x80F0, 0x80F2, 
    0x811C, 0x812A, 0x8124, 0x8130, 0x814C, 0x0000, 0x0000, 0x0000, 
    0x0000, 0x0000, 0x0000, 0x0000, 0x0000, 0x0000, 0x0000, 0x0000, 
    0x0000, 0x0000, 0x0000, 0x0000, 0x0000, 0x0000, 0x0000, 0x0000, 
    0x0000, 0x0000, 0x0000, 0x0000, 0x0000, 0x0000, 0x0000, 0x0000, 
    0x0000, 0x0000, 0x0000, 0x0000, 0x0000, 0x0000, 0x0000, 0x0000, 
    0x0000, 0x0000, 0x0000, 0x0000, 0x0000, 0x0000, 0x0000, 0x0000, 
    0x0000, 0x0000, 0x0000, 0x0000, 0x0000, 0x0000, 0x0000, 0x0000, 
    0x0000, 0x0000, 0x0000, 0x0000, 0x0000, 0x0000, 0x0000, 0x0000, 
    0x0000, 0x0000, 0x0000, 0x0000, 0x0000, 0x0000, 0x0000, 0x0000, 
    0x968C, 0x8147, 0x813F, 0x8154, 0x8152, 0x80FD, 0x8172, 0x816F, 
    0x8166, 0x8167, 0x8175, 0x8184, 0x8189, 0x818B, 0x8181, 0x8183, 
    0x81A1, 0x8196, 0x81A5, 0x81A4, 0x8160, 0x8194, 0x81AA, 0x81B1, 
    0x81B6, 0x81BF, 0x81B9, 0x81BE, 0x81C1, 0x81C3, 0x81BB, 0x81CA, 
    0x81CE, 0x81D2, 0x81DA, 0x81D9, 0x81C9, 0x81DB, 0x81E0, 0x81E1, 
    0x81E8, 0x81FB, 0x81FC, 0x81FF, 0x8202, 0x8203, 0x8206, 0x8208, 
    0x820B, 0x820E, 0x8211, 0x8217, 0x822A, 0x822C, 0x8239, 0x8234, 
    0x8241, 0x825A, 0x8259, 0x825E, 0x825B, 0x8260, 0x8265, 0x0000, 
    0x8263, 0x8269, 0x826B, 0x826C, 0x822F, 0x8272, 0x8278, 0x8279, 
    0x827F, 0x828E, 0x8293, 0x82AC, 0x82A0, 0x82BC, 0x82AD, 0x82E2, 
    0x82E4, 0x82E0, 0x82D3, 0x82F5, 0x82F4, 0x82FB, 0x8394, 0x8304, 
    0x82FC, 0x82FA, 0x82DF, 0x8307, 0x82DD, 0x830A, 0x82DA, 0x8336, 
    0x8335, 0x8317, 0x8333, 0x8332, 0x8341, 0x833A, 0x8351, 0x8346, 
    0x8330, 0x832C, 0x8318, 0x8319, 0x8386, 0x839B, 0x83AB, 0x83A0, 
    0x83A3, 0x8397, 0x8324, 0x838F, 0x8388, 0x838B, 0x837D, 0x83B6, 
    0x8374, 0x8376, 0x83A1, 0x838A, 0x83A9, 0x83F5, 0x8414, 0x83EC, 
    0x83CF, 0x83FE, 0x8404, 0x83D9, 0x840C, 0x83C2, 0x83F8, 0x8408, 
    0x83E1, 0x83F3, 0x840E, 0x8423, 0x8421, 0x83BE, 0x8439, 0x8507, 
    0x83FC, 0x846E, 0x842B, 0x843D, 0x855B, 0x8485, 0x8478, 0x846C, 
    0x84AE, 0x846F, 0x8483, 0x846A, 0x8447, 0x842D, 0x8470, 0x847A, 
    0x8436, 0x84CB, 0x8463, 0x84BA, 0x84C0, 0x84A0, 0x84DA, 0x84CE, 
    0x84BC, 0x84DB, 0x84D1, 0x84C2, 0x84C7, 0x84D7, 0x84A2, 0x8522, 
    0x8500, 0x84F5, 0x8518, 0x8519, 0x852D, 0x8520, 0x8516, 0x8515, 
    0x84FD, 0x8541, 0x8564, 0x8559, 0x8549, 0x0000, 0x0000, 0x0000, 
    0x0000, 0x0000, 0x0000, 0x0000, 0x0000, 0x0000, 0x0000, 0x0000, 
    0x0000, 0x0000, 0x0000, 0x0000, 0x0000, 0x0000, 0x0000, 0x0000, 
    0x0000, 0x0000, 0x0000, 0x0000, 0x0000, 0x0000, 0x0000, 0x0000, 
    0x0000, 0x0000, 0x0000, 0x0000, 0x0000, 0x0000, 0x0000, 0x0000, 
    0x0000, 0x0000, 0x0000, 0x0000, 0x0000, 0x0000, 0x0000, 0x0000, 
    0x0000, 0x0000, 0x0000, 0x0000, 0x0000, 0x0000, 0x0000, 0x0000, 
    0x0000, 0x0000, 0x0000, 0x0000, 0x0000, 0x0000, 0x0000, 0x0000, 
    0x0000, 0x0000, 0x0000, 0x0000, 0x0000, 0x0000, 0x0000, 0x0000, 
    0x8542, 0x8603, 0x854C, 0x8556, 0x8581, 0x85A5, 0x8589, 0x8592, 
    0x858B, 0x85A9, 0x856E, 0x8595, 0x859C, 0x85EB, 0x8588, 0x859D, 
    0x8578, 0x857F, 0x8591, 0x85CA, 0x85BB, 0x85D0, 0x85BA, 0x85D1, 
    0x85D6, 0x85DE, 0x85E6, 0x85DD, 0x85FA, 0x860B, 0x8614, 0x860C, 
    0x85FF, 0x85FB, 0x8607, 0x8623, 0x861B, 0x8631, 0x8640, 0x864E, 
    0x4E56, 0x8655, 0x8660, 0x8668, 0x8672, 0x8694, 0x86A4, 0x86AA, 
    0x86AB, 0x868C, 0x868D, 0x86B7, 0x86B0, 0x86C5, 0x86C7, 0x86B1, 
    0x86CA, 0x8824, 0x86AC, 0x86D5, 0x86DF, 0x86EA, 0x86ED, 0x0000, 
    0x86E0, 0x86DC, 0x86F0, 0x8713, 0x8707, 0x8709, 0x8701, 0x8704, 
    0x86FC, 0x8712, 0x870A, 0x870E, 0x86FA, 0x870B, 0x8735, 0x8740, 
    0x8738, 0x873C, 0x8726, 0x872A, 0x871B, 0x8761, 0x8760, 0x8779, 
    0x874D, 0x874F, 0x8775, 0x8758, 0x8769, 0x876F, 0x875A, 0x8754, 
    0x8764, 0x876B, 0x8806, 0x87A3, 0x87A0, 0x8783, 0x87B0, 0x87CC, 
    0x87BE, 0x87C1, 0x87D1, 0x96D7, 0x87AC, 0x87C5, 0x87B4, 0x87C8, 
    0x87C7, 0x87BC, 0x87F0, 0x87F3, 0x87E1, 0x8810, 0x880E, 0x87FF, 
    0x87F7, 0x87F8, 0x880F, 0x87D3, 0x8812, 0x8817, 0x8816, 0x8823, 
    0x8822, 0x8832, 0x8837, 0x883A, 0x8828, 0x883C, 0x8845, 0x8843, 
    0x8853, 0x885A, 0x885F, 0x8863, 0x886C, 0x8882, 0x887F, 0x889F, 
    0x8876, 0x887E, 0x88B6, 0x8873, 0x8883, 0x8898, 0x8893, 0x88AF, 
    0x889A, 0x88A3, 0x888E, 0x88A5, 0x88B1, 0x88C0, 0x88B2, 0x88C4, 
    0x88C5, 0x88D5, 0x88D9, 0x88DA, 0x88DE, 0x88FA, 0x8903, 0x88FD, 
    0x88F5, 0x88E9, 0x88F3, 0x8905, 0x890D, 0x890B, 0x8914, 0x8944, 
    0x891F, 0x8926, 0x892B, 0x892C, 0x8942, 0x8945, 0x893C, 0x8937, 
    0x8939, 0x894D, 0x891E, 0x8961, 0x895F, 0x0000, 0x0000, 0x0000, 
    0x0000, 0x0000, 0x0000, 0x0000, 0x0000, 0x0000, 0x0000, 0x0000, 
    0x0000, 0x0000, 0x0000, 0x0000, 0x0000, 0x0000, 0x0000, 0x0000, 
    0x0000, 0x0000, 0x0000, 0x0000, 0x0000, 0x0000, 0x0000, 0x0000, 
    0x0000, 0x0000, 0x0000, 0x0000, 0x0000, 0x0000, 0x0000, 0x0000, 
    0x0000, 0x0000, 0x0000, 0x0000, 0x0000, 0x0000, 0x0000, 0x0000, 
    0x0000, 0x0000, 0x0000, 0x0000, 0x0000, 0x0000, 0x0000, 0x0000, 
    0x0000, 0x0000, 0x0000, 0x0000, 0x0000, 0x0000, 0x0000, 0x0000, 
    0x0000, 0x0000, 0x0000, 0x0000, 0x0000, 0x0000, 0x0000, 0x0000, 
    0x8967, 0x8965, 0x896E, 0x896B, 0x8970, 0x8975, 0x8978, 0x897F, 
    0x8984, 0x8989, 0x898B, 0x8994, 0x8999, 0x89A2, 0x89AA, 0x89A7, 
    0x89AD, 0x89B0, 0x89B3, 0x89BB, 0x89BE, 0x89C0, 0x89C1, 0x89DB, 
    0x89DD, 0x89DE, 0x89E8, 0x89F5, 0x89F9, 0x8A04, 0x8A17, 0x8A11, 
    0x8A0D, 0x8A1C, 0x8A1E, 0x8A26, 0x8A37, 0x8A42, 0x8A5C, 0x8A53, 
    0x8A47, 0x8A49, 0x8A7D, 0x8A6E, 0x8A6D, 0x8A63, 0x8A86, 0x8A83, 
    0x8A85, 0x8AA9, 0x8AA2, 0x8A92, 0x8AA6, 0x8AA7, 0x8A9B, 0x8AA4, 
    0x8AC5, 0x8ACE, 0x8AC3, 0x8ADB, 0x8AEC, 0x8AF4, 0x8AE8, 0x0000, 
    0x8AE5, 0x8AF2, 0x8B15, 0x8AE1, 0x8AE3, 0x8AF8, 0x8ADF, 0x8ADC, 
    0x8B0D, 0x8B08, 0x8B1B, 0x8AE2, 0x8B17, 0x8B11, 0x8B18, 0x8B21, 
    0x8B34, 0x97AC, 0x8B27, 0x8B2C, 0x8B3F, 0x8B29, 0x8B42, 0x8B4D, 
    0x8B50, 0x8B4F, 0x8B4A, 0x8B57, 0x8B5C, 0x8B5B, 0x8B6C, 0x8B60, 
    0x8B6D, 0x8B70, 0x8B75, 0x8B7E, 0x8B81, 0x8B8D, 0x8B8F, 0x8B93, 
    0x8B94, 0x8B97, 0x8B9A, 0x8B9B, 0x8C3B, 0x8C42, 0x8C40, 0x8C49, 
    0x8C4D, 0x8C4F, 0x8C51, 0x8C56, 0x8C63, 0x8C6D, 0x8C79, 0x8C7B, 
    0x8C83, 0x8C8A, 0x8C86, 0x8C8B, 0x8C8E, 0x8C8F, 0x8C95, 0x8C7D, 
    0x8C99, 0x621E, 0x8CAE, 0x8CAB, 0x8CBE, 0x8CB3, 0x8CB4, 0x8CAF, 
    0x8CB7, 0x8CC9, 0x8CC2, 0x8CE5, 0x8CE4, 0x8CDB, 0x8CFE, 0x8CFB, 
    0x8CFC, 0x8D05, 0x8D06, 0x8D0B, 0x8D08, 0x8D10, 0x8D0E, 0x8D11, 
    0x9F4F, 0x8D14, 0x8CCE, 0x8D15, 0x8D17, 0x8D68, 0x8D6E, 0x8D72, 
    0x8D74, 0x8D82, 0x8D9A, 0x8DC3, 0x8DBF, 0x8DBB, 0x8DD0, 0x8DDB, 
    0x8DD7, 0x8DCD, 0x8DDC, 0x8DCC, 0x8DEB, 0x8DEC, 0x8DE0, 0x8DE4, 
    0x8DFD, 0x8E09, 0x8E0A, 0x8E00, 0x8E1E, 0x8E1F, 0x8E11, 0x8E20, 
    0x8E43, 0x8E36, 0x8E31, 0x8E35, 0x8E4B, 0x0000, 0x0000, 0x0000, 
    0x0000, 0x0000, 0x0000, 0x0000, 0x0000, 0x0000, 0x0000, 0x0000, 
    0x0000, 0x0000, 0x0000, 0x0000, 0x0000, 0x0000, 0x0000, 0x0000, 
    0x0000, 0x0000, 0x0000, 0x0000, 0x0000, 0x0000, 0x0000, 0x0000, 
    0x0000, 0x0000, 0x0000, 0x0000, 0x0000, 0x0000, 0x0000, 0x0000, 
    0x0000, 0x0000, 0x0000, 0x0000, 0x0000, 0x0000, 0x0000, 0x0000, 
    0x0000, 0x0000, 0x0000, 0x0000, 0x0000, 0x0000, 0x0000, 0x0000, 
    0x0000, 0x0000, 0x0000, 0x0000, 0x0000, 0x0000, 0x0000, 0x0000, 
    0x0000, 0x0000, 0x0000, 0x0000, 0x0000, 0x0000, 0x0000, 0x0000, 
    0x8E48, 0x8E4A, 0x8E4D, 0x8E51, 0x8E49, 0x8E5A, 0x8E65, 0x8E61, 
    0x8E2B, 0x8E64, 0x8E56, 0x8E77, 0x8E73, 0x8E7D, 0x8E82, 0x8E88, 
    0x8E86, 0x8E85, 0x8E8C, 0x8E8B, 0x8E94, 0x8E92, 0x8E95, 0x8E9A, 
    0x8EAB, 0x8EA2, 0x8EAD, 0x8EB1, 0x8EC7, 0x8EB2, 0x8EBF, 0x8EC6, 
    0x8EC9, 0x8ECC, 0x8EDC, 0x8EE4, 0x8EFD, 0x8EFC, 0x8EEC, 0x8EFF, 
    0x8F0B, 0x8F06, 0x8F16, 0x8F13, 0x8F1A, 0x8F14, 0x8F1D, 0x8F20, 
    0x8F1C, 0x8F0D, 0x8F27, 0x8F34, 0x8F3C, 0x8F3A, 0x8F46, 0x8F43, 
    0x8F3F, 0x8F4D, 0x8F4A, 0x8F47, 0x8F4F, 0x8F58, 0x8F5D, 0x0000, 
    0x8F63, 0x8F64, 0x8F65, 0x8F9D, 0x8FA0, 0x8FA4, 0x8FAE, 0x8FB0, 
    0x8FB8, 0x8FDB, 0x8FE6, 0x8FE3, 0x8FEB, 0x8FF0, 0x9088, 0x8FF5, 
    0x9006, 0x8FFA, 0x8FFB, 0x9012, 0x9016, 0x9022, 0x900E, 0x901F, 
    0x9017, 0x900C, 0x9028, 0x9037, 0x9036, 0x903A, 0x8FF9, 0x9050, 
    0x9051, 0x9052, 0x9053, 0x900F, 0x904A, 0x903F, 0x9057, 0x9059, 
    0x905F, 0x9069, 0x9070, 0x9077, 0x96A9, 0x9073, 0x9083, 0x907E, 
    0x9082, 0x9081, 0x908B, 0x908A, 0x9090, 0x90A9, 0x90B0, 0x90B2, 
    0x90B6, 0x90E3, 0x90E5, 0x6249, 0x90DC, 0x9103, 0x9113, 0x911A, 
    0x9133, 0x9131, 0x914B, 0x9157, 0x9159, 0x9164, 0x9166, 0x916A, 
    0x9174, 0x9173, 0x918C, 0x918A, 0x9183, 0x91A3, 0x91AC, 0x91B0, 
    0x91AB, 0x91B6, 0x91B5, 0x91BB, 0x91C1, 0x91C2, 0x91CA, 0x91CC, 
    0x91D1, 0x91D7, 0x91E0, 0x91E2, 0x91DC, 0x91FD, 0x91F6, 0x91F7, 
    0x921F, 0x9200, 0x9215, 0x922D, 0x9216, 0x9212, 0x925F, 0x9258, 
    0x9246, 0x924A, 0x9265, 0x9249, 0x9296, 0x9240, 0x924C, 0x9251, 
    0x929D, 0x9297, 0x9294, 0x929C, 0x925B, 0x92D0, 0x92BA, 0x92B8, 
    0x92EA, 0x9310, 0x92FB, 0x9345, 0x932F, 0x0000, 0x0000, 0x0000, 
    0x0000, 0x0000, 0x0000, 0x0000, 0x0000, 0x0000, 0x0000, 0x0000, 
    0x0000, 0x0000, 0x0000, 0x0000, 0x0000, 0x0000, 0x0000, 0x0000, 
    0x0000, 0x0000, 0x0000, 0x0000, 0x0000, 0x0000, 0x0000, 0x0000, 
    0x0000, 0x0000, 0x0000, 0x0000, 0x0000, 0x0000, 0x0000, 0x0000, 
    0x0000, 0x0000, 0x0000, 0x0000, 0x0000, 0x0000, 0x0000, 0x0000, 
    0x0000, 0x0000, 0x0000, 0x0000, 0x0000, 0x0000, 0x0000, 0x0000, 
    0x0000, 0x0000, 0x0000, 0x0000, 0x0000, 0x0000, 0x0000, 0x0000, 
    0x0000, 0x0000, 0x0000, 0x0000, 0x0000, 0x0000, 0x0000, 0x0000, 
    0x931A, 0x9323, 0x931B, 0x9324, 0x933B, 0x9336, 0x933C, 0x935D, 
    0x9361, 0x937D, 0x936F, 0x9357, 0x93B1, 0x93AD, 0x93AE, 0x9395, 
    0x93BA, 0x93D7, 0x93D8, 0x93E9, 0x93E6, 0x93D9, 0x93C4, 0x93DE, 
    0x93D1, 0x93C9, 0x93E5, 0x941B, 0x9415, 0x9414, 0x9404, 0x9408, 
    0x9411, 0x9437, 0x942C, 0x9436, 0x9422, 0x943B, 0x9442, 0x9453, 
    0x9445, 0x945C, 0x9461, 0x9463, 0x945F, 0x946B, 0x922A, 0x9471, 
    0x9476, 0x9478, 0x947E, 0x945B, 0x947D, 0x947F, 0x9482, 0x9480, 
    0x9583, 0x9588, 0x958B, 0x9595, 0x9597, 0x9599, 0x959A, 0x0000, 
    0x95A1, 0x95A9, 0x95A8, 0x95AE, 0x95BD, 0x95BC, 0x95BA, 0x95BF, 
    0x95CB, 0x6FF7, 0x95C4, 0x95CE, 0x95CD, 0x95D6, 0x95D5, 0x95D7, 
    0x95DD, 0x95E2, 0x95E6, 0x95E3, 0x9622, 0x9629, 0x962F, 0x9630, 
    0x9643, 0x964D, 0x9650, 0x964C, 0x9678, 0x965D, 0x965F, 0x965E, 
    0x9660, 0x9667, 0x9673, 0x966D, 0x968E, 0x9699, 0x9696, 0x9698, 
    0x96AB, 0x96A8, 0x96B2, 0x96B3, 0x96B1, 0x96B5, 0x96B7, 0x96B9, 
    0x96BA, 0x96CF, 0x96CC, 0x96CA, 0x96CE, 0x894E, 0x96DD, 0x970E, 
    0x96D6, 0x96FA, 0x9705, 0x9707, 0x9709, 0x9714, 0x970F, 0x9712, 
    0x9710, 0x9717, 0x971A, 0x9725, 0x972B, 0x9731, 0x973A, 0x973E, 
    0x973F, 0x9745, 0x9747, 0x9749, 0x9743, 0x974A, 0x975D, 0x9761, 
    0x9765, 0x9767, 0x9769, 0x52D3, 0x976C, 0x9772, 0x977A, 0x9786, 
    0x977D, 0x9782, 0x977B, 0x9787, 0x978C, 0x9790, 0x9791, 0x979D, 
    0x97A9, 0x97A7, 0x97A4, 0x97B4, 0x97B5, 0x97C4, 0x97C7, 0x97C9, 
    0x97CC, 0x97DD, 0x97EE, 0x9F50, 0x97F3, 0x7AE0, 0x97F7, 0x97F6, 
    0x9810, 0x980D, 0x9839, 0x9825, 0x9822, 0x9838, 0x983E, 0x9847, 
    0x9850, 0x984C, 0x986C, 0x9870, 0x9871, 0x0000, 0x0000, 0x0000, 
    0x0000, 0x0000, 0x0000, 0x0000, 0x0000, 0x0000, 0x0000, 0x0000, 
    0x0000, 0x0000, 0x0000, 0x0000, 0x0000, 0x0000, 0x0000, 0x0000, 
    0x0000, 0x0000, 0x0000, 0x0000, 0x0000, 0x0000, 0x0000, 0x0000, 
    0x0000, 0x0000, 0x0000, 0x0000, 0x0000, 0x0000, 0x0000, 0x0000, 
    0x0000, 0x0000, 0x0000, 0x0000, 0x0000, 0x0000, 0x0000, 0x0000, 
    0x0000, 0x0000, 0x0000, 0x0000, 0x0000, 0x0000, 0x0000, 0x0000, 
    0x0000, 0x0000, 0x0000, 0x0000, 0x0000, 0x0000, 0x0000, 0x0000, 
    0x0000, 0x0000, 0x0000, 0x0000, 0x0000, 0x0000, 0x0000, 0x0000, 
    0x9872, 0x9875, 0x9874, 0x98AB, 0x98B0, 0x98B2, 0x98B7, 0x98C5, 
    0x98C4, 0x98C7, 0x98EA, 0x98EC, 0x9904, 0x990A, 0x9913, 0x9915, 
    0x9919, 0x9922, 0x991E, 0x991F, 0x9925, 0x9921, 0x992D, 0x992F, 
    0x993E, 0x993F, 0x9943, 0x994A, 0x9946, 0x9951, 0x994C, 0x9952, 
    0x9953, 0x994D, 0x9956, 0x9998, 0x9999, 0x99A6, 0x99AE, 0x99AF, 
    0x99BD, 0x99E0, 0x99DC, 0x99DE, 0x99D9, 0x99D2, 0x99EE, 0x99EF, 
    0x99F2, 0x99F3, 0x99FC, 0x99F9, 0x9A02, 0x9A10, 0x9A06, 0x99E3, 
    0x9A1A, 0x9A2C, 0x9A38, 0x9A46, 0x9A43, 0x9A41, 0x9A44, 0x0000, 
    0x9A3F, 0x9A56, 0x9A4E, 0x9A5C, 0x9A58, 0x9A60, 0x9A63, 0x9A66, 
    0x9A65, 0x9A6A, 0x9A6C, 0x9A6B, 0x9AAE, 0x9AB1, 0x9ABD, 0x9AC1, 
    0x9AD0, 0x9AD2, 0x9AD4, 0x9AD5, 0x9ADF, 0x9AE0, 0x9AE3, 0x9AE4, 
    0x9AE7, 0x9AF0, 0x9AEC, 0x9AEF, 0x9AF5, 0x9AF2, 0x9AF8, 0x9AFC, 
    0x9B07, 0x9B19, 0x9B1B, 0x9B20, 0x9B23, 0x9B24, 0x9B26, 0x9B28, 
    0x9B29, 0x9B2A, 0x9B2B, 0x9B2F, 0x9B30, 0x9B33, 0x9B45, 0x9B44, 
    0x9B50, 0x9B4E, 0x9B4F, 0x9B52, 0x9B59, 0x9B75, 0x9B94, 0x9B84, 
    0x9B92, 0x9B97, 0x9B98, 0x9BA0, 0x9BA1, 0x9BA9, 0x9BB5, 0x9BC1, 
    0x9BCB, 0x9BBA, 0x9BC7, 0x9BD0, 0x9BD2, 0x9BD3, 0x9BE4, 0x9BE3, 
    0x9BE5, 0x9BD5, 0x9BE2, 0x9C3B, 0x9BF3, 0x9BF2, 0x9BF1, 0x9C16, 
    0x9C15, 0x9C0A, 0x9C14, 0x9C0D, 0x9C07, 0x9C09, 0x9C13, 0x9C0B, 
    0x9C05, 0x9C2F, 0x9C1C, 0x9C26, 0x9C25, 0x9C22, 0x9C31, 0x9C48, 
    0x9C33, 0x9C47, 0x9C3F, 0x9C5B, 0x9C61, 0x9C68, 0x9C77, 0x9C79, 
    0x9CE8, 0x9CED, 0x9CF1, 0x9D0A, 0x9D09, 0x9CEC, 0x9D04, 0x9D07, 
    0x9D2B, 0x9D27, 0x9DB0, 0x9D24, 0x9D20, 0x9D45, 0x9D16, 0x9D13, 
    0x9D42, 0x9D40, 0x9D3F, 0x9D47, 0x9D49, 0x0000, 0x0000, 0x0000, 
    0x0000, 0x0000, 0x0000, 0x0000, 0x0000, 0x0000, 0x0000, 0x0000, 
    0x0000, 0x0000, 0x0000, 0x0000, 0x0000, 0x0000, 0x0000, 0x0000, 
    0x0000, 0x0000, 0x0000, 0x0000, 0x0000, 0x0000, 0x0000, 0x0000, 
    0x0000, 0x0000, 0x0000, 0x0000, 0x0000, 0x0000, 0x0000, 0x0000, 
    0x0000, 0x0000, 0x0000, 0x0000, 0x0000, 0x0000, 0x0000, 0x0000, 
    0x0000, 0x0000, 0x0000, 0x0000, 0x0000, 0x0000, 0x0000, 0x0000, 
    0x0000, 0x0000, 0x0000, 0x0000, 0x0000, 0x0000, 0x0000, 0x0000, 
    0x0000, 0x0000, 0x0000, 0x0000, 0x0000, 0x0000, 0x0000, 0x0000, 
    0x9D5E, 0x9D5F, 0x9D65, 0x9D52, 0x9D51, 0x9D5A, 0x9D73, 0x9D8A, 
    0x9D88, 0x9DAC, 0x9D70, 0x9D7B, 0x9D9B, 0x9DA5, 0x9DAA, 0x9DB3, 
    0x9DC5, 0x9DC2, 0x9DBC, 0x9DB9, 0x9DBB, 0x9DC7, 0x9DD0, 0x9DC3, 
    0x9DDA, 0x9DD4, 0x9DF9, 0x9DE7, 0x9DEE, 0x9DF0, 0x9DFE, 0x9E1B, 
    0x9E1C, 0x9E1F, 0x9E76, 0x9E7A, 0x9E7E, 0x9E82, 0x9E89, 0x9E8C, 
    0x9E8D, 0x9E93, 0x9E96, 0x9E92, 0x9E9E, 0x9EA6, 0x9EAA, 0x9EB9, 
    0x9EAB, 0x9EAE, 0x9762, 0x9ECD, 0x9ECF, 0x9ED0, 0x9ED1, 0x9ED5, 
    0x9EDD, 0x9EDF, 0x9EDE, 0x9EE1, 0x9EE6, 0x9EE9, 0x9EF0, 0x0000, 
    0x9EF5, 0x9EF7, 0x9EF8, 0x9EFA, 0x9EFC, 0x9EFD, 0x9EFE, 0x9F08, 
    0x9F09, 0x76B8, 0x9F16, 0x9F22, 0x9F2D, 0x9F3F, 0x9F4B, 0x9F53, 
    0x9F55, 0x9F64, 0x9F60, 0x9F61, 0x9F62, 0x9F67, 0x9F68, 0x9F6D, 
    0x9F6B, 0x9F78, 0x9F73, 0x9F77, 0x9F96, 0x9F9D, 0x9FA1, 0x5830, 
    0x69C8, 0x905A, 0x7465, 0x51DD, 0x719A, 0x0000, 0x0000, 0x0000, 
    0x0000, 0x0000, 0x0000, 0x0000, 0x0000, 0x0000, 0x0000, 0x0000, 
    0x0000, 0x0000, 0x0000, 0x0000, 0x0000, 0x0000, 0x0000, 0x0000, 
    0x0000, 0x0000, 0x0000, 0x0000, 0x0000, 0x0000, 0x0000, 0x0000, 
    0x0000, 0x0000, 0x0000, 0x0000, 0x0000, 0x0000, 0x0000, 0x0000, 
    0x0000, 0x0000, 0x0000, 0x0000, 0x0000, 0x0000, 0x0000, 0x0000, 
    0x0000, 0x0000, 0x0000, 0x0000, 0x0000, 0x0000, 0x0000, 0x0000, 
    0x0000, 0x0000, 0x0000, 0x0000, 0x0000, 0x0000, 0x0000, 0x0000, 
    0x0000, 0x0000, 0x0000, 0x0000, 0x0000, 0x0000, 0x0000, 0x0000, 
    0x0000, 0x0000, 0x0000, 0x0000, 0x0000, 0x0000, 0x0000, 0x0000, 
    0x0000, 0x0000, 0x0000, 0x0000, 0x0000, 0x0000, 0x0000, 0x0000, 
    0x0000, 0x0000, 0x0000, 0x0000, 0x0000, 0x0000, 0x0000, 0x0000, 
    0x0000, 0x0000, 0x0000, 0x0000, 0x0000, 0x0000, 0x0000, 0x0000, 
    0x0000, 0x0000, 0x0000, 0x0000, 0x0000, 0x0000, 0x0000, 0x0000, 
    0x0000, 0x0000, 0x0000, 0x0000, 0x0000, 0x0000, 0x0000, 0x0000, 
    0x0000, 0x0000, 0x0000, 0x0000, 0x0000, 0x0000, 0x0000, 0x0000, 
    0x0000, 0x0000, 0x0000, 0x0000, 0x0000, 0x0000, 0x0000, 0x0000, 
    0x0000, 0x0000, 0x0000, 0x0000, 0x0000, 0x0000, 0x0000, 0x0000, 
    0x0000, 0x0000, 0x0000, 0x0000, 0x0000, 0x0000, 0x0000, 0x0000, 
    0x0000, 0x0000, 0x0000, 0x0000, 0x0000, 0x0000, 0x0000, 0x0000, 
    0x0000, 0x0000, 0x0000, 0x0000, 0x0000, 0x0000, 0x0000, 0x0000, 
    0x0000, 0x0000, 0x0000, 0x0000, 0x0000, 0x0000, 0x0000, 0x0000, 
    0x0000, 0x0000, 0x0000, 0x0000, 0x0000, 0x0000, 0x0000, 0x0000, 
    0x0000, 0x0000, 0x0000, 0x0000, 0x0000, 0x0000, 0x0000, 0x0000, 
    0x0000, 0x0000, 0x0000, 0x0000, 0x0000, 0x0000, 0x0000, 0x0000, 
    0x0000, 0x0000, 0x0000, 0x0000, 0x0000, 0x0000, 0x0000, 0x0000, 
    0x0000, 0x0000, 0x0000, 0x0000, 0x0000, 0x0000, 0x0000, 0x0000, 
    0x0000, 0x0000, 0x0000, 0x0000, 0x0000, 0x0000, 0x0000, 0x0000, 
    0x0000, 0x0000, 0x0000, 0x0000, 0x0000, 0x0000, 0x0000, 0x0000, 
    0x0000, 0x0000, 0x0000, 0x0000, 0x0000, 0x0000, 0x0000, 0x0000, 
    0x0000, 0x0000, 0x0000, 0x0000, 0x0000, 0x0000, 0x0000, 0x0000, 
    0x0000, 0x0000, 0x0000, 0x0000, 0x0000, 0x0000, 0x0000, 0x0000, 
    0x0000, 0x0000, 0x0000, 0x0000, 0x0000, 0x0000, 0x0000, 0x0000, 
    0x0000, 0x0000, 0x0000, 0x0000, 0x0000, 0x0000, 0x0000, 0x0000, 
    0x0000, 0x0000, 0x0000, 0x0000, 0x0000, 0x0000, 0x0000, 0x0000, 
    0x0000, 0x0000, 0x0000, 0x0000, 0x0000, 0x0000, 0x0000, 0x0000, 
    0x0000, 0x0000, 0x0000, 0x0000, 0x0000, 0x0000, 0x0000, 0x0000, 
    0x0000, 0x0000, 0x0000, 0x0000, 0x0000, 0x0000, 0x0000, 0x0000, 
    0x0000, 0x0000, 0x0000, 0x0000, 0x0000, 0x0000, 0x0000, 0x0000, 
    0x0000, 0x0000, 0x0000, 0x0000, 0x0000, 0x0000, 0x0000, 0x0000, 
    0x0000, 0x0000, 0x0000, 0x0000, 0x0000, 0x0000, 0x0000, 0x0000, 
    0x0000, 0x0000, 0x0000, 0x0000, 0x0000, 0x0000, 0x0000, 0x0000, 
    0x0000, 0x0000, 0x0000, 0x0000, 0x0000, 0x0000, 0x0000, 0x0000, 
    0x0000, 0x0000, 0x0000, 0x0000, 0x0000, 0x0000, 0x0000, 0x0000, 
    0x0000, 0x0000, 0x0000, 0x0000, 0x0000, 0x0000, 0x0000, 0x0000, 
    0x0000, 0x0000, 0x0000, 0x0000, 0x0000, 0x0000, 0x0000, 0x0000, 
    0x0000, 0x0000, 0x0000, 0x0000, 0x0000, 0x0000, 0x0000, 0x0000, 
    0x0000, 0x0000, 0x0000, 0x0000, 0x0000, 0x0000, 0x0000, 0x0000, 
    0x0000, 0x0000, 0x0000, 0x0000, 0x0000, 0x0000, 0x0000, 0x0000, 
    0x0000, 0x0000, 0x0000, 0x0000, 0x0000, 0x0000, 0x0000, 0x0000, 
    0x0000, 0x0000, 0x0000, 0x0000, 0x0000, 0x0000, 0x0000, 0x0000, 
    0x0000, 0x0000, 0x0000, 0x0000, 0x0000, 0x0000, 0x0000, 0x0000, 
    0x0000, 0x0000, 0x0000, 0x0000, 0x0000, 0x0000, 0x0000, 0x0000, 
    0x0000, 0x0000, 0x0000, 0x0000, 0x0000, 0x0000, 0x0000, 0x0000, 
    0x0000, 0x0000, 0x0000, 0x0000, 0x0000, 0x0000, 0x0000, 0x0000, 
    0x0000, 0x0000, 0x0000, 0x0000, 0x0000, 0x0000, 0x0000, 0x0000, 
    0x0000, 0x0000, 0x0000, 0x0000, 0x0000, 0x0000, 0x0000, 0x0000, 
    0x0000, 0x0000, 0x0000, 0x0000, 0x0000, 0x0000, 0x0000, 0x0000, 
    0x0000, 0x0000, 0x0000, 0x0000, 0x0000, 0x0000, 0x0000, 0x0000, 
    0x0000, 0x0000, 0x0000, 0x0000, 0x0000, 0x0000, 0x0000, 0x0000, 
    0x0000, 0x0000, 0x0000, 0x0000, 0x0000, 0x0000, 0x0000, 0x0000, 
    0x0000, 0x0000, 0x0000, 0x0000, 0x0000, 0x0000, 0x0000, 0x0000, 
    0x0000, 0x0000, 0x0000, 0x0000, 0x0000, 0x0000, 0x0000, 0x0000, 
    0x0000, 0x0000, 0x0000, 0x0000, 0x0000, 0x0000, 0x0000, 0x0000, 
    0x0000, 0x0000, 0x0000, 0x0000, 0x0000, 0x0000, 0x0000, 0x0000, 
    0x0000, 0x0000, 0x0000, 0x0000, 0x0000, 0x0000, 0x0000, 0x0000, 
    0x0000, 0x0000, 0x0000, 0x0000, 0x0000, 0x0000, 0x0000, 0x0000, 
    0x0000, 0x0000, 0x0000, 0x0000, 0x0000, 0x0000, 0x0000, 0x0000, 
    0x0000, 0x0000, 0x0000, 0x0000, 0x0000, 0x0000, 0x0000, 0x0000, 
    0x0000, 0x0000, 0x0000, 0x0000, 0x0000, 0x0000, 0x0000, 0x0000, 
    0x0000, 0x0000, 0x0000, 0x0000, 0x0000, 0x0000, 0x0000, 0x0000, 
    0x0000, 0x0000, 0x0000, 0x0000, 0x0000, 0x0000, 0x0000, 0x0000, 
    0x0000, 0x0000, 0x0000, 0x0000, 0x0000, 0x0000, 0x0000, 0x0000, 
    0x0000, 0x0000, 0x0000, 0x0000, 0x0000, 0x0000, 0x0000, 0x0000, 
    0x0000, 0x0000, 0x0000, 0x0000, 0x0000, 0x0000, 0x0000, 0x0000, 
    0x0000, 0x0000, 0x0000, 0x0000, 0x0000, 0x0000, 0x0000, 0x0000, 
    0x0000, 0x0000, 0x0000, 0x0000, 0x0000, 0x0000, 0x0000, 0x0000, 
    0x0000, 0x0000, 0x0000, 0x0000, 0x0000, 0x0000, 0x0000, 0x0000, 
    0x0000, 0x0000, 0x0000, 0x0000, 0x0000, 0x0000, 0x0000, 0x0000, 
    0x0000, 0x0000, 0x0000, 0x0000, 0x0000, 0x0000, 0x0000, 0x0000, 
    0x0000, 0x0000, 0x0000, 0x0000, 0x0000, 0x0000, 0x0000, 0x0000, 
    0x0000, 0x0000, 0x0000, 0x0000, 0x0000, 0x0000, 0x0000, 0x0000, 
    0x0000, 0x0000, 0x0000, 0x0000, 0x0000, 0x0000, 0x0000, 0x0000, 
    0x0000, 0x0000, 0x0000, 0x0000, 0x0000, 0x0000, 0x0000, 0x0000, 
    0x0000, 0x0000, 0x0000, 0x0000, 0x0000, 0x0000, 0x0000, 0x0000, 
    0x0000, 0x0000, 0x0000, 0x0000, 0x0000, 0x0000, 0x0000, 0x0000, 
    0x0000, 0x0000, 0x0000, 0x0000, 0x0000, 0x0000, 0x0000, 0x0000, 
    0x0000, 0x0000, 0x0000, 0x0000, 0x0000, 0x0000, 0x0000, 0x0000, 
    0x0000, 0x0000, 0x0000, 0x0000, 0x0000, 0x0000, 0x0000, 0x0000, 
    0x0000, 0x0000, 0x0000, 0x0000, 0x0000, 0x0000, 0x0000, 0x0000, 
    0x0000, 0x0000, 0x0000, 0x0000, 0x0000, 0x0000, 0x0000, 0x0000, 
    0x0000, 0x0000, 0x0000, 0x0000, 0x0000, 0x0000, 0x0000, 0x0000, 
    0x0000, 0x0000, 0x0000, 0x0000, 0x0000, 0x0000, 0x0000, 0x0000, 
    0x0000, 0x0000, 0x0000, 0x0000, 0x0000, 0x0000, 0x0000, 0x0000, 
    0x0000, 0x0000, 0x0000, 0x0000, 0x0000, 0x0000, 0x0000, 0x0000, 
    0x0000, 0x0000, 0x0000, 0x0000, 0x0000, 0x0000, 0x0000, 0x0000, 
    0x0000, 0x0000, 0x0000, 0x0000, 0x0000, 0x0000, 0x0000, 0x0000, 
    0x0000, 0x0000, 0x0000, 0x0000, 0x0000, 0x0000, 0x0000, 0x0000, 
    0x0000, 0x0000, 0x0000, 0x0000, 0x0000, 0x0000, 0x0000, 0x0000, 
    0x0000, 0x0000, 0x0000, 0x0000, 0x0000, 0x0000, 0x0000, 0x0000, 
    0x0000, 0x0000, 0x0000, 0x0000, 0x0000, 0x0000, 0x0000, 0x0000, 
    0x0000, 0x0000, 0x0000, 0x0000, 0x0000, 0x0000, 0x0000, 0x0000, 
    0x0000, 0x0000, 0x0000, 0x0000, 0x0000, 0x0000, 0x0000, 0x0000, 
    0x0000, 0x0000, 0x0000, 0x0000, 0x0000, 0x0000, 0x0000, 0x0000, 
    0x0000, 0x0000, 0x0000, 0x0000, 0x0000, 0x0000, 0x0000, 0x0000, 
    0x0000, 0x0000, 0x0000, 0x0000, 0x0000, 0x0000, 0x0000, 0x0000, 
    0x0000, 0x0000, 0x0000, 0x0000, 0x0000, 0x0000, 0x0000, 0x0000, 
    0x0000, 0x0000, 0x0000, 0x0000, 0x0000, 0x0000, 0x0000, 0x0000, 
    0x0000, 0x0000, 0x0000, 0x0000, 0x0000, 0x0000, 0x0000, 0x0000, 
    0x0000, 0x0000, 0x0000, 0x0000, 0x0000, 0x0000, 0x0000, 0x0000, 
    0x0000, 0x0000, 0x0000, 0x0000, 0x0000, 0x0000, 0x0000, 0x0000, 
    0x0000, 0x0000, 0x0000, 0x0000, 0x0000, 0x0000, 0x0000, 0x0000, 
    0x0000, 0x0000, 0x0000, 0x0000, 0x0000, 0x0000, 0x0000, 0x0000, 
    0x0000, 0x0000, 0x0000, 0x0000, 0x0000, 0x0000, 0x0000, 0x0000, 
    0x0000, 0x0000, 0x0000, 0x0000, 0x0000, 0x0000, 0x0000, 0x0000, 
    0x0000, 0x0000, 0x0000, 0x0000, 0x0000, 0x0000, 0x0000, 0x0000, 
    0x0000, 0x0000, 0x0000, 0x0000, 0x0000, 0x0000, 0x0000, 0x0000, 
    0x0000, 0x0000, 0x0000, 0x0000, 0x0000, 0x0000, 0x0000, 0x0000, 
    0x0000, 0x0000, 0x0000, 0x0000, 0x0000, 0x0000, 0x0000, 0x0000, 
    0x0000, 0x0000, 0x0000, 0x0000, 0x0000, 0x0000, 0x0000, 0x0000, 
    0x0000, 0x0000, 0x0000, 0x0000, 0x0000, 0x0000, 0x0000, 0x0000, 
    0x0000, 0x0000, 0x0000, 0x0000, 0x0000, 0x0000, 0x0000, 0x0000, 
    0x0000, 0x0000, 0x0000, 0x0000, 0x0000, 0x0000, 0x0000, 0x0000, 
    0x0000, 0x0000, 0x0000, 0x0000, 0x0000, 0x0000, 0x0000, 0x0000, 
    0x0000, 0x0000, 0x0000, 0x0000, 0x0000, 0x0000, 0x0000, 0x0000, 
    0x0000, 0x0000, 0x0000, 0x0000, 0x0000, 0x0000, 0x0000, 0x0000, 
    0x0000, 0x0000, 0x0000, 0x0000, 0x0000, 0x0000, 0x0000, 0x0000, 
    0x0000, 0x0000, 0x0000, 0x0000, 0x0000, 0x0000, 0x0000, 0x0000, 
    0x0000, 0x0000, 0x0000, 0x0000, 0x0000, 0x0000, 0x0000, 0x0000, 
    0x0000, 0x0000, 0x0000, 0x0000, 0x0000, 0x0000, 0x0000, 0x0000, 
    0x0000, 0x0000, 0x0000, 0x0000, 0x0000, 0x0000, 0x0000, 0x0000, 
    0x0000, 0x0000, 0x0000, 0x0000, 0x0000, 0x0000, 0x0000, 0x0000, 
    0x0000, 0x0000, 0x0000, 0x0000, 0x0000, 0x0000, 0x0000, 0x0000, 
    0x0000, 0x0000, 0x0000, 0x0000, 0x0000, 0x0000, 0x0000, 0x0000, 
    0x0000, 0x0000, 0x0000, 0x0000, 0x0000, 0x0000, 0x0000, 0x0000, 
    0x0000, 0x0000, 0x0000, 0x0000, 0x0000, 0x0000, 0x0000, 0x0000, 
    0x0000, 0x0000, 0x0000, 0x0000, 0x0000, 0x0000, 0x0000, 0x0000, 
    0x0000, 0x0000, 0x0000, 0x0000, 0x0000, 0x0000, 0x0000, 0x0000, 
    0x0000, 0x0000, 0x0000, 0x0000, 0x0000, 0x0000, 0x0000, 0x0000, 
    0x0000, 0x0000, 0x0000, 0x0000, 0x0000, 0x0000, 0x0000, 0x0000, 
    0x0000, 0x0000, 0x0000, 0x0000, 0x0000, 0x0000, 0x0000, 0x0000, 
    0x0000, 0x0000, 0x0000, 0x0000, 0x0000, 0x0000, 0x0000, 0x0000, 
    0x0000, 0x0000, 0x0000, 0x0000, 0x0000, 0x0000, 0x0000, 0x0000, 
    0x0000, 0x0000, 0x0000, 0x0000, 0x0000, 0x0000, 0x0000, 0x0000, 
    0x0000, 0x0000, 0x0000, 0x0000, 0x0000, 0x0000, 0x0000, 0x0000, 
    0x0000, 0x0000, 0x0000, 0x0000, 0x0000, 0x0000, 0x0000, 0x0000, 
    0x0000, 0x0000, 0x0000, 0x0000, 0x0000, 0x0000, 0x0000, 0x0000, 
    0x0000, 0x0000, 0x0000, 0x0000, 0x0000, 0x0000, 0x0000, 0x0000, 
    0x0000, 0x0000, 0x0000, 0x0000, 0x0000, 0x0000, 0x0000, 0x0000, 
    0x0000, 0x0000, 0x0000, 0x0000, 0x0000, 0x0000, 0x0000, 0x0000, 
    0x0000, 0x0000, 0x0000, 0x0000, 0x0000, 0x0000, 0x0000, 0x0000, 
    0x0000, 0x0000, 0x0000, 0x0000, 0x0000, 0x0000, 0x0000, 0x0000, 
    0x0000, 0x0000, 0x0000, 0x0000, 0x0000, 0x0000, 0x0000, 0x0000, 
    0x0000, 0x0000, 0x0000, 0x0000, 0x0000, 0x0000, 0x0000, 0x0000, 
    0x0000, 0x0000, 0x0000, 0x0000, 0x0000, 0x0000, 0x0000, 0x0000, 
    0x0000, 0x0000, 0x0000, 0x0000, 0x0000, 0x0000, 0x0000, 0x0000, 
    0x0000, 0x0000, 0x0000, 0x0000, 0x0000, 0x0000, 0x0000, 0x0000, 
    0x0000, 0x0000, 0x0000, 0x0000, 0x0000, 0x0000, 0x0000, 0x0000, 
    0x0000, 0x0000, 0x0000, 0x0000, 0x0000, 0x0000, 0x0000, 0x0000, 
    0x0000, 0x0000, 0x0000, 0x0000, 0x0000, 0x0000, 0x0000, 0x0000, 
    0x0000, 0x0000, 0x0000, 0x0000, 0x0000, 0x0000, 0x0000, 0x0000, 
    0x0000, 0x0000, 0x0000, 0x0000, 0x0000, 0x0000, 0x0000, 0x0000, 
    0x0000, 0x0000, 0x0000, 0x0000, 0x0000, 0x0000, 0x0000, 0x0000, 
    0x0000, 0x0000, 0x0000, 0x0000, 0x0000, 0x0000, 0x0000, 0x0000, 
    0x0000, 0x0000, 0x0000, 0x0000, 0x0000, 0x0000, 0x0000, 0x0000, 
    0x0000, 0x0000, 0x0000, 0x0000, 0x0000, 0x0000, 0x0000, 0x0000, 
    0x0000, 0x0000, 0x0000, 0x0000, 0x0000, 0x0000, 0x0000, 0x0000, 
    0x0000, 0x0000, 0x0000, 0x0000, 0x0000, 0x0000, 0x0000, 0x0000, 
    0x0000, 0x0000, 0x0000, 0x0000, 0x0000, 0x0000, 0x0000, 0x0000, 
    0x0000, 0x0000, 0x0000, 0x0000, 0x0000, 0x0000, 0x0000, 0x0000, 
    0x0000, 0x0000, 0x0000, 0x0000, 0x0000, 0x0000, 0x0000, 0x0000, 
    0x0000, 0x0000, 0x0000, 0x0000, 0x0000, 0x0000, 0x0000, 0x0000, 
    0x0000, 0x0000, 0x0000, 0x0000, 0x0000, 0x0000, 0x0000, 0x0000, 
    0x0000, 0x0000, 0x0000, 0x0000, 0x0000, 0x0000, 0x0000, 0x0000, 
    0x0000, 0x0000, 0x0000, 0x0000, 0x0000, 0x0000, 0x0000, 0x0000, 
    0x0000, 0x0000, 0x0000, 0x0000, 0x0000, 0x0000, 0x0000, 0x0000, 
    0x0000, 0x0000, 0x0000, 0x0000, 0x0000, 0x0000, 0x0000, 0x0000, 
    0x0000, 0x0000, 0x0000, 0x0000, 0x0000, 0x0000, 0x0000, 0x0000, 
    0x0000, 0x0000, 0x0000, 0x0000, 0x0000, 0x0000, 0x0000, 0x0000, 
    0x0000, 0x0000, 0x0000, 0x0000, 0x0000, 0x0000, 0x0000, 0x0000, 
    0xE001, 0xE002, 0xE003, 0xE004, 0xE005, 0xE006, 0xE007, 0xE008, 
    0xE009, 0xE00A, 0xE00B, 0xE00C, 0xE00D, 0xE00E, 0xE00F, 0xE010, 
    0xE011, 0xE012, 0xE013, 0xE014, 0xE015, 0xE016, 0xE017, 0xE018, 
    0xE019, 0xE01A, 0xE01B, 0xE01C, 0xE01D, 0xE01E, 0xE01F, 0xE020, 
    0xE021, 0xE022, 0xE023, 0xE024, 0xE025, 0xE026, 0xE027, 0xE028, 
    0xE029, 0xE02A, 0xE02B, 0xE02C, 0xE02D, 0xE02E, 0xE02F, 0xE030, 
    0xE031, 0xE032, 0xE033, 0xE034, 0xE035, 0xE036, 0xE037, 0xE038, 
    0xE039, 0xE03A, 0xE03B, 0xE03C, 0xE03D, 0xE03E, 0xE03F, 0x0000, 
    0xE040, 0xE041, 0xE042, 0xE043, 0xE044, 0xE045, 0xE046, 0xE047, 
    0xE048, 0xE049, 0xE04A, 0xE04B, 0xE04C, 0xE04D, 0xE04E, 0xE04F, 
    0xE050, 0xE051, 0xE052, 0xE053, 0xE054, 0xE055, 0xE056, 0xE057, 
    0xE058, 0xE059, 0xE05A, 0xE05B, 0xE05C, 0xE05D, 0xE05E, 0xE05F, 
    0xE060, 0xE061, 0xE062, 0xE063, 0xE064, 0xE065, 0xE066, 0xE067, 
    0xE068, 0xE069, 0xE06A, 0xE06B, 0xE06C, 0xE06D, 0xE06E, 0xE06F, 
    0xE070, 0xE071, 0xE072, 0xE073, 0xE074, 0xE075, 0xE076, 0xE077, 
    0xE078, 0xE079, 0xE07A, 0xE07B, 0xE07C, 0xE07D, 0xE07E, 0xE07F, 
    0xE080, 0xE081, 0xE082, 0xE083, 0xE084, 0xE085, 0xE086, 0xE087, 
    0xE088, 0xE089, 0xE08A, 0xE08B, 0xE08C, 0xE08D, 0xE08E, 0xE08F, 
    0xE090, 0xE091, 0xE092, 0xE093, 0xE094, 0xE095, 0xE096, 0xE097, 
    0xE098, 0xE099, 0xE09A, 0xE09B, 0xE09C, 0xE09D, 0xE09E, 0xE09F, 
    0xE0A0, 0xE0A1, 0xE0A2, 0xE0A3, 0xE0A4, 0xE0A5, 0xE0A6, 0xE0A7, 
    0xE0A8, 0xE0A9, 0xE0AA, 0xE0AB, 0xE0AC, 0xE0AD, 0xE0AE, 0xE0AF, 
    0xE0B0, 0xE0B1, 0xE0B2, 0xE0B3, 0xE0B4, 0xE0B5, 0xE0B6, 0xE0B7, 
    0xE0B8, 0xE0B9, 0xE0BA, 0xE0BB, 0xE0BC, 0x0000, 0x0000, 0x0000, 
    0x0000, 0x0000, 0x0000, 0x0000, 0x0000, 0x0000, 0x0000, 0x0000, 
    0x0000, 0x0000, 0x0000, 0x0000, 0x0000, 0x0000, 0x0000, 0x0000, 
    0x0000, 0x0000, 0x0000, 0x0000, 0x0000, 0x0000, 0x0000, 0x0000, 
    0x0000, 0x0000, 0x0000, 0x0000, 0x0000, 0x0000, 0x0000, 0x0000, 
    0x0000, 0x0000, 0x0000, 0x0000, 0x0000, 0x0000, 0x0000, 0x0000, 
    0x0000, 0x0000, 0x0000, 0x0000, 0x0000, 0x0000, 0x0000, 0x0000, 
    0x0000, 0x0000, 0x0000, 0x0000, 0x0000, 0x0000, 0x0000, 0x0000, 
    0x0000, 0x0000, 0x0000, 0x0000, 0x0000, 0x0000, 0x0000, 0x0000, 
    0xE0BD, 0xE0BE, 0xE0BF, 0xE0C0, 0xE0C1, 0xE0C2, 0xE0C3, 0xE0C4, 
    0xE0C5, 0xE0C6, 0xE0C7, 0xE0C8, 0xE0C9, 0xE0CA, 0xE0CB, 0xE0CC, 
    0xE0CD, 0xE0CE, 0xE0CF, 0xE0D0, 0xE0D1, 0xE0D2, 0xE0D3, 0xE0D4, 
    0xE0D5, 0xE0D6, 0xE0D7, 0xE0D8, 0xE0D9, 0xE0DA, 0xE0DB, 0xE0DC, 
    0xE0DD, 0xE0DE, 0xE0DF, 0xE0E0, 0xE0E1, 0xE0E2, 0xE0E3, 0xE0E4, 
    0xE0E5, 0xE0E6, 0xE0E7, 0xE0E8, 0xE0E9, 0xE0EA, 0xE0EB, 0xE0EC, 
    0xE0ED, 0xE0EE, 0xE0EF, 0xE0F0, 0xE0F1, 0xE0F2, 0xE0F3, 0xE0F4, 
    0xE0F5, 0xE0F6, 0xE0F7, 0xE0F8, 0xE0F9, 0xE0FA, 0xE0FB, 0x0000, 
    0xE0FC, 0xE0FD, 0xE0FE, 0xE0FF, 0xE100, 0xE101, 0xE102, 0xE103, 
    0xE104, 0xE105, 0xE106, 0xE107, 0xE108, 0xE109, 0xE10A, 0xE10B, 
    0xE10C, 0xE10D, 0xE10E, 0xE10F, 0xE110, 0xE111, 0xE112, 0xE113, 
    0xE114, 0xE115, 0xE116, 0xE117, 0xE118, 0xE119, 0xE11A, 0xE11B, 
    0xE11C, 0xE11D, 0xE11E, 0xE11F, 0xE120, 0xE121, 0xE122, 0xE123, 
    0xE124, 0xE125, 0xE126, 0xE127, 0xE128, 0xE129, 0xE12A, 0xE12B, 
    0xE12C, 0xE12D, 0xE12E, 0xE12F, 0xE130, 0xE131, 0xE132, 0xE133, 
    0xE134, 0xE135, 0xE136, 0xE137, 0xE138, 0xE139, 0xE13A, 0xE13B, 
    0xE13C, 0xE13D, 0xE13E, 0xE13F, 0xE140, 0xE141, 0xE142, 0xE143, 
    0xE144, 0xE145, 0xE146, 0xE147, 0xE148, 0xE149, 0xE14A, 0xE14B, 
    0xE14C, 0xE14D, 0xE14E, 0xE14F, 0xE150, 0xE151, 0xE152, 0xE153, 
    0xE154, 0xE155, 0xE156, 0xE157, 0xE158, 0xE159, 0xE15A, 0xE15B, 
    0xE15C, 0xE15D, 0xE15E, 0xE15F, 0xE160, 0xE161, 0xE162, 0xE163, 
    0xE164, 0xE165, 0xE166, 0xE167, 0xE168, 0xE169, 0xE16A, 0xE16B, 
    0xE16C, 0xE16D, 0xE16E, 0xE16F, 0xE170, 0xE171, 0xE172, 0xE173, 
    0xE174, 0xE175, 0xE176, 0xE177, 0xE178, 0x0000, 0x0000, 0x0000, 
    0x0000, 0x0000, 0x0000, 0x0000, 0x0000, 0x0000, 0x0000, 0x0000, 
    0x0000, 0x0000, 0x0000, 0x0000, 0x0000, 0x0000, 0x0000, 0x0000, 
    0x0000, 0x0000, 0x0000, 0x0000, 0x0000, 0x0000, 0x0000, 0x0000, 
    0x0000, 0x0000, 0x0000, 0x0000, 0x0000, 0x0000, 0x0000, 0x0000, 
    0x0000, 0x0000, 0x0000, 0x0000, 0x0000, 0x0000, 0x0000, 0x0000, 
    0x0000, 0x0000, 0x0000, 0x0000, 0x0000, 0x0000, 0x0000, 0x0000, 
    0x0000, 0x0000, 0x0000, 0x0000, 0x0000, 0x0000, 0x0000, 0x0000, 
    0x0000, 0x0000, 0x0000, 0x0000, 0x0000, 0x0000, 0x0000, 0x0000, 
    0xE179, 0xE17A, 0xE17B, 0xE17C, 0xE17D, 0xE17E, 0xE17F, 0xE180, 
    0xE181, 0xE182, 0xE183, 0xE184, 0xE185, 0xE186, 0xE187, 0xE188, 
    0xE189, 0xE18A, 0xE18B, 0xE18C, 0xE18D, 0xE18E, 0xE18F, 0xE190, 
    0xE191, 0xE192, 0xE193, 0xE194, 0xE195, 0xE196, 0xE197, 0xE198, 
    0xE199, 0xE19A, 0xE19B, 0xE19C, 0xE19D, 0xE19E, 0xE19F, 0xE1A0, 
    0xE1A1, 0xE1A2, 0xE1A3, 0xE1A4, 0xE1A5, 0xE1A6, 0xE1A7, 0xE1A8, 
    0xE1A9, 0xE1AA, 0xE1AB, 0xE1AC, 0xE1AD, 0xE1AE, 0xE1AF, 0xE1B0, 
    0xE1B1, 0xE1B2, 0xE1B3, 0xE1B4, 0xE1B5, 0xE1B6, 0xE1B7, 0x0000, 
    0xE1B8, 0xE1B9, 0xE1BA, 0xE1BB, 0xE1BC, 0xE1BD, 0xE1BE, 0xE1BF, 
    0xE1C0, 0xE1C1, 0xE1C2, 0xE1C3, 0xE1C4, 0xE1C5, 0xE1C6, 0xE1C7, 
    0xE1C8, 0xE1C9, 0xE1CA, 0xE1CB, 0xE1CC, 0xE1CD, 0xE1CE, 0xE1CF, 
    0xE1D0, 0xE1D1, 0xE1D2, 0xE1D3, 0xE1D4, 0xE1D5, 0xE1D6, 0xE1D7, 
    0xE1D8, 0xE1D9, 0xE1DA, 0xE1DB, 0xE1DC, 0xE1DD, 0xE1DE, 0xE1DF, 
    0xE1E0, 0xE1E1, 0xE1E2, 0xE1E3, 0xE1E4, 0xE1E5, 0xE1E6, 0xE1E7, 
    0xE1E8, 0xE1E9, 0xE1EA, 0xE1EB, 0xE1EC, 0xE1ED, 0xE1EE, 0xE1EF, 
    0xE1F0, 0xE1F1, 0xE1F2, 0xE1F3, 0xE1F4, 0xE1F5, 0xE1F6, 0xE1F7, 
    0xE1F8, 0xE1F9, 0xE1FA, 0xE1FB, 0xE1FC, 0xE1FD, 0xE1FE, 0xE1FF, 
    0xE200, 0xE201, 0xE202, 0xE203, 0xE204, 0xE205, 0xE206, 0xE207, 
    0xE208, 0xE209, 0xE20A, 0xE20B, 0xE20C, 0xE20D, 0xE20E, 0xE20F, 
    0xE210, 0xE211, 0xE212, 0xE213, 0xE214, 0xE215, 0xE216, 0xE217, 
    0xE218, 0xE219, 0xE21A, 0xE21B, 0xE21C, 0xE21D, 0xE21E, 0xE21F, 
    0xE220, 0xE221, 0xE222, 0xE223, 0xE224, 0xE225, 0xE226, 0xE227, 
    0xE228, 0xE229, 0xE22A, 0xE22B, 0xE22C, 0xE22D, 0xE22E, 0xE22F, 
    0xE230, 0xE231, 0xE232, 0xE233, 0xE234, 0x0000, 0x0000, 0x0000, 
    0x0000, 0x0000, 0x0000, 0x0000, 0x0000, 0x0000, 0x0000, 0x0000, 
    0x0000, 0x0000, 0x0000, 0x0000, 0x0000, 0x0000, 0x0000, 0x0000, 
    0x0000, 0x0000, 0x0000, 0x0000, 0x0000, 0x0000, 0x0000, 0x0000, 
    0x0000, 0x0000, 0x0000, 0x0000, 0x0000, 0x0000, 0x0000, 0x0000, 
    0x0000, 0x0000, 0x0000, 0x0000, 0x0000, 0x0000, 0x0000, 0x0000, 
    0x0000, 0x0000, 0x0000, 0x0000, 0x0000, 0x0000, 0x0000, 0x0000, 
    0x0000, 0x0000, 0x0000, 0x0000, 0x0000, 0x0000, 0x0000, 0x0000, 
    0x0000, 0x0000, 0x0000, 0x0000, 0x0000, 0x0000, 0x0000, 0x0000, 
    0xE235, 0xE236, 0xE237, 0xE238, 0xE239, 0xE23A, 0xE23B, 0xE23C, 
    0xE23D, 0xE23E, 0xE23F, 0xE240, 0xE241, 0xE242, 0xE243, 0xE244, 
    0xE245, 0xE246, 0xE247, 0xE248, 0xE249, 0xE24A, 0xE24B, 0xE24C, 
    0xE24D, 0xE24E, 0xE24F, 0xE250, 0xE251, 0xE252, 0xE253, 0xE254, 
    0xE255, 0xE256, 0xE257, 0xE258, 0xE259, 0xE25A, 0xE25B, 0xE25C, 
    0xE25D, 0xE25E, 0xE25F, 0xE260, 0xE261, 0xE262, 0xE263, 0xE264, 
    0xE265, 0xE266, 0xE267, 0xE268, 0xE269, 0xE26A, 0xE26B, 0xE26C, 
    0xE26D, 0xE26E, 0xE26F, 0xE270, 0xE271, 0xE272, 0xE273, 0x0000, 
    0xE274, 0xE275, 0xE276, 0xE277, 0xE278, 0xE279, 0xE27A, 0xE27B, 
    0xE27C, 0xE27D, 0xE27E, 0xE27F, 0xE280, 0xE281, 0xE282, 0xE283, 
    0xE284, 0xE285, 0xE286, 0xE287, 0xE288, 0xE289, 0xE28A, 0xE28B, 
    0xE28C, 0xE28D, 0xE28E, 0xE28F, 0xE290, 0xE291, 0xE292, 0xE293, 
    0xE294, 0xE295, 0xE296, 0xE297, 0xE298, 0xE299, 0xE29A, 0xE29B, 
    0xE29C, 0xE29D, 0xE29E, 0xE29F, 0xE2A0, 0xE2A1, 0xE2A2, 0xE2A3, 
    0xE2A4, 0xE2A5, 0xE2A6, 0xE2A7, 0xE2A8, 0xE2A9, 0xE2AA, 0xE2AB, 
    0xE2AC, 0xE2AD, 0xE2AE, 0xE2AF, 0xE2B0, 0xE2B1, 0xE2B2, 0xE2B3, 
    0xE2B4, 0xE2B5, 0xE2B6, 0xE2B7, 0xE2B8, 0xE2B9, 0xE2BA, 0xE2BB, 
    0xE2BC, 0xE2BD, 0xE2BE, 0xE2BF, 0xE2C0, 0xE2C1, 0xE2C2, 0xE2C3, 
    0xE2C4, 0xE2C5, 0xE2C6, 0xE2C7, 0xE2C8, 0xE2C9, 0xE2CA, 0xE2CB, 
    0xE2CC, 0xE2CD, 0xE2CE, 0xE2CF, 0xE2D0, 0xE2D1, 0xE2D2, 0xE2D3, 
    0xE2D4, 0xE2D5, 0xE2D6, 0xE2D7, 0xE2D8, 0xE2D9, 0xE2DA, 0xE2DB, 
    0xE2DC, 0xE2DD, 0xE2DE, 0xE2DF, 0xE2E0, 0xE2E1, 0xE2E2, 0xE2E3, 
    0xE2E4, 0xE2E5, 0xE2E6, 0xE2E7, 0xE2E8, 0xE2E9, 0xE2EA, 0xE2EB, 
    0xE2EC, 0xE2ED, 0xE2EE, 0xE2EF, 0xE2F0, 0x0000, 0x0000, 0x0000, 
    0x0000, 0x0000, 0x0000, 0x0000, 0x0000, 0x0000, 0x0000, 0x0000, 
    0x0000, 0x0000, 0x0000, 0x0000, 0x0000, 0x0000, 0x0000, 0x0000, 
    0x0000, 0x0000, 0x0000, 0x0000, 0x0000, 0x0000, 0x0000, 0x0000, 
    0x0000, 0x0000, 0x0000, 0x0000, 0x0000, 0x0000, 0x0000, 0x0000, 
    0x0000, 0x0000, 0x0000, 0x0000, 0x0000, 0x0000, 0x0000, 0x0000, 
    0x0000, 0x0000, 0x0000, 0x0000, 0x0000, 0x0000, 0x0000, 0x0000, 
    0x0000, 0x0000, 0x0000, 0x0000, 0x0000, 0x0000, 0x0000, 0x0000, 
    0x0000, 0x0000, 0x0000, 0x0000, 0x0000, 0x0000, 0x0000, 0x0000, 
    0xE2F1, 0xE2F2, 0xE2F3, 0xE2F4, 0xE2F5, 0xE2F6, 0xE2F7, 0xE2F8, 
    0xE2F9, 0xE2FA, 0xE2FB, 0xE2FC, 0xE2FD, 0xE2FE, 0xE2FF, 0xE300, 
    0xE301, 0xE302, 0xE303, 0xE304, 0xE305, 0xE306, 0xE307, 0xE308, 
    0xE309, 0xE30A, 0xE30B, 0xE30C, 0xE30D, 0xE30E, 0xE30F, 0xE310, 
    0xE311, 0xE312, 0xE313, 0xE314, 0xE315, 0xE316, 0xE317, 0xE318, 
    0xE319, 0xE31A, 0xE31B, 0xE31C, 0xE31D, 0xE31E, 0xE31F, 0xE320, 
    0xE321, 0xE322, 0xE323, 0xE324, 0xE325, 0xE326, 0xE327, 0xE328, 
    0xE329, 0xE32A, 0xE32B, 0xE32C, 0xE32D, 0xE32E, 0xE32F, 0x0000, 
    0xE330, 0xE331, 0xE332, 0xE333, 0xE334, 0xE335, 0xE336, 0xE337, 
    0xE338, 0xE339, 0xE33A, 0xE33B, 0xE33C, 0xE33D, 0xE33E, 0xE33F, 
    0xE340, 0xE341, 0xE342, 0xE343, 0xE344, 0xE345, 0xE346, 0xE347, 
    0xE348, 0xE349, 0xE34A, 0xE34B, 0xE34C, 0xE34D, 0xE34E, 0xE34F, 
    0xE350, 0xE351, 0xE352, 0xE353, 0xE354, 0xE355, 0xE356, 0xE357, 
    0xE358, 0xE359, 0xE35A, 0xE35B, 0xE35C, 0xE35D, 0xE35E, 0xE35F, 
    0xE360, 0xE361, 0xE362, 0xE363, 0xE364, 0xE365, 0xE366, 0xE367, 
    0xE368, 0xE369, 0xE36A, 0xE36B, 0xE36C, 0xE36D, 0xE36E, 0xE36F, 
    0xE370, 0xE371, 0xE372, 0xE373, 0xE374, 0xE375, 0xE376, 0xE377, 
    0xE378, 0xE379, 0xE37A, 0xE37B, 0xE37C, 0xE37D, 0xE37E, 0xE37F, 
    0xE380, 0xE381, 0xE382, 0xE383, 0xE384, 0xE385, 0xE386, 0xE387, 
    0xE388, 0xE389, 0xE38A, 0xE38B, 0xE38C, 0xE38D, 0xE38E, 0xE38F, 
    0xE390, 0xE391, 0xE392, 0xE393, 0xE394, 0xE395, 0xE396, 0xE397, 
    0xE398, 0xE399, 0xE39A, 0xE39B, 0xE39C, 0xE39D, 0xE39E, 0xE39F, 
    0xE3A0, 0xE3A1, 0xE3A2, 0xE3A3, 0xE3A4, 0xE3A5, 0xE3A6, 0xE3A7, 
    0xE3A8, 0xE3A9, 0xE3AA, 0xE3AB, 0xE3AC, 0x0000, 0x0000, 0x0000, 
    0x0000, 0x0000, 0x0000, 0x0000, 0x0000, 0x0000, 0x0000, 0x0000, 
    0x0000, 0x0000, 0x0000, 0x0000, 0x0000, 0x0000, 0x0000, 0x0000, 
    0x0000, 0x0000, 0x0000, 0x0000, 0x0000, 0x0000, 0x0000, 0x0000, 
    0x0000, 0x0000, 0x0000, 0x0000, 0x0000, 0x0000, 0x0000, 0x0000, 
    0x0000, 0x0000, 0x0000, 0x0000, 0x0000, 0x0000, 0x0000, 0x0000, 
    0x0000, 0x0000, 0x0000, 0x0000, 0x0000, 0x0000, 0x0000, 0x0000, 
    0x0000, 0x0000, 0x0000, 0x0000, 0x0000, 0x0000, 0x0000, 0x0000, 
    0x0000, 0x0000, 0x0000, 0x0000, 0x0000, 0x0000, 0x0000, 0x0000, 
    0xE3AD, 0xE3AE, 0xE3AF, 0xE3B0, 0xE3B1, 0xE3B2, 0xE3B3, 0xE3B4, 
    0xE3B5, 0xE3B6, 0xE3B7, 0xE3B8, 0xE3B9, 0xE3BA, 0xE3BB, 0xE3BC, 
    0xE3BD, 0xE3BE, 0xE3BF, 0xE3C0, 0xE3C1, 0xE3C2, 0xE3C3, 0xE3C4, 
    0xE3C5, 0xE3C6, 0xE3C7, 0xE3C8, 0xE3C9, 0xE3CA, 0xE3CB, 0xE3CC, 
    0xE3CD, 0xE3CE, 0xE3CF, 0xE3D0, 0xE3D1, 0xE3D2, 0xE3D3, 0xE3D4, 
    0xE3D5, 0xE3D6, 0xE3D7, 0xE3D8, 0xE3D9, 0xE3DA, 0xE3DB, 0xE3DC, 
    0xE3DD, 0xE3DE, 0xE3DF, 0xE3E0, 0xE3E1, 0xE3E2, 0xE3E3, 0xE3E4, 
    0xE3E5, 0xE3E6, 0xE3E7, 0xE3E8, 0xE3E9, 0xE3EA, 0xE3EB, 0x0000, 
    0xE3EC, 0xE3ED, 0xE3EE, 0xE3EF, 0xE3F0, 0xE3F1, 0xE3F2, 0xE3F3, 
    0xE3F4, 0xE3F5, 0xE3F6, 0xE3F7, 0xE3F8, 0xE3F9, 0xE3FA, 0xE3FB, 
    0xE3FC, 0xE3FD, 0xE3FE, 0xE3FF, 0xE400, 0xE401, 0xE402, 0xE403, 
    0xE404, 0xE405, 0xE406, 0xE407, 0xE408, 0xE409, 0xE40A, 0xE40B, 
    0xE40C, 0xE40D, 0xE40E, 0xE40F, 0xE410, 0xE411, 0xE412, 0xE413, 
    0xE414, 0xE415, 0xE416, 0xE417, 0xE418, 0xE419, 0xE41A, 0xE41B, 
    0xE41C, 0xE41D, 0xE41E, 0xE41F, 0xE420, 0xE421, 0xE422, 0xE423, 
    0xE424, 0xE425, 0xE426, 0xE427, 0xE428, 0xE429, 0xE42A, 0xE42B, 
    0xE42C, 0xE42D, 0xE42E, 0xE42F, 0xE430, 0xE431, 0xE432, 0xE433, 
    0xE434, 0xE435, 0xE436, 0xE437, 0xE438, 0xE439, 0xE43A, 0xE43B, 
    0xE43C, 0xE43D, 0xE43E, 0xE43F, 0xE440, 0xE441, 0xE442, 0xE443, 
    0xE444, 0xE445, 0xE446, 0xE447, 0xE448, 0xE449, 0xE44A, 0xE44B, 
    0xE44C, 0xE44D, 0xE44E, 0xE44F, 0xE450, 0xE451, 0xE452, 0xE453, 
    0xE454, 0xE455, 0xE456, 0xE457, 0xE458, 0xE459, 0xE45A, 0xE45B, 
    0xE45C, 0xE45D, 0xE45E, 0xE45F, 0xE460, 0xE461, 0xE462, 0xE463, 
    0xE464, 0xE465, 0xE466, 0xE467, 0xE468, 0x0000, 0x0000, 0x0000, 
    0x0000, 0x0000, 0x0000, 0x0000, 0x0000, 0x0000, 0x0000, 0x0000, 
    0x0000, 0x0000, 0x0000, 0x0000, 0x0000, 0x0000, 0x0000, 0x0000, 
    0x0000, 0x0000, 0x0000, 0x0000, 0x0000, 0x0000, 0x0000, 0x0000, 
    0x0000, 0x0000, 0x0000, 0x0000, 0x0000, 0x0000, 0x0000, 0x0000, 
    0x0000, 0x0000, 0x0000, 0x0000, 0x0000, 0x0000, 0x0000, 0x0000, 
    0x0000, 0x0000, 0x0000, 0x0000, 0x0000, 0x0000, 0x0000, 0x0000, 
    0x0000, 0x0000, 0x0000, 0x0000, 0x0000, 0x0000, 0x0000, 0x0000, 
    0x0000, 0x0000, 0x0000, 0x0000, 0x0000, 0x0000, 0x0000, 0x0000, 
    0xE469, 0xE46A, 0xE46B, 0xE46C, 0xE46D, 0xE46E, 0xE46F, 0xE470, 
    0xE471, 0xE472, 0xE473, 0xE474, 0xE475, 0xE476, 0xE477, 0xE478, 
    0xE479, 0xE47A, 0xE47B, 0xE47C, 0xE47D, 0xE47E, 0xE47F, 0xE480, 
    0xE481, 0xE482, 0xE483, 0xE484, 0xE485, 0xE486, 0xE487, 0xE488, 
    0xE489, 0xE48A, 0xE48B, 0xE48C, 0xE48D, 0xE48E, 0xE48F, 0xE490, 
    0xE491, 0xE492, 0xE493, 0xE494, 0xE495, 0xE496, 0xE497, 0xE498, 
    0xE499, 0xE49A, 0xE49B, 0xE49C, 0xE49D, 0xE49E, 0xE49F, 0xE4A0, 
    0xE4A1, 0xE4A2, 0xE4A3, 0xE4A4, 0xE4A5, 0xE4A6, 0xE4A7, 0x0000, 
    0xE4A8, 0xE4A9, 0xE4AA, 0xE4AB, 0xE4AC, 0xE4AD, 0xE4AE, 0xE4AF, 
    0xE4B0, 0xE4B1, 0xE4B2, 0xE4B3, 0xE4B4, 0xE4B5, 0xE4B6, 0xE4B7, 
    0xE4B8, 0xE4B9, 0xE4BA, 0xE4BB, 0xE4BC, 0xE4BD, 0xE4BE, 0xE4BF, 
    0xE4C0, 0xE4C1, 0xE4C2, 0xE4C3, 0xE4C4, 0xE4C5, 0xE4C6, 0xE4C7, 
    0xE4C8, 0xE4C9, 0xE4CA, 0xE4CB, 0xE4CC, 0xE4CD, 0xE4CE, 0xE4CF, 
    0xE4D0, 0xE4D1, 0xE4D2, 0xE4D3, 0xE4D4, 0xE4D5, 0xE4D6, 0xE4D7, 
    0xE4D8, 0xE4D9, 0xE4DA, 0xE4DB, 0xE4DC, 0xE4DD, 0xE4DE, 0xE4DF, 
    0xE4E0, 0xE4E1, 0xE4E2, 0xE4E3, 0xE4E4, 0xE4E5, 0xE4E6, 0xE4E7, 
    0xE4E8, 0xE4E9, 0xE4EA, 0xE4EB, 0xE4EC, 0xE4ED, 0xE4EE, 0xE4EF, 
    0xE4F0, 0xE4F1, 0xE4F2, 0xE4F3, 0xE4F4, 0xE4F5, 0xE4F6, 0xE4F7, 
    0xE4F8, 0xE4F9, 0xE4FA, 0xE4FB, 0xE4FC, 0xE4FD, 0xE4FE, 0xE4FF, 
    0xE500, 0xE501, 0xE502, 0xE503, 0xE504, 0xE505, 0xE506, 0xE507, 
    0xE508, 0xE509, 0xE50A, 0xE50B, 0xE50C, 0xE50D, 0xE50E, 0xE50F, 
    0xE510, 0xE511, 0xE512, 0xE513, 0xE514, 0xE515, 0xE516, 0xE517, 
    0xE518, 0xE519, 0xE51A, 0xE51B, 0xE51C, 0xE51D, 0xE51E, 0xE51F, 
    0xE520, 0xE521, 0xE522, 0xE523, 0xE524, 0x0000, 0x0000, 0x0000, 
    0x0000, 0x0000, 0x0000, 0x0000, 0x0000, 0x0000, 0x0000, 0x0000, 
    0x0000, 0x0000, 0x0000, 0x0000, 0x0000, 0x0000, 0x0000, 0x0000, 
    0x0000, 0x0000, 0x0000, 0x0000, 0x0000, 0x0000, 0x0000, 0x0000, 
    0x0000, 0x0000, 0x0000, 0x0000, 0x0000, 0x0000, 0x0000, 0x0000, 
    0x0000, 0x0000, 0x0000, 0x0000, 0x0000, 0x0000, 0x0000, 0x0000, 
    0x0000, 0x0000, 0x0000, 0x0000, 0x0000, 0x0000, 0x0000, 0x0000, 
    0x0000, 0x0000, 0x0000, 0x0000, 0x0000, 0x0000, 0x0000, 0x0000, 
    0x0000, 0x0000, 0x0000, 0x0000, 0x0000, 0x0000, 0x0000, 0x0000, 
    0xE525, 0xE526, 0xE527, 0xE528, 0xE529, 0xE52A, 0xE52B, 0xE52C, 
    0xE52D, 0xE52E, 0xE52F, 0xE530, 0xE531, 0xE532, 0xE533, 0xE534, 
    0xE535, 0xE536, 0xE537, 0xE538, 0xE539, 0xE53A, 0xE53B, 0xE53C, 
    0xE53D, 0xE53E, 0xE53F, 0xE540, 0xE541, 0xE542, 0xE543, 0xE544, 
    0xE545, 0xE546, 0xE547, 0xE548, 0xE549, 0xE54A, 0xE54B, 0xE54C, 
    0xE54D, 0xE54E, 0xE54F, 0xE550, 0xE551, 0xE552, 0xE553, 0xE554, 
    0xE555, 0xE556, 0xE557, 0xE558, 0xE559, 0xE55A, 0xE55B, 0xE55C, 
    0xE55D, 0xE55E, 0xE55F, 0xE560, 0xE561, 0xE562, 0xE563, 0x0000, 
    0xE564, 0xE565, 0xE566, 0xE567, 0xE568, 0xE569, 0xE56A, 0xE56B, 
    0xE56C, 0xE56D, 0xE56E, 0xE56F, 0xE570, 0xE571, 0xE572, 0xE573, 
    0xE574, 0xE575, 0xE576, 0xE577, 0xE578, 0xE579, 0xE57A, 0xE57B, 
    0xE57C, 0xE57D, 0xE57E, 0xE57F, 0xE580, 0xE581, 0xE582, 0xE583, 
    0xE584, 0xE585, 0xE586, 0xE587, 0xE588, 0xE589, 0xE58A, 0xE58B, 
    0xE58C, 0xE58D, 0xE58E, 0xE58F, 0xE590, 0xE591, 0xE592, 0xE593, 
    0xE594, 0xE595, 0xE596, 0xE597, 0xE598, 0xE599, 0xE59A, 0xE59B, 
    0xE59C, 0xE59D, 0xE59E, 0xE59F, 0xE5A0, 0xE5A1, 0xE5A2, 0xE5A3, 
    0xE5A4, 0xE5A5, 0xE5A6, 0xE5A7, 0xE5A8, 0xE5A9, 0xE5AA, 0xE5AB, 
    0xE5AC, 0xE5AD, 0xE5AE, 0xE5AF, 0xE5B0, 0xE5B1, 0xE5B2, 0xE5B3, 
    0xE5B4, 0xE5B5, 0xE5B6, 0xE5B7, 0xE5B8, 0xE5B9, 0xE5BA, 0xE5BB, 
    0xE5BC, 0xE5BD, 0xE5BE, 0xE5BF, 0xE5C0, 0xE5C1, 0xE5C2, 0xE5C3, 
    0xE5C4, 0xE5C5, 0xE5C6, 0xE5C7, 0xE5C8, 0xE5C9, 0xE5CA, 0xE5CB, 
    0xE5CC, 0xE5CD, 0xE5CE, 0xE5CF, 0xE5D0, 0xE5D1, 0xE5D2, 0xE5D3, 
    0xE5D4, 0xE5D5, 0xE5D6, 0xE5D7, 0xE5D8, 0xE5D9, 0xE5DA, 0xE5DB, 
    0xE5DC, 0xE5DD, 0xE5DE, 0xE5DF, 0xE5E0, 0x0000, 0x0000, 0x0000, 
    0x0000, 0x0000, 0x0000, 0x0000, 0x0000, 0x0000, 0x0000, 0x0000, 
    0x0000, 0x0000, 0x0000, 0x0000, 0x0000, 0x0000, 0x0000, 0x0000, 
    0x0000, 0x0000, 0x0000, 0x0000, 0x0000, 0x0000, 0x0000, 0x0000, 
    0x0000, 0x0000, 0x0000, 0x0000, 0x0000, 0x0000, 0x0000, 0x0000, 
    0x0000, 0x0000, 0x0000, 0x0000, 0x0000, 0x0000, 0x0000, 0x0000, 
    0x0000, 0x0000, 0x0000, 0x0000, 0x0000, 0x0000, 0x0000, 0x0000, 
    0x0000, 0x0000, 0x0000, 0x0000, 0x0000, 0x0000, 0x0000, 0x0000, 
    0x0000, 0x0000, 0x0000, 0x0000, 0x0000, 0x0000, 0x0000, 0x0000, 
    0xE5E1, 0xE5E2, 0xE5E3, 0xE5E4, 0xE5E5, 0xE5E6, 0xE5E7, 0xE5E8, 
    0xE5E9, 0xE5EA, 0xE5EB, 0xE5EC, 0xE5ED, 0xE5EE, 0xE5EF, 0xE5F0, 
    0xE5F1, 0xE5F2, 0xE5F3, 0xE5F4, 0xE5F5, 0xE5F6, 0xE5F7, 0xE5F8, 
    0xE5F9, 0xE5FA, 0xE5FB, 0xE5FC, 0xE5FD, 0xE5FE, 0xE5FF, 0xE600, 
    0xE601, 0xE602, 0xE603, 0xE604, 0xE605, 0xE606, 0xE607, 0xE608, 
    0xE609, 0xE60A, 0xE60B, 0xE60C, 0xE60D, 0xE60E, 0xE60F, 0xE610, 
    0xE611, 0xE612, 0xE613, 0xE614, 0xE615, 0xE616, 0xE617, 0xE618, 
    0xE619, 0xE61A, 0xE61B, 0xE61C, 0xE61D, 0xE61E, 0xE61F, 0x0000, 
    0xE620, 0xE621, 0xE622, 0xE623, 0xE624, 0xE625, 0xE626, 0xE627, 
    0xE628, 0xE629, 0xE62A, 0xE62B, 0xE62C, 0xE62D, 0xE62E, 0xE62F, 
    0xE630, 0xE631, 0xE632, 0xE633, 0xE634, 0xE635, 0xE636, 0xE637, 
    0xE638, 0xE639, 0xE63A, 0xE63B, 0xE63C, 0xE63D, 0xE63E, 0xE63F, 
    0xE640, 0xE641, 0xE642, 0xE643, 0xE644, 0xE645, 0xE646, 0xE647, 
    0xE648, 0xE649, 0xE64A, 0xE64B, 0xE64C, 0xE64D, 0xE64E, 0xE64F, 
    0xE650, 0xE651, 0xE652, 0xE653, 0xE654, 0xE655, 0xE656, 0xE657, 
    0xE658, 0xE659, 0xE65A, 0xE65B, 0xE65C, 0xE65D, 0xE65E, 0xE65F, 
    0xE660, 0xE661, 0xE662, 0xE663, 0xE664, 0xE665, 0xE666, 0xE667, 
    0xE668, 0xE669, 0xE66A, 0xE66B, 0xE66C, 0xE66D, 0xE66E, 0xE66F, 
    0xE670, 0xE671, 0xE672, 0xE673, 0xE674, 0xE675, 0xE676, 0xE677, 
    0xE678, 0xE679, 0xE67A, 0xE67B, 0xE67C, 0xE67D, 0xE67E, 0xE67F, 
    0xE680, 0xE681, 0xE682, 0xE683, 0xE684, 0xE685, 0xE686, 0xE687, 
    0xE688, 0xE689, 0xE68A, 0xE68B, 0xE68C, 0xE68D, 0xE68E, 0xE68F, 
    0xE690, 0xE691, 0xE692, 0xE693, 0xE694, 0xE695, 0xE696, 0xE697, 
    0xE698, 0xE699, 0xE69A, 0xE69B, 0xE69C, 0x0000, 0x0000, 0x0000, 
    0x0000, 0x0000, 0x0000, 0x0000, 0x0000, 0x0000, 0x0000, 0x0000, 
    0x0000, 0x0000, 0x0000, 0x0000, 0x0000, 0x0000, 0x0000, 0x0000, 
    0x0000, 0x0000, 0x0000, 0x0000, 0x0000, 0x0000, 0x0000, 0x0000, 
    0x0000, 0x0000, 0x0000, 0x0000, 0x0000, 0x0000, 0x0000, 0x0000, 
    0x0000, 0x0000, 0x0000, 0x0000, 0x0000, 0x0000, 0x0000, 0x0000, 
    0x0000, 0x0000, 0x0000, 0x0000, 0x0000, 0x0000, 0x0000, 0x0000, 
    0x0000, 0x0000, 0x0000, 0x0000, 0x0000, 0x0000, 0x0000, 0x0000, 
    0x0000, 0x0000, 0x0000, 0x0000, 0x0000, 0x0000, 0x0000, 0x0000, 
    0xE69D, 0xE69E, 0xE69F, 0xE6A0, 0xE6A1, 0xE6A2, 0xE6A3, 0xE6A4, 
    0xE6A5, 0xE6A6, 0xE6A7, 0xE6A8, 0xE6A9, 0xE6AA, 0xE6AB, 0xE6AC, 
    0xE6AD, 0xE6AE, 0xE6AF, 0xE6B0, 0xE6B1, 0xE6B2, 0xE6B3, 0xE6B4, 
    0xE6B5, 0xE6B6, 0xE6B7, 0xE6B8, 0xE6B9, 0xE6BA, 0xE6BB, 0xE6BC, 
    0xE6BD, 0xE6BE, 0xE6BF, 0xE6C0, 0xE6C1, 0xE6C2, 0xE6C3, 0xE6C4, 
    0xE6C5, 0xE6C6, 0xE6C7, 0xE6C8, 0xE6C9, 0xE6CA, 0xE6CB, 0xE6CC, 
    0xE6CD, 0xE6CE, 0xE6CF, 0xE6D0, 0xE6D1, 0xE6D2, 0xE6D3, 0xE6D4, 
    0xE6D5, 0xE6D6, 0xE6D7, 0xE6D8, 0xE6D9, 0xE6DA, 0xE6DB, 0x0000, 
    0xE6DC, 0xE6DD, 0xE6DE, 0xE6DF, 0xE6E0, 0xE6E1, 0xE6E2, 0xE6E3, 
    0xE6E4, 0xE6E5, 0xE6E6, 0xE6E7, 0xE6E8, 0xE6E9, 0xE6EA, 0xE6EB, 
    0xE6EC, 0xE6ED, 0xE6EE, 0xE6EF, 0xE6F0, 0xE6F1, 0xE6F2, 0xE6F3, 
    0xE6F4, 0xE6F5, 0xE6F6, 0xE6F7, 0xE6F8, 0xE6F9, 0xE6FA, 0xE6FB, 
    0xE6FC, 0xE6FD, 0xE6FE, 0xE6FF, 0xE700, 0xE701, 0xE702, 0xE703, 
    0xE704, 0xE705, 0xE706, 0xE707, 0xE708, 0xE709, 0xE70A, 0xE70B, 
    0xE70C, 0xE70D, 0xE70E, 0xE70F, 0xE710, 0xE711, 0xE712, 0xE713, 
    0xE714, 0xE715, 0xE716, 0xE717, 0xE718, 0xE719, 0xE71A, 0xE71B, 
    0xE71C, 0xE71D, 0xE71E, 0xE71F, 0xE720, 0xE721, 0xE722, 0xE723, 
    0xE724, 0xE725, 0xE726, 0xE727, 0xE728, 0xE729, 0xE72A, 0xE72B, 
    0xE72C, 0xE72D, 0xE72E, 0xE72F, 0xE730, 0xE731, 0xE732, 0xE733, 
    0xE734, 0xE735, 0xE736, 0xE737, 0xE738, 0xE739, 0xE73A, 0xE73B, 
    0xE73C, 0xE73D, 0xE73E, 0xE73F, 0xE740, 0xE741, 0xE742, 0xE743, 
    0xE744, 0xE745, 0xE746, 0xE747, 0xE748, 0xE749, 0xE74A, 0xE74B, 
    0xE74C, 0xE74D, 0xE74E, 0xE74F, 0xE750, 0xE751, 0xE752, 0xE753, 
    0xE754, 0xE755, 0xE756, 0xE757, 0xE758, 0x0000, 0x0000, 0x0000, 
    0x0000, 0x0000, 0x0000, 0x0000, 0x0000, 0x0000, 0x0000, 0x0000, 
    0x0000, 0x0000, 0x0000, 0x0000, 0x0000, 0x0000, 0x0000, 0x0000, 
    0x0000, 0x0000, 0x0000, 0x0000, 0x0000, 0x0000, 0x0000, 0x0000, 
    0x0000, 0x0000, 0x0000, 0x0000, 0x0000, 0x0000, 0x0000, 0x0000, 
    0x0000, 0x0000, 0x0000, 0x0000, 0x0000, 0x0000, 0x0000, 0x0000, 
    0x0000, 0x0000, 0x0000, 0x0000, 0x0000, 0x0000, 0x0000, 0x0000, 
    0x0000, 0x0000, 0x0000, 0x0000, 0x0000, 0x0000, 0x0000, 0x0000, 
    0x0000, 0x0000, 0x0000, 0x0000, 0x0000, 0x0000, 0x0000, 0x0000, 
    0x2171, 0x2172, 0x2173, 0x2174, 0x2175, 0x2176, 0x2177, 0x2178, 
    0x2179, 0x217A, 0x0000, 0x0000, 0x0000, 0x0000, 0x0000, 0x0000, 
    0x0000, 0x0000, 0x0000, 0x0000, 0x0000, 0xFFE5, 0xFF08, 0xFF03, 
    0x0000, 0x0000, 0x0000, 0x0000, 0x7E8B, 0x891D, 0x9349, 0x9289, 
    0x84DD, 0x4FCA, 0x70BC, 0x6632, 0x68C9, 0x92FA, 0x66FC, 0x5F46, 
    0x4E29, 0x4EE2, 0x4EFD, 0x4F01, 0x4F04, 0x4F3A, 0x4F57, 0x4F93, 
    0x4F8B, 0x4F9B, 0x4F95, 0x4FCE, 0x5041, 0x5023, 0x5000, 0x501F, 
    0x5047, 0x5071, 0x5043, 0x5095, 0x50F5, 0x50D9, 0x514B, 0x0000, 
    0x5165, 0x519E, 0x51BF, 0x51ED, 0x5216, 0x529D, 0x52A7, 0x52C1, 
    0x52DC, 0x5301, 0x5308, 0x5325, 0x5373, 0x5394, 0x53B3, 0x53DE, 
    0xFA0F, 0x549D, 0x548B, 0x54AA, 0x5500, 0x5587, 0x575A, 0x5766, 
    0x57AD, 0x57C9, 0x57C8, 0xFA10, 0xFA11, 0x589F, 0x58B3, 0x590C, 
    0x5954, 0x595C, 0x595E, 0x5964, 0x59A5, 0x59BB, 0x5B57, 0x5BC1, 
    0x7530, 0x5BD9, 0x5BED, 0x5C1F, 0x5CA7, 0x5CBB, 0x5CF6, 0x5D28, 
    0x5D54, 0xFA12, 0x5D43, 0x5D6E, 0x5DB9, 0x5DBA, 0x5DD1, 0x5F22, 
    0x5F35, 0x5F68, 0x5FB8, 0x5FDF, 0x605E, 0x6086, 0x608B, 0x60DF, 
    0x60D6, 0x6121, 0x60F3, 0x6112, 0x6138, 0x6131, 0x6199, 0x6214, 
    0x62A7, 0x63F6, 0x6461, 0x649E, 0x64CF, 0x654F, 0x6601, 0x6616, 
    0x663C, 0x660A, 0x662F, 0x661F, 0x6625, 0x6666, 0x6658, 0x665A, 
    0xFA13, 0x6674, 0x669A, 0x66A1, 0x66B3, 0x66C0, 0x66FB, 0x670F, 
    0xF92A, 0x6767, 0x67BC, 0x6853, 0x67C1, 0x6802, 0x6845, 0x68D0, 
    0xFA14, 0x6969, 0xFA15, 0x6999, 0x69E3, 0x6A31, 0x6A6C, 0x6A47, 
    0x6A74, 0x6A7F, 0x6AE3, 0x6AE5, 0x6BD7, 0x6C40, 0x6C5D, 0x6C87, 
    0x6C70, 0x6CDB, 0x6D05, 0x6D88, 0x6D70, 0x0000, 0x0000, 0x0000, 
    0x0000, 0x0000, 0x0000, 0x0000, 0x0000, 0x0000, 0x0000, 0x0000, 
    0x0000, 0x0000, 0x0000, 0x0000, 0x0000, 0x0000, 0x0000, 0x0000, 
    0x0000, 0x0000, 0x0000, 0x0000, 0x0000, 0x0000, 0x0000, 0x0000, 
    0x0000, 0x0000, 0x0000, 0x0000, 0x0000, 0x0000, 0x0000, 0x0000, 
    0x0000, 0x0000, 0x0000, 0x0000, 0x0000, 0x0000, 0x0000, 0x0000, 
    0x0000, 0x0000, 0x0000, 0x0000, 0x0000, 0x0000, 0x0000, 0x0000, 
    0x0000, 0x0000, 0x0000, 0x0000, 0x0000, 0x0000, 0x0000, 0x0000, 
    0x0000, 0x0000, 0x0000, 0x0000, 0x0000, 0x0000, 0x0000, 0x0000, 
    0x6D97, 0x6DAD, 0x6DD0, 0x6DF9, 0x6DF3, 0x6DFD, 0x6E3A, 0x6E5D, 
    0x6E28, 0x6E3D, 0x6EC0, 0x6F89, 0x6FB6, 0x6FF6, 0x7006, 0x7008, 
    0x7029, 0x7086, 0x70AC, 0x7110, 0x7105, 0x715D, 0x7147, 0x7148, 
    0xFA16, 0x71C2, 0x71FF, 0x72B2, 0x72BF, 0x7325, 0xFA17, 0x7378, 
    0x73BE, 0x73CA, 0x73D7, 0x73E4, 0x73D3, 0x7408, 0x73F6, 0x7427, 
    0x742B, 0x742A, 0x742F, 0x7463, 0x748A, 0x74A0, 0x7502, 0x7570, 
    0x7683, 0x769D, 0x769F, 0x769C, 0x76A7, 0xFA18, 0x7747, 0x52B0, 
    0x7822, 0x784F, 0x7865, 0x787B, 0x7931, 0xFA19, 0xFA1A, 0x0000, 
    0xFA1B, 0x7995, 0xFA1C, 0x799C, 0x7AD2, 0x7AE8, 0xFA1D, 0x7AEC, 
    0x7B9F, 0xFA1E, 0x7D49, 0x7D5D, 0x7DB8, 0x7DA1, 0x7DD7, 0x7E53, 
    0x7F48, 0x7FA2, 0xFA1F, 0x8302, 0x8363, 0x8380, 0x83C8, 0x83F7, 
    0x8449, 0x84B5, 0x8554, 0x855A, 0x856C, 0xFA20, 0x85B1, 0xFA21, 
    0xFA22, 0x8808, 0x88F6, 0x8A13, 0x8A38, 0x8A7A, 0x8AA8, 0x8ABF, 
    0x8AE0, 0xFA23, 0x8AF7, 0x8B54, 0x8B80, 0x8CF1, 0x8CF5, 0x8D13, 
    0x8D77, 0xFA24, 0x8ED0, 0xFA25, 0xFA26, 0x9068, 0x90DF, 0xFA27, 
    0x9116, 0x9128, 0x91DB, 0x91D8, 0x91DF, 0x91EE, 0x91EF, 0x91E5, 
    0x91E6, 0x9207, 0x9211, 0x920B, 0x923B, 0x9241, 0x923D, 0x924F, 
    0x925A, 0x9252, 0x923A, 0x9268, 0x92A8, 0x9278, 0x9279, 0x92E8, 
    0x92D8, 0x92DA, 0x92D1, 0xFA28, 0x92D6, 0x92E1, 0x92D4, 0x9326, 
    0x9322, 0x92FC, 0xFA29, 0x931F, 0x9300, 0x931E, 0x9303, 0x9371, 
    0x9358, 0x93A5, 0x93C7, 0x93DF, 0x93F9, 0x9432, 0x9446, 0x9449, 
    0x9593, 0xF9DD, 0xFA2A, 0x969E, 0x96B0, 0x9734, 0x973C, 0x9744, 
    0x974E, 0x9750, 0x9752, 0x9756, 0x9858, 0x9866, 0xFA2B, 0xFA2C, 
    0x9928, 0xFA2D, 0x999F, 0x9A4F, 0x9ADA, 0x0000, 0x0000, 0x0000, 
    0x0000, 0x0000, 0x0000, 0x0000, 0x0000, 0x0000, 0x0000, 0x0000, 
    0x0000, 0x0000, 0x0000, 0x0000, 0x0000, 0x0000, 0x0000, 0x0000, 
    0x0000, 0x0000, 0x0000, 0x0000, 0x0000, 0x0000, 0x0000, 0x0000, 
    0x0000, 0x0000, 0x0000, 0x0000, 0x0000, 0x0000, 0x0000, 0x0000, 
    0x0000, 0x0000, 0x0000, 0x0000, 0x0000, 0x0000, 0x0000, 0x0000, 
    0x0000, 0x0000, 0x0000, 0x0000, 0x0000, 0x0000, 0x0000, 0x0000, 
    0x0000, 0x0000, 0x0000, 0x0000, 0x0000, 0x0000, 0x0000, 0x0000, 
    0x0000, 0x0000, 0x0000, 0x0000, 0x0000, 0x0000, 0x0000, 0x0000, 
    0x9ADD, 0x9B76, 0x9B73, 0x9B90, 0x9BB2, 0x9BBC, 0x9C01, 0x9D71, 
    0x9D6C, 0xFA2E, 0x9E1A, 0x9ED2, 0x0000, 0x0000, 0x0000, 0x0000, 
    0x0000, 0x0000, 0x0000, 0x0000, 0x0000, 0x0000, 0x0000, 0x0000, 
    0x0000, 0x0000, 0x0000, 0x0000, 0x0000, 0x0000, 0x0000, 0x0000, 
    0x0000, 0x0000, 0x0000, 0x0000, 0x0000, 0x0000, 0x0000, 0x0000, 
    0x0000, 0x0000, 0x0000, 0x0000, 0x0000, 0x0000, 0x0000, 0x0000, 
    0x0000, 0x0000, 0x0000, 0x0000, 0x0000, 0x0000, 0x0000, 0x0000, 
    0x0000, 0x0000, 0x0000, 0x0000, 0x0000, 0x0000, 0x0000, 0x0000, 
    0x0000, 0x0000, 0x0000, 0x0000, 0x0000, 0x0000, 0x0000, 0x0000, 
    0x0000, 0x0000, 0x0000, 0x0000, 0x0000, 0x0000, 0x0000, 0x0000, 
    0x0000, 0x0000, 0x0000, 0x0000, 0x0000, 0x0000, 0x0000, 0x0000, 
    0x0000, 0x0000, 0x0000, 0x0000, 0x0000, 0x0000, 0x0000, 0x0000, 
    0x0000, 0x0000, 0x0000, 0x0000, 0x0000, 0x0000, 0x0000, 0x0000, 
    0x0000, 0x0000, 0x0000, 0x0000, 0x0000, 0x0000, 0x0000, 0x0000, 
    0x0000, 0x0000, 0x0000, 0x0000, 0x0000, 0x0000, 0x0000, 0x0000, 
    0x0000, 0x0000, 0x0000, 0x0000, 0x0000, 0x0000, 0x0000, 0x0000, 
    0x0000, 0x0000, 0x0000, 0x0000, 0x0000, 0x0000, 0x0000, 0x0000, 
    0x0000, 0x0000, 0x0000, 0x0000, 0x0000, 0x0000, 0x0000, 0x0000, 
    0x0000, 0x0000, 0x0000, 0x0000, 0x0000, 0x0000, 0x0000, 0x0000, 
    0x0000, 0x0000, 0x0000, 0x0000, 0x0000, 0x0000, 0x0000, 0x0000, 
    0x0000, 0x0000, 0x0000, 0x0000, 0x0000, 0x0000, 0x0000, 0x0000, 
    0x0000, 0x0000, 0x0000, 0x0000, 0x0000, 0x0000, 0x0000, 0x0000, 
    0x0000, 0x0000, 0x0000, 0x0000, 0x0000, 0x0000, 0x0000, 0x0000, 
    0x0000, 0x0000, 0x0000, 0x0000, 0x0000, 0x0000, 0x0000, 0x0000, 
    0x0000, 0x0000, 0x0000, 0x0000, 0x0000, 0x0000, 0x0000, 0x0000, 
    0x0000, 0x0000, 0x0000, 0x0000, 0x0000, 0x0000, 0x0000, 0x0000, 
    0x0000, 0x0000, 0x0000, 0x0000, 0x0000, 0x0000, 0x0000, 0x0000, 
    0x0000, 0x0000, 0x0000, 0x0000, 0x0000, 0x0000, 0x0000, 0x0000, 
    0x0000, 0x0000, 0x0000, 0x0000, 0x0000, 0x0000, 0x0000, 0x0000, 
    0x0000, 0x0000, 0x0000, 0x0000, 0x0000, 0x0000, 0x0000, 0x0000, 
    0x0000, 0x0000, 0x0000, 0x0000, 0x0000, 0x0000, 0x0000, 0x0000, 
    0x0000, 0x0000, 0x0000, 0x0000, 0x0000, 0x0000, 0x0000, 0x0000, 
    0x0000, 0x0000, 0x0000, 0x0000, 0x0000, 0x0000, 0x0000, 0x0000, 
    0x0000, 0x0000, 0x0000, 0x0000, 0x0000, 0x0000, 0x0000, 0x0000, 
    0x0000, 0x0000, 0x0000, 0x0000, 0x0000, 0x0000, 0x0000, 0x0000, 
    0x0000, 0x0000, 0x0000, 0x0000, 0x0000, 0x0000, 0x0000, 0x0000, 
    0x0000, 0x0000, 0x0000, 0x0000, 0x0000, 0x0000, 0x0000, 0x0000, 
    0x0000, 0x0000, 0x0000, 0x0000, 0x0000, 0x0000, 0x0000, 0x0000, 
    0x0000, 0x0000, 0x0000, 0x0000, 0x0000, 0x0000, 0x0000, 0x0000, 
    0x0000, 0x0000, 0x0000, 0x0000, 0x0000, 0x0000, 0x0000, 0x0000, 
    0x0000, 0x0000, 0x0000, 0x0000, 0x0000, 0x0000, 0x0000, 0x0000, 
    0x0000, 0x0000, 0x0000, 0x0000, 0x0000, 0x0000, 0x0000, 0x0000, 
    0x0000, 0x0000, 0x0000, 0x0000, 0x0000, 0x0000, 0x0000, 0x0000, 
    0x0000, 0x0000, 0x0000, 0x0000, 0x0000, 0x0000, 0x0000, 0x0000, 
    0x0000, 0x0000, 0x0000, 0x0000, 0x0000, 0x0000, 0x0000, 0x0000, 
    0x0000, 0x0000, 0x0000, 0x0000, 0x0000, 0x0000, 0x0000, 0x0000, 
    0x0000, 0x0000, 0x0000, 0x0000, 0x0000, 0x0000, 0x0000, 0x0000, 
    0x0000, 0x0000, 0x0000, 0x0000, 0x0000, 0x0000, 0x0000, 0x0000, 
    0x0000, 0x0000, 0x0000, 0x0000, 0x0000, 0x0000, 0x0000, 0x0000, 
    0x0000, 0x0000, 0x0000, 0x0000, 0x0000, 0x0000, 0x0000, 0x0000, 
    0x0000, 0x0000, 0x0000, 0x0000, 0x0000, 0x0000, 0x0000, 0x0000, 
    0x0000, 0x0000, 0x0000, 0x0000, 0x0000, 0x0000, 0x0000, 0x0000, 
    0x0000, 0x0000, 0x0000, 0x0000, 0x0000, 0x0000, 0x0000, 0x0000, 
    0x0000, 0x0000, 0x0000, 0x0000, 0x0000, 0x0000, 0x0000, 0x0000, 
    0x0000, 0x0000, 0x0000, 0x0000, 0x0000, 0x0000, 0x0000, 0x0000, 
    0x0000, 0x0000, 0x0000, 0x0000, 0x0000, 0x0000, 0x0000, 0x0000, 
    0x0000, 0x0000, 0x0000, 0x0000, 0x0000, 0x0000, 0x0000, 0x0000, 
    0x0000, 0x0000, 0x0000, 0x0000, 0x0000, 0x0000, 0x0000, 0x0000, 
    0x0000, 0x0000, 0x0000, 0x0000, 0x0000, 0x0000, 0x0000, 0x0000, 
    0x0000, 0x0000, 0x0000, 0x0000, 0x0000, 0x0000, 0x0000, 0x0000, 
    0x0000, 0x0000, 0x0000, 0x0000, 0x0000, 0x0000, 0x0000, 0x0000, 
    0x0000, 0x0000, 0x0000, 0x0000, 0x0000, 0x0000, 0x0000, 0x0000, 
    0x0000, 0x0000, 0x0000, 0x0000, 0x0000, 0x0000, 0x0000, 0x0000, 
    0x0000, 0x0000, 0x0000, 0x0000, 0x0000, 0x0000, 0x0000, 0x0000, 
    0x0000, 0x0000, 0x0000, 0x0000, 0x0000, 0x0000, 0x0000, 0x0000, 
    0x0000, 0x0000, 0x0000, 0x0000, 0x0000, 0x0000, 0x0000, 0x0000, 
    0x0000, 0x0000, 0x0000, 0x0000, 0x0000, 0x0000, 0x0000, 0x0000, 
    0x0000, 0x0000, 0x0000, 0x0000, 0x0000, 0x0000, 0x0000, 0x0000, 
    0x0000, 0x0000, 0x0000, 0x0000, 0x0000, 0x0000, 0x0000, 0x0000, 
    0x0000, 0x0000, 0x0000, 0x0000, 0x0000, 0x0000, 0x0000, 0x0000, 
    0x0000, 0x0000, 0x0000, 0x0000, 0x0000, 0x0000, 0x0000, 0x0000, 
    0x0000, 0x0000, 0x0000, 0x0000, 0x0000, 0x0000, 0x0000, 0x0000, 
    0x0000, 0x0000, 0x0000, 0x0000, 0x0000, 0x0000, 0x0000, 0x0000, 
    0x0000, 0x0000, 0x0000, 0x0000, 0x0000, 0x0000, 0x0000, 0x0000, 
    0x0000, 0x0000, 0x0000, 0x0000, 0x0000, 0x0000, 0x0000, 0x0000, 
    0x0000, 0x0000, 0x0000, 0x0000, 0x0000, 0x0000, 0x0000, 0x0000, 
    0x0000, 0x0000, 0x0000, 0x0000, 0x0000, 0x0000, 0x0000, 0x0000, 
    0x0000, 0x0000, 0x0000, 0x0000, 0x0000, 0x0000, 0x0000, 0x0000, 
    0x0000, 0x0000, 0x0000, 0x0000, 0x0000, 0x0000, 0x0000, 0x0000, 
    0x0000, 0x0000, 0x0000, 0x0000, 0x0000, 0x0000, 0x0000, 0x0000, 
    0x0000, 0x0000, 0x0000, 0x0000, 0x0000, 0x0000, 0x0000, 0x0000, 
    0x0000, 0x0000, 0x0000, 0x0000, 0x0000, 0x0000, 0x0000, 0x0000, 
    0x0000, 0x0000, 0x0000, 0x0000, 0x0000, 0x0000, 0x0000, 0x0000, 
    0x0000, 0x0000, 0x0000, 0x0000, 0x0000, 0x0000, 0x0000, 0x0000, 
    0x0000, 0x0000, 0x0000, 0x0000, 0x0000, 0x0000, 0x0000, 0x0000, 
    0x0000, 0x0000, 0x0000, 0x0000, 0x0000, 0x0000, 0x0000, 0x0000, 
    0x0000, 0x0000, 0x0000, 0x0000, 0x0000, 0x0000, 0x0000, 0x0000, 
    0x0000, 0x0000, 0x0000, 0x0000, 0x0000, 0x0000, 0x0000, 0x0000, 
    0x0000, 0x0000, 0x0000, 0x0000, 0x0000, 0x0000, 0x0000, 0x0000, 
    0x0000, 0x0000, 0x0000, 0x0000, 0x0000, 0x0000, 0x0000, 0x0000, 
    0x0000, 0x0000, 0x0000, 0x0000, 0x0000, 0x0000, 0x0000, 0x0000, 
    0x0000, 0x0000, 0x0000, 0x0000, 0x0000, 0x0000, 0x0000, 0x0000, 
    0x0000, 0x0000, 0x0000, 0x0000, 0x0000, 0x0000, 0x0000, 0x0000, 
    0x0000, 0x0000, 0x0000, 0x0000, 0x0000, 0x0000, 0x0000, 0x0000, 
    0x0000, 0x0000, 0x0000, 0x0000, 0x0000, 0x0000, 0x0000, 0x0000, 
    0x0000, 0x0000, 0x0000, 0x0000, 0x0000, 0x0000, 0x0000, 0x0000, 
    0x0000, 0x0000, 0x0000, 0x0000, 0x0000, 0x0000, 0x0000, 0x0000, 
    0x0000, 0x0000, 0x0000, 0x0000, 0x0000, 0x0000, 0x0000, 0x0000, 
    0x0000, 0x0000, 0x0000, 0x0000, 0x0000, 0x0000, 0x0000, 0x0000, 
    0x0000, 0x0000, 0x0000, 0x0000, 0x0000, 0x0000, 0x0000, 0x0000, 
    0x0000, 0x0000, 0x0000, 0x0000, 0x0000, 0x0000, 0x0000, 0x0000, 
    0x0000, 0x0000, 0x0000, 0x0000, 0x0000, 0x0000, 0x0000, 0x0000, 
    0x0000, 0x0000, 0x0000, 0x0000, 0x0000, 0x0000, 0x0000, 0x0000, 
    0x0000, 0x0000, 0x0000, 0x0000, 0x0000, 0x0000, 0x0000, 0x0000, 
    0x0000, 0x0000, 0x0000, 0x0000, 0x0000, 0x0000, 0x0000, 0x0000, 
    0x0000, 0x0000, 0x0000, 0x0000, 0x0000, 0x0000, 0x0000, 0x0000, 
    0x0000, 0x0000, 0x0000, 0x0000, 0x0000, 0x0000, 0x0000, 0x0000, 
    0x0000, 0x0000, 0x0000, 0x0000, 0x0000, 0x0000, 0x0000, 0x0000, 
    0x0000, 0x0000, 0x0000, 0x0000, 0x0000, 0x0000, 0x0000, 0x0000, 
    0x0000, 0x0000, 0x0000, 0x0000, 0x0000, 0x0000, 0x0000, 0x0000, 
    0x0000, 0x0000, 0x0000, 0x0000, 0x0000, 0x0000, 0x0000, 0x0000, 
    0x0000, 0x0000, 0x0000, 0x0000, 0x0000, 0x0000, 0x0000, 0x0000, 
    0x0000, 0x0000, 0x0000, 0x0000, 0x0000, 0x0000, 0x0000, 0x0000, 
    0x0000, 0x0000, 0x0000, 0x0000, 0x0000, 0x0000, 0x0000, 0x0000, 
    0x0000, 0x0000, 0x0000, 0x0000, 0x0000, 0x0000, 0x0000, 0x0000, 
    0x0000, 0x0000, 0x0000, 0x0000, 0x0000, 0x0000, 0x0000, 0x0000, 
    0x0000, 0x0000, 0x0000, 0x0000, 0x0000, 0x0000, 0x0000, 0x0000, 
    0x0000, 0x0000, 0x0000, 0x0000, 0x0000, 0x0000, 0x0000, 0x0000, 
    0x0000, 0x0000, 0x0000, 0x0000, 0x0000, 0x0000, 0x0000, 0x0000, 
    0x0000, 0x0000, 0x0000, 0x0000, 0x0000, 0x0000, 0x0000, 0x0000, 
};
// 9206 double-byte pairs

// codepoint -> on-disk bytes. Encodable chars only (sorted by codepoint).
struct Cp932EncEntry { uint16_t ch; uint16_t code; }; // code: <0x100 = 1 byte, else (b0<<8)|b1
static const Cp932EncEntry kCp932EncodeTable[] = {
    { 0x0000, 0x0000 }, // U+0000 = 0x00
    { 0x0001, 0x0001 }, // U+0001 = 0x01
    { 0x0002, 0x0002 }, // U+0002 = 0x02
    { 0x0003, 0x0003 }, // U+0003 = 0x03
    { 0x0004, 0x0004 }, // U+0004 = 0x04
    { 0x0005, 0x0005 }, // U+0005 = 0x05
    { 0x0006, 0x0006 }, // U+0006 = 0x06
    { 0x0007, 0x0007 }, // U+0007 = 0x07
    { 0x0008, 0x0008 }, // U+0008 = 0x08
    { 0x0009, 0x0009 }, // U+0009 = 0x09
    { 0x000A, 0x000A }, // U+000A = 0x0A
    { 0x000B, 0x000B }, // U+000B = 0x0B
    { 0x000C, 0x000C }, // U+000C = 0x0C
    { 0x000D, 0x000D }, // U+000D = 0x0D
    { 0x000E, 0x000E }, // U+000E = 0x0E
    { 0x000F, 0x000F }, // U+000F = 0x0F
    { 0x0010, 0x0010 }, // U+0010 = 0x10
    { 0x0011, 0x0011 }, // U+0011 = 0x11
    { 0x0012, 0x0012 }, // U+0012 = 0x12
    { 0x0013, 0x0013 }, // U+0013 = 0x13
    { 0x0014, 0x0014 }, // U+0014 = 0x14
    { 0x0015, 0x0015 }, // U+0015 = 0x15
    { 0x0016, 0x0016 }, // U+0016 = 0x16
    { 0x0017, 0x0017 }, // U+0017 = 0x17
    { 0x0018, 0x0018 }, // U+0018 = 0x18
    { 0x0019, 0x0019 }, // U+0019 = 0x19
    { 0x001A, 0x001A }, // U+001A = 0x1A
    { 0x001B, 0x001B }, // U+001B = 0x1B
    { 0x001C, 0x001C }, // U+001C = 0x1C
    { 0x001D, 0x001D }, // U+001D = 0x1D
    { 0x001E, 0x001E }, // U+001E = 0x1E
    { 0x001F, 0x001F }, // U+001F = 0x1F
    { 0x0020, 0x0020 }, // U+0020 = 0x20
    { 0x0021, 0x0021 }, // U+0021 = 0x21
    { 0x0022, 0x0022 }, // U+0022 = 0x22
    { 0x0023, 0x0023 }, // U+0023 = 0x23
    { 0x0024, 0x0024 }, // U+0024 = 0x24
    { 0x0025, 0x0025 }, // U+0025 = 0x25
    { 0x0026, 0x0026 }, // U+0026 = 0x26
    { 0x0027, 0x0027 }, // U+0027 = 0x27
    { 0x0028, 0x0028 }, // U+0028 = 0x28
    { 0x0029, 0x0029 }, // U+0029 = 0x29
    { 0x002A, 0x002A }, // U+002A = 0x2A
    { 0x002B, 0x002B }, // U+002B = 0x2B
    { 0x002C, 0x002C }, // U+002C = 0x2C
    { 0x002D, 0x002D }, // U+002D = 0x2D
    { 0x002E, 0x002E }, // U+002E = 0x2E
    { 0x002F, 0x002F }, // U+002F = 0x2F
    { 0x0030, 0x0030 }, // U+0030 = 0x30
    { 0x0031, 0x0031 }, // U+0031 = 0x31
    { 0x0032, 0x0032 }, // U+0032 = 0x32
    { 0x0033, 0x0033 }, // U+0033 = 0x33
    { 0x0034, 0x0034 }, // U+0034 = 0x34
    { 0x0035, 0x0035 }, // U+0035 = 0x35
    { 0x0036, 0x0036 }, // U+0036 = 0x36
    { 0x0037, 0x0037 }, // U+0037 = 0x37
    { 0x0038, 0x0038 }, // U+0038 = 0x38
    { 0x0039, 0x0039 }, // U+0039 = 0x39
    { 0x003A, 0x003A }, // U+003A = 0x3A
    { 0x003B, 0x003B }, // U+003B = 0x3B
    { 0x003C, 0x003C }, // U+003C = 0x3C
    { 0x003D, 0x003D }, // U+003D = 0x3D
    { 0x003E, 0x003E }, // U+003E = 0x3E
    { 0x003F, 0x003F }, // U+003F = 0x3F
    { 0x0040, 0x0040 }, // U+0040 = 0x40
    { 0x0041, 0x0041 }, // U+0041 = 0x41
    { 0x0042, 0x0042 }, // U+0042 = 0x42
    { 0x0043, 0x0043 }, // U+0043 = 0x43
    { 0x0044, 0x0044 }, // U+0044 = 0x44
    { 0x0045, 0x0045 }, // U+0045 = 0x45
    { 0x0046, 0x0046 }, // U+0046 = 0x46
    { 0x0047, 0x0047 }, // U+0047 = 0x47
    { 0x0048, 0x0048 }, // U+0048 = 0x48
    { 0x0049, 0x0049 }, // U+0049 = 0x49
    { 0x004A, 0x004A }, // U+004A = 0x4A
    { 0x004B, 0x004B }, // U+004B = 0x4B
    { 0x004C, 0x004C }, // U+004C = 0x4C
    { 0x004D, 0x004D }, // U+004D = 0x4D
    { 0x004E, 0x004E }, // U+004E = 0x4E
    { 0x004F, 0x004F }, // U+004F = 0x4F
    { 0x0050, 0x0050 }, // U+0050 = 0x50
    { 0x0051, 0x0051 }, // U+0051 = 0x51
    { 0x0052, 0x0052 }, // U+0052 = 0x52
    { 0x0053, 0x0053 }, // U+0053 = 0x53
    { 0x0054, 0x0054 }, // U+0054 = 0x54
    { 0x0055, 0x0055 }, // U+0055 = 0x55
    { 0x0056, 0x0056 }, // U+0056 = 0x56
    { 0x0057, 0x0057 }, // U+0057 = 0x57
    { 0x0058, 0x0058 }, // U+0058 = 0x58
    { 0x0059, 0x0059 }, // U+0059 = 0x59
    { 0x005A, 0x005A }, // U+005A = 0x5A
    { 0x005B, 0x005B }, // U+005B = 0x5B
    { 0x005C, 0x005C }, // U+005C = 0x5C
    { 0x005D, 0x005D }, // U+005D = 0x5D
    { 0x005E, 0x005E }, // U+005E = 0x5E
    { 0x005F, 0x005F }, // U+005F = 0x5F
    { 0x0060, 0x0060 }, // U+0060 = 0x60
    { 0x0061, 0x0061 }, // U+0061 = 0x61
    { 0x0062, 0x0062 }, // U+0062 = 0x62
    { 0x0063, 0x0063 }, // U+0063 = 0x63
    { 0x0064, 0x0064 }, // U+0064 = 0x64
    { 0x0065, 0x0065 }, // U+0065 = 0x65
    { 0x0066, 0x0066 }, // U+0066 = 0x66
    { 0x0067, 0x0067 }, // U+0067 = 0x67
    { 0x0068, 0x0068 }, // U+0068 = 0x68
    { 0x0069, 0x0069 }, // U+0069 = 0x69
    { 0x006A, 0x006A }, // U+006A = 0x6A
    { 0x006B, 0x006B }, // U+006B = 0x6B
    { 0x006C, 0x006C }, // U+006C = 0x6C
    { 0x006D, 0x006D }, // U+006D = 0x6D
    { 0x006E, 0x006E }, // U+006E = 0x6E
    { 0x006F, 0x006F }, // U+006F = 0x6F
    { 0x0070, 0x0070 }, // U+0070 = 0x70
    { 0x0071, 0x0071 }, // U+0071 = 0x71
    { 0x0072, 0x0072 }, // U+0072 = 0x72
    { 0x0073, 0x0073 }, // U+0073 = 0x73
    { 0x0074, 0x0074 }, // U+0074 = 0x74
    { 0x0075, 0x0075 }, // U+0075 = 0x75
    { 0x0076, 0x0076 }, // U+0076 = 0x76
    { 0x0077, 0x0077 }, // U+0077 = 0x77
    { 0x0078, 0x0078 }, // U+0078 = 0x78
    { 0x0079, 0x0079 }, // U+0079 = 0x79
    { 0x007A, 0x007A }, // U+007A = 0x7A
    { 0x007B, 0x007B }, // U+007B = 0x7B
    { 0x007C, 0x007C }, // U+007C = 0x7C
    { 0x007D, 0x007D }, // U+007D = 0x7D
    { 0x007E, 0x007E }, // U+007E = 0x7E
    { 0x007F, 0x007F }, // U+007F = 0x7F
    { 0x0080, 0x0080 }, // U+0080 = 0x80
    { 0x00A7, 0x8198 }, // U+00A7 = 0x81 0x98
    { 0x00A8, 0x814E }, // U+00A8 = 0x81 0x4E
    { 0x00B0, 0x818B }, // U+00B0 = 0x81 0x8B
    { 0x00B1, 0x817D }, // U+00B1 = 0x81 0x7D
    { 0x00B4, 0x814C }, // U+00B4 = 0x81 0x4C
    { 0x00B6, 0x81F7 }, // U+00B6 = 0x81 0xF7
    { 0x00D7, 0x817E }, // U+00D7 = 0x81 0x7E
    { 0x00F7, 0x8180 }, // U+00F7 = 0x81 0x80
    { 0x0391, 0x839F }, // U+0391 = 0x83 0x9F
    { 0x0392, 0x83A0 }, // U+0392 = 0x83 0xA0
    { 0x0393, 0x83A1 }, // U+0393 = 0x83 0xA1
    { 0x0394, 0x83A2 }, // U+0394 = 0x83 0xA2
    { 0x0395, 0x83A3 }, // U+0395 = 0x83 0xA3
    { 0x0396, 0x83A4 }, // U+0396 = 0x83 0xA4
    { 0x0397, 0x83A5 }, // U+0397 = 0x83 0xA5
    { 0x0398, 0x83A6 }, // U+0398 = 0x83 0xA6
    { 0x0399, 0x83A7 }, // U+0399 = 0x83 0xA7
    { 0x039A, 0x83A8 }, // U+039A = 0x83 0xA8
    { 0x039B, 0x83A9 }, // U+039B = 0x83 0xA9
    { 0x039C, 0x83AA }, // U+039C = 0x83 0xAA
    { 0x039D, 0x83AB }, // U+039D = 0x83 0xAB
    { 0x039E, 0x83AC }, // U+039E = 0x83 0xAC
    { 0x039F, 0x83AD }, // U+039F = 0x83 0xAD
    { 0x03A0, 0x83AE }, // U+03A0 = 0x83 0xAE
    { 0x03A1, 0x83AF }, // U+03A1 = 0x83 0xAF
    { 0x03A3, 0x83B0 }, // U+03A3 = 0x83 0xB0
    { 0x03A4, 0x83B1 }, // U+03A4 = 0x83 0xB1
    { 0x03A5, 0x83B2 }, // U+03A5 = 0x83 0xB2
    { 0x03A6, 0x83B3 }, // U+03A6 = 0x83 0xB3
    { 0x03A7, 0x83B4 }, // U+03A7 = 0x83 0xB4
    { 0x03A8, 0x83B5 }, // U+03A8 = 0x83 0xB5
    { 0x03A9, 0x83B6 }, // U+03A9 = 0x83 0xB6
    { 0x03B1, 0x83BF }, // U+03B1 = 0x83 0xBF
    { 0x03B2, 0x83C0 }, // U+03B2 = 0x83 0xC0
    { 0x03B3, 0x83C1 }, // U+03B3 = 0x83 0xC1
    { 0x03B4, 0x83C2 }, // U+03B4 = 0x83 0xC2
    { 0x03B5, 0x83C3 }, // U+03B5 = 0x83 0xC3
    { 0x03B6, 0x83C4 }, // U+03B6 = 0x83 0xC4
    { 0x03B7, 0x83C5 }, // U+03B7 = 0x83 0xC5
    { 0x03B8, 0x83C6 }, // U+03B8 = 0x83 0xC6
    { 0x03B9, 0x83C7 }, // U+03B9 = 0x83 0xC7
    { 0x03BA, 0x83C8 }, // U+03BA = 0x83 0xC8
    { 0x03BB, 0x83C9 }, // U+03BB = 0x83 0xC9
    { 0x03BC, 0x83CA }, // U+03BC = 0x83 0xCA
    { 0x03BD, 0x83CB }, // U+03BD = 0x83 0xCB
    { 0x03BE, 0x83CC }, // U+03BE = 0x83 0xCC
    { 0x03BF, 0x83CD }, // U+03BF = 0x83 0xCD
    { 0x03C0, 0x83CE }, // U+03C0 = 0x83 0xCE
    { 0x03C1, 0x83CF }, // U+03C1 = 0x83 0xCF
    { 0x03C3, 0x83D0 }, // U+03C3 = 0x83 0xD0
    { 0x03C4, 0x83D1 }, // U+03C4 = 0x83 0xD1
    { 0x03C5, 0x83D2 }, // U+03C5 = 0x83 0xD2
    { 0x03C6, 0x83D3 }, // U+03C6 = 0x83 0xD3
    { 0x03C7, 0x83D4 }, // U+03C7 = 0x83 0xD4
    { 0x03C8, 0x83D5 }, // U+03C8 = 0x83 0xD5
    { 0x03C9, 0x83D6 }, // U+03C9 = 0x83 0xD6
    { 0x0401, 0x8446 }, // U+0401 = 0x84 0x46
    { 0x0410, 0x8440 }, // U+0410 = 0x84 0x40
    { 0x0411, 0x8441 }, // U+0411 = 0x84 0x41
    { 0x0412, 0x8442 }, // U+0412 = 0x84 0x42
    { 0x0413, 0x8443 }, // U+0413 = 0x84 0x43
    { 0x0414, 0x8444 }, // U+0414 = 0x84 0x44
    { 0x0415, 0x8445 }, // U+0415 = 0x84 0x45
    { 0x0416, 0x8447 }, // U+0416 = 0x84 0x47
    { 0x0417, 0x8448 }, // U+0417 = 0x84 0x48
    { 0x0418, 0x8449 }, // U+0418 = 0x84 0x49
    { 0x0419, 0x844A }, // U+0419 = 0x84 0x4A
    { 0x041A, 0x844B }, // U+041A = 0x84 0x4B
    { 0x041B, 0x844C }, // U+041B = 0x84 0x4C
    { 0x041C, 0x844D }, // U+041C = 0x84 0x4D
    { 0x041D, 0x844E }, // U+041D = 0x84 0x4E
    { 0x041E, 0x844F }, // U+041E = 0x84 0x4F
    { 0x041F, 0x8450 }, // U+041F = 0x84 0x50
    { 0x0420, 0x8451 }, // U+0420 = 0x84 0x51
    { 0x0421, 0x8452 }, // U+0421 = 0x84 0x52
    { 0x0422, 0x8453 }, // U+0422 = 0x84 0x53
    { 0x0423, 0x8454 }, // U+0423 = 0x84 0x54
    { 0x0424, 0x8455 }, // U+0424 = 0x84 0x55
    { 0x0425, 0x8456 }, // U+0425 = 0x84 0x56
    { 0x0426, 0x8457 }, // U+0426 = 0x84 0x57
    { 0x0427, 0x8458 }, // U+0427 = 0x84 0x58
    { 0x0428, 0x8459 }, // U+0428 = 0x84 0x59
    { 0x0429, 0x845A }, // U+0429 = 0x84 0x5A
    { 0x042A, 0x845B }, // U+042A = 0x84 0x5B
    { 0x042B, 0x845C }, // U+042B = 0x84 0x5C
    { 0x042C, 0x845D }, // U+042C = 0x84 0x5D
    { 0x042D, 0x845E }, // U+042D = 0x84 0x5E
    { 0x042E, 0x845F }, // U+042E = 0x84 0x5F
    { 0x042F, 0x8460 }, // U+042F = 0x84 0x60
    { 0x0430, 0x8470 }, // U+0430 = 0x84 0x70
    { 0x0431, 0x8471 }, // U+0431 = 0x84 0x71
    { 0x0432, 0x8472 }, // U+0432 = 0x84 0x72
    { 0x0433, 0x8473 }, // U+0433 = 0x84 0x73
    { 0x0434, 0x8474 }, // U+0434 = 0x84 0x74
    { 0x0435, 0x8475 }, // U+0435 = 0x84 0x75
    { 0x0436, 0x8477 }, // U+0436 = 0x84 0x77
    { 0x0437, 0x8478 }, // U+0437 = 0x84 0x78
    { 0x0438, 0x8479 }, // U+0438 = 0x84 0x79
    { 0x0439, 0x847A }, // U+0439 = 0x84 0x7A
    { 0x043A, 0x847B }, // U+043A = 0x84 0x7B
    { 0x043B, 0x847C }, // U+043B = 0x84 0x7C
    { 0x043C, 0x847D }, // U+043C = 0x84 0x7D
    { 0x043D, 0x847E }, // U+043D = 0x84 0x7E
    { 0x043E, 0x8480 }, // U+043E = 0x84 0x80
    { 0x043F, 0x8481 }, // U+043F = 0x84 0x81
    { 0x0440, 0x8482 }, // U+0440 = 0x84 0x82
    { 0x0441, 0x8483 }, // U+0441 = 0x84 0x83
    { 0x0442, 0x8484 }, // U+0442 = 0x84 0x84
    { 0x0443, 0x8485 }, // U+0443 = 0x84 0x85
    { 0x0444, 0x8486 }, // U+0444 = 0x84 0x86
    { 0x0445, 0x8487 }, // U+0445 = 0x84 0x87
    { 0x0446, 0x8488 }, // U+0446 = 0x84 0x88
    { 0x0447, 0x8489 }, // U+0447 = 0x84 0x89
    { 0x0448, 0x848A }, // U+0448 = 0x84 0x8A
    { 0x0449, 0x848B }, // U+0449 = 0x84 0x8B
    { 0x044A, 0x848C }, // U+044A = 0x84 0x8C
    { 0x044B, 0x848D }, // U+044B = 0x84 0x8D
    { 0x044C, 0x848E }, // U+044C = 0x84 0x8E
    { 0x044D, 0x848F }, // U+044D = 0x84 0x8F
    { 0x044E, 0x8490 }, // U+044E = 0x84 0x90
    { 0x044F, 0x8491 }, // U+044F = 0x84 0x91
    { 0x0451, 0x8476 }, // U+0451 = 0x84 0x76
    { 0x2010, 0x815D }, // U+2010 = 0x81 0x5D
    { 0x2015, 0x815C }, // U+2015 = 0x81 0x5C
    { 0x2018, 0x8165 }, // U+2018 = 0x81 0x65
    { 0x2019, 0x8166 }, // U+2019 = 0x81 0x66
    { 0x201C, 0x8167 }, // U+201C = 0x81 0x67
    { 0x201D, 0x8168 }, // U+201D = 0x81 0x68
    { 0x2020, 0x81F5 }, // U+2020 = 0x81 0xF5
    { 0x2021, 0x81F6 }, // U+2021 = 0x81 0xF6
    { 0x2025, 0x8164 }, // U+2025 = 0x81 0x64
    { 0x2026, 0x8163 }, // U+2026 = 0x81 0x63
    { 0x2030, 0x81F1 }, // U+2030 = 0x81 0xF1
    { 0x2032, 0x818C }, // U+2032 = 0x81 0x8C
    { 0x2033, 0x818D }, // U+2033 = 0x81 0x8D
    { 0x203B, 0x81A6 }, // U+203B = 0x81 0xA6
    { 0x2103, 0x818E }, // U+2103 = 0x81 0x8E
    { 0x2116, 0x8782 }, // U+2116 = 0x87 0x82
    { 0x2121, 0x8784 }, // U+2121 = 0x87 0x84
    { 0x212B, 0x81F0 }, // U+212B = 0x81 0xF0
    { 0x2160, 0x8754 }, // U+2160 = 0x87 0x54
    { 0x2161, 0x8755 }, // U+2161 = 0x87 0x55
    { 0x2162, 0x8756 }, // U+2162 = 0x87 0x56
    { 0x2163, 0x8757 }, // U+2163 = 0x87 0x57
    { 0x2164, 0x8758 }, // U+2164 = 0x87 0x58
    { 0x2165, 0x8759 }, // U+2165 = 0x87 0x59
    { 0x2166, 0x875A }, // U+2166 = 0x87 0x5A
    { 0x2167, 0x875B }, // U+2167 = 0x87 0x5B
    { 0x2168, 0x875C }, // U+2168 = 0x87 0x5C
    { 0x2169, 0x875D }, // U+2169 = 0x87 0x5D
    { 0x2170, 0xFA40 }, // U+2170 = 0xFA 0x40
    { 0x2171, 0xFA41 }, // U+2171 = 0xFA 0x41
    { 0x2172, 0xFA42 }, // U+2172 = 0xFA 0x42
    { 0x2173, 0xFA43 }, // U+2173 = 0xFA 0x43
    { 0x2174, 0xFA44 }, // U+2174 = 0xFA 0x44
    { 0x2175, 0xFA45 }, // U+2175 = 0xFA 0x45
    { 0x2176, 0xFA46 }, // U+2176 = 0xFA 0x46
    { 0x2177, 0xFA47 }, // U+2177 = 0xFA 0x47
    { 0x2178, 0xFA48 }, // U+2178 = 0xFA 0x48
    { 0x2179, 0xFA49 }, // U+2179 = 0xFA 0x49
    { 0x2190, 0x81A9 }, // U+2190 = 0x81 0xA9
    { 0x2191, 0x81AA }, // U+2191 = 0x81 0xAA
    { 0x2192, 0x81A8 }, // U+2192 = 0x81 0xA8
    { 0x2193, 0x81AB }, // U+2193 = 0x81 0xAB
    { 0x21D2, 0x81CB }, // U+21D2 = 0x81 0xCB
    { 0x21D4, 0x81CC }, // U+21D4 = 0x81 0xCC
    { 0x2200, 0x81CD }, // U+2200 = 0x81 0xCD
    { 0x2202, 0x81DD }, // U+2202 = 0x81 0xDD
    { 0x2203, 0x81CE }, // U+2203 = 0x81 0xCE
    { 0x2207, 0x81DE }, // U+2207 = 0x81 0xDE
    { 0x2208, 0x81B8 }, // U+2208 = 0x81 0xB8
    { 0x220B, 0x81B9 }, // U+220B = 0x81 0xB9
    { 0x2211, 0x8794 }, // U+2211 = 0x87 0x94
    { 0x221A, 0x81E3 }, // U+221A = 0x81 0xE3
    { 0x221D, 0x81E5 }, // U+221D = 0x81 0xE5
    { 0x221E, 0x8187 }, // U+221E = 0x81 0x87
    { 0x221F, 0x8798 }, // U+221F = 0x87 0x98
    { 0x2220, 0x81DA }, // U+2220 = 0x81 0xDA
    { 0x2225, 0x8161 }, // U+2225 = 0x81 0x61
    { 0x2227, 0x81C8 }, // U+2227 = 0x81 0xC8
    { 0x2228, 0x81C9 }, // U+2228 = 0x81 0xC9
    { 0x2229, 0x81BF }, // U+2229 = 0x81 0xBF
    { 0x222A, 0x81BE }, // U+222A = 0x81 0xBE
    { 0x222B, 0x81E7 }, // U+222B = 0x81 0xE7
    { 0x222C, 0x81E8 }, // U+222C = 0x81 0xE8
    { 0x222E, 0x8793 }, // U+222E = 0x87 0x93
    { 0x2234, 0x8188 }, // U+2234 = 0x81 0x88
    { 0x2235, 0x81E6 }, // U+2235 = 0x81 0xE6
    { 0x223D, 0x81E4 }, // U+223D = 0x81 0xE4
    { 0x2252, 0x81E0 }, // U+2252 = 0x81 0xE0
    { 0x2260, 0x8182 }, // U+2260 = 0x81 0x82
    { 0x2261, 0x81DF }, // U+2261 = 0x81 0xDF
    { 0x2266, 0x8185 }, // U+2266 = 0x81 0x85
    { 0x2267, 0x8186 }, // U+2267 = 0x81 0x86
    { 0x226A, 0x81E1 }, // U+226A = 0x81 0xE1
    { 0x226B, 0x81E2 }, // U+226B = 0x81 0xE2
    { 0x2282, 0x81BC }, // U+2282 = 0x81 0xBC
    { 0x2283, 0x81BD }, // U+2283 = 0x81 0xBD
    { 0x2286, 0x81BA }, // U+2286 = 0x81 0xBA
    { 0x2287, 0x81BB }, // U+2287 = 0x81 0xBB
    { 0x22A5, 0x81DB }, // U+22A5 = 0x81 0xDB
    { 0x22BF, 0x8799 }, // U+22BF = 0x87 0x99
    { 0x2312, 0x81DC }, // U+2312 = 0x81 0xDC
    { 0x2460, 0x8740 }, // U+2460 = 0x87 0x40
    { 0x2461, 0x8741 }, // U+2461 = 0x87 0x41
    { 0x2462, 0x8742 }, // U+2462 = 0x87 0x42
    { 0x2463, 0x8743 }, // U+2463 = 0x87 0x43
    { 0x2464, 0x8744 }, // U+2464 = 0x87 0x44
    { 0x2465, 0x8745 }, // U+2465 = 0x87 0x45
    { 0x2466, 0x8746 }, // U+2466 = 0x87 0x46
    { 0x2467, 0x8747 }, // U+2467 = 0x87 0x47
    { 0x2468, 0x8748 }, // U+2468 = 0x87 0x48
    { 0x2469, 0x8749 }, // U+2469 = 0x87 0x49
    { 0x246A, 0x874A }, // U+246A = 0x87 0x4A
    { 0x246B, 0x874B }, // U+246B = 0x87 0x4B
    { 0x246C, 0x874C }, // U+246C = 0x87 0x4C
    { 0x246D, 0x874D }, // U+246D = 0x87 0x4D
    { 0x246E, 0x874E }, // U+246E = 0x87 0x4E
    { 0x246F, 0x874F }, // U+246F = 0x87 0x4F
    { 0x2470, 0x8750 }, // U+2470 = 0x87 0x50
    { 0x2471, 0x8751 }, // U+2471 = 0x87 0x51
    { 0x2472, 0x8752 }, // U+2472 = 0x87 0x52
    { 0x2473, 0x8753 }, // U+2473 = 0x87 0x53
    { 0x2500, 0x849F }, // U+2500 = 0x84 0x9F
    { 0x2501, 0x84AA }, // U+2501 = 0x84 0xAA
    { 0x2502, 0x84A0 }, // U+2502 = 0x84 0xA0
    { 0x2503, 0x84AB }, // U+2503 = 0x84 0xAB
    { 0x250C, 0x84A1 }, // U+250C = 0x84 0xA1
    { 0x250F, 0x84AC }, // U+250F = 0x84 0xAC
    { 0x2510, 0x84A2 }, // U+2510 = 0x84 0xA2
    { 0x2513, 0x84AD }, // U+2513 = 0x84 0xAD
    { 0x2514, 0x84A4 }, // U+2514 = 0x84 0xA4
    { 0x2517, 0x84AF }, // U+2517 = 0x84 0xAF
    { 0x2518, 0x84A3 }, // U+2518 = 0x84 0xA3
    { 0x251B, 0x84AE }, // U+251B = 0x84 0xAE
    { 0x251C, 0x84A5 }, // U+251C = 0x84 0xA5
    { 0x251D, 0x84BA }, // U+251D = 0x84 0xBA
    { 0x2520, 0x84B5 }, // U+2520 = 0x84 0xB5
    { 0x2523, 0x84B0 }, // U+2523 = 0x84 0xB0
    { 0x2524, 0x84A7 }, // U+2524 = 0x84 0xA7
    { 0x2525, 0x84BC }, // U+2525 = 0x84 0xBC
    { 0x2528, 0x84B7 }, // U+2528 = 0x84 0xB7
    { 0x252B, 0x84B2 }, // U+252B = 0x84 0xB2
    { 0x252C, 0x84A6 }, // U+252C = 0x84 0xA6
    { 0x252F, 0x84B6 }, // U+252F = 0x84 0xB6
    { 0x2530, 0x84BB }, // U+2530 = 0x84 0xBB
    { 0x2533, 0x84B1 }, // U+2533 = 0x84 0xB1
    { 0x2534, 0x84A8 }, // U+2534 = 0x84 0xA8
    { 0x2537, 0x84B8 }, // U+2537 = 0x84 0xB8
    { 0x2538, 0x84BD }, // U+2538 = 0x84 0xBD
    { 0x253B, 0x84B3 }, // U+253B = 0x84 0xB3
    { 0x253C, 0x84A9 }, // U+253C = 0x84 0xA9
    { 0x253F, 0x84B9 }, // U+253F = 0x84 0xB9
    { 0x2542, 0x84BE }, // U+2542 = 0x84 0xBE
    { 0x254B, 0x84B4 }, // U+254B = 0x84 0xB4
    { 0x25A0, 0x81A1 }, // U+25A0 = 0x81 0xA1
    { 0x25A1, 0x81A0 }, // U+25A1 = 0x81 0xA0
    { 0x25B2, 0x81A3 }, // U+25B2 = 0x81 0xA3
    { 0x25B3, 0x81A2 }, // U+25B3 = 0x81 0xA2
    { 0x25BC, 0x81A5 }, // U+25BC = 0x81 0xA5
    { 0x25BD, 0x81A4 }, // U+25BD = 0x81 0xA4
    { 0x25C6, 0x819F }, // U+25C6 = 0x81 0x9F
    { 0x25C7, 0x819E }, // U+25C7 = 0x81 0x9E
    { 0x25CB, 0x819B }, // U+25CB = 0x81 0x9B
    { 0x25CE, 0x819D }, // U+25CE = 0x81 0x9D
    { 0x25CF, 0x819C }, // U+25CF = 0x81 0x9C
    { 0x25EF, 0x81FC }, // U+25EF = 0x81 0xFC
    { 0x2605, 0x819A }, // U+2605 = 0x81 0x9A
    { 0x2606, 0x8199 }, // U+2606 = 0x81 0x99
    { 0x2640, 0x818A }, // U+2640 = 0x81 0x8A
    { 0x2642, 0x8189 }, // U+2642 = 0x81 0x89
    { 0x266A, 0x81F4 }, // U+266A = 0x81 0xF4
    { 0x266D, 0x81F3 }, // U+266D = 0x81 0xF3
    { 0x266F, 0x81F2 }, // U+266F = 0x81 0xF2
    { 0x3000, 0x8140 }, // U+3000 = 0x81 0x40
    { 0x3001, 0x8141 }, // U+3001 = 0x81 0x41
    { 0x3002, 0x8142 }, // U+3002 = 0x81 0x42
    { 0x3003, 0x8156 }, // U+3003 = 0x81 0x56
    { 0x3005, 0x8158 }, // U+3005 = 0x81 0x58
    { 0x3006, 0x8159 }, // U+3006 = 0x81 0x59
    { 0x3007, 0x815A }, // U+3007 = 0x81 0x5A
    { 0x3008, 0x8171 }, // U+3008 = 0x81 0x71
    { 0x3009, 0x8172 }, // U+3009 = 0x81 0x72
    { 0x300A, 0x8173 }, // U+300A = 0x81 0x73
    { 0x300B, 0x8174 }, // U+300B = 0x81 0x74
    { 0x300C, 0x8175 }, // U+300C = 0x81 0x75
    { 0x300D, 0x8176 }, // U+300D = 0x81 0x76
    { 0x300E, 0x8177 }, // U+300E = 0x81 0x77
    { 0x300F, 0x8178 }, // U+300F = 0x81 0x78
    { 0x3010, 0x8179 }, // U+3010 = 0x81 0x79
    { 0x3011, 0x817A }, // U+3011 = 0x81 0x7A
    { 0x3012, 0x81A7 }, // U+3012 = 0x81 0xA7
    { 0x3013, 0x81AC }, // U+3013 = 0x81 0xAC
    { 0x3014, 0x816B }, // U+3014 = 0x81 0x6B
    { 0x3015, 0x816C }, // U+3015 = 0x81 0x6C
    { 0x301D, 0x8780 }, // U+301D = 0x87 0x80
    { 0x301F, 0x8781 }, // U+301F = 0x87 0x81
    { 0x3041, 0x829F }, // U+3041 = 0x82 0x9F
    { 0x3042, 0x82A0 }, // U+3042 = 0x82 0xA0
    { 0x3043, 0x82A1 }, // U+3043 = 0x82 0xA1
    { 0x3044, 0x82A2 }, // U+3044 = 0x82 0xA2
    { 0x3045, 0x82A3 }, // U+3045 = 0x82 0xA3
    { 0x3046, 0x82A4 }, // U+3046 = 0x82 0xA4
    { 0x3047, 0x82A5 }, // U+3047 = 0x82 0xA5
    { 0x3048, 0x82A6 }, // U+3048 = 0x82 0xA6
    { 0x3049, 0x82A7 }, // U+3049 = 0x82 0xA7
    { 0x304A, 0x82A8 }, // U+304A = 0x82 0xA8
    { 0x304B, 0x82A9 }, // U+304B = 0x82 0xA9
    { 0x304C, 0x82AA }, // U+304C = 0x82 0xAA
    { 0x304D, 0x82AB }, // U+304D = 0x82 0xAB
    { 0x304E, 0x82AC }, // U+304E = 0x82 0xAC
    { 0x304F, 0x82AD }, // U+304F = 0x82 0xAD
    { 0x3050, 0x82AE }, // U+3050 = 0x82 0xAE
    { 0x3051, 0x82AF }, // U+3051 = 0x82 0xAF
    { 0x3052, 0x82B0 }, // U+3052 = 0x82 0xB0
    { 0x3053, 0x82B1 }, // U+3053 = 0x82 0xB1
    { 0x3054, 0x82B2 }, // U+3054 = 0x82 0xB2
    { 0x3055, 0x82B3 }, // U+3055 = 0x82 0xB3
    { 0x3056, 0x82B4 }, // U+3056 = 0x82 0xB4
    { 0x3057, 0x82B5 }, // U+3057 = 0x82 0xB5
    { 0x3058, 0x82B6 }, // U+3058 = 0x82 0xB6
    { 0x3059, 0x82B7 }, // U+3059 = 0x82 0xB7
    { 0x305A, 0x82B8 }, // U+305A = 0x82 0xB8
    { 0x305B, 0x82B9 }, // U+305B = 0x82 0xB9
    { 0x305C, 0x82BA }, // U+305C = 0x82 0xBA
    { 0x305D, 0x82BB }, // U+305D = 0x82 0xBB
    { 0x305E, 0x82BC }, // U+305E = 0x82 0xBC
    { 0x305F, 0x82BD }, // U+305F = 0x82 0xBD
    { 0x3060, 0x82BE }, // U+3060 = 0x82 0xBE
    { 0x3061, 0x82BF }, // U+3061 = 0x82 0xBF
    { 0x3062, 0x82C0 }, // U+3062 = 0x82 0xC0
    { 0x3063, 0x82C1 }, // U+3063 = 0x82 0xC1
    { 0x3064, 0x82C2 }, // U+3064 = 0x82 0xC2
    { 0x3065, 0x82C3 }, // U+3065 = 0x82 0xC3
    { 0x3066, 0x82C4 }, // U+3066 = 0x82 0xC4
    { 0x3067, 0x82C5 }, // U+3067 = 0x82 0xC5
    { 0x3068, 0x82C6 }, // U+3068 = 0x82 0xC6
    { 0x3069, 0x82C7 }, // U+3069 = 0x82 0xC7
    { 0x306A, 0x82C8 }, // U+306A = 0x82 0xC8
    { 0x306B, 0x82C9 }, // U+306B = 0x82 0xC9
    { 0x306C, 0x82CA }, // U+306C = 0x82 0xCA
    { 0x306D, 0x82CB }, // U+306D = 0x82 0xCB
    { 0x306E, 0x82CC }, // U+306E = 0x82 0xCC
    { 0x306F, 0x82CD }, // U+306F = 0x82 0xCD
    { 0x3070, 0x82CE }, // U+3070 = 0x82 0xCE
    { 0x3071, 0x82CF }, // U+3071 = 0x82 0xCF
    { 0x3072, 0x82D0 }, // U+3072 = 0x82 0xD0
    { 0x3073, 0x82D1 }, // U+3073 = 0x82 0xD1
    { 0x3074, 0x82D2 }, // U+3074 = 0x82 0xD2
    { 0x3075, 0x82D3 }, // U+3075 = 0x82 0xD3
    { 0x3076, 0x82D4 }, // U+3076 = 0x82 0xD4
    { 0x3077, 0x82D5 }, // U+3077 = 0x82 0xD5
    { 0x3078, 0x82D6 }, // U+3078 = 0x82 0xD6
    { 0x3079, 0x82D7 }, // U+3079 = 0x82 0xD7
    { 0x307A, 0x82D8 }, // U+307A = 0x82 0xD8
    { 0x307B, 0x82D9 }, // U+307B = 0x82 0xD9
    { 0x307C, 0x82DA }, // U+307C = 0x82 0xDA
    { 0x307D, 0x82DB }, // U+307D = 0x82 0xDB
    { 0x307E, 0x82DC }, // U+307E = 0x82 0xDC
    { 0x307F, 0x82DD }, // U+307F = 0x82 0xDD
    { 0x3080, 0x82DE }, // U+3080 = 0x82 0xDE
    { 0x3081, 0x82DF }, // U+3081 = 0x82 0xDF
    { 0x3082, 0x82E0 }, // U+3082 = 0x82 0xE0
    { 0x3083, 0x82E1 }, // U+3083 = 0x82 0xE1
    { 0x3084, 0x82E2 }, // U+3084 = 0x82 0xE2
    { 0x3085, 0x82E3 }, // U+3085 = 0x82 0xE3
    { 0x3086, 0x82E4 }, // U+3086 = 0x82 0xE4
    { 0x3087, 0x82E5 }, // U+3087 = 0x82 0xE5
    { 0x3088, 0x82E6 }, // U+3088 = 0x82 0xE6
    { 0x3089, 0x82E7 }, // U+3089 = 0x82 0xE7
    { 0x308A, 0x82E8 }, // U+308A = 0x82 0xE8
    { 0x308B, 0x82E9 }, // U+308B = 0x82 0xE9
    { 0x308C, 0x82EA }, // U+308C = 0x82 0xEA
    { 0x308D, 0x82EB }, // U+308D = 0x82 0xEB
    { 0x308E, 0x82EC }, // U+308E = 0x82 0xEC
    { 0x308F, 0x82ED }, // U+308F = 0x82 0xED
    { 0x3090, 0x82EE }, // U+3090 = 0x82 0xEE
    { 0x3091, 0x82EF }, // U+3091 = 0x82 0xEF
    { 0x3092, 0x82F0 }, // U+3092 = 0x82 0xF0
    { 0x3093, 0x82F1 }, // U+3093 = 0x82 0xF1
    { 0x309B, 0x814A }, // U+309B = 0x81 0x4A
    { 0x309C, 0x814B }, // U+309C = 0x81 0x4B
    { 0x309D, 0x8154 }, // U+309D = 0x81 0x54
    { 0x309E, 0x8155 }, // U+309E = 0x81 0x55
    { 0x30A1, 0x8340 }, // U+30A1 = 0x83 0x40
    { 0x30A2, 0x8341 }, // U+30A2 = 0x83 0x41
    { 0x30A3, 0x8342 }, // U+30A3 = 0x83 0x42
    { 0x30A4, 0x8343 }, // U+30A4 = 0x83 0x43
    { 0x30A5, 0x8344 }, // U+30A5 = 0x83 0x44
    { 0x30A6, 0x8345 }, // U+30A6 = 0x83 0x45
    { 0x30A7, 0x8346 }, // U+30A7 = 0x83 0x46
    { 0x30A8, 0x8347 }, // U+30A8 = 0x83 0x47
    { 0x30A9, 0x8348 }, // U+30A9 = 0x83 0x48
    { 0x30AA, 0x8349 }, // U+30AA = 0x83 0x49
    { 0x30AB, 0x834A }, // U+30AB = 0x83 0x4A
    { 0x30AC, 0x834B }, // U+30AC = 0x83 0x4B
    { 0x30AD, 0x834C }, // U+30AD = 0x83 0x4C
    { 0x30AE, 0x834D }, // U+30AE = 0x83 0x4D
    { 0x30AF, 0x834E }, // U+30AF = 0x83 0x4E
    { 0x30B0, 0x834F }, // U+30B0 = 0x83 0x4F
    { 0x30B1, 0x8350 }, // U+30B1 = 0x83 0x50
    { 0x30B2, 0x8351 }, // U+30B2 = 0x83 0x51
    { 0x30B3, 0x8352 }, // U+30B3 = 0x83 0x52
    { 0x30B4, 0x8353 }, // U+30B4 = 0x83 0x53
    { 0x30B5, 0x8354 }, // U+30B5 = 0x83 0x54
    { 0x30B6, 0x8355 }, // U+30B6 = 0x83 0x55
    { 0x30B7, 0x8356 }, // U+30B7 = 0x83 0x56
    { 0x30B8, 0x8357 }, // U+30B8 = 0x83 0x57
    { 0x30B9, 0x8358 }, // U+30B9 = 0x83 0x58
    { 0x30BA, 0x8359 }, // U+30BA = 0x83 0x59
    { 0x30BB, 0x835A }, // U+30BB = 0x83 0x5A
    { 0x30BC, 0x835B }, // U+30BC = 0x83 0x5B
    { 0x30BD, 0x835C }, // U+30BD = 0x83 0x5C
    { 0x30BE, 0x835D }, // U+30BE = 0x83 0x5D
    { 0x30BF, 0x835E }, // U+30BF = 0x83 0x5E
    { 0x30C0, 0x835F }, // U+30C0 = 0x83 0x5F
    { 0x30C1, 0x8360 }, // U+30C1 = 0x83 0x60
    { 0x30C2, 0x8361 }, // U+30C2 = 0x83 0x61
    { 0x30C3, 0x8362 }, // U+30C3 = 0x83 0x62
    { 0x30C4, 0x8363 }, // U+30C4 = 0x83 0x63
    { 0x30C5, 0x8364 }, // U+30C5 = 0x83 0x64
    { 0x30C6, 0x8365 }, // U+30C6 = 0x83 0x65
    { 0x30C7, 0x8366 }, // U+30C7 = 0x83 0x66
    { 0x30C8, 0x8367 }, // U+30C8 = 0x83 0x67
    { 0x30C9, 0x8368 }, // U+30C9 = 0x83 0x68
    { 0x30CA, 0x8369 }, // U+30CA = 0x83 0x69
    { 0x30CB, 0x836A }, // U+30CB = 0x83 0x6A
    { 0x30CC, 0x836B }, // U+30CC = 0x83 0x6B
    { 0x30CD, 0x836C }, // U+30CD = 0x83 0x6C
    { 0x30CE, 0x836D }, // U+30CE = 0x83 0x6D
    { 0x30CF, 0x836E }, // U+30CF = 0x83 0x6E
    { 0x30D0, 0x836F }, // U+30D0 = 0x83 0x6F
    { 0x30D1, 0x8370 }, // U+30D1 = 0x83 0x70
    { 0x30D2, 0x8371 }, // U+30D2 = 0x83 0x71
    { 0x30D3, 0x8372 }, // U+30D3 = 0x83 0x72
    { 0x30D4, 0x8373 }, // U+30D4 = 0x83 0x73
    { 0x30D5, 0x8374 }, // U+30D5 = 0x83 0x74
    { 0x30D6, 0x8375 }, // U+30D6 = 0x83 0x75
    { 0x30D7, 0x8376 }, // U+30D7 = 0x83 0x76
    { 0x30D8, 0x8377 }, // U+30D8 = 0x83 0x77
    { 0x30D9, 0x8378 }, // U+30D9 = 0x83 0x78
    { 0x30DA, 0x8379 }, // U+30DA = 0x83 0x79
    { 0x30DB, 0x837A }, // U+30DB = 0x83 0x7A
    { 0x30DC, 0x837B }, // U+30DC = 0x83 0x7B
    { 0x30DD, 0x837C }, // U+30DD = 0x83 0x7C
    { 0x30DE, 0x837D }, // U+30DE = 0x83 0x7D
    { 0x30DF, 0x837E }, // U+30DF = 0x83 0x7E
    { 0x30E0, 0x8380 }, // U+30E0 = 0x83 0x80
    { 0x30E1, 0x8381 }, // U+30E1 = 0x83 0x81
    { 0x30E2, 0x8382 }, // U+30E2 = 0x83 0x82
    { 0x30E3, 0x8383 }, // U+30E3 = 0x83 0x83
    { 0x30E4, 0x8384 }, // U+30E4 = 0x83 0x84
    { 0x30E5, 0x8385 }, // U+30E5 = 0x83 0x85
    { 0x30E6, 0x8386 }, // U+30E6 = 0x83 0x86
    { 0x30E7, 0x8387 }, // U+30E7 = 0x83 0x87
    { 0x30E8, 0x8388 }, // U+30E8 = 0x83 0x88
    { 0x30E9, 0x8389 }, // U+30E9 = 0x83 0x89
    { 0x30EA, 0x838A }, // U+30EA = 0x83 0x8A
    { 0x30EB, 0x838B }, // U+30EB = 0x83 0x8B
    { 0x30EC, 0x838C }, // U+30EC = 0x83 0x8C
    { 0x30ED, 0x838D }, // U+30ED = 0x83 0x8D
    { 0x30EE, 0x838E }, // U+30EE = 0x83 0x8E
    { 0x30EF, 0x838F }, // U+30EF = 0x83 0x8F
    { 0x30F0, 0x8390 }, // U+30F0 = 0x83 0x90
    { 0x30F1, 0x8391 }, // U+30F1 = 0x83 0x91
    { 0x30F2, 0x8392 }, // U+30F2 = 0x83 0x92
    { 0x30F3, 0x8393 }, // U+30F3 = 0x83 0x93
    { 0x30F4, 0x8394 }, // U+30F4 = 0x83 0x94
    { 0x30F5, 0x8395 }, // U+30F5 = 0x83 0x95
    { 0x30F6, 0x8396 }, // U+30F6 = 0x83 0x96
    { 0x30FB, 0x8145 }, // U+30FB = 0x81 0x45
    { 0x30FC, 0x815B }, // U+30FC = 0x81 0x5B
    { 0x30FD, 0x8152 }, // U+30FD = 0x81 0x52
    { 0x30FE, 0x8153 }, // U+30FE = 0x81 0x53
    { 0x3231, 0x878A }, // U+3231 = 0x87 0x8A
    { 0x3232, 0x878B }, // U+3232 = 0x87 0x8B
    { 0x3239, 0x878C }, // U+3239 = 0x87 0x8C
    { 0x32A4, 0x8785 }, // U+32A4 = 0x87 0x85
    { 0x32A5, 0x8786 }, // U+32A5 = 0x87 0x86
    { 0x32A6, 0x8787 }, // U+32A6 = 0x87 0x87
    { 0x32A7, 0x8788 }, // U+32A7 = 0x87 0x88
    { 0x32A8, 0x8789 }, // U+32A8 = 0x87 0x89
    { 0x3303, 0x8765 }, // U+3303 = 0x87 0x65
    { 0x330D, 0x8769 }, // U+330D = 0x87 0x69
    { 0x3314, 0x8760 }, // U+3314 = 0x87 0x60
    { 0x3318, 0x8763 }, // U+3318 = 0x87 0x63
    { 0x3322, 0x8761 }, // U+3322 = 0x87 0x61
    { 0x3323, 0x876B }, // U+3323 = 0x87 0x6B
    { 0x3326, 0x876A }, // U+3326 = 0x87 0x6A
    { 0x3327, 0x8764 }, // U+3327 = 0x87 0x64
    { 0x332B, 0x876C }, // U+332B = 0x87 0x6C
    { 0x3336, 0x8766 }, // U+3336 = 0x87 0x66
    { 0x333B, 0x876E }, // U+333B = 0x87 0x6E
    { 0x3349, 0x875F }, // U+3349 = 0x87 0x5F
    { 0x334A, 0x876D }, // U+334A = 0x87 0x6D
    { 0x334D, 0x8762 }, // U+334D = 0x87 0x62
    { 0x3351, 0x8767 }, // U+3351 = 0x87 0x67
    { 0x3357, 0x8768 }, // U+3357 = 0x87 0x68
    { 0x337B, 0x877E }, // U+337B = 0x87 0x7E
    { 0x337C, 0x878F }, // U+337C = 0x87 0x8F
    { 0x337D, 0x878E }, // U+337D = 0x87 0x8E
    { 0x337E, 0x878D }, // U+337E = 0x87 0x8D
    { 0x338E, 0x8772 }, // U+338E = 0x87 0x72
    { 0x338F, 0x8773 }, // U+338F = 0x87 0x73
    { 0x339C, 0x876F }, // U+339C = 0x87 0x6F
    { 0x339D, 0x8770 }, // U+339D = 0x87 0x70
    { 0x339E, 0x8771 }, // U+339E = 0x87 0x71
    { 0x33A1, 0x8775 }, // U+33A1 = 0x87 0x75
    { 0x33C4, 0x8774 }, // U+33C4 = 0x87 0x74
    { 0x33CD, 0x8783 }, // U+33CD = 0x87 0x83
    { 0x4E00, 0x88EA }, // U+4E00 = 0x88 0xEA
    { 0x4E01, 0x929A }, // U+4E01 = 0x92 0x9A
    { 0x4E03, 0x8EB5 }, // U+4E03 = 0x8E 0xB5
    { 0x4E07, 0x969C }, // U+4E07 = 0x96 0x9C
    { 0x4E08, 0x8FE4 }, // U+4E08 = 0x8F 0xE4
    { 0x4E09, 0x8E4F }, // U+4E09 = 0x8E 0x4F
    { 0x4E0A, 0x8FE3 }, // U+4E0A = 0x8F 0xE3
    { 0x4E0B, 0x89BA }, // U+4E0B = 0x89 0xBA
    { 0x4E0D, 0x9573 }, // U+4E0D = 0x95 0x73
    { 0x4E0E, 0x975E }, // U+4E0E = 0x97 0x5E
    { 0x4E10, 0x98A0 }, // U+4E10 = 0x98 0xA0
    { 0x4E11, 0x894E }, // U+4E11 = 0x89 0x4E
    { 0x4E14, 0x8A8E }, // U+4E14 = 0x8A 0x8E
    { 0x4E15, 0x98A1 }, // U+4E15 = 0x98 0xA1
    { 0x4E16, 0x90A2 }, // U+4E16 = 0x90 0xA2
    { 0x4E17, 0x99C0 }, // U+4E17 = 0x99 0xC0
    { 0x4E18, 0x8B75 }, // U+4E18 = 0x8B 0x75
    { 0x4E19, 0x95B8 }, // U+4E19 = 0x95 0xB8
    { 0x4E1E, 0x8FE5 }, // U+4E1E = 0x8F 0xE5
    { 0x4E21, 0x97BC }, // U+4E21 = 0x97 0xBC
    { 0x4E26, 0x95C0 }, // U+4E26 = 0x95 0xC0
    { 0x4E28, 0xFA68 }, // U+4E28 = 0xFA 0x68
    { 0x4E2A, 0x98A2 }, // U+4E2A = 0x98 0xA2
    { 0x4E2D, 0x9286 }, // U+4E2D = 0x92 0x86
    { 0x4E31, 0x98A3 }, // U+4E31 = 0x98 0xA3
    { 0x4E32, 0x8BF8 }, // U+4E32 = 0x8B 0xF8
    { 0x4E36, 0x98A4 }, // U+4E36 = 0x98 0xA4
    { 0x4E38, 0x8ADB }, // U+4E38 = 0x8A 0xDB
    { 0x4E39, 0x924F }, // U+4E39 = 0x92 0x4F
    { 0x4E3B, 0x8EE5 }, // U+4E3B = 0x8E 0xE5
    { 0x4E3C, 0x98A5 }, // U+4E3C = 0x98 0xA5
    { 0x4E3F, 0x98A6 }, // U+4E3F = 0x98 0xA6
    { 0x4E42, 0x98A7 }, // U+4E42 = 0x98 0xA7
    { 0x4E43, 0x9454 }, // U+4E43 = 0x94 0x54
    { 0x4E45, 0x8B76 }, // U+4E45 = 0x8B 0x76
    { 0x4E4B, 0x9456 }, // U+4E4B = 0x94 0x56
    { 0x4E4D, 0x93E1 }, // U+4E4D = 0x93 0xE1
    { 0x4E4E, 0x8CC1 }, // U+4E4E = 0x8C 0xC1
    { 0x4E4F, 0x9652 }, // U+4E4F = 0x96 0x52
    { 0x4E55, 0xE568 }, // U+4E55 = 0xE5 0x68
    { 0x4E56, 0x98A8 }, // U+4E56 = 0x98 0xA8
    { 0x4E57, 0x8FE6 }, // U+4E57 = 0x8F 0xE6
    { 0x4E58, 0x98A9 }, // U+4E58 = 0x98 0xA9
    { 0x4E59, 0x89B3 }, // U+4E59 = 0x89 0xB3
    { 0x4E5D, 0x8BE3 }, // U+4E5D = 0x8B 0xE3
    { 0x4E5E, 0x8CEE }, // U+4E5E = 0x8C 0xEE
    { 0x4E5F, 0x96E7 }, // U+4E5F = 0x96 0xE7
    { 0x4E62, 0x9BA4 }, // U+4E62 = 0x9B 0xA4
    { 0x4E71, 0x9790 }, // U+4E71 = 0x97 0x90
    { 0x4E73, 0x93FB }, // U+4E73 = 0x93 0xFB
    { 0x4E7E, 0x8AA3 }, // U+4E7E = 0x8A 0xA3
    { 0x4E80, 0x8B54 }, // U+4E80 = 0x8B 0x54
    { 0x4E82, 0x98AA }, // U+4E82 = 0x98 0xAA
    { 0x4E85, 0x98AB }, // U+4E85 = 0x98 0xAB
    { 0x4E86, 0x97B9 }, // U+4E86 = 0x97 0xB9
    { 0x4E88, 0x975C }, // U+4E88 = 0x97 0x5C
    { 0x4E89, 0x9188 }, // U+4E89 = 0x91 0x88
    { 0x4E8A, 0x98AD }, // U+4E8A = 0x98 0xAD
    { 0x4E8B, 0x8E96 }, // U+4E8B = 0x8E 0x96
    { 0x4E8C, 0x93F1 }, // U+4E8C = 0x93 0xF1
    { 0x4E8E, 0x98B0 }, // U+4E8E = 0x98 0xB0
    { 0x4E91, 0x895D }, // U+4E91 = 0x89 0x5D
    { 0x4E92, 0x8CDD }, // U+4E92 = 0x8C 0xDD
    { 0x4E94, 0x8CDC }, // U+4E94 = 0x8C 0xDC
    { 0x4E95, 0x88E4 }, // U+4E95 = 0x88 0xE4
    { 0x4E98, 0x986A }, // U+4E98 = 0x98 0x6A
    { 0x4E99, 0x9869 }, // U+4E99 = 0x98 0x69
    { 0x4E9B, 0x8DB1 }, // U+4E9B = 0x8D 0xB1
    { 0x4E9C, 0x889F }, // U+4E9C = 0x88 0x9F
    { 0x4E9E, 0x98B1 }, // U+4E9E = 0x98 0xB1
    { 0x4E9F, 0x98B2 }, // U+4E9F = 0x98 0xB2
    { 0x4EA0, 0x98B3 }, // U+4EA0 = 0x98 0xB3
    { 0x4EA1, 0x9653 }, // U+4EA1 = 0x96 0x53
    { 0x4EA2, 0x98B4 }, // U+4EA2 = 0x98 0xB4
    { 0x4EA4, 0x8CF0 }, // U+4EA4 = 0x8C 0xF0
    { 0x4EA5, 0x88E5 }, // U+4EA5 = 0x88 0xE5
    { 0x4EA6, 0x9692 }, // U+4EA6 = 0x96 0x92
    { 0x4EA8, 0x8B9C }, // U+4EA8 = 0x8B 0x9C
    { 0x4EAB, 0x8B9D }, // U+4EAB = 0x8B 0x9D
    { 0x4EAC, 0x8B9E }, // U+4EAC = 0x8B 0x9E
    { 0x4EAD, 0x92E0 }, // U+4EAD = 0x92 0xE0
    { 0x4EAE, 0x97BA }, // U+4EAE = 0x97 0xBA
    { 0x4EB0, 0x98B5 }, // U+4EB0 = 0x98 0xB5
    { 0x4EB3, 0x98B6 }, // U+4EB3 = 0x98 0xB6
    { 0x4EB6, 0x98B7 }, // U+4EB6 = 0x98 0xB7
    { 0x4EBA, 0x906C }, // U+4EBA = 0x90 0x6C
    { 0x4EC0, 0x8F59 }, // U+4EC0 = 0x8F 0x59
    { 0x4EC1, 0x906D }, // U+4EC1 = 0x90 0x6D
    { 0x4EC2, 0x98BC }, // U+4EC2 = 0x98 0xBC
    { 0x4EC4, 0x98BA }, // U+4EC4 = 0x98 0xBA
    { 0x4EC6, 0x98BB }, // U+4EC6 = 0x98 0xBB
    { 0x4EC7, 0x8B77 }, // U+4EC7 = 0x8B 0x77
    { 0x4ECA, 0x8DA1 }, // U+4ECA = 0x8D 0xA1
    { 0x4ECB, 0x89EE }, // U+4ECB = 0x89 0xEE
    { 0x4ECD, 0x98B9 }, // U+4ECD = 0x98 0xB9
    { 0x4ECE, 0x98B8 }, // U+4ECE = 0x98 0xB8
    { 0x4ECF, 0x95A7 }, // U+4ECF = 0x95 0xA7
    { 0x4ED4, 0x8E65 }, // U+4ED4 = 0x8E 0x65
    { 0x4ED5, 0x8E64 }, // U+4ED5 = 0x8E 0x64
    { 0x4ED6, 0x91BC }, // U+4ED6 = 0x91 0xBC
    { 0x4ED7, 0x98BD }, // U+4ED7 = 0x98 0xBD
    { 0x4ED8, 0x9574 }, // U+4ED8 = 0x95 0x74
    { 0x4ED9, 0x90E5 }, // U+4ED9 = 0x90 0xE5
    { 0x4EDD, 0x8157 }, // U+4EDD = 0x81 0x57
    { 0x4EDE, 0x98BE }, // U+4EDE = 0x98 0xBE
    { 0x4EDF, 0x98C0 }, // U+4EDF = 0x98 0xC0
    { 0x4EE1, 0xFA69 }, // U+4EE1 = 0xFA 0x69
    { 0x4EE3, 0x91E3 }, // U+4EE3 = 0x91 0xE3
    { 0x4EE4, 0x97DF }, // U+4EE4 = 0x97 0xDF
    { 0x4EE5, 0x88C8 }, // U+4EE5 = 0x88 0xC8
    { 0x4EED, 0x98BF }, // U+4EED = 0x98 0xBF
    { 0x4EEE, 0x89BC }, // U+4EEE = 0x89 0xBC
    { 0x4EF0, 0x8BC2 }, // U+4EF0 = 0x8B 0xC2
    { 0x4EF2, 0x9287 }, // U+4EF2 = 0x92 0x87
    { 0x4EF6, 0x8C8F }, // U+4EF6 = 0x8C 0x8F
    { 0x4EF7, 0x98C1 }, // U+4EF7 = 0x98 0xC1
    { 0x4EFB, 0x9443 }, // U+4EFB = 0x94 0x43
    { 0x4EFC, 0xFA6A }, // U+4EFC = 0xFA 0x6A
    { 0x4F00, 0xFA6B }, // U+4F00 = 0xFA 0x6B
    { 0x4F01, 0x8AE9 }, // U+4F01 = 0x8A 0xE9
    { 0x4F03, 0xFA6C }, // U+4F03 = 0xFA 0x6C
    { 0x4F09, 0x98C2 }, // U+4F09 = 0x98 0xC2
    { 0x4F0A, 0x88C9 }, // U+4F0A = 0x88 0xC9
    { 0x4F0D, 0x8CDE }, // U+4F0D = 0x8C 0xDE
    { 0x4F0E, 0x8AEA }, // U+4F0E = 0x8A 0xEA
    { 0x4F0F, 0x959A }, // U+4F0F = 0x95 0x9A
    { 0x4F10, 0x94B0 }, // U+4F10 = 0x94 0xB0
    { 0x4F11, 0x8B78 }, // U+4F11 = 0x8B 0x78
    { 0x4F1A, 0x89EF }, // U+4F1A = 0x89 0xEF
    { 0x4F1C, 0x98E5 }, // U+4F1C = 0x98 0xE5
    { 0x4F1D, 0x9360 }, // U+4F1D = 0x93 0x60
    { 0x4F2F, 0x948C }, // U+4F2F = 0x94 0x8C
    { 0x4F30, 0x98C4 }, // U+4F30 = 0x98 0xC4
    { 0x4F34, 0x94BA }, // U+4F34 = 0x94 0xBA
    { 0x4F36, 0x97E0 }, // U+4F36 = 0x97 0xE0
    { 0x4F38, 0x904C }, // U+4F38 = 0x90 0x4C
    { 0x4F39, 0xFA6D }, // U+4F39 = 0xFA 0x6D
    { 0x4F3A, 0x8E66 }, // U+4F3A = 0x8E 0x66
    { 0x4F3C, 0x8E97 }, // U+4F3C = 0x8E 0x97
    { 0x4F3D, 0x89BE }, // U+4F3D = 0x89 0xBE
    { 0x4F43, 0x92CF }, // U+4F43 = 0x92 0xCF
    { 0x4F46, 0x9241 }, // U+4F46 = 0x92 0x41
    { 0x4F47, 0x98C8 }, // U+4F47 = 0x98 0xC8
    { 0x4F4D, 0x88CA }, // U+4F4D = 0x88 0xCA
    { 0x4F4E, 0x92E1 }, // U+4F4E = 0x92 0xE1
    { 0x4F4F, 0x8F5A }, // U+4F4F = 0x8F 0x5A
    { 0x4F50, 0x8DB2 }, // U+4F50 = 0x8D 0xB2
    { 0x4F51, 0x9743 }, // U+4F51 = 0x97 0x43
    { 0x4F53, 0x91CC }, // U+4F53 = 0x91 0xCC
    { 0x4F55, 0x89BD }, // U+4F55 = 0x89 0xBD
    { 0x4F56, 0xFA6E }, // U+4F56 = 0xFA 0x6E
    { 0x4F57, 0x98C7 }, // U+4F57 = 0x98 0xC7
    { 0x4F59, 0x975D }, // U+4F59 = 0x97 0x5D
    { 0x4F5A, 0x98C3 }, // U+4F5A = 0x98 0xC3
    { 0x4F5B, 0x98C5 }, // U+4F5B = 0x98 0xC5
    { 0x4F5C, 0x8DEC }, // U+4F5C = 0x8D 0xEC
    { 0x4F5D, 0x98C6 }, // U+4F5D = 0x98 0xC6
    { 0x4F5E, 0x9B43 }, // U+4F5E = 0x9B 0x43
    { 0x4F69, 0x98CE }, // U+4F69 = 0x98 0xCE
    { 0x4F6F, 0x98D1 }, // U+4F6F = 0x98 0xD1
    { 0x4F70, 0x98CF }, // U+4F70 = 0x98 0xCF
    { 0x4F73, 0x89C0 }, // U+4F73 = 0x89 0xC0
    { 0x4F75, 0x95B9 }, // U+4F75 = 0x95 0xB9
    { 0x4F76, 0x98C9 }, // U+4F76 = 0x98 0xC9
    { 0x4F7B, 0x98CD }, // U+4F7B = 0x98 0xCD
    { 0x4F7C, 0x8CF1 }, // U+4F7C = 0x8C 0xF1
    { 0x4F7F, 0x8E67 }, // U+4F7F = 0x8E 0x67
    { 0x4F83, 0x8AA4 }, // U+4F83 = 0x8A 0xA4
    { 0x4F86, 0x98D2 }, // U+4F86 = 0x98 0xD2
    { 0x4F88, 0x98CA }, // U+4F88 = 0x98 0xCA
    { 0x4F8A, 0xFA70 }, // U+4F8A = 0xFA 0x70
    { 0x4F8B, 0x97E1 }, // U+4F8B = 0x97 0xE1
    { 0x4F8D, 0x8E98 }, // U+4F8D = 0x8E 0x98
    { 0x4F8F, 0x98CB }, // U+4F8F = 0x98 0xCB
    { 0x4F91, 0x98D0 }, // U+4F91 = 0x98 0xD0
    { 0x4F92, 0xFA6F }, // U+4F92 = 0xFA 0x6F
    { 0x4F94, 0xFA72 }, // U+4F94 = 0xFA 0x72
    { 0x4F96, 0x98D3 }, // U+4F96 = 0x98 0xD3
    { 0x4F98, 0x98CC }, // U+4F98 = 0x98 0xCC
    { 0x4F9A, 0xFA71 }, // U+4F9A = 0xFA 0x71
    { 0x4F9B, 0x8B9F }, // U+4F9B = 0x8B 0x9F
    { 0x4F9D, 0x88CB }, // U+4F9D = 0x88 0xCB
    { 0x4FA0, 0x8BA0 }, // U+4FA0 = 0x8B 0xA0
    { 0x4FA1, 0x89BF }, // U+4FA1 = 0x89 0xBF
    { 0x4FAB, 0x9B44 }, // U+4FAB = 0x9B 0x44
    { 0x4FAD, 0x9699 }, // U+4FAD = 0x96 0x99
    { 0x4FAE, 0x958E }, // U+4FAE = 0x95 0x8E
    { 0x4FAF, 0x8CF2 }, // U+4FAF = 0x8C 0xF2
    { 0x4FB5, 0x904E }, // U+4FB5 = 0x90 0x4E
    { 0x4FB6, 0x97B5 }, // U+4FB6 = 0x97 0xB5
    { 0x4FBF, 0x95D6 }, // U+4FBF = 0x95 0xD6
    { 0x4FC2, 0x8C57 }, // U+4FC2 = 0x8C 0x57
    { 0x4FC3, 0x91A3 }, // U+4FC3 = 0x91 0xA3
    { 0x4FC4, 0x89E2 }, // U+4FC4 = 0x89 0xE2
    { 0x4FC9, 0xFA61 }, // U+4FC9 = 0xFA 0x61
    { 0x4FCA, 0x8F72 }, // U+4FCA = 0x8F 0x72
    { 0x4FCD, 0xFA73 }, // U+4FCD = 0xFA 0x73
    { 0x4FCE, 0x98D7 }, // U+4FCE = 0x98 0xD7
    { 0x4FD0, 0x98DC }, // U+4FD0 = 0x98 0xDC
    { 0x4FD1, 0x98DA }, // U+4FD1 = 0x98 0xDA
    { 0x4FD4, 0x98D5 }, // U+4FD4 = 0x98 0xD5
    { 0x4FD7, 0x91AD }, // U+4FD7 = 0x91 0xAD
    { 0x4FD8, 0x98D8 }, // U+4FD8 = 0x98 0xD8
    { 0x4FDA, 0x98DB }, // U+4FDA = 0x98 0xDB
    { 0x4FDB, 0x98D9 }, // U+4FDB = 0x98 0xD9
    { 0x4FDD, 0x95DB }, // U+4FDD = 0x95 0xDB
    { 0x4FDF, 0x98D6 }, // U+4FDF = 0x98 0xD6
    { 0x4FE1, 0x904D }, // U+4FE1 = 0x90 0x4D
    { 0x4FE3, 0x9693 }, // U+4FE3 = 0x96 0x93
    { 0x4FE4, 0x98DD }, // U+4FE4 = 0x98 0xDD
    { 0x4FE5, 0x98DE }, // U+4FE5 = 0x98 0xDE
    { 0x4FEE, 0x8F43 }, // U+4FEE = 0x8F 0x43
    { 0x4FEF, 0x98EB }, // U+4FEF = 0x98 0xEB
    { 0x4FF3, 0x946F }, // U+4FF3 = 0x94 0x6F
    { 0x4FF5, 0x9555 }, // U+4FF5 = 0x95 0x55
    { 0x4FF6, 0x98E6 }, // U+4FF6 = 0x98 0xE6
    { 0x4FF8, 0x95EE }, // U+4FF8 = 0x95 0xEE
    { 0x4FFA, 0x89B4 }, // U+4FFA = 0x89 0xB4
    { 0x4FFE, 0x98EA }, // U+4FFE = 0x98 0xEA
    { 0x4FFF, 0xFA76 }, // U+4FFF = 0xFA 0x76
    { 0x5005, 0x98E4 }, // U+5005 = 0x98 0xE4
    { 0x5006, 0x98ED }, // U+5006 = 0x98 0xED
    { 0x5009, 0x9171 }, // U+5009 = 0x91 0x71
    { 0x500B, 0x8CC2 }, // U+500B = 0x8C 0xC2
    { 0x500D, 0x947B }, // U+500D = 0x94 0x7B
    { 0x500F, 0xE0C5 }, // U+500F = 0xE0 0xC5
    { 0x5011, 0x98EC }, // U+5011 = 0x98 0xEC
    { 0x5012, 0x937C }, // U+5012 = 0x93 0x7C
    { 0x5014, 0x98E1 }, // U+5014 = 0x98 0xE1
    { 0x5016, 0x8CF4 }, // U+5016 = 0x8C 0xF4
    { 0x5019, 0x8CF3 }, // U+5019 = 0x8C 0xF3
    { 0x501A, 0x98DF }, // U+501A = 0x98 0xDF
    { 0x501E, 0xFA77 }, // U+501E = 0xFA 0x77
    { 0x501F, 0x8ED8 }, // U+501F = 0x8E 0xD8
    { 0x5021, 0x98E7 }, // U+5021 = 0x98 0xE7
    { 0x5022, 0xFA75 }, // U+5022 = 0xFA 0x75
    { 0x5023, 0x95ED }, // U+5023 = 0x95 0xED
    { 0x5024, 0x926C }, // U+5024 = 0x92 0x6C
    { 0x5025, 0x98E3 }, // U+5025 = 0x98 0xE3
    { 0x5026, 0x8C91 }, // U+5026 = 0x8C 0x91
    { 0x5028, 0x98E0 }, // U+5028 = 0x98 0xE0
    { 0x5029, 0x98E8 }, // U+5029 = 0x98 0xE8
    { 0x502A, 0x98E2 }, // U+502A = 0x98 0xE2
    { 0x502B, 0x97CF }, // U+502B = 0x97 0xCF
    { 0x502C, 0x98E9 }, // U+502C = 0x98 0xE9
    { 0x502D, 0x9860 }, // U+502D = 0x98 0x60
    { 0x5036, 0x8BE4 }, // U+5036 = 0x8B 0xE4
    { 0x5039, 0x8C90 }, // U+5039 = 0x8C 0x90
    { 0x5040, 0xFA74 }, // U+5040 = 0xFA 0x74
    { 0x5042, 0xFA7A }, // U+5042 = 0xFA 0x7A
    { 0x5043, 0x98EE }, // U+5043 = 0x98 0xEE
    { 0x5046, 0xFA78 }, // U+5046 = 0xFA 0x78
    { 0x5047, 0x98EF }, // U+5047 = 0x98 0xEF
    { 0x5048, 0x98F3 }, // U+5048 = 0x98 0xF3
    { 0x5049, 0x88CC }, // U+5049 = 0x88 0xCC
    { 0x504F, 0x95CE }, // U+504F = 0x95 0xCE
    { 0x5050, 0x98F2 }, // U+5050 = 0x98 0xF2
    { 0x5055, 0x98F1 }, // U+5055 = 0x98 0xF1
    { 0x5056, 0x98F5 }, // U+5056 = 0x98 0xF5
    { 0x505A, 0x98F4 }, // U+505A = 0x98 0xF4
    { 0x505C, 0x92E2 }, // U+505C = 0x92 0xE2
    { 0x5065, 0x8C92 }, // U+5065 = 0x8C 0x92
    { 0x506C, 0x98F6 }, // U+506C = 0x98 0xF6
    { 0x5070, 0xFA79 }, // U+5070 = 0xFA 0x79
    { 0x5072, 0x8EC3 }, // U+5072 = 0x8E 0xC3
    { 0x5074, 0x91A4 }, // U+5074 = 0x91 0xA4
    { 0x5075, 0x92E3 }, // U+5075 = 0x92 0xE3
    { 0x5076, 0x8BF4 }, // U+5076 = 0x8B 0xF4
    { 0x5078, 0x98F7 }, // U+5078 = 0x98 0xF7
    { 0x507D, 0x8B55 }, // U+507D = 0x8B 0x55
    { 0x5080, 0x98F8 }, // U+5080 = 0x98 0xF8
    { 0x5085, 0x98FA }, // U+5085 = 0x98 0xFA
    { 0x508D, 0x9654 }, // U+508D = 0x96 0x54
    { 0x5091, 0x8C86 }, // U+5091 = 0x8C 0x86
    { 0x5094, 0xFA7B }, // U+5094 = 0xFA 0x7B
    { 0x5098, 0x8E50 }, // U+5098 = 0x8E 0x50
    { 0x5099, 0x94F5 }, // U+5099 = 0x94 0xF5
    { 0x509A, 0x98F9 }, // U+509A = 0x98 0xF9
    { 0x50AC, 0x8DC3 }, // U+50AC = 0x8D 0xC3
    { 0x50AD, 0x9762 }, // U+50AD = 0x97 0x62
    { 0x50B2, 0x98FC }, // U+50B2 = 0x98 0xFC
    { 0x50B3, 0x9942 }, // U+50B3 = 0x99 0x42
    { 0x50B4, 0x98FB }, // U+50B4 = 0x98 0xFB
    { 0x50B5, 0x8DC2 }, // U+50B5 = 0x8D 0xC2
    { 0x50B7, 0x8F9D }, // U+50B7 = 0x8F 0x9D
    { 0x50BE, 0x8C58 }, // U+50BE = 0x8C 0x58
    { 0x50C2, 0x9943 }, // U+50C2 = 0x99 0x43
    { 0x50C5, 0x8BCD }, // U+50C5 = 0x8B 0xCD
    { 0x50C9, 0x9940 }, // U+50C9 = 0x99 0x40
    { 0x50CA, 0x9941 }, // U+50CA = 0x99 0x41
    { 0x50CD, 0x93AD }, // U+50CD = 0x93 0xAD
    { 0x50CF, 0x919C }, // U+50CF = 0x91 0x9C
    { 0x50D1, 0x8BA1 }, // U+50D1 = 0x8B 0xA1
    { 0x50D5, 0x966C }, // U+50D5 = 0x96 0x6C
    { 0x50D6, 0x9944 }, // U+50D6 = 0x99 0x44
    { 0x50D8, 0xFA7D }, // U+50D8 = 0xFA 0x7D
    { 0x50DA, 0x97BB }, // U+50DA = 0x97 0xBB
    { 0x50DE, 0x9945 }, // U+50DE = 0x99 0x45
    { 0x50E3, 0x9948 }, // U+50E3 = 0x99 0x48
    { 0x50E5, 0x9946 }, // U+50E5 = 0x99 0x46
    { 0x50E7, 0x916D }, // U+50E7 = 0x91 0x6D
    { 0x50ED, 0x9947 }, // U+50ED = 0x99 0x47
    { 0x50EE, 0x9949 }, // U+50EE = 0x99 0x49
    { 0x50F4, 0xFA7C }, // U+50F4 = 0xFA 0x7C
    { 0x50F5, 0x994B }, // U+50F5 = 0x99 0x4B
    { 0x50F9, 0x994A }, // U+50F9 = 0x99 0x4A
    { 0x50FB, 0x95C6 }, // U+50FB = 0x95 0xC6
    { 0x5100, 0x8B56 }, // U+5100 = 0x8B 0x56
    { 0x5101, 0x994D }, // U+5101 = 0x99 0x4D
    { 0x5102, 0x994E }, // U+5102 = 0x99 0x4E
    { 0x5104, 0x89AD }, // U+5104 = 0x89 0xAD
    { 0x5109, 0x994C }, // U+5109 = 0x99 0x4C
    { 0x5112, 0x8EF2 }, // U+5112 = 0x8E 0xF2
    { 0x5114, 0x9951 }, // U+5114 = 0x99 0x51
    { 0x5115, 0x9950 }, // U+5115 = 0x99 0x50
    { 0x5116, 0x994F }, // U+5116 = 0x99 0x4F
    { 0x5118, 0x98D4 }, // U+5118 = 0x98 0xD4
    { 0x511A, 0x9952 }, // U+511A = 0x99 0x52
    { 0x511F, 0x8F9E }, // U+511F = 0x8F 0x9E
    { 0x5121, 0x9953 }, // U+5121 = 0x99 0x53
    { 0x512A, 0x9744 }, // U+512A = 0x97 0x44
    { 0x5132, 0x96D7 }, // U+5132 = 0x96 0xD7
    { 0x5137, 0x9955 }, // U+5137 = 0x99 0x55
    { 0x513A, 0x9954 }, // U+513A = 0x99 0x54
    { 0x513B, 0x9957 }, // U+513B = 0x99 0x57
    { 0x513C, 0x9956 }, // U+513C = 0x99 0x56
    { 0x513F, 0x9958 }, // U+513F = 0x99 0x58
    { 0x5140, 0x9959 }, // U+5140 = 0x99 0x59
    { 0x5141, 0x88F2 }, // U+5141 = 0x88 0xF2
    { 0x5143, 0x8CB3 }, // U+5143 = 0x8C 0xB3
    { 0x5144, 0x8C5A }, // U+5144 = 0x8C 0x5A
    { 0x5145, 0x8F5B }, // U+5145 = 0x8F 0x5B
    { 0x5146, 0x929B }, // U+5146 = 0x92 0x9B
    { 0x5147, 0x8BA2 }, // U+5147 = 0x8B 0xA2
    { 0x5148, 0x90E6 }, // U+5148 = 0x90 0xE6
    { 0x5149, 0x8CF5 }, // U+5149 = 0x8C 0xF5
    { 0x514A, 0xFA7E }, // U+514A = 0xFA 0x7E
    { 0x514B, 0x8D8E }, // U+514B = 0x8D 0x8E
    { 0x514C, 0x995B }, // U+514C = 0x99 0x5B
    { 0x514D, 0x96C6 }, // U+514D = 0x96 0xC6
    { 0x514E, 0x9365 }, // U+514E = 0x93 0x65
    { 0x5150, 0x8E99 }, // U+5150 = 0x8E 0x99
    { 0x5152, 0x995A }, // U+5152 = 0x99 0x5A
    { 0x5154, 0x995C }, // U+5154 = 0x99 0x5C
    { 0x515A, 0x937D }, // U+515A = 0x93 0x7D
    { 0x515C, 0x8A95 }, // U+515C = 0x8A 0x95
    { 0x5162, 0x995D }, // U+5162 = 0x99 0x5D
    { 0x5164, 0xFA80 }, // U+5164 = 0xFA 0x80
    { 0x5165, 0x93FC }, // U+5165 = 0x93 0xFC
    { 0x5168, 0x9153 }, // U+5168 = 0x91 0x53
    { 0x5169, 0x995F }, // U+5169 = 0x99 0x5F
    { 0x516A, 0x9960 }, // U+516A = 0x99 0x60
    { 0x516B, 0x94AA }, // U+516B = 0x94 0xAA
    { 0x516C, 0x8CF6 }, // U+516C = 0x8C 0xF6
    { 0x516D, 0x985A }, // U+516D = 0x98 0x5A
    { 0x516E, 0x9961 }, // U+516E = 0x99 0x61
    { 0x5171, 0x8BA4 }, // U+5171 = 0x8B 0xA4
    { 0x5175, 0x95BA }, // U+5175 = 0x95 0xBA
    { 0x5176, 0x91B4 }, // U+5176 = 0x91 0xB4
    { 0x5177, 0x8BEF }, // U+5177 = 0x8B 0xEF
    { 0x5178, 0x9354 }, // U+5178 = 0x93 0x54
    { 0x517C, 0x8C93 }, // U+517C = 0x8C 0x93
    { 0x5180, 0x9962 }, // U+5180 = 0x99 0x62
    { 0x5182, 0x9963 }, // U+5182 = 0x99 0x63
    { 0x5185, 0x93E0 }, // U+5185 = 0x93 0xE0
    { 0x5186, 0x897E }, // U+5186 = 0x89 0x7E
    { 0x5189, 0x9966 }, // U+5189 = 0x99 0x66
    { 0x518A, 0x8DFB }, // U+518A = 0x8D 0xFB
    { 0x518C, 0x9965 }, // U+518C = 0x99 0x65
    { 0x518D, 0x8DC4 }, // U+518D = 0x8D 0xC4
    { 0x518F, 0x9967 }, // U+518F = 0x99 0x67
    { 0x5190, 0xE3EC }, // U+5190 = 0xE3 0xEC
    { 0x5191, 0x9968 }, // U+5191 = 0x99 0x68
    { 0x5192, 0x9660 }, // U+5192 = 0x96 0x60
    { 0x5193, 0x9969 }, // U+5193 = 0x99 0x69
    { 0x5195, 0x996A }, // U+5195 = 0x99 0x6A
    { 0x5196, 0x996B }, // U+5196 = 0x99 0x6B
    { 0x5197, 0x8FE7 }, // U+5197 = 0x8F 0xE7
    { 0x5199, 0x8ECA }, // U+5199 = 0x8E 0xCA
    { 0x519D, 0xFA81 }, // U+519D = 0xFA 0x81
    { 0x51A0, 0x8AA5 }, // U+51A0 = 0x8A 0xA5
    { 0x51A2, 0x996E }, // U+51A2 = 0x99 0x6E
    { 0x51A4, 0x996C }, // U+51A4 = 0x99 0x6C
    { 0x51A5, 0x96BB }, // U+51A5 = 0x96 0xBB
    { 0x51A6, 0x996D }, // U+51A6 = 0x99 0x6D
    { 0x51A8, 0x9579 }, // U+51A8 = 0x95 0x79
    { 0x51A9, 0x996F }, // U+51A9 = 0x99 0x6F
    { 0x51AA, 0x9970 }, // U+51AA = 0x99 0x70
    { 0x51AB, 0x9971 }, // U+51AB = 0x99 0x71
    { 0x51AC, 0x937E }, // U+51AC = 0x93 0x7E
    { 0x51B0, 0x9975 }, // U+51B0 = 0x99 0x75
    { 0x51B1, 0x9973 }, // U+51B1 = 0x99 0x73
    { 0x51B2, 0x9974 }, // U+51B2 = 0x99 0x74
    { 0x51B3, 0x9972 }, // U+51B3 = 0x99 0x72
    { 0x51B4, 0x8DE1 }, // U+51B4 = 0x8D 0xE1
    { 0x51B5, 0x9976 }, // U+51B5 = 0x99 0x76
    { 0x51B6, 0x96E8 }, // U+51B6 = 0x96 0xE8
    { 0x51B7, 0x97E2 }, // U+51B7 = 0x97 0xE2
    { 0x51BD, 0x9977 }, // U+51BD = 0x99 0x77
    { 0x51BE, 0xFA82 }, // U+51BE = 0xFA 0x82
    { 0x51C4, 0x90A6 }, // U+51C4 = 0x90 0xA6
    { 0x51C5, 0x9978 }, // U+51C5 = 0x99 0x78
    { 0x51C6, 0x8F79 }, // U+51C6 = 0x8F 0x79
    { 0x51C9, 0x9979 }, // U+51C9 = 0x99 0x79
    { 0x51CB, 0x929C }, // U+51CB = 0x92 0x9C
    { 0x51CC, 0x97BD }, // U+51CC = 0x97 0xBD
    { 0x51CD, 0x9380 }, // U+51CD = 0x93 0x80
    { 0x51D6, 0x99C3 }, // U+51D6 = 0x99 0xC3
    { 0x51DB, 0x997A }, // U+51DB = 0x99 0x7A
    { 0x51DC, 0xEAA3 }, // U+51DC = 0xEA 0xA3
    { 0x51DD, 0x8BC3 }, // U+51DD = 0x8B 0xC3
    { 0x51E0, 0x997B }, // U+51E0 = 0x99 0x7B
    { 0x51E1, 0x967D }, // U+51E1 = 0x96 0x7D
    { 0x51E6, 0x8F88 }, // U+51E6 = 0x8F 0x88
    { 0x51E7, 0x91FA }, // U+51E7 = 0x91 0xFA
    { 0x51E9, 0x997D }, // U+51E9 = 0x99 0x7D
    { 0x51EA, 0x93E2 }, // U+51EA = 0x93 0xE2
    { 0x51EC, 0xFA83 }, // U+51EC = 0xFA 0x83
    { 0x51ED, 0x997E }, // U+51ED = 0x99 0x7E
    { 0x51F0, 0x9980 }, // U+51F0 = 0x99 0x80
    { 0x51F1, 0x8A4D }, // U+51F1 = 0x8A 0x4D
    { 0x51F5, 0x9981 }, // U+51F5 = 0x99 0x81
    { 0x51F6, 0x8BA5 }, // U+51F6 = 0x8B 0xA5
    { 0x51F8, 0x93CA }, // U+51F8 = 0x93 0xCA
    { 0x51F9, 0x899A }, // U+51F9 = 0x89 0x9A
    { 0x51FA, 0x8F6F }, // U+51FA = 0x8F 0x6F
    { 0x51FD, 0x949F }, // U+51FD = 0x94 0x9F
    { 0x51FE, 0x9982 }, // U+51FE = 0x99 0x82
    { 0x5200, 0x9381 }, // U+5200 = 0x93 0x81
    { 0x5203, 0x906E }, // U+5203 = 0x90 0x6E
    { 0x5204, 0x9983 }, // U+5204 = 0x99 0x83
    { 0x5206, 0x95AA }, // U+5206 = 0x95 0xAA
    { 0x5207, 0x90D8 }, // U+5207 = 0x90 0xD8
    { 0x5208, 0x8AA0 }, // U+5208 = 0x8A 0xA0
    { 0x520A, 0x8AA7 }, // U+520A = 0x8A 0xA7
    { 0x520B, 0x9984 }, // U+520B = 0x99 0x84
    { 0x520E, 0x9986 }, // U+520E = 0x99 0x86
    { 0x5211, 0x8C59 }, // U+5211 = 0x8C 0x59
    { 0x5214, 0x9985 }, // U+5214 = 0x99 0x85
    { 0x5215, 0xFA84 }, // U+5215 = 0xFA 0x84
    { 0x5217, 0x97F1 }, // U+5217 = 0x97 0xF1
    { 0x521D, 0x8F89 }, // U+521D = 0x8F 0x89
    { 0x5224, 0x94BB }, // U+5224 = 0x94 0xBB
    { 0x5225, 0x95CA }, // U+5225 = 0x95 0xCA
    { 0x5227, 0x9987 }, // U+5227 = 0x99 0x87
    { 0x5229, 0x9798 }, // U+5229 = 0x97 0x98
    { 0x522A, 0x9988 }, // U+522A = 0x99 0x88
    { 0x522E, 0x9989 }, // U+522E = 0x99 0x89
    { 0x5230, 0x939E }, // U+5230 = 0x93 0x9E
    { 0x5233, 0x998A }, // U+5233 = 0x99 0x8A
    { 0x5236, 0x90A7 }, // U+5236 = 0x90 0xA7
    { 0x5237, 0x8DFC }, // U+5237 = 0x8D 0xFC
    { 0x5238, 0x8C94 }, // U+5238 = 0x8C 0x94
    { 0x5239, 0x998B }, // U+5239 = 0x99 0x8B
    { 0x523A, 0x8E68 }, // U+523A = 0x8E 0x68
    { 0x523B, 0x8D8F }, // U+523B = 0x8D 0x8F
    { 0x5243, 0x92E4 }, // U+5243 = 0x92 0xE4
    { 0x5244, 0x998D }, // U+5244 = 0x99 0x8D
    { 0x5247, 0x91A5 }, // U+5247 = 0x91 0xA5
    { 0x524A, 0x8DED }, // U+524A = 0x8D 0xED
    { 0x524B, 0x998E }, // U+524B = 0x99 0x8E
    { 0x524C, 0x998F }, // U+524C = 0x99 0x8F
    { 0x524D, 0x914F }, // U+524D = 0x91 0x4F
    { 0x524F, 0x998C }, // U+524F = 0x99 0x8C
    { 0x5254, 0x9991 }, // U+5254 = 0x99 0x91
    { 0x5256, 0x9655 }, // U+5256 = 0x96 0x55
    { 0x525B, 0x8D84 }, // U+525B = 0x8D 0x84
    { 0x525E, 0x9990 }, // U+525E = 0x99 0x90
    { 0x5263, 0x8C95 }, // U+5263 = 0x8C 0x95
    { 0x5264, 0x8DDC }, // U+5264 = 0x8D 0xDC
    { 0x5265, 0x948D }, // U+5265 = 0x94 0x8D
    { 0x5269, 0x9994 }, // U+5269 = 0x99 0x94
    { 0x526A, 0x9992 }, // U+526A = 0x99 0x92
    { 0x526F, 0x959B }, // U+526F = 0x95 0x9B
    { 0x5270, 0x8FE8 }, // U+5270 = 0x8F 0xE8
    { 0x5271, 0x999B }, // U+5271 = 0x99 0x9B
    { 0x5272, 0x8A84 }, // U+5272 = 0x8A 0x84
    { 0x5273, 0x9995 }, // U+5273 = 0x99 0x95
    { 0x5274, 0x9993 }, // U+5274 = 0x99 0x93
    { 0x5275, 0x916E }, // U+5275 = 0x91 0x6E
    { 0x527D, 0x9997 }, // U+527D = 0x99 0x97
    { 0x527F, 0x9996 }, // U+527F = 0x99 0x96
    { 0x5283, 0x8A63 }, // U+5283 = 0x8A 0x63
    { 0x5287, 0x8C80 }, // U+5287 = 0x8C 0x80
    { 0x5288, 0x999C }, // U+5288 = 0x99 0x9C
    { 0x5289, 0x97AB }, // U+5289 = 0x97 0xAB
    { 0x528D, 0x9998 }, // U+528D = 0x99 0x98
    { 0x5291, 0x999D }, // U+5291 = 0x99 0x9D
    { 0x5292, 0x999A }, // U+5292 = 0x99 0x9A
    { 0x5294, 0x9999 }, // U+5294 = 0x99 0x99
    { 0x529B, 0x97CD }, // U+529B = 0x97 0xCD
    { 0x529C, 0xFA85 }, // U+529C = 0xFA 0x85
    { 0x529F, 0x8CF7 }, // U+529F = 0x8C 0xF7
    { 0x52A0, 0x89C1 }, // U+52A0 = 0x89 0xC1
    { 0x52A3, 0x97F2 }, // U+52A3 = 0x97 0xF2
    { 0x52A6, 0xFA86 }, // U+52A6 = 0xFA 0x86
    { 0x52A9, 0x8F95 }, // U+52A9 = 0x8F 0x95
    { 0x52AA, 0x9377 }, // U+52AA = 0x93 0x77
    { 0x52AB, 0x8D85 }, // U+52AB = 0x8D 0x85
    { 0x52AC, 0x99A0 }, // U+52AC = 0x99 0xA0
    { 0x52AD, 0x99A1 }, // U+52AD = 0x99 0xA1
    { 0x52AF, 0xFB77 }, // U+52AF = 0xFB 0x77
    { 0x52B1, 0x97E3 }, // U+52B1 = 0x97 0xE3
    { 0x52B4, 0x984A }, // U+52B4 = 0x98 0x4A
    { 0x52B5, 0x99A3 }, // U+52B5 = 0x99 0xA3
    { 0x52B9, 0x8CF8 }, // U+52B9 = 0x8C 0xF8
    { 0x52BC, 0x99A2 }, // U+52BC = 0x99 0xA2
    { 0x52BE, 0x8A4E }, // U+52BE = 0x8A 0x4E
    { 0x52C0, 0xFA87 }, // U+52C0 = 0xFA 0x87
    { 0x52C1, 0x99A4 }, // U+52C1 = 0x99 0xA4
    { 0x52C3, 0x9675 }, // U+52C3 = 0x96 0x75
    { 0x52C5, 0x92BA }, // U+52C5 = 0x92 0xBA
    { 0x52C7, 0x9745 }, // U+52C7 = 0x97 0x45
    { 0x52C9, 0x95D7 }, // U+52C9 = 0x95 0xD7
    { 0x52CD, 0x99A5 }, // U+52CD = 0x99 0xA5
    { 0x52D2, 0xE8D3 }, // U+52D2 = 0xE8 0xD3
    { 0x52D5, 0x93AE }, // U+52D5 = 0x93 0xAE
    { 0x52D7, 0x99A6 }, // U+52D7 = 0x99 0xA6
    { 0x52D8, 0x8AA8 }, // U+52D8 = 0x8A 0xA8
    { 0x52D9, 0x96B1 }, // U+52D9 = 0x96 0xB1
    { 0x52DB, 0xFA88 }, // U+52DB = 0xFA 0x88
    { 0x52DD, 0x8F9F }, // U+52DD = 0x8F 0x9F
    { 0x52DE, 0x99A7 }, // U+52DE = 0x99 0xA7
    { 0x52DF, 0x95E5 }, // U+52DF = 0x95 0xE5
    { 0x52E0, 0x99AB }, // U+52E0 = 0x99 0xAB
    { 0x52E2, 0x90A8 }, // U+52E2 = 0x90 0xA8
    { 0x52E3, 0x99A8 }, // U+52E3 = 0x99 0xA8
    { 0x52E4, 0x8BCE }, // U+52E4 = 0x8B 0xCE
    { 0x52E6, 0x99A9 }, // U+52E6 = 0x99 0xA9
    { 0x52E7, 0x8AA9 }, // U+52E7 = 0x8A 0xA9
    { 0x52F2, 0x8C4D }, // U+52F2 = 0x8C 0x4D
    { 0x52F3, 0x99AC }, // U+52F3 = 0x99 0xAC
    { 0x52F5, 0x99AD }, // U+52F5 = 0x99 0xAD
    { 0x52F8, 0x99AE }, // U+52F8 = 0x99 0xAE
    { 0x52F9, 0x99AF }, // U+52F9 = 0x99 0xAF
    { 0x52FA, 0x8ED9 }, // U+52FA = 0x8E 0xD9
    { 0x52FE, 0x8CF9 }, // U+52FE = 0x8C 0xF9
    { 0x52FF, 0x96DC }, // U+52FF = 0x96 0xDC
    { 0x5300, 0xFA89 }, // U+5300 = 0xFA 0x89
    { 0x5301, 0x96E6 }, // U+5301 = 0x96 0xE6
    { 0x5302, 0x93F5 }, // U+5302 = 0x93 0xF5
    { 0x5305, 0x95EF }, // U+5305 = 0x95 0xEF
    { 0x5306, 0x99B0 }, // U+5306 = 0x99 0xB0
    { 0x5307, 0xFA8A }, // U+5307 = 0xFA 0x8A
    { 0x5308, 0x99B1 }, // U+5308 = 0x99 0xB1
    { 0x530D, 0x99B3 }, // U+530D = 0x99 0xB3
    { 0x530F, 0x99B5 }, // U+530F = 0x99 0xB5
    { 0x5310, 0x99B4 }, // U+5310 = 0x99 0xB4
    { 0x5315, 0x99B6 }, // U+5315 = 0x99 0xB6
    { 0x5316, 0x89BB }, // U+5316 = 0x89 0xBB
    { 0x5317, 0x966B }, // U+5317 = 0x96 0x6B
    { 0x5319, 0x8DFA }, // U+5319 = 0x8D 0xFA
    { 0x531A, 0x99B7 }, // U+531A = 0x99 0xB7
    { 0x531D, 0x9178 }, // U+531D = 0x91 0x78
    { 0x5320, 0x8FA0 }, // U+5320 = 0x8F 0xA0
    { 0x5321, 0x8BA7 }, // U+5321 = 0x8B 0xA7
    { 0x5323, 0x99B8 }, // U+5323 = 0x99 0xB8
    { 0x5324, 0xFA8B }, // U+5324 = 0xFA 0x8B
    { 0x532A, 0x94D9 }, // U+532A = 0x94 0xD9
    { 0x532F, 0x99B9 }, // U+532F = 0x99 0xB9
    { 0x5331, 0x99BA }, // U+5331 = 0x99 0xBA
    { 0x5333, 0x99BB }, // U+5333 = 0x99 0xBB
    { 0x5338, 0x99BC }, // U+5338 = 0x99 0xBC
    { 0x5339, 0x9543 }, // U+5339 = 0x95 0x43
    { 0x533A, 0x8BE6 }, // U+533A = 0x8B 0xE6
    { 0x533B, 0x88E3 }, // U+533B = 0x88 0xE3
    { 0x533F, 0x93BD }, // U+533F = 0x93 0xBD
    { 0x5340, 0x99BD }, // U+5340 = 0x99 0xBD
    { 0x5341, 0x8F5C }, // U+5341 = 0x8F 0x5C
    { 0x5343, 0x90E7 }, // U+5343 = 0x90 0xE7
    { 0x5345, 0x99BF }, // U+5345 = 0x99 0xBF
    { 0x5346, 0x99BE }, // U+5346 = 0x99 0xBE
    { 0x5347, 0x8FA1 }, // U+5347 = 0x8F 0xA1
    { 0x5348, 0x8CDF }, // U+5348 = 0x8C 0xDF
    { 0x5349, 0x99C1 }, // U+5349 = 0x99 0xC1
    { 0x534A, 0x94BC }, // U+534A = 0x94 0xBC
    { 0x534D, 0x99C2 }, // U+534D = 0x99 0xC2
    { 0x5351, 0x94DA }, // U+5351 = 0x94 0xDA
    { 0x5352, 0x91B2 }, // U+5352 = 0x91 0xB2
    { 0x5353, 0x91EC }, // U+5353 = 0x91 0xEC
    { 0x5354, 0x8BA6 }, // U+5354 = 0x8B 0xA6
    { 0x5357, 0x93EC }, // U+5357 = 0x93 0xEC
    { 0x5358, 0x9250 }, // U+5358 = 0x92 0x50
    { 0x535A, 0x948E }, // U+535A = 0x94 0x8E
    { 0x535C, 0x966D }, // U+535C = 0x96 0x6D
    { 0x535E, 0x99C4 }, // U+535E = 0x99 0xC4
    { 0x5360, 0x90E8 }, // U+5360 = 0x90 0xE8
    { 0x5366, 0x8C54 }, // U+5366 = 0x8C 0x54
    { 0x5369, 0x99C5 }, // U+5369 = 0x99 0xC5
    { 0x536E, 0x99C6 }, // U+536E = 0x99 0xC6
    { 0x536F, 0x894B }, // U+536F = 0x89 0x4B
    { 0x5370, 0x88F3 }, // U+5370 = 0x88 0xF3
    { 0x5371, 0x8AEB }, // U+5371 = 0x8A 0xEB
    { 0x5372, 0xFA8C }, // U+5372 = 0xFA 0x8C
    { 0x5373, 0x91A6 }, // U+5373 = 0x91 0xA6
    { 0x5374, 0x8B70 }, // U+5374 = 0x8B 0x70
    { 0x5375, 0x9791 }, // U+5375 = 0x97 0x91
    { 0x5377, 0x99C9 }, // U+5377 = 0x99 0xC9
    { 0x5378, 0x89B5 }, // U+5378 = 0x89 0xB5
    { 0x537B, 0x99C8 }, // U+537B = 0x99 0xC8
    { 0x537F, 0x8BA8 }, // U+537F = 0x8B 0xA8
    { 0x5382, 0x99CA }, // U+5382 = 0x99 0xCA
    { 0x5384, 0x96EF }, // U+5384 = 0x96 0xEF
    { 0x5393, 0xFA8D }, // U+5393 = 0xFA 0x8D
    { 0x5396, 0x99CB }, // U+5396 = 0x99 0xCB
    { 0x5398, 0x97D0 }, // U+5398 = 0x97 0xD0
    { 0x539A, 0x8CFA }, // U+539A = 0x8C 0xFA
    { 0x539F, 0x8CB4 }, // U+539F = 0x8C 0xB4
    { 0x53A0, 0x99CC }, // U+53A0 = 0x99 0xCC
    { 0x53A5, 0x99CE }, // U+53A5 = 0x99 0xCE
    { 0x53A6, 0x99CD }, // U+53A6 = 0x99 0xCD
    { 0x53A8, 0x907E }, // U+53A8 = 0x90 0x7E
    { 0x53A9, 0x8958 }, // U+53A9 = 0x89 0x58
    { 0x53AD, 0x897D }, // U+53AD = 0x89 0x7D
    { 0x53AE, 0x99CF }, // U+53AE = 0x99 0xCF
    { 0x53B0, 0x99D0 }, // U+53B0 = 0x99 0xD0
    { 0x53B2, 0xFA8E }, // U+53B2 = 0xFA 0x8E
    { 0x53B3, 0x8CB5 }, // U+53B3 = 0x8C 0xB5
    { 0x53B6, 0x99D1 }, // U+53B6 = 0x99 0xD1
    { 0x53BB, 0x8B8E }, // U+53BB = 0x8B 0x8E
    { 0x53C2, 0x8E51 }, // U+53C2 = 0x8E 0x51
    { 0x53C3, 0x99D2 }, // U+53C3 = 0x99 0xD2
    { 0x53C8, 0x9694 }, // U+53C8 = 0x96 0x94
    { 0x53C9, 0x8DB3 }, // U+53C9 = 0x8D 0xB3
    { 0x53CA, 0x8B79 }, // U+53CA = 0x8B 0x79
    { 0x53CB, 0x9746 }, // U+53CB = 0x97 0x46
    { 0x53CC, 0x916F }, // U+53CC = 0x91 0x6F
    { 0x53CD, 0x94BD }, // U+53CD = 0x94 0xBD
    { 0x53CE, 0x8EFB }, // U+53CE = 0x8E 0xFB
    { 0x53D4, 0x8F66 }, // U+53D4 = 0x8F 0x66
    { 0x53D6, 0x8EE6 }, // U+53D6 = 0x8E 0xE6
    { 0x53D7, 0x8EF3 }, // U+53D7 = 0x8E 0xF3
    { 0x53D9, 0x8F96 }, // U+53D9 = 0x8F 0x96
    { 0x53DB, 0x94BE }, // U+53DB = 0x94 0xBE
    { 0x53DD, 0xFA8F }, // U+53DD = 0xFA 0x8F
    { 0x53DF, 0x99D5 }, // U+53DF = 0x99 0xD5
    { 0x53E1, 0x8962 }, // U+53E1 = 0x89 0x62
    { 0x53E2, 0x9170 }, // U+53E2 = 0x91 0x70
    { 0x53E3, 0x8CFB }, // U+53E3 = 0x8C 0xFB
    { 0x53E4, 0x8CC3 }, // U+53E4 = 0x8C 0xC3
    { 0x53E5, 0x8BE5 }, // U+53E5 = 0x8B 0xE5
    { 0x53E8, 0x99D9 }, // U+53E8 = 0x99 0xD9
    { 0x53E9, 0x9240 }, // U+53E9 = 0x92 0x40
    { 0x53EA, 0x91FC }, // U+53EA = 0x91 0xFC
    { 0x53EB, 0x8BA9 }, // U+53EB = 0x8B 0xA9
    { 0x53EC, 0x8FA2 }, // U+53EC = 0x8F 0xA2
    { 0x53ED, 0x99DA }, // U+53ED = 0x99 0xDA
    { 0x53EE, 0x99D8 }, // U+53EE = 0x99 0xD8
    { 0x53EF, 0x89C2 }, // U+53EF = 0x89 0xC2
    { 0x53F0, 0x91E4 }, // U+53F0 = 0x91 0xE4
    { 0x53F1, 0x8EB6 }, // U+53F1 = 0x8E 0xB6
    { 0x53F2, 0x8E6A }, // U+53F2 = 0x8E 0x6A
    { 0x53F3, 0x8945 }, // U+53F3 = 0x89 0x45
    { 0x53F6, 0x8A90 }, // U+53F6 = 0x8A 0x90
    { 0x53F7, 0x8D86 }, // U+53F7 = 0x8D 0x86
    { 0x53F8, 0x8E69 }, // U+53F8 = 0x8E 0x69
    { 0x53FA, 0x99DB }, // U+53FA = 0x99 0xDB
    { 0x5401, 0x99DC }, // U+5401 = 0x99 0xDC
    { 0x5403, 0x8B68 }, // U+5403 = 0x8B 0x68
    { 0x5404, 0x8A65 }, // U+5404 = 0x8A 0x65
    { 0x5408, 0x8D87 }, // U+5408 = 0x8D 0x87
    { 0x5409, 0x8B67 }, // U+5409 = 0x8B 0x67
    { 0x540A, 0x92DD }, // U+540A = 0x92 0xDD
    { 0x540B, 0x8944 }, // U+540B = 0x89 0x44
    { 0x540C, 0x93AF }, // U+540C = 0x93 0xAF
    { 0x540D, 0x96BC }, // U+540D = 0x96 0xBC
    { 0x540E, 0x8D40 }, // U+540E = 0x8D 0x40
    { 0x540F, 0x9799 }, // U+540F = 0x97 0x99
    { 0x5410, 0x9366 }, // U+5410 = 0x93 0x66
    { 0x5411, 0x8CFC }, // U+5411 = 0x8C 0xFC
    { 0x541B, 0x8C4E }, // U+541B = 0x8C 0x4E
    { 0x541D, 0x99E5 }, // U+541D = 0x99 0xE5
    { 0x541F, 0x8BE1 }, // U+541F = 0x8B 0xE1
    { 0x5420, 0x9669 }, // U+5420 = 0x96 0x69
    { 0x5426, 0x94DB }, // U+5426 = 0x94 0xDB
    { 0x5429, 0x99E4 }, // U+5429 = 0x99 0xE4
    { 0x542B, 0x8ADC }, // U+542B = 0x8A 0xDC
    { 0x542C, 0x99DF }, // U+542C = 0x99 0xDF
    { 0x542D, 0x99E0 }, // U+542D = 0x99 0xE0
    { 0x542E, 0x99E2 }, // U+542E = 0x99 0xE2
    { 0x5436, 0x99E3 }, // U+5436 = 0x99 0xE3
    { 0x5438, 0x8B7A }, // U+5438 = 0x8B 0x7A
    { 0x5439, 0x9081 }, // U+5439 = 0x90 0x81
    { 0x543B, 0x95AB }, // U+543B = 0x95 0xAB
    { 0x543C, 0x99E1 }, // U+543C = 0x99 0xE1
    { 0x543D, 0x99DD }, // U+543D = 0x99 0xDD
    { 0x543E, 0x8CE1 }, // U+543E = 0x8C 0xE1
    { 0x5440, 0x99DE }, // U+5440 = 0x99 0xDE
    { 0x5442, 0x9843 }, // U+5442 = 0x98 0x43
    { 0x5446, 0x95F0 }, // U+5446 = 0x95 0xF0
    { 0x5448, 0x92E6 }, // U+5448 = 0x92 0xE6
    { 0x5449, 0x8CE0 }, // U+5449 = 0x8C 0xE0
    { 0x544A, 0x8D90 }, // U+544A = 0x8D 0x90
    { 0x544E, 0x99E6 }, // U+544E = 0x99 0xE6
    { 0x5451, 0x93DB }, // U+5451 = 0x93 0xDB
    { 0x545F, 0x99EA }, // U+545F = 0x99 0xEA
    { 0x5468, 0x8EFC }, // U+5468 = 0x8E 0xFC
    { 0x546A, 0x8EF4 }, // U+546A = 0x8E 0xF4
    { 0x5470, 0x99ED }, // U+5470 = 0x99 0xED
    { 0x5471, 0x99EB }, // U+5471 = 0x99 0xEB
    { 0x5473, 0x96A1 }, // U+5473 = 0x96 0xA1
    { 0x5475, 0x99E8 }, // U+5475 = 0x99 0xE8
    { 0x5476, 0x99F1 }, // U+5476 = 0x99 0xF1
    { 0x5477, 0x99EC }, // U+5477 = 0x99 0xEC
    { 0x547B, 0x99EF }, // U+547B = 0x99 0xEF
    { 0x547C, 0x8CC4 }, // U+547C = 0x8C 0xC4
    { 0x547D, 0x96BD }, // U+547D = 0x96 0xBD
    { 0x5480, 0x99F0 }, // U+5480 = 0x99 0xF0
    { 0x5484, 0x99F2 }, // U+5484 = 0x99 0xF2
    { 0x5486, 0x99F4 }, // U+5486 = 0x99 0xF4
    { 0x548A, 0xFA92 }, // U+548A = 0xFA 0x92
    { 0x548B, 0x8DEE }, // U+548B = 0x8D 0xEE
    { 0x548C, 0x9861 }, // U+548C = 0x98 0x61
    { 0x548E, 0x99E9 }, // U+548E = 0x99 0xE9
    { 0x548F, 0x99E7 }, // U+548F = 0x99 0xE7
    { 0x5490, 0x99F3 }, // U+5490 = 0x99 0xF3
    { 0x5492, 0x99EE }, // U+5492 = 0x99 0xEE
    { 0x549C, 0xFA91 }, // U+549C = 0xFA 0x91
    { 0x54A2, 0x99F6 }, // U+54A2 = 0x99 0xF6
    { 0x54A4, 0x9A42 }, // U+54A4 = 0x9A 0x42
    { 0x54A5, 0x99F8 }, // U+54A5 = 0x99 0xF8
    { 0x54A8, 0x99FC }, // U+54A8 = 0x99 0xFC
    { 0x54A9, 0xFA93 }, // U+54A9 = 0xFA 0x93
    { 0x54AB, 0x9A40 }, // U+54AB = 0x9A 0x40
    { 0x54AC, 0x99F9 }, // U+54AC = 0x99 0xF9
    { 0x54AF, 0x9A5D }, // U+54AF = 0x9A 0x5D
    { 0x54B2, 0x8DE7 }, // U+54B2 = 0x8D 0xE7
    { 0x54B3, 0x8A50 }, // U+54B3 = 0x8A 0x50
    { 0x54B8, 0x99F7 }, // U+54B8 = 0x99 0xF7
    { 0x54BC, 0x9A44 }, // U+54BC = 0x9A 0x44
    { 0x54BD, 0x88F4 }, // U+54BD = 0x88 0xF4
    { 0x54BE, 0x9A43 }, // U+54BE = 0x9A 0x43
    { 0x54C0, 0x88A3 }, // U+54C0 = 0x88 0xA3
    { 0x54C1, 0x9569 }, // U+54C1 = 0x95 0x69
    { 0x54C2, 0x9A41 }, // U+54C2 = 0x9A 0x41
    { 0x54C4, 0x99FA }, // U+54C4 = 0x99 0xFA
    { 0x54C7, 0x99F5 }, // U+54C7 = 0x99 0xF5
    { 0x54C8, 0x99FB }, // U+54C8 = 0x99 0xFB
    { 0x54C9, 0x8DC6 }, // U+54C9 = 0x8D 0xC6
    { 0x54D8, 0x9A45 }, // U+54D8 = 0x9A 0x45
    { 0x54E1, 0x88F5 }, // U+54E1 = 0x88 0xF5
    { 0x54E2, 0x9A4E }, // U+54E2 = 0x9A 0x4E
    { 0x54E5, 0x9A46 }, // U+54E5 = 0x9A 0x46
    { 0x54E6, 0x9A47 }, // U+54E6 = 0x9A 0x47
    { 0x54E8, 0x8FA3 }, // U+54E8 = 0x8F 0xA3
    { 0x54E9, 0x9689 }, // U+54E9 = 0x96 0x89
    { 0x54ED, 0x9A4C }, // U+54ED = 0x9A 0x4C
    { 0x54EE, 0x9A4B }, // U+54EE = 0x9A 0x4B
    { 0x54F2, 0x934E }, // U+54F2 = 0x93 0x4E
    { 0x54FA, 0x9A4D }, // U+54FA = 0x9A 0x4D
    { 0x54FD, 0x9A4A }, // U+54FD = 0x9A 0x4A
    { 0x54FF, 0xFA94 }, // U+54FF = 0xFA 0x94
    { 0x5504, 0x8953 }, // U+5504 = 0x89 0x53
    { 0x5506, 0x8DB4 }, // U+5506 = 0x8D 0xB4
    { 0x5507, 0x904F }, // U+5507 = 0x90 0x4F
    { 0x550F, 0x9A48 }, // U+550F = 0x9A 0x48
    { 0x5510, 0x9382 }, // U+5510 = 0x93 0x82
    { 0x5514, 0x9A49 }, // U+5514 = 0x9A 0x49
    { 0x5516, 0x88A0 }, // U+5516 = 0x88 0xA0
    { 0x552E, 0x9A53 }, // U+552E = 0x9A 0x53
    { 0x552F, 0x9742 }, // U+552F = 0x97 0x42
    { 0x5531, 0x8FA5 }, // U+5531 = 0x8F 0xA5
    { 0x5533, 0x9A59 }, // U+5533 = 0x9A 0x59
    { 0x5538, 0x9A58 }, // U+5538 = 0x9A 0x58
    { 0x5539, 0x9A4F }, // U+5539 = 0x9A 0x4F
    { 0x553E, 0x91C1 }, // U+553E = 0x91 0xC1
    { 0x5540, 0x9A50 }, // U+5540 = 0x9A 0x50
    { 0x5544, 0x91ED }, // U+5544 = 0x91 0xED
    { 0x5545, 0x9A55 }, // U+5545 = 0x9A 0x55
    { 0x5546, 0x8FA4 }, // U+5546 = 0x8F 0xA4
    { 0x554C, 0x9A52 }, // U+554C = 0x9A 0x52
    { 0x554F, 0x96E2 }, // U+554F = 0x96 0xE2
    { 0x5553, 0x8C5B }, // U+5553 = 0x8C 0x5B
    { 0x5556, 0x9A56 }, // U+5556 = 0x9A 0x56
    { 0x5557, 0x9A57 }, // U+5557 = 0x9A 0x57
    { 0x555C, 0x9A54 }, // U+555C = 0x9A 0x54
    { 0x555D, 0x9A5A }, // U+555D = 0x9A 0x5A
    { 0x5563, 0x9A51 }, // U+5563 = 0x9A 0x51
    { 0x557B, 0x9A60 }, // U+557B = 0x9A 0x60
    { 0x557C, 0x9A65 }, // U+557C = 0x9A 0x65
    { 0x557E, 0x9A61 }, // U+557E = 0x9A 0x61
    { 0x5580, 0x9A5C }, // U+5580 = 0x9A 0x5C
    { 0x5583, 0x9A66 }, // U+5583 = 0x9A 0x66
    { 0x5584, 0x9150 }, // U+5584 = 0x91 0x50
    { 0x5586, 0xFA95 }, // U+5586 = 0xFA 0x95
    { 0x5587, 0x9A68 }, // U+5587 = 0x9A 0x68
    { 0x5589, 0x8D41 }, // U+5589 = 0x8D 0x41
    { 0x558A, 0x9A5E }, // U+558A = 0x9A 0x5E
    { 0x558B, 0x929D }, // U+558B = 0x92 0x9D
    { 0x5598, 0x9A62 }, // U+5598 = 0x9A 0x62
    { 0x5599, 0x9A5B }, // U+5599 = 0x9A 0x5B
    { 0x559A, 0x8AAB }, // U+559A = 0x8A 0xAB
    { 0x559C, 0x8AEC }, // U+559C = 0x8A 0xEC
    { 0x559D, 0x8A85 }, // U+559D = 0x8A 0x85
    { 0x559E, 0x9A63 }, // U+559E = 0x9A 0x63
    { 0x559F, 0x9A5F }, // U+559F = 0x9A 0x5F
    { 0x55A7, 0x8C96 }, // U+55A7 = 0x8C 0x96
    { 0x55A8, 0x9A69 }, // U+55A8 = 0x9A 0x69
    { 0x55A9, 0x9A67 }, // U+55A9 = 0x9A 0x67
    { 0x55AA, 0x9172 }, // U+55AA = 0x91 0x72
    { 0x55AB, 0x8B69 }, // U+55AB = 0x8B 0x69
    { 0x55AC, 0x8BAA }, // U+55AC = 0x8B 0xAA
    { 0x55AE, 0x9A64 }, // U+55AE = 0x9A 0x64
    { 0x55B0, 0x8BF2 }, // U+55B0 = 0x8B 0xF2
    { 0x55B6, 0x8963 }, // U+55B6 = 0x89 0x63
    { 0x55C4, 0x9A6D }, // U+55C4 = 0x9A 0x6D
    { 0x55C5, 0x9A6B }, // U+55C5 = 0x9A 0x6B
    { 0x55C7, 0x9AA5 }, // U+55C7 = 0x9A 0xA5
    { 0x55D4, 0x9A70 }, // U+55D4 = 0x9A 0x70
    { 0x55DA, 0x9A6A }, // U+55DA = 0x9A 0x6A
    { 0x55DC, 0x9A6E }, // U+55DC = 0x9A 0x6E
    { 0x55DF, 0x9A6C }, // U+55DF = 0x9A 0x6C
    { 0x55E3, 0x8E6B }, // U+55E3 = 0x8E 0x6B
    { 0x55E4, 0x9A6F }, // U+55E4 = 0x9A 0x6F
    { 0x55F7, 0x9A72 }, // U+55F7 = 0x9A 0x72
    { 0x55F9, 0x9A77 }, // U+55F9 = 0x9A 0x77
    { 0x55FD, 0x9A75 }, // U+55FD = 0x9A 0x75
    { 0x55FE, 0x9A74 }, // U+55FE = 0x9A 0x74
    { 0x5606, 0x9251 }, // U+5606 = 0x92 0x51
    { 0x5609, 0x89C3 }, // U+5609 = 0x89 0xC3
    { 0x5614, 0x9A71 }, // U+5614 = 0x9A 0x71
    { 0x5616, 0x9A73 }, // U+5616 = 0x9A 0x73
    { 0x5617, 0x8FA6 }, // U+5617 = 0x8F 0xA6
    { 0x5618, 0x8952 }, // U+5618 = 0x89 0x52
    { 0x561B, 0x9A76 }, // U+561B = 0x9A 0x76
    { 0x5629, 0x89DC }, // U+5629 = 0x89 0xDC
    { 0x562F, 0x9A82 }, // U+562F = 0x9A 0x82
    { 0x5631, 0x8FFA }, // U+5631 = 0x8F 0xFA
    { 0x5632, 0x9A7D }, // U+5632 = 0x9A 0x7D
    { 0x5634, 0x9A7B }, // U+5634 = 0x9A 0x7B
    { 0x5636, 0x9A7C }, // U+5636 = 0x9A 0x7C
    { 0x5638, 0x9A7E }, // U+5638 = 0x9A 0x7E
    { 0x5642, 0x895C }, // U+5642 = 0x89 0x5C
    { 0x564C, 0x9158 }, // U+564C = 0x91 0x58
    { 0x564E, 0x9A78 }, // U+564E = 0x9A 0x78
    { 0x5650, 0x9A79 }, // U+5650 = 0x9A 0x79
    { 0x565B, 0x8A9A }, // U+565B = 0x8A 0x9A
    { 0x5664, 0x9A81 }, // U+5664 = 0x9A 0x81
    { 0x5668, 0x8AED }, // U+5668 = 0x8A 0xED
    { 0x566A, 0x9A84 }, // U+566A = 0x9A 0x84
    { 0x566B, 0x9A80 }, // U+566B = 0x9A 0x80
    { 0x566C, 0x9A83 }, // U+566C = 0x9A 0x83
    { 0x5674, 0x95AC }, // U+5674 = 0x95 0xAC
    { 0x5678, 0x93D3 }, // U+5678 = 0x93 0xD3
    { 0x567A, 0x94B6 }, // U+567A = 0x94 0xB6
    { 0x5680, 0x9A86 }, // U+5680 = 0x9A 0x86
    { 0x5686, 0x9A85 }, // U+5686 = 0x9A 0x85
    { 0x5687, 0x8A64 }, // U+5687 = 0x8A 0x64
    { 0x568A, 0x9A87 }, // U+568A = 0x9A 0x87
    { 0x568F, 0x9A8A }, // U+568F = 0x9A 0x8A
    { 0x5694, 0x9A89 }, // U+5694 = 0x9A 0x89
    { 0x56A0, 0x9A88 }, // U+56A0 = 0x9A 0x88
    { 0x56A2, 0x9458 }, // U+56A2 = 0x94 0x58
    { 0x56A5, 0x9A8B }, // U+56A5 = 0x9A 0x8B
    { 0x56AE, 0x9A8C }, // U+56AE = 0x9A 0x8C
    { 0x56B4, 0x9A8E }, // U+56B4 = 0x9A 0x8E
    { 0x56B6, 0x9A8D }, // U+56B6 = 0x9A 0x8D
    { 0x56BC, 0x9A90 }, // U+56BC = 0x9A 0x90
    { 0x56C0, 0x9A93 }, // U+56C0 = 0x9A 0x93
    { 0x56C1, 0x9A91 }, // U+56C1 = 0x9A 0x91
    { 0x56C2, 0x9A8F }, // U+56C2 = 0x9A 0x8F
    { 0x56C3, 0x9A92 }, // U+56C3 = 0x9A 0x92
    { 0x56C8, 0x9A94 }, // U+56C8 = 0x9A 0x94
    { 0x56CE, 0x9A95 }, // U+56CE = 0x9A 0x95
    { 0x56D1, 0x9A96 }, // U+56D1 = 0x9A 0x96
    { 0x56D3, 0x9A97 }, // U+56D3 = 0x9A 0x97
    { 0x56D7, 0x9A98 }, // U+56D7 = 0x9A 0x98
    { 0x56D8, 0x9964 }, // U+56D8 = 0x99 0x64
    { 0x56DA, 0x8EFA }, // U+56DA = 0x8E 0xFA
    { 0x56DB, 0x8E6C }, // U+56DB = 0x8E 0x6C
    { 0x56DE, 0x89F1 }, // U+56DE = 0x89 0xF1
    { 0x56E0, 0x88F6 }, // U+56E0 = 0x88 0xF6
    { 0x56E3, 0x9263 }, // U+56E3 = 0x92 0x63
    { 0x56EE, 0x9A99 }, // U+56EE = 0x9A 0x99
    { 0x56F0, 0x8DA2 }, // U+56F0 = 0x8D 0xA2
    { 0x56F2, 0x88CD }, // U+56F2 = 0x88 0xCD
    { 0x56F3, 0x907D }, // U+56F3 = 0x90 0x7D
    { 0x56F9, 0x9A9A }, // U+56F9 = 0x9A 0x9A
    { 0x56FA, 0x8CC5 }, // U+56FA = 0x8C 0xC5
    { 0x56FD, 0x8D91 }, // U+56FD = 0x8D 0x91
    { 0x56FF, 0x9A9C }, // U+56FF = 0x9A 0x9C
    { 0x5700, 0x9A9B }, // U+5700 = 0x9A 0x9B
    { 0x5703, 0x95DE }, // U+5703 = 0x95 0xDE
    { 0x5704, 0x9A9D }, // U+5704 = 0x9A 0x9D
    { 0x5708, 0x9A9F }, // U+5708 = 0x9A 0x9F
    { 0x5709, 0x9A9E }, // U+5709 = 0x9A 0x9E
    { 0x570B, 0x9AA0 }, // U+570B = 0x9A 0xA0
    { 0x570D, 0x9AA1 }, // U+570D = 0x9A 0xA1
    { 0x570F, 0x8C97 }, // U+570F = 0x8C 0x97
    { 0x5712, 0x8980 }, // U+5712 = 0x89 0x80
    { 0x5713, 0x9AA2 }, // U+5713 = 0x9A 0xA2
    { 0x5716, 0x9AA4 }, // U+5716 = 0x9A 0xA4
    { 0x5718, 0x9AA3 }, // U+5718 = 0x9A 0xA3
    { 0x571C, 0x9AA6 }, // U+571C = 0x9A 0xA6
    { 0x571F, 0x9379 }, // U+571F = 0x93 0x79
    { 0x5726, 0x9AA7 }, // U+5726 = 0x9A 0xA7
    { 0x5727, 0x88B3 }, // U+5727 = 0x88 0xB3
    { 0x5728, 0x8DDD }, // U+5728 = 0x8D 0xDD
    { 0x572D, 0x8C5C }, // U+572D = 0x8C 0x5C
    { 0x5730, 0x926E }, // U+5730 = 0x92 0x6E
    { 0x5737, 0x9AA8 }, // U+5737 = 0x9A 0xA8
    { 0x5738, 0x9AA9 }, // U+5738 = 0x9A 0xA9
    { 0x573B, 0x9AAB }, // U+573B = 0x9A 0xAB
    { 0x5740, 0x9AAC }, // U+5740 = 0x9A 0xAC
    { 0x5742, 0x8DE2 }, // U+5742 = 0x8D 0xE2
    { 0x5747, 0x8BCF }, // U+5747 = 0x8B 0xCF
    { 0x574A, 0x9656 }, // U+574A = 0x96 0x56
    { 0x574E, 0x9AAA }, // U+574E = 0x9A 0xAA
    { 0x574F, 0x9AAD }, // U+574F = 0x9A 0xAD
    { 0x5750, 0x8DBF }, // U+5750 = 0x8D 0xBF
    { 0x5751, 0x8D42 }, // U+5751 = 0x8D 0x42
    { 0x5759, 0xFA96 }, // U+5759 = 0xFA 0x96
    { 0x5761, 0x9AB1 }, // U+5761 = 0x9A 0xB1
    { 0x5764, 0x8DA3 }, // U+5764 = 0x8D 0xA3
    { 0x5765, 0xFA97 }, // U+5765 = 0xFA 0x97
    { 0x5766, 0x9252 }, // U+5766 = 0x92 0x52
    { 0x5769, 0x9AAE }, // U+5769 = 0x9A 0xAE
    { 0x576A, 0x92D8 }, // U+576A = 0x92 0xD8
    { 0x577F, 0x9AB2 }, // U+577F = 0x9A 0xB2
    { 0x5782, 0x9082 }, // U+5782 = 0x90 0x82
    { 0x5788, 0x9AB0 }, // U+5788 = 0x9A 0xB0
    { 0x5789, 0x9AB3 }, // U+5789 = 0x9A 0xB3
    { 0x578B, 0x8C5E }, // U+578B = 0x8C 0x5E
    { 0x5793, 0x9AB4 }, // U+5793 = 0x9A 0xB4
    { 0x57A0, 0x9AB5 }, // U+57A0 = 0x9A 0xB5
    { 0x57A2, 0x8D43 }, // U+57A2 = 0x8D 0x43
    { 0x57A3, 0x8A5F }, // U+57A3 = 0x8A 0x5F
    { 0x57A4, 0x9AB7 }, // U+57A4 = 0x9A 0xB7
    { 0x57AA, 0x9AB8 }, // U+57AA = 0x9A 0xB8
    { 0x57AC, 0xFA98 }, // U+57AC = 0xFA 0x98
    { 0x57B0, 0x9AB9 }, // U+57B0 = 0x9A 0xB9
    { 0x57B3, 0x9AB6 }, // U+57B3 = 0x9A 0xB6
    { 0x57C0, 0x9AAF }, // U+57C0 = 0x9A 0xAF
    { 0x57C3, 0x9ABA }, // U+57C3 = 0x9A 0xBA
    { 0x57C6, 0x9ABB }, // U+57C6 = 0x9A 0xBB
    { 0x57C7, 0xFA9A }, // U+57C7 = 0xFA 0x9A
    { 0x57C8, 0xFA99 }, // U+57C8 = 0xFA 0x99
    { 0x57CB, 0x9684 }, // U+57CB = 0x96 0x84
    { 0x57CE, 0x8FE9 }, // U+57CE = 0x8F 0xE9
    { 0x57D2, 0x9ABD }, // U+57D2 = 0x9A 0xBD
    { 0x57D3, 0x9ABE }, // U+57D3 = 0x9A 0xBE
    { 0x57D4, 0x9ABC }, // U+57D4 = 0x9A 0xBC
    { 0x57D6, 0x9AC0 }, // U+57D6 = 0x9A 0xC0
    { 0x57DC, 0x9457 }, // U+57DC = 0x94 0x57
    { 0x57DF, 0x88E6 }, // U+57DF = 0x88 0xE6
    { 0x57E0, 0x9575 }, // U+57E0 = 0x95 0x75
    { 0x57E3, 0x9AC1 }, // U+57E3 = 0x9A 0xC1
    { 0x57F4, 0x8FFB }, // U+57F4 = 0x8F 0xFB
    { 0x57F7, 0x8EB7 }, // U+57F7 = 0x8E 0xB7
    { 0x57F9, 0x947C }, // U+57F9 = 0x94 0x7C
    { 0x57FA, 0x8AEE }, // U+57FA = 0x8A 0xEE
    { 0x57FC, 0x8DE9 }, // U+57FC = 0x8D 0xE9
    { 0x5800, 0x9678 }, // U+5800 = 0x96 0x78
    { 0x5802, 0x93B0 }, // U+5802 = 0x93 0xB0
    { 0x5805, 0x8C98 }, // U+5805 = 0x8C 0x98
    { 0x5806, 0x91CD }, // U+5806 = 0x91 0xCD
    { 0x580A, 0x9ABF }, // U+580A = 0x9A 0xBF
    { 0x580B, 0x9AC2 }, // U+580B = 0x9A 0xC2
    { 0x5815, 0x91C2 }, // U+5815 = 0x91 0xC2
    { 0x5819, 0x9AC3 }, // U+5819 = 0x9A 0xC3
    { 0x581D, 0x9AC4 }, // U+581D = 0x9A 0xC4
    { 0x5821, 0x9AC6 }, // U+5821 = 0x9A 0xC6
    { 0x5824, 0x92E7 }, // U+5824 = 0x92 0xE7
    { 0x582A, 0x8AAC }, // U+582A = 0x8A 0xAC
    { 0x582F, 0xEA9F }, // U+582F = 0xEA 0x9F
    { 0x5830, 0x8981 }, // U+5830 = 0x89 0x81
    { 0x5831, 0x95F1 }, // U+5831 = 0x95 0xF1
    { 0x5834, 0x8FEA }, // U+5834 = 0x8F 0xEA
    { 0x5835, 0x9367 }, // U+5835 = 0x93 0x67
    { 0x583A, 0x8DE4 }, // U+583A = 0x8D 0xE4
    { 0x583D, 0x9ACC }, // U+583D = 0x9A 0xCC
    { 0x5840, 0x95BB }, // U+5840 = 0x95 0xBB
    { 0x5841, 0x97DB }, // U+5841 = 0x97 0xDB
    { 0x584A, 0x89F2 }, // U+584A = 0x89 0xF2
    { 0x584B, 0x9AC8 }, // U+584B = 0x9A 0xC8
    { 0x5851, 0x9159 }, // U+5851 = 0x91 0x59
    { 0x5852, 0x9ACB }, // U+5852 = 0x9A 0xCB
    { 0x5854, 0x9383 }, // U+5854 = 0x93 0x83
    { 0x5857, 0x9368 }, // U+5857 = 0x93 0x68
    { 0x5858, 0x9384 }, // U+5858 = 0x93 0x84
    { 0x5859, 0x94B7 }, // U+5859 = 0x94 0xB7
    { 0x585A, 0x92CB }, // U+585A = 0x92 0xCB
    { 0x585E, 0x8DC7 }, // U+585E = 0x8D 0xC7
    { 0x5862, 0x9AC7 }, // U+5862 = 0x9A 0xC7
    { 0x5869, 0x8996 }, // U+5869 = 0x89 0x96
    { 0x586B, 0x9355 }, // U+586B = 0x93 0x55
    { 0x5870, 0x9AC9 }, // U+5870 = 0x9A 0xC9
    { 0x5872, 0x9AC5 }, // U+5872 = 0x9A 0xC5
    { 0x5875, 0x906F }, // U+5875 = 0x90 0x6F
    { 0x5879, 0x9ACD }, // U+5879 = 0x9A 0xCD
    { 0x587E, 0x8F6D }, // U+587E = 0x8F 0x6D
    { 0x5883, 0x8BAB }, // U+5883 = 0x8B 0xAB
    { 0x5885, 0x9ACE }, // U+5885 = 0x9A 0xCE
    { 0x5893, 0x95E6 }, // U+5893 = 0x95 0xE6
    { 0x5897, 0x919D }, // U+5897 = 0x91 0x9D
    { 0x589C, 0x92C4 }, // U+589C = 0x92 0xC4
    { 0x589E, 0xFA9D }, // U+589E = 0xFA 0x9D
    { 0x589F, 0x9AD0 }, // U+589F = 0x9A 0xD0
    { 0x58A8, 0x966E }, // U+58A8 = 0x96 0x6E
    { 0x58AB, 0x9AD1 }, // U+58AB = 0x9A 0xD1
    { 0x58AE, 0x9AD6 }, // U+58AE = 0x9A 0xD6
    { 0x58B2, 0xFA9E }, // U+58B2 = 0xFA 0x9E
    { 0x58B3, 0x95AD }, // U+58B3 = 0x95 0xAD
    { 0x58B8, 0x9AD5 }, // U+58B8 = 0x9A 0xD5
    { 0x58B9, 0x9ACF }, // U+58B9 = 0x9A 0xCF
    { 0x58BA, 0x9AD2 }, // U+58BA = 0x9A 0xD2
    { 0x58BB, 0x9AD4 }, // U+58BB = 0x9A 0xD4
    { 0x58BE, 0x8DA4 }, // U+58BE = 0x8D 0xA4
    { 0x58C1, 0x95C7 }, // U+58C1 = 0x95 0xC7
    { 0x58C5, 0x9AD7 }, // U+58C5 = 0x9A 0xD7
    { 0x58C7, 0x9264 }, // U+58C7 = 0x92 0x64
    { 0x58CA, 0x89F3 }, // U+58CA = 0x89 0xF3
    { 0x58CC, 0x8FEB }, // U+58CC = 0x8F 0xEB
    { 0x58D1, 0x9AD9 }, // U+58D1 = 0x9A 0xD9
    { 0x58D3, 0x9AD8 }, // U+58D3 = 0x9A 0xD8
    { 0x58D5, 0x8D88 }, // U+58D5 = 0x8D 0x88
    { 0x58D7, 0x9ADA }, // U+58D7 = 0x9A 0xDA
    { 0x58D8, 0x9ADC }, // U+58D8 = 0x9A 0xDC
    { 0x58D9, 0x9ADB }, // U+58D9 = 0x9A 0xDB
    { 0x58DC, 0x9ADE }, // U+58DC = 0x9A 0xDE
    { 0x58DE, 0x9AD3 }, // U+58DE = 0x9A 0xD3
    { 0x58DF, 0x9AE0 }, // U+58DF = 0x9A 0xE0
    { 0x58E4, 0x9ADF }, // U+58E4 = 0x9A 0xDF
    { 0x58E5, 0x9ADD }, // U+58E5 = 0x9A 0xDD
    { 0x58EB, 0x8E6D }, // U+58EB = 0x8E 0x6D
    { 0x58EC, 0x9070 }, // U+58EC = 0x90 0x70
    { 0x58EE, 0x9173 }, // U+58EE = 0x91 0x73
    { 0x58EF, 0x9AE1 }, // U+58EF = 0x9A 0xE1
    { 0x58F0, 0x90BA }, // U+58F0 = 0x90 0xBA
    { 0x58F1, 0x88EB }, // U+58F1 = 0x88 0xEB
    { 0x58F2, 0x9484 }, // U+58F2 = 0x94 0x84
    { 0x58F7, 0x92D9 }, // U+58F7 = 0x92 0xD9
    { 0x58F9, 0x9AE3 }, // U+58F9 = 0x9A 0xE3
    { 0x58FA, 0x9AE2 }, // U+58FA = 0x9A 0xE2
    { 0x58FB, 0x9AE4 }, // U+58FB = 0x9A 0xE4
    { 0x58FC, 0x9AE5 }, // U+58FC = 0x9A 0xE5
    { 0x58FD, 0x9AE6 }, // U+58FD = 0x9A 0xE6
    { 0x5902, 0x9AE7 }, // U+5902 = 0x9A 0xE7
    { 0x5909, 0x95CF }, // U+5909 = 0x95 0xCF
    { 0x590A, 0x9AE8 }, // U+590A = 0x9A 0xE8
    { 0x590B, 0xFA9F }, // U+590B = 0xFA 0x9F
    { 0x590F, 0x89C4 }, // U+590F = 0x89 0xC4
    { 0x5910, 0x9AE9 }, // U+5910 = 0x9A 0xE9
    { 0x5915, 0x975B }, // U+5915 = 0x97 0x5B
    { 0x5916, 0x8A4F }, // U+5916 = 0x8A 0x4F
    { 0x5918, 0x99C7 }, // U+5918 = 0x99 0xC7
    { 0x5919, 0x8F67 }, // U+5919 = 0x8F 0x67
    { 0x591A, 0x91BD }, // U+591A = 0x91 0xBD
    { 0x591B, 0x9AEA }, // U+591B = 0x9A 0xEA
    { 0x591C, 0x96E9 }, // U+591C = 0x96 0xE9
    { 0x5922, 0x96B2 }, // U+5922 = 0x96 0xB2
    { 0x5925, 0x9AEC }, // U+5925 = 0x9A 0xEC
    { 0x5927, 0x91E5 }, // U+5927 = 0x91 0xE5
    { 0x5929, 0x9356 }, // U+5929 = 0x93 0x56
    { 0x592A, 0x91BE }, // U+592A = 0x91 0xBE
    { 0x592B, 0x9576 }, // U+592B = 0x95 0x76
    { 0x592C, 0x9AED }, // U+592C = 0x9A 0xED
    { 0x592D, 0x9AEE }, // U+592D = 0x9A 0xEE
    { 0x592E, 0x899B }, // U+592E = 0x89 0x9B
    { 0x5931, 0x8EB8 }, // U+5931 = 0x8E 0xB8
    { 0x5932, 0x9AEF }, // U+5932 = 0x9A 0xEF
    { 0x5937, 0x88CE }, // U+5937 = 0x88 0xCE
    { 0x5938, 0x9AF0 }, // U+5938 = 0x9A 0xF0
    { 0x593E, 0x9AF1 }, // U+593E = 0x9A 0xF1
    { 0x5944, 0x8982 }, // U+5944 = 0x89 0x82
    { 0x5947, 0x8AEF }, // U+5947 = 0x8A 0xEF
    { 0x5948, 0x93DE }, // U+5948 = 0x93 0xDE
    { 0x5949, 0x95F2 }, // U+5949 = 0x95 0xF2
    { 0x594E, 0x9AF5 }, // U+594E = 0x9A 0xF5
    { 0x594F, 0x9174 }, // U+594F = 0x91 0x74
    { 0x5950, 0x9AF4 }, // U+5950 = 0x9A 0xF4
    { 0x5951, 0x8C5F }, // U+5951 = 0x8C 0x5F
    { 0x5953, 0xFAA0 }, // U+5953 = 0xFA 0xA0
    { 0x5954, 0x967A }, // U+5954 = 0x96 0x7A
    { 0x5955, 0x9AF3 }, // U+5955 = 0x9A 0xF3
    { 0x5957, 0x9385 }, // U+5957 = 0x93 0x85
    { 0x5958, 0x9AF7 }, // U+5958 = 0x9A 0xF7
    { 0x595A, 0x9AF6 }, // U+595A = 0x9A 0xF6
    { 0x595B, 0xFAA1 }, // U+595B = 0xFA 0xA1
    { 0x595D, 0xFAA2 }, // U+595D = 0xFA 0xA2
    { 0x5960, 0x9AF9 }, // U+5960 = 0x9A 0xF9
    { 0x5962, 0x9AF8 }, // U+5962 = 0x9A 0xF8
    { 0x5963, 0xFAA3 }, // U+5963 = 0xFA 0xA3
    { 0x5965, 0x899C }, // U+5965 = 0x89 0x9C
    { 0x5967, 0x9AFA }, // U+5967 = 0x9A 0xFA
    { 0x5968, 0x8FA7 }, // U+5968 = 0x8F 0xA7
    { 0x5969, 0x9AFC }, // U+5969 = 0x9A 0xFC
    { 0x596A, 0x9244 }, // U+596A = 0x92 0x44
    { 0x596C, 0x9AFB }, // U+596C = 0x9A 0xFB
    { 0x596E, 0x95B1 }, // U+596E = 0x95 0xB1
    { 0x5973, 0x8F97 }, // U+5973 = 0x8F 0x97
    { 0x5974, 0x937A }, // U+5974 = 0x93 0x7A
    { 0x5978, 0x9B40 }, // U+5978 = 0x9B 0x40
    { 0x597D, 0x8D44 }, // U+597D = 0x8D 0x44
    { 0x5981, 0x9B41 }, // U+5981 = 0x9B 0x41
    { 0x5982, 0x9440 }, // U+5982 = 0x94 0x40
    { 0x5983, 0x94DC }, // U+5983 = 0x94 0xDC
    { 0x5984, 0x96CF }, // U+5984 = 0x96 0xCF
    { 0x598A, 0x9444 }, // U+598A = 0x94 0x44
    { 0x598D, 0x9B4A }, // U+598D = 0x9B 0x4A
    { 0x5993, 0x8B57 }, // U+5993 = 0x8B 0x57
    { 0x5996, 0x9764 }, // U+5996 = 0x97 0x64
    { 0x5999, 0x96AD }, // U+5999 = 0x96 0xAD
    { 0x599B, 0x9BAA }, // U+599B = 0x9B 0xAA
    { 0x599D, 0x9B42 }, // U+599D = 0x9B 0x42
    { 0x59A3, 0x9B45 }, // U+59A3 = 0x9B 0x45
    { 0x59A4, 0xFAA4 }, // U+59A4 = 0xFA 0xA4
    { 0x59A5, 0x91C3 }, // U+59A5 = 0x91 0xC3
    { 0x59A8, 0x9657 }, // U+59A8 = 0x96 0x57
    { 0x59AC, 0x9369 }, // U+59AC = 0x93 0x69
    { 0x59B2, 0x9B46 }, // U+59B2 = 0x9B 0x46
    { 0x59B9, 0x9685 }, // U+59B9 = 0x96 0x85
    { 0x59BA, 0xFAA5 }, // U+59BA = 0xFA 0xA5
    { 0x59BB, 0x8DC8 }, // U+59BB = 0x8D 0xC8
    { 0x59BE, 0x8FA8 }, // U+59BE = 0x8F 0xA8
    { 0x59C6, 0x9B47 }, // U+59C6 = 0x9B 0x47
    { 0x59C9, 0x8E6F }, // U+59C9 = 0x8E 0x6F
    { 0x59CB, 0x8E6E }, // U+59CB = 0x8E 0x6E
    { 0x59D0, 0x88B7 }, // U+59D0 = 0x88 0xB7
    { 0x59D1, 0x8CC6 }, // U+59D1 = 0x8C 0xC6
    { 0x59D3, 0x90A9 }, // U+59D3 = 0x90 0xA9
    { 0x59D4, 0x88CF }, // U+59D4 = 0x88 0xCF
    { 0x59D9, 0x9B4B }, // U+59D9 = 0x9B 0x4B
    { 0x59DA, 0x9B4C }, // U+59DA = 0x9B 0x4C
    { 0x59DC, 0x9B49 }, // U+59DC = 0x9B 0x49
    { 0x59E5, 0x8957 }, // U+59E5 = 0x89 0x57
    { 0x59E6, 0x8AAD }, // U+59E6 = 0x8A 0xAD
    { 0x59E8, 0x9B48 }, // U+59E8 = 0x9B 0x48
    { 0x59EA, 0x96C3 }, // U+59EA = 0x96 0xC3
    { 0x59EB, 0x9550 }, // U+59EB = 0x95 0x50
    { 0x59F6, 0x88A6 }, // U+59F6 = 0x88 0xA6
    { 0x59FB, 0x88F7 }, // U+59FB = 0x88 0xF7
    { 0x59FF, 0x8E70 }, // U+59FF = 0x8E 0x70
    { 0x5A01, 0x88D0 }, // U+5A01 = 0x88 0xD0
    { 0x5A03, 0x88A1 }, // U+5A03 = 0x88 0xA1
    { 0x5A09, 0x9B51 }, // U+5A09 = 0x9B 0x51
    { 0x5A11, 0x9B4F }, // U+5A11 = 0x9B 0x4F
    { 0x5A18, 0x96BA }, // U+5A18 = 0x96 0xBA
    { 0x5A1A, 0x9B52 }, // U+5A1A = 0x9B 0x52
    { 0x5A1C, 0x9B50 }, // U+5A1C = 0x9B 0x50
    { 0x5A1F, 0x9B4E }, // U+5A1F = 0x9B 0x4E
    { 0x5A20, 0x9050 }, // U+5A20 = 0x90 0x50
    { 0x5A25, 0x9B4D }, // U+5A25 = 0x9B 0x4D
    { 0x5A29, 0x95D8 }, // U+5A29 = 0x95 0xD8
    { 0x5A2F, 0x8CE2 }, // U+5A2F = 0x8C 0xE2
    { 0x5A35, 0x9B56 }, // U+5A35 = 0x9B 0x56
    { 0x5A36, 0x9B57 }, // U+5A36 = 0x9B 0x57
    { 0x5A3C, 0x8FA9 }, // U+5A3C = 0x8F 0xA9
    { 0x5A40, 0x9B53 }, // U+5A40 = 0x9B 0x53
    { 0x5A41, 0x984B }, // U+5A41 = 0x98 0x4B
    { 0x5A46, 0x946B }, // U+5A46 = 0x94 0x6B
    { 0x5A49, 0x9B55 }, // U+5A49 = 0x9B 0x55
    { 0x5A5A, 0x8DA5 }, // U+5A5A = 0x8D 0xA5
    { 0x5A62, 0x9B58 }, // U+5A62 = 0x9B 0x58
    { 0x5A66, 0x9577 }, // U+5A66 = 0x95 0x77
    { 0x5A6A, 0x9B59 }, // U+5A6A = 0x9B 0x59
    { 0x5A6C, 0x9B54 }, // U+5A6C = 0x9B 0x54
    { 0x5A7F, 0x96B9 }, // U+5A7F = 0x96 0xB9
    { 0x5A92, 0x947D }, // U+5A92 = 0x94 0x7D
    { 0x5A9A, 0x9B5A }, // U+5A9A = 0x9B 0x5A
    { 0x5A9B, 0x9551 }, // U+5A9B = 0x95 0x51
    { 0x5ABC, 0x9B5B }, // U+5ABC = 0x9B 0x5B
    { 0x5ABD, 0x9B5F }, // U+5ABD = 0x9B 0x5F
    { 0x5ABE, 0x9B5C }, // U+5ABE = 0x9B 0x5C
    { 0x5AC1, 0x89C5 }, // U+5AC1 = 0x89 0xC5
    { 0x5AC2, 0x9B5E }, // U+5AC2 = 0x9B 0x5E
    { 0x5AC9, 0x8EB9 }, // U+5AC9 = 0x8E 0xB9
    { 0x5ACB, 0x9B5D }, // U+5ACB = 0x9B 0x5D
    { 0x5ACC, 0x8C99 }, // U+5ACC = 0x8C 0x99
    { 0x5AD0, 0x9B6B }, // U+5AD0 = 0x9B 0x6B
    { 0x5AD6, 0x9B64 }, // U+5AD6 = 0x9B 0x64
    { 0x5AD7, 0x9B61 }, // U+5AD7 = 0x9B 0x61
    { 0x5AE1, 0x9284 }, // U+5AE1 = 0x92 0x84
    { 0x5AE3, 0x9B60 }, // U+5AE3 = 0x9B 0x60
    { 0x5AE6, 0x9B62 }, // U+5AE6 = 0x9B 0x62
    { 0x5AE9, 0x9B63 }, // U+5AE9 = 0x9B 0x63
    { 0x5AFA, 0x9B65 }, // U+5AFA = 0x9B 0x65
    { 0x5AFB, 0x9B66 }, // U+5AFB = 0x9B 0x66
    { 0x5B09, 0x8AF0 }, // U+5B09 = 0x8A 0xF0
    { 0x5B0B, 0x9B68 }, // U+5B0B = 0x9B 0x68
    { 0x5B0C, 0x9B67 }, // U+5B0C = 0x9B 0x67
    { 0x5B16, 0x9B69 }, // U+5B16 = 0x9B 0x69
    { 0x5B22, 0x8FEC }, // U+5B22 = 0x8F 0xEC
    { 0x5B2A, 0x9B6C }, // U+5B2A = 0x9B 0x6C
    { 0x5B2C, 0x92DA }, // U+5B2C = 0x92 0xDA
    { 0x5B30, 0x8964 }, // U+5B30 = 0x89 0x64
    { 0x5B32, 0x9B6A }, // U+5B32 = 0x9B 0x6A
    { 0x5B36, 0x9B6D }, // U+5B36 = 0x9B 0x6D
    { 0x5B3E, 0x9B6E }, // U+5B3E = 0x9B 0x6E
    { 0x5B40, 0x9B71 }, // U+5B40 = 0x9B 0x71
    { 0x5B43, 0x9B6F }, // U+5B43 = 0x9B 0x6F
    { 0x5B45, 0x9B70 }, // U+5B45 = 0x9B 0x70
    { 0x5B50, 0x8E71 }, // U+5B50 = 0x8E 0x71
    { 0x5B51, 0x9B72 }, // U+5B51 = 0x9B 0x72
    { 0x5B54, 0x8D45 }, // U+5B54 = 0x8D 0x45
    { 0x5B55, 0x9B73 }, // U+5B55 = 0x9B 0x73
    { 0x5B56, 0xFAA6 }, // U+5B56 = 0xFA 0xA6
    { 0x5B57, 0x8E9A }, // U+5B57 = 0x8E 0x9A
    { 0x5B58, 0x91B6 }, // U+5B58 = 0x91 0xB6
    { 0x5B5A, 0x9B74 }, // U+5B5A = 0x9B 0x74
    { 0x5B5B, 0x9B75 }, // U+5B5B = 0x9B 0x75
    { 0x5B5C, 0x8E79 }, // U+5B5C = 0x8E 0x79
    { 0x5B5D, 0x8D46 }, // U+5B5D = 0x8D 0x46
    { 0x5B5F, 0x96D0 }, // U+5B5F = 0x96 0xD0
    { 0x5B63, 0x8B47 }, // U+5B63 = 0x8B 0x47
    { 0x5B64, 0x8CC7 }, // U+5B64 = 0x8C 0xC7
    { 0x5B65, 0x9B76 }, // U+5B65 = 0x9B 0x76
    { 0x5B66, 0x8A77 }, // U+5B66 = 0x8A 0x77
    { 0x5B69, 0x9B77 }, // U+5B69 = 0x9B 0x77
    { 0x5B6B, 0x91B7 }, // U+5B6B = 0x91 0xB7
    { 0x5B70, 0x9B78 }, // U+5B70 = 0x9B 0x78
    { 0x5B71, 0x9BA1 }, // U+5B71 = 0x9B 0xA1
    { 0x5B73, 0x9B79 }, // U+5B73 = 0x9B 0x79
    { 0x5B75, 0x9B7A }, // U+5B75 = 0x9B 0x7A
    { 0x5B78, 0x9B7B }, // U+5B78 = 0x9B 0x7B
    { 0x5B7A, 0x9B7D }, // U+5B7A = 0x9B 0x7D
    { 0x5B80, 0x9B7E }, // U+5B80 = 0x9B 0x7E
    { 0x5B83, 0x9B80 }, // U+5B83 = 0x9B 0x80
    { 0x5B85, 0x91EE }, // U+5B85 = 0x91 0xEE
    { 0x5B87, 0x8946 }, // U+5B87 = 0x89 0x46
    { 0x5B88, 0x8EE7 }, // U+5B88 = 0x8E 0xE7
    { 0x5B89, 0x88C0 }, // U+5B89 = 0x88 0xC0
    { 0x5B8B, 0x9176 }, // U+5B8B = 0x91 0x76
    { 0x5B8C, 0x8AAE }, // U+5B8C = 0x8A 0xAE
    { 0x5B8D, 0x8EB3 }, // U+5B8D = 0x8E 0xB3
    { 0x5B8F, 0x8D47 }, // U+5B8F = 0x8D 0x47
    { 0x5B95, 0x9386 }, // U+5B95 = 0x93 0x86
    { 0x5B97, 0x8F40 }, // U+5B97 = 0x8F 0x40
    { 0x5B98, 0x8AAF }, // U+5B98 = 0x8A 0xAF
    { 0x5B99, 0x9288 }, // U+5B99 = 0x92 0x88
    { 0x5B9A, 0x92E8 }, // U+5B9A = 0x92 0xE8
    { 0x5B9B, 0x88B6 }, // U+5B9B = 0x88 0xB6
    { 0x5B9C, 0x8B58 }, // U+5B9C = 0x8B 0x58
    { 0x5B9D, 0x95F3 }, // U+5B9D = 0x95 0xF3
    { 0x5B9F, 0x8EC0 }, // U+5B9F = 0x8E 0xC0
    { 0x5BA2, 0x8B71 }, // U+5BA2 = 0x8B 0x71
    { 0x5BA3, 0x90E9 }, // U+5BA3 = 0x90 0xE9
    { 0x5BA4, 0x8EBA }, // U+5BA4 = 0x8E 0xBA
    { 0x5BA5, 0x9747 }, // U+5BA5 = 0x97 0x47
    { 0x5BA6, 0x9B81 }, // U+5BA6 = 0x9B 0x81
    { 0x5BAE, 0x8B7B }, // U+5BAE = 0x8B 0x7B
    { 0x5BB0, 0x8DC9 }, // U+5BB0 = 0x8D 0xC9
    { 0x5BB3, 0x8A51 }, // U+5BB3 = 0x8A 0x51
    { 0x5BB4, 0x8983 }, // U+5BB4 = 0x89 0x83
    { 0x5BB5, 0x8FAA }, // U+5BB5 = 0x8F 0xAA
    { 0x5BB6, 0x89C6 }, // U+5BB6 = 0x89 0xC6
    { 0x5BB8, 0x9B82 }, // U+5BB8 = 0x9B 0x82
    { 0x5BB9, 0x9765 }, // U+5BB9 = 0x97 0x65
    { 0x5BBF, 0x8F68 }, // U+5BBF = 0x8F 0x68
    { 0x5BC0, 0xFAA7 }, // U+5BC0 = 0xFA 0xA7
    { 0x5BC2, 0x8EE2 }, // U+5BC2 = 0x8E 0xE2
    { 0x5BC3, 0x9B83 }, // U+5BC3 = 0x9B 0x83
    { 0x5BC4, 0x8AF1 }, // U+5BC4 = 0x8A 0xF1
    { 0x5BC5, 0x93D0 }, // U+5BC5 = 0x93 0xD0
    { 0x5BC6, 0x96A7 }, // U+5BC6 = 0x96 0xA7
    { 0x5BC7, 0x9B84 }, // U+5BC7 = 0x9B 0x84
    { 0x5BC9, 0x9B85 }, // U+5BC9 = 0x9B 0x85
    { 0x5BCC, 0x9578 }, // U+5BCC = 0x95 0x78
    { 0x5BD0, 0x9B87 }, // U+5BD0 = 0x9B 0x87
    { 0x5BD2, 0x8AA6 }, // U+5BD2 = 0x8A 0xA6
    { 0x5BD3, 0x8BF5 }, // U+5BD3 = 0x8B 0xF5
    { 0x5BD4, 0x9B86 }, // U+5BD4 = 0x9B 0x86
    { 0x5BD8, 0xFAA9 }, // U+5BD8 = 0xFA 0xA9
    { 0x5BDB, 0x8AB0 }, // U+5BDB = 0x8A 0xB0
    { 0x5BDD, 0x9051 }, // U+5BDD = 0x90 0x51
    { 0x5BDE, 0x9B8B }, // U+5BDE = 0x9B 0x8B
    { 0x5BDF, 0x8E40 }, // U+5BDF = 0x8E 0x40
    { 0x5BE1, 0x89C7 }, // U+5BE1 = 0x89 0xC7
    { 0x5BE2, 0x9B8A }, // U+5BE2 = 0x9B 0x8A
    { 0x5BE4, 0x9B88 }, // U+5BE4 = 0x9B 0x88
    { 0x5BE5, 0x9B8C }, // U+5BE5 = 0x9B 0x8C
    { 0x5BE6, 0x9B89 }, // U+5BE6 = 0x9B 0x89
    { 0x5BE7, 0x944A }, // U+5BE7 = 0x94 0x4A
    { 0x5BE8, 0x9ECB }, // U+5BE8 = 0x9E 0xCB
    { 0x5BE9, 0x9052 }, // U+5BE9 = 0x90 0x52
    { 0x5BEB, 0x9B8D }, // U+5BEB = 0x9B 0x8D
    { 0x5BEC, 0xFAAA }, // U+5BEC = 0xFA 0xAA
    { 0x5BEE, 0x97BE }, // U+5BEE = 0x97 0xBE
    { 0x5BF0, 0x9B8E }, // U+5BF0 = 0x9B 0x8E
    { 0x5BF3, 0x9B90 }, // U+5BF3 = 0x9B 0x90
    { 0x5BF5, 0x929E }, // U+5BF5 = 0x92 0x9E
    { 0x5BF6, 0x9B8F }, // U+5BF6 = 0x9B 0x8F
    { 0x5BF8, 0x90A1 }, // U+5BF8 = 0x90 0xA1
    { 0x5BFA, 0x8E9B }, // U+5BFA = 0x8E 0x9B
    { 0x5BFE, 0x91CE }, // U+5BFE = 0x91 0xCE
    { 0x5BFF, 0x8EF5 }, // U+5BFF = 0x8E 0xF5
    { 0x5C01, 0x9595 }, // U+5C01 = 0x95 0x95
    { 0x5C02, 0x90EA }, // U+5C02 = 0x90 0xEA
    { 0x5C04, 0x8ECB }, // U+5C04 = 0x8E 0xCB
    { 0x5C05, 0x9B91 }, // U+5C05 = 0x9B 0x91
    { 0x5C06, 0x8FAB }, // U+5C06 = 0x8F 0xAB
    { 0x5C07, 0x9B92 }, // U+5C07 = 0x9B 0x92
    { 0x5C08, 0x9B93 }, // U+5C08 = 0x9B 0x93
    { 0x5C09, 0x88D1 }, // U+5C09 = 0x88 0xD1
    { 0x5C0A, 0x91B8 }, // U+5C0A = 0x91 0xB8
    { 0x5C0B, 0x9071 }, // U+5C0B = 0x90 0x71
    { 0x5C0D, 0x9B94 }, // U+5C0D = 0x9B 0x94
    { 0x5C0E, 0x93B1 }, // U+5C0E = 0x93 0xB1
    { 0x5C0F, 0x8FAC }, // U+5C0F = 0x8F 0xAC
    { 0x5C11, 0x8FAD }, // U+5C11 = 0x8F 0xAD
    { 0x5C13, 0x9B95 }, // U+5C13 = 0x9B 0x95
    { 0x5C16, 0x90EB }, // U+5C16 = 0x90 0xEB
    { 0x5C1A, 0x8FAE }, // U+5C1A = 0x8F 0xAE
    { 0x5C1E, 0xFAAB }, // U+5C1E = 0xFA 0xAB
    { 0x5C20, 0x9B96 }, // U+5C20 = 0x9B 0x96
    { 0x5C22, 0x9B97 }, // U+5C22 = 0x9B 0x97
    { 0x5C24, 0x96DE }, // U+5C24 = 0x96 0xDE
    { 0x5C28, 0x9B98 }, // U+5C28 = 0x9B 0x98
    { 0x5C2D, 0x8BC4 }, // U+5C2D = 0x8B 0xC4
    { 0x5C31, 0x8F41 }, // U+5C31 = 0x8F 0x41
    { 0x5C38, 0x9B99 }, // U+5C38 = 0x9B 0x99
    { 0x5C39, 0x9B9A }, // U+5C39 = 0x9B 0x9A
    { 0x5C3A, 0x8EDA }, // U+5C3A = 0x8E 0xDA
    { 0x5C3B, 0x904B }, // U+5C3B = 0x90 0x4B
    { 0x5C3C, 0x93F2 }, // U+5C3C = 0x93 0xF2
    { 0x5C3D, 0x9073 }, // U+5C3D = 0x90 0x73
    { 0x5C3E, 0x94F6 }, // U+5C3E = 0x94 0xF6
    { 0x5C3F, 0x9441 }, // U+5C3F = 0x94 0x41
    { 0x5C40, 0x8BC7 }, // U+5C40 = 0x8B 0xC7
    { 0x5C41, 0x9B9B }, // U+5C41 = 0x9B 0x9B
    { 0x5C45, 0x8B8F }, // U+5C45 = 0x8B 0x8F
    { 0x5C46, 0x9B9C }, // U+5C46 = 0x9B 0x9C
    { 0x5C48, 0x8BFC }, // U+5C48 = 0x8B 0xFC
    { 0x5C4A, 0x93CD }, // U+5C4A = 0x93 0xCD
    { 0x5C4B, 0x89AE }, // U+5C4B = 0x89 0xAE
    { 0x5C4D, 0x8E72 }, // U+5C4D = 0x8E 0x72
    { 0x5C4E, 0x9B9D }, // U+5C4E = 0x9B 0x9D
    { 0x5C4F, 0x9BA0 }, // U+5C4F = 0x9B 0xA0
    { 0x5C50, 0x9B9F }, // U+5C50 = 0x9B 0x9F
    { 0x5C51, 0x8BFB }, // U+5C51 = 0x8B 0xFB
    { 0x5C53, 0x9B9E }, // U+5C53 = 0x9B 0x9E
    { 0x5C55, 0x9357 }, // U+5C55 = 0x93 0x57
    { 0x5C5E, 0x91AE }, // U+5C5E = 0x91 0xAE
    { 0x5C60, 0x936A }, // U+5C60 = 0x93 0x6A
    { 0x5C61, 0x8EC6 }, // U+5C61 = 0x8E 0xC6
    { 0x5C64, 0x9177 }, // U+5C64 = 0x91 0x77
    { 0x5C65, 0x979A }, // U+5C65 = 0x97 0x9A
    { 0x5C6C, 0x9BA2 }, // U+5C6C = 0x9B 0xA2
    { 0x5C6E, 0x9BA3 }, // U+5C6E = 0x9B 0xA3
    { 0x5C6F, 0x93D4 }, // U+5C6F = 0x93 0xD4
    { 0x5C71, 0x8E52 }, // U+5C71 = 0x8E 0x52
    { 0x5C76, 0x9BA5 }, // U+5C76 = 0x9B 0xA5
    { 0x5C79, 0x9BA6 }, // U+5C79 = 0x9B 0xA6
    { 0x5C8C, 0x9BA7 }, // U+5C8C = 0x9B 0xA7
    { 0x5C90, 0x8AF2 }, // U+5C90 = 0x8A 0xF2
    { 0x5C91, 0x9BA8 }, // U+5C91 = 0x9B 0xA8
    { 0x5C94, 0x9BA9 }, // U+5C94 = 0x9B 0xA9
    { 0x5CA1, 0x89AA }, // U+5CA1 = 0x89 0xAA
    { 0x5CA6, 0xFAAC }, // U+5CA6 = 0xFA 0xAC
    { 0x5CA8, 0x915A }, // U+5CA8 = 0x91 0x5A
    { 0x5CA9, 0x8AE2 }, // U+5CA9 = 0x8A 0xE2
    { 0x5CAB, 0x9BAB }, // U+5CAB = 0x9B 0xAB
    { 0x5CAC, 0x96A6 }, // U+5CAC = 0x96 0xA6
    { 0x5CB1, 0x91D0 }, // U+5CB1 = 0x91 0xD0
    { 0x5CB3, 0x8A78 }, // U+5CB3 = 0x8A 0x78
    { 0x5CB6, 0x9BAD }, // U+5CB6 = 0x9B 0xAD
    { 0x5CB7, 0x9BAF }, // U+5CB7 = 0x9B 0xAF
    { 0x5CB8, 0x8ADD }, // U+5CB8 = 0x8A 0xDD
    { 0x5CBA, 0xFAAD }, // U+5CBA = 0xFA 0xAD
    { 0x5CBB, 0x9BAC }, // U+5CBB = 0x9B 0xAC
    { 0x5CBC, 0x9BAE }, // U+5CBC = 0x9B 0xAE
    { 0x5CBE, 0x9BB1 }, // U+5CBE = 0x9B 0xB1
    { 0x5CC5, 0x9BB0 }, // U+5CC5 = 0x9B 0xB0
    { 0x5CC7, 0x9BB2 }, // U+5CC7 = 0x9B 0xB2
    { 0x5CD9, 0x9BB3 }, // U+5CD9 = 0x9B 0xB3
    { 0x5CE0, 0x93BB }, // U+5CE0 = 0x93 0xBB
    { 0x5CE1, 0x8BAC }, // U+5CE1 = 0x8B 0xAC
    { 0x5CE8, 0x89E3 }, // U+5CE8 = 0x89 0xE3
    { 0x5CE9, 0x9BB4 }, // U+5CE9 = 0x9B 0xB4
    { 0x5CEA, 0x9BB9 }, // U+5CEA = 0x9B 0xB9
    { 0x5CED, 0x9BB7 }, // U+5CED = 0x9B 0xB7
    { 0x5CEF, 0x95F5 }, // U+5CEF = 0x95 0xF5
    { 0x5CF0, 0x95F4 }, // U+5CF0 = 0x95 0xF4
    { 0x5CF5, 0xFAAE }, // U+5CF5 = 0xFA 0xAE
    { 0x5CF6, 0x9387 }, // U+5CF6 = 0x93 0x87
    { 0x5CFA, 0x9BB6 }, // U+5CFA = 0x9B 0xB6
    { 0x5CFB, 0x8F73 }, // U+5CFB = 0x8F 0x73
    { 0x5CFD, 0x9BB5 }, // U+5CFD = 0x9B 0xB5
    { 0x5D07, 0x9092 }, // U+5D07 = 0x90 0x92
    { 0x5D0B, 0x9BBA }, // U+5D0B = 0x9B 0xBA
    { 0x5D0E, 0x8DE8 }, // U+5D0E = 0x8D 0xE8
    { 0x5D11, 0x9BC0 }, // U+5D11 = 0x9B 0xC0
    { 0x5D14, 0x9BC1 }, // U+5D14 = 0x9B 0xC1
    { 0x5D15, 0x9BBB }, // U+5D15 = 0x9B 0xBB
    { 0x5D16, 0x8A52 }, // U+5D16 = 0x8A 0x52
    { 0x5D17, 0x9BBC }, // U+5D17 = 0x9B 0xBC
    { 0x5D18, 0x9BC5 }, // U+5D18 = 0x9B 0xC5
    { 0x5D19, 0x9BC4 }, // U+5D19 = 0x9B 0xC4
    { 0x5D1A, 0x9BC3 }, // U+5D1A = 0x9B 0xC3
    { 0x5D1B, 0x9BBF }, // U+5D1B = 0x9B 0xBF
    { 0x5D1F, 0x9BBE }, // U+5D1F = 0x9B 0xBE
    { 0x5D22, 0x9BC2 }, // U+5D22 = 0x9B 0xC2
    { 0x5D27, 0xFAAF }, // U+5D27 = 0xFA 0xAF
    { 0x5D29, 0x95F6 }, // U+5D29 = 0x95 0xF6
    { 0x5D42, 0xFAB2 }, // U+5D42 = 0xFA 0xB2
    { 0x5D4B, 0x9BC9 }, // U+5D4B = 0x9B 0xC9
    { 0x5D4C, 0x9BC6 }, // U+5D4C = 0x9B 0xC6
    { 0x5D4E, 0x9BC8 }, // U+5D4E = 0x9B 0xC8
    { 0x5D50, 0x9792 }, // U+5D50 = 0x97 0x92
    { 0x5D52, 0x9BC7 }, // U+5D52 = 0x9B 0xC7
    { 0x5D53, 0xFAB0 }, // U+5D53 = 0xFA 0xB0
    { 0x5D5C, 0x9BBD }, // U+5D5C = 0x9B 0xBD
    { 0x5D69, 0x9093 }, // U+5D69 = 0x90 0x93
    { 0x5D6C, 0x9BCA }, // U+5D6C = 0x9B 0xCA
    { 0x5D6D, 0xFAB3 }, // U+5D6D = 0xFA 0xB3
    { 0x5D6F, 0x8DB5 }, // U+5D6F = 0x8D 0xB5
    { 0x5D73, 0x9BCB }, // U+5D73 = 0x9B 0xCB
    { 0x5D76, 0x9BCC }, // U+5D76 = 0x9B 0xCC
    { 0x5D82, 0x9BCF }, // U+5D82 = 0x9B 0xCF
    { 0x5D84, 0x9BCE }, // U+5D84 = 0x9B 0xCE
    { 0x5D87, 0x9BCD }, // U+5D87 = 0x9B 0xCD
    { 0x5D8B, 0x9388 }, // U+5D8B = 0x93 0x88
    { 0x5D8C, 0x9BB8 }, // U+5D8C = 0x9B 0xB8
    { 0x5D90, 0x9BD5 }, // U+5D90 = 0x9B 0xD5
    { 0x5D9D, 0x9BD1 }, // U+5D9D = 0x9B 0xD1
    { 0x5DA2, 0x9BD0 }, // U+5DA2 = 0x9B 0xD0
    { 0x5DAC, 0x9BD2 }, // U+5DAC = 0x9B 0xD2
    { 0x5DAE, 0x9BD3 }, // U+5DAE = 0x9B 0xD3
    { 0x5DB7, 0x9BD6 }, // U+5DB7 = 0x9B 0xD6
    { 0x5DB8, 0xFAB4 }, // U+5DB8 = 0xFA 0xB4
    { 0x5DB9, 0xFAB5 }, // U+5DB9 = 0xFA 0xB5
    { 0x5DBA, 0x97E4 }, // U+5DBA = 0x97 0xE4
    { 0x5DBC, 0x9BD7 }, // U+5DBC = 0x9B 0xD7
    { 0x5DBD, 0x9BD4 }, // U+5DBD = 0x9B 0xD4
    { 0x5DC9, 0x9BD8 }, // U+5DC9 = 0x9B 0xD8
    { 0x5DCC, 0x8ADE }, // U+5DCC = 0x8A 0xDE
    { 0x5DCD, 0x9BD9 }, // U+5DCD = 0x9B 0xD9
    { 0x5DD0, 0xFAB6 }, // U+5DD0 = 0xFA 0xB6
    { 0x5DD2, 0x9BDB }, // U+5DD2 = 0x9B 0xDB
    { 0x5DD3, 0x9BDA }, // U+5DD3 = 0x9B 0xDA
    { 0x5DD6, 0x9BDC }, // U+5DD6 = 0x9B 0xDC
    { 0x5DDB, 0x9BDD }, // U+5DDB = 0x9B 0xDD
    { 0x5DDD, 0x90EC }, // U+5DDD = 0x90 0xEC
    { 0x5DDE, 0x8F42 }, // U+5DDE = 0x8F 0x42
    { 0x5DE1, 0x8F84 }, // U+5DE1 = 0x8F 0x84
    { 0x5DE3, 0x9183 }, // U+5DE3 = 0x91 0x83
    { 0x5DE5, 0x8D48 }, // U+5DE5 = 0x8D 0x48
    { 0x5DE6, 0x8DB6 }, // U+5DE6 = 0x8D 0xB6
    { 0x5DE7, 0x8D49 }, // U+5DE7 = 0x8D 0x49
    { 0x5DE8, 0x8B90 }, // U+5DE8 = 0x8B 0x90
    { 0x5DEB, 0x9BDE }, // U+5DEB = 0x9B 0xDE
    { 0x5DEE, 0x8DB7 }, // U+5DEE = 0x8D 0xB7
    { 0x5DF1, 0x8CC8 }, // U+5DF1 = 0x8C 0xC8
    { 0x5DF2, 0x9BDF }, // U+5DF2 = 0x9B 0xDF
    { 0x5DF3, 0x96A4 }, // U+5DF3 = 0x96 0xA4
    { 0x5DF4, 0x9462 }, // U+5DF4 = 0x94 0x62
    { 0x5DF5, 0x9BE0 }, // U+5DF5 = 0x9B 0xE0
    { 0x5DF7, 0x8D4A }, // U+5DF7 = 0x8D 0x4A
    { 0x5DFB, 0x8AAA }, // U+5DFB = 0x8A 0xAA
    { 0x5DFD, 0x9246 }, // U+5DFD = 0x92 0x46
    { 0x5DFE, 0x8BD0 }, // U+5DFE = 0x8B 0xD0
    { 0x5E02, 0x8E73 }, // U+5E02 = 0x8E 0x73
    { 0x5E03, 0x957A }, // U+5E03 = 0x95 0x7A
    { 0x5E06, 0x94BF }, // U+5E06 = 0x94 0xBF
    { 0x5E0B, 0x9BE1 }, // U+5E0B = 0x9B 0xE1
    { 0x5E0C, 0x8AF3 }, // U+5E0C = 0x8A 0xF3
    { 0x5E11, 0x9BE4 }, // U+5E11 = 0x9B 0xE4
    { 0x5E16, 0x929F }, // U+5E16 = 0x92 0x9F
    { 0x5E19, 0x9BE3 }, // U+5E19 = 0x9B 0xE3
    { 0x5E1A, 0x9BE2 }, // U+5E1A = 0x9B 0xE2
    { 0x5E1B, 0x9BE5 }, // U+5E1B = 0x9B 0xE5
    { 0x5E1D, 0x92E9 }, // U+5E1D = 0x92 0xE9
    { 0x5E25, 0x9083 }, // U+5E25 = 0x90 0x83
    { 0x5E2B, 0x8E74 }, // U+5E2B = 0x8E 0x74
    { 0x5E2D, 0x90C8 }, // U+5E2D = 0x90 0xC8
    { 0x5E2F, 0x91D1 }, // U+5E2F = 0x91 0xD1
    { 0x5E30, 0x8B41 }, // U+5E30 = 0x8B 0x41
    { 0x5E33, 0x92A0 }, // U+5E33 = 0x92 0xA0
    { 0x5E36, 0x9BE6 }, // U+5E36 = 0x9B 0xE6
    { 0x5E37, 0x9BE7 }, // U+5E37 = 0x9B 0xE7
    { 0x5E38, 0x8FED }, // U+5E38 = 0x8F 0xED
    { 0x5E3D, 0x9658 }, // U+5E3D = 0x96 0x58
    { 0x5E40, 0x9BEA }, // U+5E40 = 0x9B 0xEA
    { 0x5E43, 0x9BE9 }, // U+5E43 = 0x9B 0xE9
    { 0x5E44, 0x9BE8 }, // U+5E44 = 0x9B 0xE8
    { 0x5E45, 0x959D }, // U+5E45 = 0x95 0x9D
    { 0x5E47, 0x9BF1 }, // U+5E47 = 0x9B 0xF1
    { 0x5E4C, 0x9679 }, // U+5E4C = 0x96 0x79
    { 0x5E4E, 0x9BEB }, // U+5E4E = 0x9B 0xEB
    { 0x5E54, 0x9BED }, // U+5E54 = 0x9B 0xED
    { 0x5E55, 0x968B }, // U+5E55 = 0x96 0x8B
    { 0x5E57, 0x9BEC }, // U+5E57 = 0x9B 0xEC
    { 0x5E5F, 0x9BEE }, // U+5E5F = 0x9B 0xEE
    { 0x5E61, 0x94A6 }, // U+5E61 = 0x94 0xA6
    { 0x5E62, 0x9BEF }, // U+5E62 = 0x9B 0xEF
    { 0x5E63, 0x95BC }, // U+5E63 = 0x95 0xBC
    { 0x5E64, 0x9BF0 }, // U+5E64 = 0x9B 0xF0
    { 0x5E72, 0x8AB1 }, // U+5E72 = 0x8A 0xB1
    { 0x5E73, 0x95BD }, // U+5E73 = 0x95 0xBD
    { 0x5E74, 0x944E }, // U+5E74 = 0x94 0x4E
    { 0x5E75, 0x9BF2 }, // U+5E75 = 0x9B 0xF2
    { 0x5E76, 0x9BF3 }, // U+5E76 = 0x9B 0xF3
    { 0x5E78, 0x8D4B }, // U+5E78 = 0x8D 0x4B
    { 0x5E79, 0x8AB2 }, // U+5E79 = 0x8A 0xB2
    { 0x5E7A, 0x9BF4 }, // U+5E7A = 0x9B 0xF4
    { 0x5E7B, 0x8CB6 }, // U+5E7B = 0x8C 0xB6
    { 0x5E7C, 0x9763 }, // U+5E7C = 0x97 0x63
    { 0x5E7D, 0x9748 }, // U+5E7D = 0x97 0x48
    { 0x5E7E, 0x8AF4 }, // U+5E7E = 0x8A 0xF4
    { 0x5E7F, 0x9BF6 }, // U+5E7F = 0x9B 0xF6
    { 0x5E81, 0x92A1 }, // U+5E81 = 0x92 0xA1
    { 0x5E83, 0x8D4C }, // U+5E83 = 0x8D 0x4C
    { 0x5E84, 0x8FAF }, // U+5E84 = 0x8F 0xAF
    { 0x5E87, 0x94DD }, // U+5E87 = 0x94 0xDD
    { 0x5E8A, 0x8FB0 }, // U+5E8A = 0x8F 0xB0
    { 0x5E8F, 0x8F98 }, // U+5E8F = 0x8F 0x98
    { 0x5E95, 0x92EA }, // U+5E95 = 0x92 0xEA
    { 0x5E96, 0x95F7 }, // U+5E96 = 0x95 0xF7
    { 0x5E97, 0x9358 }, // U+5E97 = 0x93 0x58
    { 0x5E9A, 0x8D4D }, // U+5E9A = 0x8D 0x4D
    { 0x5E9C, 0x957B }, // U+5E9C = 0x95 0x7B
    { 0x5EA0, 0x9BF7 }, // U+5EA0 = 0x9B 0xF7
    { 0x5EA6, 0x9378 }, // U+5EA6 = 0x93 0x78
    { 0x5EA7, 0x8DC0 }, // U+5EA7 = 0x8D 0xC0
    { 0x5EAB, 0x8CC9 }, // U+5EAB = 0x8C 0xC9
    { 0x5EAD, 0x92EB }, // U+5EAD = 0x92 0xEB
    { 0x5EB5, 0x88C1 }, // U+5EB5 = 0x88 0xC1
    { 0x5EB6, 0x8F8E }, // U+5EB6 = 0x8F 0x8E
    { 0x5EB7, 0x8D4E }, // U+5EB7 = 0x8D 0x4E
    { 0x5EB8, 0x9766 }, // U+5EB8 = 0x97 0x66
    { 0x5EC1, 0x9BF8 }, // U+5EC1 = 0x9B 0xF8
    { 0x5EC2, 0x9BF9 }, // U+5EC2 = 0x9B 0xF9
    { 0x5EC3, 0x9470 }, // U+5EC3 = 0x94 0x70
    { 0x5EC8, 0x9BFA }, // U+5EC8 = 0x9B 0xFA
    { 0x5EC9, 0x97F5 }, // U+5EC9 = 0x97 0xF5
    { 0x5ECA, 0x984C }, // U+5ECA = 0x98 0x4C
    { 0x5ECF, 0x9BFC }, // U+5ECF = 0x9B 0xFC
    { 0x5ED0, 0x9BFB }, // U+5ED0 = 0x9B 0xFB
    { 0x5ED3, 0x8A66 }, // U+5ED3 = 0x8A 0x66
    { 0x5ED6, 0x9C40 }, // U+5ED6 = 0x9C 0x40
    { 0x5EDA, 0x9C43 }, // U+5EDA = 0x9C 0x43
    { 0x5EDB, 0x9C44 }, // U+5EDB = 0x9C 0x44
    { 0x5EDD, 0x9C42 }, // U+5EDD = 0x9C 0x42
    { 0x5EDF, 0x955F }, // U+5EDF = 0x95 0x5F
    { 0x5EE0, 0x8FB1 }, // U+5EE0 = 0x8F 0xB1
    { 0x5EE1, 0x9C46 }, // U+5EE1 = 0x9C 0x46
    { 0x5EE2, 0x9C45 }, // U+5EE2 = 0x9C 0x45
    { 0x5EE3, 0x9C41 }, // U+5EE3 = 0x9C 0x41
    { 0x5EE8, 0x9C47 }, // U+5EE8 = 0x9C 0x47
    { 0x5EE9, 0x9C48 }, // U+5EE9 = 0x9C 0x48
    { 0x5EEC, 0x9C49 }, // U+5EEC = 0x9C 0x49
    { 0x5EF0, 0x9C4C }, // U+5EF0 = 0x9C 0x4C
    { 0x5EF1, 0x9C4A }, // U+5EF1 = 0x9C 0x4A
    { 0x5EF3, 0x9C4B }, // U+5EF3 = 0x9C 0x4B
    { 0x5EF4, 0x9C4D }, // U+5EF4 = 0x9C 0x4D
    { 0x5EF6, 0x8984 }, // U+5EF6 = 0x89 0x84
    { 0x5EF7, 0x92EC }, // U+5EF7 = 0x92 0xEC
    { 0x5EF8, 0x9C4E }, // U+5EF8 = 0x9C 0x4E
    { 0x5EFA, 0x8C9A }, // U+5EFA = 0x8C 0x9A
    { 0x5EFB, 0x89F4 }, // U+5EFB = 0x89 0xF4
    { 0x5EFC, 0x9455 }, // U+5EFC = 0x94 0x55
    { 0x5EFE, 0x9C4F }, // U+5EFE = 0x9C 0x4F
    { 0x5EFF, 0x93F9 }, // U+5EFF = 0x93 0xF9
    { 0x5F01, 0x95D9 }, // U+5F01 = 0x95 0xD9
    { 0x5F03, 0x9C50 }, // U+5F03 = 0x9C 0x50
    { 0x5F04, 0x984D }, // U+5F04 = 0x98 0x4D
    { 0x5F09, 0x9C51 }, // U+5F09 = 0x9C 0x51
    { 0x5F0A, 0x95BE }, // U+5F0A = 0x95 0xBE
    { 0x5F0B, 0x9C54 }, // U+5F0B = 0x9C 0x54
    { 0x5F0C, 0x989F }, // U+5F0C = 0x98 0x9F
    { 0x5F0D, 0x98AF }, // U+5F0D = 0x98 0xAF
    { 0x5F0F, 0x8EAE }, // U+5F0F = 0x8E 0xAE
    { 0x5F10, 0x93F3 }, // U+5F10 = 0x93 0xF3
    { 0x5F11, 0x9C55 }, // U+5F11 = 0x9C 0x55
    { 0x5F13, 0x8B7C }, // U+5F13 = 0x8B 0x7C
    { 0x5F14, 0x92A2 }, // U+5F14 = 0x92 0xA2
    { 0x5F15, 0x88F8 }, // U+5F15 = 0x88 0xF8
    { 0x5F16, 0x9C56 }, // U+5F16 = 0x9C 0x56
    { 0x5F17, 0x95A4 }, // U+5F17 = 0x95 0xA4
    { 0x5F18, 0x8D4F }, // U+5F18 = 0x8D 0x4F
    { 0x5F1B, 0x926F }, // U+5F1B = 0x92 0x6F
    { 0x5F1F, 0x92ED }, // U+5F1F = 0x92 0xED
    { 0x5F21, 0xFAB7 }, // U+5F21 = 0xFA 0xB7
    { 0x5F25, 0x96ED }, // U+5F25 = 0x96 0xED
    { 0x5F26, 0x8CB7 }, // U+5F26 = 0x8C 0xB7
    { 0x5F27, 0x8CCA }, // U+5F27 = 0x8C 0xCA
    { 0x5F29, 0x9C57 }, // U+5F29 = 0x9C 0x57
    { 0x5F2D, 0x9C58 }, // U+5F2D = 0x9C 0x58
    { 0x5F2F, 0x9C5E }, // U+5F2F = 0x9C 0x5E
    { 0x5F31, 0x8EE3 }, // U+5F31 = 0x8E 0xE3
    { 0x5F34, 0xFAB8 }, // U+5F34 = 0xFA 0xB8
    { 0x5F35, 0x92A3 }, // U+5F35 = 0x92 0xA3
    { 0x5F37, 0x8BAD }, // U+5F37 = 0x8B 0xAD
    { 0x5F38, 0x9C59 }, // U+5F38 = 0x9C 0x59
    { 0x5F3C, 0x954A }, // U+5F3C = 0x95 0x4A
    { 0x5F3E, 0x9265 }, // U+5F3E = 0x92 0x65
    { 0x5F41, 0x9C5A }, // U+5F41 = 0x9C 0x5A
    { 0x5F45, 0xFA67 }, // U+5F45 = 0xFA 0x67
    { 0x5F48, 0x9C5B }, // U+5F48 = 0x9C 0x5B
    { 0x5F4A, 0x8BAE }, // U+5F4A = 0x8B 0xAE
    { 0x5F4C, 0x9C5C }, // U+5F4C = 0x9C 0x5C
    { 0x5F4E, 0x9C5D }, // U+5F4E = 0x9C 0x5D
    { 0x5F51, 0x9C5F }, // U+5F51 = 0x9C 0x5F
    { 0x5F53, 0x9396 }, // U+5F53 = 0x93 0x96
    { 0x5F56, 0x9C60 }, // U+5F56 = 0x9C 0x60
    { 0x5F57, 0x9C61 }, // U+5F57 = 0x9C 0x61
    { 0x5F59, 0x9C62 }, // U+5F59 = 0x9C 0x62
    { 0x5F5C, 0x9C53 }, // U+5F5C = 0x9C 0x53
    { 0x5F5D, 0x9C52 }, // U+5F5D = 0x9C 0x52
    { 0x5F61, 0x9C63 }, // U+5F61 = 0x9C 0x63
    { 0x5F62, 0x8C60 }, // U+5F62 = 0x8C 0x60
    { 0x5F66, 0x9546 }, // U+5F66 = 0x95 0x46
    { 0x5F67, 0xFAB9 }, // U+5F67 = 0xFA 0xB9
    { 0x5F69, 0x8DCA }, // U+5F69 = 0x8D 0xCA
    { 0x5F6A, 0x9556 }, // U+5F6A = 0x95 0x56
    { 0x5F6B, 0x92A4 }, // U+5F6B = 0x92 0xA4
    { 0x5F6C, 0x956A }, // U+5F6C = 0x95 0x6A
    { 0x5F6D, 0x9C64 }, // U+5F6D = 0x9C 0x64
    { 0x5F70, 0x8FB2 }, // U+5F70 = 0x8F 0xB2
    { 0x5F71, 0x8965 }, // U+5F71 = 0x89 0x65
    { 0x5F73, 0x9C65 }, // U+5F73 = 0x9C 0x65
    { 0x5F77, 0x9C66 }, // U+5F77 = 0x9C 0x66
    { 0x5F79, 0x96F0 }, // U+5F79 = 0x96 0xF0
    { 0x5F7C, 0x94DE }, // U+5F7C = 0x94 0xDE
    { 0x5F7F, 0x9C69 }, // U+5F7F = 0x9C 0x69
    { 0x5F80, 0x899D }, // U+5F80 = 0x89 0x9D
    { 0x5F81, 0x90AA }, // U+5F81 = 0x90 0xAA
    { 0x5F82, 0x9C68 }, // U+5F82 = 0x9C 0x68
    { 0x5F83, 0x9C67 }, // U+5F83 = 0x9C 0x67
    { 0x5F84, 0x8C61 }, // U+5F84 = 0x8C 0x61
    { 0x5F85, 0x91D2 }, // U+5F85 = 0x91 0xD2
    { 0x5F87, 0x9C6D }, // U+5F87 = 0x9C 0x6D
    { 0x5F88, 0x9C6B }, // U+5F88 = 0x9C 0x6B
    { 0x5F8A, 0x9C6A }, // U+5F8A = 0x9C 0x6A
    { 0x5F8B, 0x97A5 }, // U+5F8B = 0x97 0xA5
    { 0x5F8C, 0x8CE3 }, // U+5F8C = 0x8C 0xE3
    { 0x5F90, 0x8F99 }, // U+5F90 = 0x8F 0x99
    { 0x5F91, 0x9C6C }, // U+5F91 = 0x9C 0x6C
    { 0x5F92, 0x936B }, // U+5F92 = 0x93 0x6B
    { 0x5F93, 0x8F5D }, // U+5F93 = 0x8F 0x5D
    { 0x5F97, 0x93BE }, // U+5F97 = 0x93 0xBE
    { 0x5F98, 0x9C70 }, // U+5F98 = 0x9C 0x70
    { 0x5F99, 0x9C6F }, // U+5F99 = 0x9C 0x6F
    { 0x5F9E, 0x9C6E }, // U+5F9E = 0x9C 0x6E
    { 0x5FA0, 0x9C71 }, // U+5FA0 = 0x9C 0x71
    { 0x5FA1, 0x8CE4 }, // U+5FA1 = 0x8C 0xE4
    { 0x5FA8, 0x9C72 }, // U+5FA8 = 0x9C 0x72
    { 0x5FA9, 0x959C }, // U+5FA9 = 0x95 0x9C
    { 0x5FAA, 0x8F7A }, // U+5FAA = 0x8F 0x7A
    { 0x5FAD, 0x9C73 }, // U+5FAD = 0x9C 0x73
    { 0x5FAE, 0x94F7 }, // U+5FAE = 0x94 0xF7
    { 0x5FB3, 0x93BF }, // U+5FB3 = 0x93 0xBF
    { 0x5FB4, 0x92A5 }, // U+5FB4 = 0x92 0xA5
    { 0x5FB7, 0xFABA }, // U+5FB7 = 0xFA 0xBA
    { 0x5FB9, 0x934F }, // U+5FB9 = 0x93 0x4F
    { 0x5FBC, 0x9C74 }, // U+5FBC = 0x9C 0x74
    { 0x5FBD, 0x8B4A }, // U+5FBD = 0x8B 0x4A
    { 0x5FC3, 0x9053 }, // U+5FC3 = 0x90 0x53
    { 0x5FC5, 0x954B }, // U+5FC5 = 0x95 0x4B
    { 0x5FCC, 0x8AF5 }, // U+5FCC = 0x8A 0xF5
    { 0x5FCD, 0x9445 }, // U+5FCD = 0x94 0x45
    { 0x5FD6, 0x9C75 }, // U+5FD6 = 0x9C 0x75
    { 0x5FD7, 0x8E75 }, // U+5FD7 = 0x8E 0x75
    { 0x5FD8, 0x9659 }, // U+5FD8 = 0x96 0x59
    { 0x5FD9, 0x965A }, // U+5FD9 = 0x96 0x5A
    { 0x5FDC, 0x899E }, // U+5FDC = 0x89 0x9E
    { 0x5FDD, 0x9C7A }, // U+5FDD = 0x9C 0x7A
    { 0x5FDE, 0xFABB }, // U+5FDE = 0xFA 0xBB
    { 0x5FE0, 0x9289 }, // U+5FE0 = 0x92 0x89
    { 0x5FE4, 0x9C77 }, // U+5FE4 = 0x9C 0x77
    { 0x5FEB, 0x89F5 }, // U+5FEB = 0x89 0xF5
    { 0x5FF0, 0x9CAB }, // U+5FF0 = 0x9C 0xAB
    { 0x5FF1, 0x9C79 }, // U+5FF1 = 0x9C 0x79
    { 0x5FF5, 0x944F }, // U+5FF5 = 0x94 0x4F
    { 0x5FF8, 0x9C78 }, // U+5FF8 = 0x9C 0x78
    { 0x5FFB, 0x9C76 }, // U+5FFB = 0x9C 0x76
    { 0x5FFD, 0x8D9A }, // U+5FFD = 0x8D 0x9A
    { 0x5FFF, 0x9C7C }, // U+5FFF = 0x9C 0x7C
    { 0x600E, 0x9C83 }, // U+600E = 0x9C 0x83
    { 0x600F, 0x9C89 }, // U+600F = 0x9C 0x89
    { 0x6010, 0x9C81 }, // U+6010 = 0x9C 0x81
    { 0x6012, 0x937B }, // U+6012 = 0x93 0x7B
    { 0x6015, 0x9C86 }, // U+6015 = 0x9C 0x86
    { 0x6016, 0x957C }, // U+6016 = 0x95 0x7C
    { 0x6019, 0x9C80 }, // U+6019 = 0x9C 0x80
    { 0x601B, 0x9C85 }, // U+601B = 0x9C 0x85
    { 0x601C, 0x97E5 }, // U+601C = 0x97 0xE5
    { 0x601D, 0x8E76 }, // U+601D = 0x8E 0x76
    { 0x6020, 0x91D3 }, // U+6020 = 0x91 0xD3
    { 0x6021, 0x9C7D }, // U+6021 = 0x9C 0x7D
    { 0x6025, 0x8B7D }, // U+6025 = 0x8B 0x7D
    { 0x6026, 0x9C88 }, // U+6026 = 0x9C 0x88
    { 0x6027, 0x90AB }, // U+6027 = 0x90 0xAB
    { 0x6028, 0x8985 }, // U+6028 = 0x89 0x85
    { 0x6029, 0x9C82 }, // U+6029 = 0x9C 0x82
    { 0x602A, 0x89F6 }, // U+602A = 0x89 0xF6
    { 0x602B, 0x9C87 }, // U+602B = 0x9C 0x87
    { 0x602F, 0x8BAF }, // U+602F = 0x8B 0xAF
    { 0x6031, 0x9C84 }, // U+6031 = 0x9C 0x84
    { 0x603A, 0x9C8A }, // U+603A = 0x9C 0x8A
    { 0x6041, 0x9C8C }, // U+6041 = 0x9C 0x8C
    { 0x6042, 0x9C96 }, // U+6042 = 0x9C 0x96
    { 0x6043, 0x9C94 }, // U+6043 = 0x9C 0x94
    { 0x6046, 0x9C91 }, // U+6046 = 0x9C 0x91
    { 0x604A, 0x9C90 }, // U+604A = 0x9C 0x90
    { 0x604B, 0x97F6 }, // U+604B = 0x97 0xF6
    { 0x604D, 0x9C92 }, // U+604D = 0x9C 0x92
    { 0x6050, 0x8BB0 }, // U+6050 = 0x8B 0xB0
    { 0x6052, 0x8D50 }, // U+6052 = 0x8D 0x50
    { 0x6055, 0x8F9A }, // U+6055 = 0x8F 0x9A
    { 0x6059, 0x9C99 }, // U+6059 = 0x9C 0x99
    { 0x605A, 0x9C8B }, // U+605A = 0x9C 0x8B
    { 0x605D, 0xFABC }, // U+605D = 0xFA 0xBC
    { 0x605F, 0x9C8F }, // U+605F = 0x9C 0x8F
    { 0x6060, 0x9C7E }, // U+6060 = 0x9C 0x7E
    { 0x6062, 0x89F8 }, // U+6062 = 0x89 0xF8
    { 0x6063, 0x9C93 }, // U+6063 = 0x9C 0x93
    { 0x6064, 0x9C95 }, // U+6064 = 0x9C 0x95
    { 0x6065, 0x9270 }, // U+6065 = 0x92 0x70
    { 0x6068, 0x8DA6 }, // U+6068 = 0x8D 0xA6
    { 0x6069, 0x89B6 }, // U+6069 = 0x89 0xB6
    { 0x606A, 0x9C8D }, // U+606A = 0x9C 0x8D
    { 0x606B, 0x9C98 }, // U+606B = 0x9C 0x98
    { 0x606C, 0x9C97 }, // U+606C = 0x9C 0x97
    { 0x606D, 0x8BB1 }, // U+606D = 0x8B 0xB1
    { 0x606F, 0x91A7 }, // U+606F = 0x91 0xA7
    { 0x6070, 0x8A86 }, // U+6070 = 0x8A 0x86
    { 0x6075, 0x8C62 }, // U+6075 = 0x8C 0x62
    { 0x6077, 0x9C8E }, // U+6077 = 0x9C 0x8E
    { 0x6081, 0x9C9A }, // U+6081 = 0x9C 0x9A
    { 0x6083, 0x9C9D }, // U+6083 = 0x9C 0x9D
    { 0x6084, 0x9C9F }, // U+6084 = 0x9C 0x9F
    { 0x6085, 0xFABD }, // U+6085 = 0xFA 0xBD
    { 0x6089, 0x8EBB }, // U+6089 = 0x8E 0xBB
    { 0x608A, 0xFABE }, // U+608A = 0xFA 0xBE
    { 0x608B, 0x9CA5 }, // U+608B = 0x9C 0xA5
    { 0x608C, 0x92EE }, // U+608C = 0x92 0xEE
    { 0x608D, 0x9C9B }, // U+608D = 0x9C 0x9B
    { 0x6092, 0x9CA3 }, // U+6092 = 0x9C 0xA3
    { 0x6094, 0x89F7 }, // U+6094 = 0x89 0xF7
    { 0x6096, 0x9CA1 }, // U+6096 = 0x9C 0xA1
    { 0x6097, 0x9CA2 }, // U+6097 = 0x9C 0xA2
    { 0x609A, 0x9C9E }, // U+609A = 0x9C 0x9E
    { 0x609B, 0x9CA0 }, // U+609B = 0x9C 0xA0
    { 0x609F, 0x8CE5 }, // U+609F = 0x8C 0xE5
    { 0x60A0, 0x9749 }, // U+60A0 = 0x97 0x49
    { 0x60A3, 0x8AB3 }, // U+60A3 = 0x8A 0xB3
    { 0x60A6, 0x8978 }, // U+60A6 = 0x89 0x78
    { 0x60A7, 0x9CA4 }, // U+60A7 = 0x9C 0xA4
    { 0x60A9, 0x9459 }, // U+60A9 = 0x94 0x59
    { 0x60AA, 0x88AB }, // U+60AA = 0x88 0xAB
    { 0x60B2, 0x94DF }, // U+60B2 = 0x94 0xDF
    { 0x60B3, 0x9C7B }, // U+60B3 = 0x9C 0x7B
    { 0x60B4, 0x9CAA }, // U+60B4 = 0x9C 0xAA
    { 0x60B5, 0x9CAE }, // U+60B5 = 0x9C 0xAE
    { 0x60B6, 0x96E3 }, // U+60B6 = 0x96 0xE3
    { 0x60B8, 0x9CA7 }, // U+60B8 = 0x9C 0xA7
    { 0x60BC, 0x9389 }, // U+60BC = 0x93 0x89
    { 0x60BD, 0x9CAC }, // U+60BD = 0x9C 0xAC
    { 0x60C5, 0x8FEE }, // U+60C5 = 0x8F 0xEE
    { 0x60C6, 0x9CAD }, // U+60C6 = 0x9C 0xAD
    { 0x60C7, 0x93D5 }, // U+60C7 = 0x93 0xD5
    { 0x60D1, 0x9866 }, // U+60D1 = 0x98 0x66
    { 0x60D3, 0x9CA9 }, // U+60D3 = 0x9C 0xA9
    { 0x60D5, 0xFAC0 }, // U+60D5 = 0xFA 0xC0
    { 0x60D8, 0x9CAF }, // U+60D8 = 0x9C 0xAF
    { 0x60DA, 0x8D9B }, // U+60DA = 0x8D 0x9B
    { 0x60DC, 0x90C9 }, // U+60DC = 0x90 0xC9
    { 0x60DE, 0xFABF }, // U+60DE = 0xFA 0xBF
    { 0x60DF, 0x88D2 }, // U+60DF = 0x88 0xD2
    { 0x60E0, 0x9CA8 }, // U+60E0 = 0x9C 0xA8
    { 0x60E1, 0x9CA6 }, // U+60E1 = 0x9C 0xA6
    { 0x60E3, 0x9179 }, // U+60E3 = 0x91 0x79
    { 0x60E7, 0x9C9C }, // U+60E7 = 0x9C 0x9C
    { 0x60E8, 0x8E53 }, // U+60E8 = 0x8E 0x53
    { 0x60F0, 0x91C4 }, // U+60F0 = 0x91 0xC4
    { 0x60F1, 0x9CBB }, // U+60F1 = 0x9C 0xBB
    { 0x60F2, 0xFAC2 }, // U+60F2 = 0xFA 0xC2
    { 0x60F3, 0x917A }, // U+60F3 = 0x91 0x7A
    { 0x60F4, 0x9CB6 }, // U+60F4 = 0x9C 0xB6
    { 0x60F6, 0x9CB3 }, // U+60F6 = 0x9C 0xB3
    { 0x60F7, 0x9CB4 }, // U+60F7 = 0x9C 0xB4
    { 0x60F9, 0x8EE4 }, // U+60F9 = 0x8E 0xE4
    { 0x60FA, 0x9CB7 }, // U+60FA = 0x9C 0xB7
    { 0x60FB, 0x9CBA }, // U+60FB = 0x9C 0xBA
    { 0x6100, 0x9CB5 }, // U+6100 = 0x9C 0xB5
    { 0x6101, 0x8F44 }, // U+6101 = 0x8F 0x44
    { 0x6103, 0x9CB8 }, // U+6103 = 0x9C 0xB8
    { 0x6106, 0x9CB2 }, // U+6106 = 0x9C 0xB2
    { 0x6108, 0x96FA }, // U+6108 = 0x96 0xFA
    { 0x6109, 0x96F9 }, // U+6109 = 0x96 0xF9
    { 0x610D, 0x9CBC }, // U+610D = 0x9C 0xBC
    { 0x610E, 0x9CBD }, // U+610E = 0x9C 0xBD
    { 0x610F, 0x88D3 }, // U+610F = 0x88 0xD3
    { 0x6111, 0xFAC3 }, // U+6111 = 0xFA 0xC3
    { 0x6115, 0x9CB1 }, // U+6115 = 0x9C 0xB1
    { 0x611A, 0x8BF0 }, // U+611A = 0x8B 0xF0
    { 0x611B, 0x88A4 }, // U+611B = 0x88 0xA4
    { 0x611F, 0x8AB4 }, // U+611F = 0x8A 0xB4
    { 0x6120, 0xFAC1 }, // U+6120 = 0xFA 0xC1
    { 0x6121, 0x9CB9 }, // U+6121 = 0x9C 0xB9
    { 0x6127, 0x9CC1 }, // U+6127 = 0x9C 0xC1
    { 0x6128, 0x9CC0 }, // U+6128 = 0x9C 0xC0
    { 0x612C, 0x9CC5 }, // U+612C = 0x9C 0xC5
    { 0x6130, 0xFAC5 }, // U+6130 = 0xFA 0xC5
    { 0x6134, 0x9CC6 }, // U+6134 = 0x9C 0xC6
    { 0x6137, 0xFAC4 }, // U+6137 = 0xFA 0xC4
    { 0x613C, 0x9CC4 }, // U+613C = 0x9C 0xC4
    { 0x613D, 0x9CC7 }, // U+613D = 0x9C 0xC7
    { 0x613E, 0x9CBF }, // U+613E = 0x9C 0xBF
    { 0x613F, 0x9CC3 }, // U+613F = 0x9C 0xC3
    { 0x6142, 0x9CC8 }, // U+6142 = 0x9C 0xC8
    { 0x6144, 0x9CC9 }, // U+6144 = 0x9C 0xC9
    { 0x6147, 0x9CBE }, // U+6147 = 0x9C 0xBE
    { 0x6148, 0x8E9C }, // U+6148 = 0x8E 0x9C
    { 0x614A, 0x9CC2 }, // U+614A = 0x9C 0xC2
    { 0x614B, 0x91D4 }, // U+614B = 0x91 0xD4
    { 0x614C, 0x8D51 }, // U+614C = 0x8D 0x51
    { 0x614D, 0x9CB0 }, // U+614D = 0x9C 0xB0
    { 0x614E, 0x9054 }, // U+614E = 0x90 0x54
    { 0x6153, 0x9CD6 }, // U+6153 = 0x9C 0xD6
    { 0x6155, 0x95E7 }, // U+6155 = 0x95 0xE7
    { 0x6158, 0x9CCC }, // U+6158 = 0x9C 0xCC
    { 0x6159, 0x9CCD }, // U+6159 = 0x9C 0xCD
    { 0x615A, 0x9CCE }, // U+615A = 0x9C 0xCE
    { 0x615D, 0x9CD5 }, // U+615D = 0x9C 0xD5
    { 0x615F, 0x9CD4 }, // U+615F = 0x9C 0xD4
    { 0x6162, 0x969D }, // U+6162 = 0x96 0x9D
    { 0x6163, 0x8AB5 }, // U+6163 = 0x8A 0xB5
    { 0x6165, 0x9CD2 }, // U+6165 = 0x9C 0xD2
    { 0x6167, 0x8C64 }, // U+6167 = 0x8C 0x64
    { 0x6168, 0x8A53 }, // U+6168 = 0x8A 0x53
    { 0x616B, 0x9CCF }, // U+616B = 0x9C 0xCF
    { 0x616E, 0x97B6 }, // U+616E = 0x97 0xB6
    { 0x616F, 0x9CD1 }, // U+616F = 0x9C 0xD1
    { 0x6170, 0x88D4 }, // U+6170 = 0x88 0xD4
    { 0x6171, 0x9CD3 }, // U+6171 = 0x9C 0xD3
    { 0x6173, 0x9CCA }, // U+6173 = 0x9C 0xCA
    { 0x6174, 0x9CD0 }, // U+6174 = 0x9C 0xD0
    { 0x6175, 0x9CD7 }, // U+6175 = 0x9C 0xD7
    { 0x6176, 0x8C63 }, // U+6176 = 0x8C 0x63
    { 0x6177, 0x9CCB }, // U+6177 = 0x9C 0xCB
    { 0x617E, 0x977C }, // U+617E = 0x97 0x7C
    { 0x6182, 0x974A }, // U+6182 = 0x97 0x4A
    { 0x6187, 0x9CDA }, // U+6187 = 0x9C 0xDA
    { 0x618A, 0x9CDE }, // U+618A = 0x9C 0xDE
    { 0x618E, 0x919E }, // U+618E = 0x91 0x9E
    { 0x6190, 0x97F7 }, // U+6190 = 0x97 0xF7
    { 0x6191, 0x9CDF }, // U+6191 = 0x9C 0xDF
    { 0x6194, 0x9CDC }, // U+6194 = 0x9C 0xDC
    { 0x6196, 0x9CD9 }, // U+6196 = 0x9C 0xD9
    { 0x6198, 0xFAC6 }, // U+6198 = 0xFA 0xC6
    { 0x6199, 0x9CD8 }, // U+6199 = 0x9C 0xD8
    { 0x619A, 0x9CDD }, // U+619A = 0x9C 0xDD
    { 0x61A4, 0x95AE }, // U+61A4 = 0x95 0xAE
    { 0x61A7, 0x93B2 }, // U+61A7 = 0x93 0xB2
    { 0x61A9, 0x8C65 }, // U+61A9 = 0x8C 0x65
    { 0x61AB, 0x9CE0 }, // U+61AB = 0x9C 0xE0
    { 0x61AC, 0x9CDB }, // U+61AC = 0x9C 0xDB
    { 0x61AE, 0x9CE1 }, // U+61AE = 0x9C 0xE1
    { 0x61B2, 0x8C9B }, // U+61B2 = 0x8C 0x9B
    { 0x61B6, 0x89AF }, // U+61B6 = 0x89 0xAF
    { 0x61BA, 0x9CE9 }, // U+61BA = 0x9C 0xE9
    { 0x61BE, 0x8AB6 }, // U+61BE = 0x8A 0xB6
    { 0x61C3, 0x9CE7 }, // U+61C3 = 0x9C 0xE7
    { 0x61C6, 0x9CE8 }, // U+61C6 = 0x9C 0xE8
    { 0x61C7, 0x8DA7 }, // U+61C7 = 0x8D 0xA7
    { 0x61C8, 0x9CE6 }, // U+61C8 = 0x9C 0xE6
    { 0x61C9, 0x9CE4 }, // U+61C9 = 0x9C 0xE4
    { 0x61CA, 0x9CE3 }, // U+61CA = 0x9C 0xE3
    { 0x61CB, 0x9CEA }, // U+61CB = 0x9C 0xEA
    { 0x61CC, 0x9CE2 }, // U+61CC = 0x9C 0xE2
    { 0x61CD, 0x9CEC }, // U+61CD = 0x9C 0xEC
    { 0x61D0, 0x89F9 }, // U+61D0 = 0x89 0xF9
    { 0x61E3, 0x9CEE }, // U+61E3 = 0x9C 0xEE
    { 0x61E6, 0x9CED }, // U+61E6 = 0x9C 0xED
    { 0x61F2, 0x92A6 }, // U+61F2 = 0x92 0xA6
    { 0x61F4, 0x9CF1 }, // U+61F4 = 0x9C 0xF1
    { 0x61F6, 0x9CEF }, // U+61F6 = 0x9C 0xEF
    { 0x61F7, 0x9CE5 }, // U+61F7 = 0x9C 0xE5
    { 0x61F8, 0x8C9C }, // U+61F8 = 0x8C 0x9C
    { 0x61FA, 0x9CF0 }, // U+61FA = 0x9C 0xF0
    { 0x61FC, 0x9CF4 }, // U+61FC = 0x9C 0xF4
    { 0x61FD, 0x9CF3 }, // U+61FD = 0x9C 0xF3
    { 0x61FE, 0x9CF5 }, // U+61FE = 0x9C 0xF5
    { 0x61FF, 0x9CF2 }, // U+61FF = 0x9C 0xF2
    { 0x6200, 0x9CF6 }, // U+6200 = 0x9C 0xF6
    { 0x6208, 0x9CF7 }, // U+6208 = 0x9C 0xF7
    { 0x6209, 0x9CF8 }, // U+6209 = 0x9C 0xF8
    { 0x620A, 0x95E8 }, // U+620A = 0x95 0xE8
    { 0x620C, 0x9CFA }, // U+620C = 0x9C 0xFA
    { 0x620D, 0x9CF9 }, // U+620D = 0x9C 0xF9
    { 0x620E, 0x8F5E }, // U+620E = 0x8F 0x5E
    { 0x6210, 0x90AC }, // U+6210 = 0x90 0xAC
    { 0x6211, 0x89E4 }, // U+6211 = 0x89 0xE4
    { 0x6212, 0x89FA }, // U+6212 = 0x89 0xFA
    { 0x6213, 0xFAC7 }, // U+6213 = 0xFA 0xC7
    { 0x6214, 0x9CFB }, // U+6214 = 0x9C 0xFB
    { 0x6216, 0x88BD }, // U+6216 = 0x88 0xBD
    { 0x621A, 0x90CA }, // U+621A = 0x90 0xCA
    { 0x621B, 0x9CFC }, // U+621B = 0x9C 0xFC
    { 0x621D, 0xE6C1 }, // U+621D = 0xE6 0xC1
    { 0x621E, 0x9D40 }, // U+621E = 0x9D 0x40
    { 0x621F, 0x8C81 }, // U+621F = 0x8C 0x81
    { 0x6221, 0x9D41 }, // U+6221 = 0x9D 0x41
    { 0x6226, 0x90ED }, // U+6226 = 0x90 0xED
    { 0x622A, 0x9D42 }, // U+622A = 0x9D 0x42
    { 0x622E, 0x9D43 }, // U+622E = 0x9D 0x43
    { 0x622F, 0x8B59 }, // U+622F = 0x8B 0x59
    { 0x6230, 0x9D44 }, // U+6230 = 0x9D 0x44
    { 0x6232, 0x9D45 }, // U+6232 = 0x9D 0x45
    { 0x6233, 0x9D46 }, // U+6233 = 0x9D 0x46
    { 0x6234, 0x91D5 }, // U+6234 = 0x91 0xD5
    { 0x6238, 0x8CCB }, // U+6238 = 0x8C 0xCB
    { 0x623B, 0x96DF }, // U+623B = 0x96 0xDF
    { 0x623F, 0x965B }, // U+623F = 0x96 0x5B
    { 0x6240, 0x8F8A }, // U+6240 = 0x8F 0x8A
    { 0x6241, 0x9D47 }, // U+6241 = 0x9D 0x47
    { 0x6247, 0x90EE }, // U+6247 = 0x90 0xEE
    { 0x6248, 0xE7BB }, // U+6248 = 0xE7 0xBB
    { 0x6249, 0x94E0 }, // U+6249 = 0x94 0xE0
    { 0x624B, 0x8EE8 }, // U+624B = 0x8E 0xE8
    { 0x624D, 0x8DCB }, // U+624D = 0x8D 0xCB
    { 0x624E, 0x9D48 }, // U+624E = 0x9D 0x48
    { 0x6253, 0x91C5 }, // U+6253 = 0x91 0xC5
    { 0x6255, 0x95A5 }, // U+6255 = 0x95 0xA5
    { 0x6258, 0x91EF }, // U+6258 = 0x91 0xEF
    { 0x625B, 0x9D4B }, // U+625B = 0x9D 0x4B
    { 0x625E, 0x9D49 }, // U+625E = 0x9D 0x49
    { 0x6260, 0x9D4C }, // U+6260 = 0x9D 0x4C
    { 0x6263, 0x9D4A }, // U+6263 = 0x9D 0x4A
    { 0x6268, 0x9D4D }, // U+6268 = 0x9D 0x4D
    { 0x626E, 0x95AF }, // U+626E = 0x95 0xAF
    { 0x6271, 0x88B5 }, // U+6271 = 0x88 0xB5
    { 0x6276, 0x957D }, // U+6276 = 0x95 0x7D
    { 0x6279, 0x94E1 }, // U+6279 = 0x94 0xE1
    { 0x627C, 0x9D4E }, // U+627C = 0x9D 0x4E
    { 0x627E, 0x9D51 }, // U+627E = 0x9D 0x51
    { 0x627F, 0x8FB3 }, // U+627F = 0x8F 0xB3
    { 0x6280, 0x8B5A }, // U+6280 = 0x8B 0x5A
    { 0x6282, 0x9D4F }, // U+6282 = 0x9D 0x4F
    { 0x6283, 0x9D56 }, // U+6283 = 0x9D 0x56
    { 0x6284, 0x8FB4 }, // U+6284 = 0x8F 0xB4
    { 0x6289, 0x9D50 }, // U+6289 = 0x9D 0x50
    { 0x628A, 0x9463 }, // U+628A = 0x94 0x63
    { 0x6291, 0x977D }, // U+6291 = 0x97 0x7D
    { 0x6292, 0x9D52 }, // U+6292 = 0x9D 0x52
    { 0x6293, 0x9D53 }, // U+6293 = 0x9D 0x53
    { 0x6294, 0x9D57 }, // U+6294 = 0x9D 0x57
    { 0x6295, 0x938A }, // U+6295 = 0x93 0x8A
    { 0x6296, 0x9D54 }, // U+6296 = 0x9D 0x54
    { 0x6297, 0x8D52 }, // U+6297 = 0x8D 0x52
    { 0x6298, 0x90DC }, // U+6298 = 0x90 0xDC
    { 0x629B, 0x9D65 }, // U+629B = 0x9D 0x65
    { 0x629C, 0x94B2 }, // U+629C = 0x94 0xB2
    { 0x629E, 0x91F0 }, // U+629E = 0x91 0xF0
    { 0x62A6, 0xFAC8 }, // U+62A6 = 0xFA 0xC8
    { 0x62AB, 0x94E2 }, // U+62AB = 0x94 0xE2
    { 0x62AC, 0x9DAB }, // U+62AC = 0x9D 0xAB
    { 0x62B1, 0x95F8 }, // U+62B1 = 0x95 0xF8
    { 0x62B5, 0x92EF }, // U+62B5 = 0x92 0xEF
    { 0x62B9, 0x9695 }, // U+62B9 = 0x96 0x95
    { 0x62BB, 0x9D5A }, // U+62BB = 0x9D 0x5A
    { 0x62BC, 0x899F }, // U+62BC = 0x89 0x9F
    { 0x62BD, 0x928A }, // U+62BD = 0x92 0x8A
    { 0x62C2, 0x9D63 }, // U+62C2 = 0x9D 0x63
    { 0x62C5, 0x9253 }, // U+62C5 = 0x92 0x53
    { 0x62C6, 0x9D5D }, // U+62C6 = 0x9D 0x5D
    { 0x62C7, 0x9D64 }, // U+62C7 = 0x9D 0x64
    { 0x62C8, 0x9D5F }, // U+62C8 = 0x9D 0x5F
    { 0x62C9, 0x9D66 }, // U+62C9 = 0x9D 0x66
    { 0x62CA, 0x9D62 }, // U+62CA = 0x9D 0x62
    { 0x62CC, 0x9D61 }, // U+62CC = 0x9D 0x61
    { 0x62CD, 0x948F }, // U+62CD = 0x94 0x8F
    { 0x62CF, 0x9D5B }, // U+62CF = 0x9D 0x5B
    { 0x62D0, 0x89FB }, // U+62D0 = 0x89 0xFB
    { 0x62D1, 0x9D59 }, // U+62D1 = 0x9D 0x59
    { 0x62D2, 0x8B91 }, // U+62D2 = 0x8B 0x91
    { 0x62D3, 0x91F1 }, // U+62D3 = 0x91 0xF1
    { 0x62D4, 0x9D55 }, // U+62D4 = 0x9D 0x55
    { 0x62D7, 0x9D58 }, // U+62D7 = 0x9D 0x58
    { 0x62D8, 0x8D53 }, // U+62D8 = 0x8D 0x53
    { 0x62D9, 0x90D9 }, // U+62D9 = 0x90 0xD9
    { 0x62DB, 0x8FB5 }, // U+62DB = 0x8F 0xB5
    { 0x62DC, 0x9D60 }, // U+62DC = 0x9D 0x60
    { 0x62DD, 0x9471 }, // U+62DD = 0x94 0x71
    { 0x62E0, 0x8B92 }, // U+62E0 = 0x8B 0x92
    { 0x62E1, 0x8A67 }, // U+62E1 = 0x8A 0x67
    { 0x62EC, 0x8A87 }, // U+62EC = 0x8A 0x87
    { 0x62ED, 0x9040 }, // U+62ED = 0x90 0x40
    { 0x62EE, 0x9D68 }, // U+62EE = 0x9D 0x68
    { 0x62EF, 0x9D6D }, // U+62EF = 0x9D 0x6D
    { 0x62F1, 0x9D69 }, // U+62F1 = 0x9D 0x69
    { 0x62F3, 0x8C9D }, // U+62F3 = 0x8C 0x9D
    { 0x62F5, 0x9D6E }, // U+62F5 = 0x9D 0x6E
    { 0x62F6, 0x8E41 }, // U+62F6 = 0x8E 0x41
    { 0x62F7, 0x8D89 }, // U+62F7 = 0x8D 0x89
    { 0x62FE, 0x8F45 }, // U+62FE = 0x8F 0x45
    { 0x62FF, 0x9D5C }, // U+62FF = 0x9D 0x5C
    { 0x6301, 0x8E9D }, // U+6301 = 0x8E 0x9D
    { 0x6302, 0x9D6B }, // U+6302 = 0x9D 0x6B
    { 0x6307, 0x8E77 }, // U+6307 = 0x8E 0x77
    { 0x6308, 0x9D6C }, // U+6308 = 0x9D 0x6C
    { 0x6309, 0x88C2 }, // U+6309 = 0x88 0xC2
    { 0x630C, 0x9D67 }, // U+630C = 0x9D 0x67
    { 0x6311, 0x92A7 }, // U+6311 = 0x92 0xA7
    { 0x6319, 0x8B93 }, // U+6319 = 0x8B 0x93
    { 0x631F, 0x8BB2 }, // U+631F = 0x8B 0xB2
    { 0x6327, 0x9D6A }, // U+6327 = 0x9D 0x6A
    { 0x6328, 0x88A5 }, // U+6328 = 0x88 0xA5
    { 0x632B, 0x8DC1 }, // U+632B = 0x8D 0xC1
    { 0x632F, 0x9055 }, // U+632F = 0x90 0x55
    { 0x633A, 0x92F0 }, // U+633A = 0x92 0xF0
    { 0x633D, 0x94D2 }, // U+633D = 0x94 0xD2
    { 0x633E, 0x9D70 }, // U+633E = 0x9D 0x70
    { 0x633F, 0x917D }, // U+633F = 0x91 0x7D
    { 0x6349, 0x91A8 }, // U+6349 = 0x91 0xA8
    { 0x634C, 0x8E4A }, // U+634C = 0x8E 0x4A
    { 0x634D, 0x9D71 }, // U+634D = 0x9D 0x71
    { 0x634F, 0x9D73 }, // U+634F = 0x9D 0x73
    { 0x6350, 0x9D6F }, // U+6350 = 0x9D 0x6F
    { 0x6355, 0x95DF }, // U+6355 = 0x95 0xDF
    { 0x6357, 0x92BB }, // U+6357 = 0x92 0xBB
    { 0x635C, 0x917B }, // U+635C = 0x91 0x7B
    { 0x6367, 0x95F9 }, // U+6367 = 0x95 0xF9
    { 0x6368, 0x8ECC }, // U+6368 = 0x8E 0xCC
    { 0x6369, 0x9D80 }, // U+6369 = 0x9D 0x80
    { 0x636B, 0x9D7E }, // U+636B = 0x9D 0x7E
    { 0x636E, 0x9098 }, // U+636E = 0x90 0x98
    { 0x6372, 0x8C9E }, // U+6372 = 0x8C 0x9E
    { 0x6376, 0x9D78 }, // U+6376 = 0x9D 0x78
    { 0x6377, 0x8FB7 }, // U+6377 = 0x8F 0xB7
    { 0x637A, 0x93E6 }, // U+637A = 0x93 0xE6
    { 0x637B, 0x9450 }, // U+637B = 0x94 0x50
    { 0x6380, 0x9D76 }, // U+6380 = 0x9D 0x76
    { 0x6383, 0x917C }, // U+6383 = 0x91 0x7C
    { 0x6388, 0x8EF6 }, // U+6388 = 0x8E 0xF6
    { 0x6389, 0x9D7B }, // U+6389 = 0x9D 0x7B
    { 0x638C, 0x8FB6 }, // U+638C = 0x8F 0xB6
    { 0x638E, 0x9D75 }, // U+638E = 0x9D 0x75
    { 0x638F, 0x9D7A }, // U+638F = 0x9D 0x7A
    { 0x6392, 0x9472 }, // U+6392 = 0x94 0x72
    { 0x6396, 0x9D74 }, // U+6396 = 0x9D 0x74
    { 0x6398, 0x8C40 }, // U+6398 = 0x8C 0x40
    { 0x639B, 0x8A7C }, // U+639B = 0x8A 0x7C
    { 0x639F, 0x9D7C }, // U+639F = 0x9D 0x7C
    { 0x63A0, 0x97A9 }, // U+63A0 = 0x97 0xA9
    { 0x63A1, 0x8DCC }, // U+63A1 = 0x8D 0xCC
    { 0x63A2, 0x9254 }, // U+63A2 = 0x92 0x54
    { 0x63A3, 0x9D79 }, // U+63A3 = 0x9D 0x79
    { 0x63A5, 0x90DA }, // U+63A5 = 0x90 0xDA
    { 0x63A7, 0x8D54 }, // U+63A7 = 0x8D 0x54
    { 0x63A8, 0x9084 }, // U+63A8 = 0x90 0x84
    { 0x63A9, 0x8986 }, // U+63A9 = 0x89 0x86
    { 0x63AA, 0x915B }, // U+63AA = 0x91 0x5B
    { 0x63AB, 0x9D77 }, // U+63AB = 0x9D 0x77
    { 0x63AC, 0x8B64 }, // U+63AC = 0x8B 0x64
    { 0x63B2, 0x8C66 }, // U+63B2 = 0x8C 0x66
    { 0x63B4, 0x92CD }, // U+63B4 = 0x92 0xCD
    { 0x63B5, 0x9D7D }, // U+63B5 = 0x9D 0x7D
    { 0x63BB, 0x917E }, // U+63BB = 0x91 0x7E
    { 0x63BE, 0x9D81 }, // U+63BE = 0x9D 0x81
    { 0x63C0, 0x9D83 }, // U+63C0 = 0x9D 0x83
    { 0x63C3, 0x91B5 }, // U+63C3 = 0x91 0xB5
    { 0x63C4, 0x9D89 }, // U+63C4 = 0x9D 0x89
    { 0x63C6, 0x9D84 }, // U+63C6 = 0x9D 0x84
    { 0x63C9, 0x9D86 }, // U+63C9 = 0x9D 0x86
    { 0x63CF, 0x9560 }, // U+63CF = 0x95 0x60
    { 0x63D0, 0x92F1 }, // U+63D0 = 0x92 0xF1
    { 0x63D2, 0x9D87 }, // U+63D2 = 0x9D 0x87
    { 0x63D6, 0x974B }, // U+63D6 = 0x97 0x4B
    { 0x63DA, 0x9767 }, // U+63DA = 0x97 0x67
    { 0x63DB, 0x8AB7 }, // U+63DB = 0x8A 0xB7
    { 0x63E1, 0x88AC }, // U+63E1 = 0x88 0xAC
    { 0x63E3, 0x9D85 }, // U+63E3 = 0x9D 0x85
    { 0x63E9, 0x9D82 }, // U+63E9 = 0x9D 0x82
    { 0x63EE, 0x8AF6 }, // U+63EE = 0x8A 0xF6
    { 0x63F4, 0x8987 }, // U+63F4 = 0x89 0x87
    { 0x63F5, 0xFAC9 }, // U+63F5 = 0xFA 0xC9
    { 0x63F6, 0x9D88 }, // U+63F6 = 0x9D 0x88
    { 0x63FA, 0x9768 }, // U+63FA = 0x97 0x68
    { 0x6406, 0x9D8C }, // U+6406 = 0x9D 0x8C
    { 0x640D, 0x91B9 }, // U+640D = 0x91 0xB9
    { 0x640F, 0x9D93 }, // U+640F = 0x9D 0x93
    { 0x6413, 0x9D8D }, // U+6413 = 0x9D 0x8D
    { 0x6416, 0x9D8A }, // U+6416 = 0x9D 0x8A
    { 0x6417, 0x9D91 }, // U+6417 = 0x9D 0x91
    { 0x641C, 0x9D72 }, // U+641C = 0x9D 0x72
    { 0x6426, 0x9D8E }, // U+6426 = 0x9D 0x8E
    { 0x6428, 0x9D92 }, // U+6428 = 0x9D 0x92
    { 0x642C, 0x94C0 }, // U+642C = 0x94 0xC0
    { 0x642D, 0x938B }, // U+642D = 0x93 0x8B
    { 0x6434, 0x9D8B }, // U+6434 = 0x9D 0x8B
    { 0x6436, 0x9D8F }, // U+6436 = 0x9D 0x8F
    { 0x643A, 0x8C67 }, // U+643A = 0x8C 0x67
    { 0x643E, 0x8DEF }, // U+643E = 0x8D 0xEF
    { 0x6442, 0x90DB }, // U+6442 = 0x90 0xDB
    { 0x644E, 0x9D97 }, // U+644E = 0x9D 0x97
    { 0x6458, 0x9345 }, // U+6458 = 0x93 0x45
    { 0x6460, 0xFACA }, // U+6460 = 0xFA 0xCA
    { 0x6467, 0x9D94 }, // U+6467 = 0x9D 0x94
    { 0x6469, 0x9680 }, // U+6469 = 0x96 0x80
    { 0x646F, 0x9D95 }, // U+646F = 0x9D 0x95
    { 0x6476, 0x9D96 }, // U+6476 = 0x9D 0x96
    { 0x6478, 0x96CC }, // U+6478 = 0x96 0xCC
    { 0x647A, 0x90A0 }, // U+647A = 0x90 0xA0
    { 0x6483, 0x8C82 }, // U+6483 = 0x8C 0x82
    { 0x6488, 0x9D9D }, // U+6488 = 0x9D 0x9D
    { 0x6492, 0x8E54 }, // U+6492 = 0x8E 0x54
    { 0x6493, 0x9D9A }, // U+6493 = 0x9D 0x9A
    { 0x6495, 0x9D99 }, // U+6495 = 0x9D 0x99
    { 0x649A, 0x9451 }, // U+649A = 0x94 0x51
    { 0x649D, 0xFACB }, // U+649D = 0xFA 0xCB
    { 0x649E, 0x93B3 }, // U+649E = 0x93 0xB3
    { 0x64A4, 0x9350 }, // U+64A4 = 0x93 0x50
    { 0x64A5, 0x9D9B }, // U+64A5 = 0x9D 0x9B
    { 0x64A9, 0x9D9C }, // U+64A9 = 0x9D 0x9C
    { 0x64AB, 0x958F }, // U+64AB = 0x95 0x8F
    { 0x64AD, 0x9464 }, // U+64AD = 0x94 0x64
    { 0x64AE, 0x8E42 }, // U+64AE = 0x8E 0x42
    { 0x64B0, 0x90EF }, // U+64B0 = 0x90 0xEF
    { 0x64B2, 0x966F }, // U+64B2 = 0x96 0x6F
    { 0x64B9, 0x8A68 }, // U+64B9 = 0x8A 0x68
    { 0x64BB, 0x9DA3 }, // U+64BB = 0x9D 0xA3
    { 0x64BC, 0x9D9E }, // U+64BC = 0x9D 0x9E
    { 0x64C1, 0x9769 }, // U+64C1 = 0x97 0x69
    { 0x64C2, 0x9DA5 }, // U+64C2 = 0x9D 0xA5
    { 0x64C5, 0x9DA1 }, // U+64C5 = 0x9D 0xA1
    { 0x64C7, 0x9DA2 }, // U+64C7 = 0x9D 0xA2
    { 0x64CD, 0x9180 }, // U+64CD = 0x91 0x80
    { 0x64CE, 0xFACC }, // U+64CE = 0xFA 0xCC
    { 0x64D2, 0x9DA0 }, // U+64D2 = 0x9D 0xA0
    { 0x64D4, 0x9D5E }, // U+64D4 = 0x9D 0x5E
    { 0x64D8, 0x9DA4 }, // U+64D8 = 0x9D 0xA4
    { 0x64DA, 0x9D9F }, // U+64DA = 0x9D 0x9F
    { 0x64E0, 0x9DA9 }, // U+64E0 = 0x9D 0xA9
    { 0x64E1, 0x9DAA }, // U+64E1 = 0x9D 0xAA
    { 0x64E2, 0x9346 }, // U+64E2 = 0x93 0x46
    { 0x64E3, 0x9DAC }, // U+64E3 = 0x9D 0xAC
    { 0x64E6, 0x8E43 }, // U+64E6 = 0x8E 0x43
    { 0x64E7, 0x9DA7 }, // U+64E7 = 0x9D 0xA7
    { 0x64EC, 0x8B5B }, // U+64EC = 0x8B 0x5B
    { 0x64EF, 0x9DAD }, // U+64EF = 0x9D 0xAD
    { 0x64F1, 0x9DA6 }, // U+64F1 = 0x9D 0xA6
    { 0x64F2, 0x9DB1 }, // U+64F2 = 0x9D 0xB1
    { 0x64F4, 0x9DB0 }, // U+64F4 = 0x9D 0xB0
    { 0x64F6, 0x9DAF }, // U+64F6 = 0x9D 0xAF
    { 0x64FA, 0x9DB2 }, // U+64FA = 0x9D 0xB2
    { 0x64FD, 0x9DB4 }, // U+64FD = 0x9D 0xB4
    { 0x64FE, 0x8FEF }, // U+64FE = 0x8F 0xEF
    { 0x6500, 0x9DB3 }, // U+6500 = 0x9D 0xB3
    { 0x6505, 0x9DB7 }, // U+6505 = 0x9D 0xB7
    { 0x6518, 0x9DB5 }, // U+6518 = 0x9D 0xB5
    { 0x651C, 0x9DB6 }, // U+651C = 0x9D 0xB6
    { 0x651D, 0x9D90 }, // U+651D = 0x9D 0x90
    { 0x6523, 0x9DB9 }, // U+6523 = 0x9D 0xB9
    { 0x6524, 0x9DB8 }, // U+6524 = 0x9D 0xB8
    { 0x652A, 0x9D98 }, // U+652A = 0x9D 0x98
    { 0x652B, 0x9DBA }, // U+652B = 0x9D 0xBA
    { 0x652C, 0x9DAE }, // U+652C = 0x9D 0xAE
    { 0x652F, 0x8E78 }, // U+652F = 0x8E 0x78
    { 0x6534, 0x9DBB }, // U+6534 = 0x9D 0xBB
    { 0x6535, 0x9DBC }, // U+6535 = 0x9D 0xBC
    { 0x6536, 0x9DBE }, // U+6536 = 0x9D 0xBE
    { 0x6537, 0x9DBD }, // U+6537 = 0x9D 0xBD
    { 0x6538, 0x9DBF }, // U+6538 = 0x9D 0xBF
    { 0x6539, 0x89FC }, // U+6539 = 0x89 0xFC
    { 0x653B, 0x8D55 }, // U+653B = 0x8D 0x55
    { 0x653E, 0x95FA }, // U+653E = 0x95 0xFA
    { 0x653F, 0x90AD }, // U+653F = 0x90 0xAD
    { 0x6545, 0x8CCC }, // U+6545 = 0x8C 0xCC
    { 0x6548, 0x9DC1 }, // U+6548 = 0x9D 0xC1
    { 0x654D, 0x9DC4 }, // U+654D = 0x9D 0xC4
    { 0x654E, 0xFACD }, // U+654E = 0xFA 0xCD
    { 0x654F, 0x9571 }, // U+654F = 0x95 0x71
    { 0x6551, 0x8B7E }, // U+6551 = 0x8B 0x7E
    { 0x6555, 0x9DC3 }, // U+6555 = 0x9D 0xC3
    { 0x6556, 0x9DC2 }, // U+6556 = 0x9D 0xC2
    { 0x6557, 0x9473 }, // U+6557 = 0x94 0x73
    { 0x6558, 0x9DC5 }, // U+6558 = 0x9D 0xC5
    { 0x6559, 0x8BB3 }, // U+6559 = 0x8B 0xB3
    { 0x655D, 0x9DC7 }, // U+655D = 0x9D 0xC7
    { 0x655E, 0x9DC6 }, // U+655E = 0x9D 0xC6
    { 0x6562, 0x8AB8 }, // U+6562 = 0x8A 0xB8
    { 0x6563, 0x8E55 }, // U+6563 = 0x8E 0x55
    { 0x6566, 0x93D6 }, // U+6566 = 0x93 0xD6
    { 0x656C, 0x8C68 }, // U+656C = 0x8C 0x68
    { 0x6570, 0x9094 }, // U+6570 = 0x90 0x94
    { 0x6572, 0x9DC8 }, // U+6572 = 0x9D 0xC8
    { 0x6574, 0x90AE }, // U+6574 = 0x90 0xAE
    { 0x6575, 0x9347 }, // U+6575 = 0x93 0x47
    { 0x6577, 0x957E }, // U+6577 = 0x95 0x7E
    { 0x6578, 0x9DC9 }, // U+6578 = 0x9D 0xC9
    { 0x6582, 0x9DCA }, // U+6582 = 0x9D 0xCA
    { 0x6583, 0x9DCB }, // U+6583 = 0x9D 0xCB
    { 0x6587, 0x95B6 }, // U+6587 = 0x95 0xB6
    { 0x6588, 0x9B7C }, // U+6588 = 0x9B 0x7C
    { 0x6589, 0x90C4 }, // U+6589 = 0x90 0xC4
    { 0x658C, 0x956B }, // U+658C = 0x95 0x6B
    { 0x658E, 0x8DD6 }, // U+658E = 0x8D 0xD6
    { 0x6590, 0x94E3 }, // U+6590 = 0x94 0xE3
    { 0x6591, 0x94C1 }, // U+6591 = 0x94 0xC1
    { 0x6597, 0x936C }, // U+6597 = 0x93 0x6C
    { 0x6599, 0x97BF }, // U+6599 = 0x97 0xBF
    { 0x659B, 0x9DCD }, // U+659B = 0x9D 0xCD
    { 0x659C, 0x8ECE }, // U+659C = 0x8E 0xCE
    { 0x659F, 0x9DCE }, // U+659F = 0x9D 0xCE
    { 0x65A1, 0x88B4 }, // U+65A1 = 0x88 0xB4
    { 0x65A4, 0x8BD2 }, // U+65A4 = 0x8B 0xD2
    { 0x65A5, 0x90CB }, // U+65A5 = 0x90 0xCB
    { 0x65A7, 0x9580 }, // U+65A7 = 0x95 0x80
    { 0x65AB, 0x9DCF }, // U+65AB = 0x9D 0xCF
    { 0x65AC, 0x8E61 }, // U+65AC = 0x8E 0x61
    { 0x65AD, 0x9266 }, // U+65AD = 0x92 0x66
    { 0x65AF, 0x8E7A }, // U+65AF = 0x8E 0x7A
    { 0x65B0, 0x9056 }, // U+65B0 = 0x90 0x56
    { 0x65B7, 0x9DD0 }, // U+65B7 = 0x9D 0xD0
    { 0x65B9, 0x95FB }, // U+65B9 = 0x95 0xFB
    { 0x65BC, 0x8997 }, // U+65BC = 0x89 0x97
    { 0x65BD, 0x8E7B }, // U+65BD = 0x8E 0x7B
    { 0x65C1, 0x9DD3 }, // U+65C1 = 0x9D 0xD3
    { 0x65C3, 0x9DD1 }, // U+65C3 = 0x9D 0xD1
    { 0x65C4, 0x9DD4 }, // U+65C4 = 0x9D 0xD4
    { 0x65C5, 0x97B7 }, // U+65C5 = 0x97 0xB7
    { 0x65C6, 0x9DD2 }, // U+65C6 = 0x9D 0xD2
    { 0x65CB, 0x90F9 }, // U+65CB = 0x90 0xF9
    { 0x65CC, 0x9DD5 }, // U+65CC = 0x9D 0xD5
    { 0x65CF, 0x91B0 }, // U+65CF = 0x91 0xB0
    { 0x65D2, 0x9DD6 }, // U+65D2 = 0x9D 0xD6
    { 0x65D7, 0x8AF8 }, // U+65D7 = 0x8A 0xF8
    { 0x65D9, 0x9DD8 }, // U+65D9 = 0x9D 0xD8
    { 0x65DB, 0x9DD7 }, // U+65DB = 0x9D 0xD7
    { 0x65E0, 0x9DD9 }, // U+65E0 = 0x9D 0xD9
    { 0x65E1, 0x9DDA }, // U+65E1 = 0x9D 0xDA
    { 0x65E2, 0x8AF9 }, // U+65E2 = 0x8A 0xF9
    { 0x65E5, 0x93FA }, // U+65E5 = 0x93 0xFA
    { 0x65E6, 0x9255 }, // U+65E6 = 0x92 0x55
    { 0x65E7, 0x8B8C }, // U+65E7 = 0x8B 0x8C
    { 0x65E8, 0x8E7C }, // U+65E8 = 0x8E 0x7C
    { 0x65E9, 0x9181 }, // U+65E9 = 0x91 0x81
    { 0x65EC, 0x8F7B }, // U+65EC = 0x8F 0x7B
    { 0x65ED, 0x88AE }, // U+65ED = 0x88 0xAE
    { 0x65F1, 0x9DDB }, // U+65F1 = 0x9D 0xDB
    { 0x65FA, 0x89A0 }, // U+65FA = 0x89 0xA0
    { 0x65FB, 0x9DDF }, // U+65FB = 0x9D 0xDF
    { 0x6600, 0xFACE }, // U+6600 = 0xFA 0xCE
    { 0x6602, 0x8D56 }, // U+6602 = 0x8D 0x56
    { 0x6603, 0x9DDE }, // U+6603 = 0x9D 0xDE
    { 0x6606, 0x8DA9 }, // U+6606 = 0x8D 0xA9
    { 0x6607, 0x8FB8 }, // U+6607 = 0x8F 0xB8
    { 0x6609, 0xFAD1 }, // U+6609 = 0xFA 0xD1
    { 0x660A, 0x9DDD }, // U+660A = 0x9D 0xDD
    { 0x660C, 0x8FB9 }, // U+660C = 0x8F 0xB9
    { 0x660E, 0x96BE }, // U+660E = 0x96 0xBE
    { 0x660F, 0x8DA8 }, // U+660F = 0x8D 0xA8
    { 0x6613, 0x88D5 }, // U+6613 = 0x88 0xD5
    { 0x6614, 0x90CC }, // U+6614 = 0x90 0xCC
    { 0x6615, 0xFACF }, // U+6615 = 0xFA 0xCF
    { 0x661C, 0x9DE4 }, // U+661C = 0x9D 0xE4
    { 0x661E, 0xFAD3 }, // U+661E = 0xFA 0xD3
    { 0x661F, 0x90AF }, // U+661F = 0x90 0xAF
    { 0x6620, 0x8966 }, // U+6620 = 0x89 0x66
    { 0x6624, 0xFAD4 }, // U+6624 = 0xFA 0xD4
    { 0x6625, 0x8F74 }, // U+6625 = 0x8F 0x74
    { 0x6627, 0x9686 }, // U+6627 = 0x96 0x86
    { 0x6628, 0x8DF0 }, // U+6628 = 0x8D 0xF0
    { 0x662D, 0x8FBA }, // U+662D = 0x8F 0xBA
    { 0x662E, 0xFAD2 }, // U+662E = 0xFA 0xD2
    { 0x662F, 0x90A5 }, // U+662F = 0x90 0xA5
    { 0x6631, 0xFA63 }, // U+6631 = 0xFA 0x63
    { 0x6634, 0x9DE3 }, // U+6634 = 0x9D 0xE3
    { 0x6635, 0x9DE1 }, // U+6635 = 0x9D 0xE1
    { 0x6636, 0x9DE2 }, // U+6636 = 0x9D 0xE2
    { 0x663B, 0xFAD0 }, // U+663B = 0xFA 0xD0
    { 0x663C, 0x928B }, // U+663C = 0x92 0x8B
    { 0x663F, 0x9E45 }, // U+663F = 0x9E 0x45
    { 0x6641, 0x9DE8 }, // U+6641 = 0x9D 0xE8
    { 0x6642, 0x8E9E }, // U+6642 = 0x8E 0x9E
    { 0x6643, 0x8D57 }, // U+6643 = 0x8D 0x57
    { 0x6644, 0x9DE6 }, // U+6644 = 0x9D 0xE6
    { 0x6649, 0x9DE7 }, // U+6649 = 0x9D 0xE7
    { 0x664B, 0x9057 }, // U+664B = 0x90 0x57
    { 0x664F, 0x9DE5 }, // U+664F = 0x9D 0xE5
    { 0x6652, 0x8E4E }, // U+6652 = 0x8E 0x4E
    { 0x6657, 0xFAD6 }, // U+6657 = 0xFA 0xD6
    { 0x6659, 0xFAD7 }, // U+6659 = 0xFA 0xD7
    { 0x665D, 0x9DEA }, // U+665D = 0x9D 0xEA
    { 0x665E, 0x9DE9 }, // U+665E = 0x9D 0xE9
    { 0x665F, 0x9DEE }, // U+665F = 0x9D 0xEE
    { 0x6662, 0x9DEF }, // U+6662 = 0x9D 0xEF
    { 0x6664, 0x9DEB }, // U+6664 = 0x9D 0xEB
    { 0x6665, 0xFAD5 }, // U+6665 = 0xFA 0xD5
    { 0x6666, 0x8A41 }, // U+6666 = 0x8A 0x41
    { 0x6667, 0x9DEC }, // U+6667 = 0x9D 0xEC
    { 0x6668, 0x9DED }, // U+6668 = 0x9D 0xED
    { 0x6669, 0x94D3 }, // U+6669 = 0x94 0xD3
    { 0x666E, 0x9581 }, // U+666E = 0x95 0x81
    { 0x666F, 0x8C69 }, // U+666F = 0x8C 0x69
    { 0x6670, 0x9DF0 }, // U+6670 = 0x9D 0xF0
    { 0x6673, 0xFAD9 }, // U+6673 = 0xFA 0xD9
    { 0x6674, 0x90B0 }, // U+6674 = 0x90 0xB0
    { 0x6676, 0x8FBB }, // U+6676 = 0x8F 0xBB
    { 0x667A, 0x9271 }, // U+667A = 0x92 0x71
    { 0x6681, 0x8BC5 }, // U+6681 = 0x8B 0xC5
    { 0x6683, 0x9DF1 }, // U+6683 = 0x9D 0xF1
    { 0x6684, 0x9DF5 }, // U+6684 = 0x9D 0xF5
    { 0x6687, 0x89C9 }, // U+6687 = 0x89 0xC9
    { 0x6688, 0x9DF2 }, // U+6688 = 0x9D 0xF2
    { 0x6689, 0x9DF4 }, // U+6689 = 0x9D 0xF4
    { 0x668E, 0x9DF3 }, // U+668E = 0x9D 0xF3
    { 0x6691, 0x8F8B }, // U+6691 = 0x8F 0x8B
    { 0x6696, 0x9267 }, // U+6696 = 0x92 0x67
    { 0x6697, 0x88C3 }, // U+6697 = 0x88 0xC3
    { 0x6698, 0x9DF6 }, // U+6698 = 0x9D 0xF6
    { 0x6699, 0xFADA }, // U+6699 = 0xFA 0xDA
    { 0x669D, 0x9DF7 }, // U+669D = 0x9D 0xF7
    { 0x66A0, 0xFADB }, // U+66A0 = 0xFA 0xDB
    { 0x66A2, 0x92A8 }, // U+66A2 = 0x92 0xA8
    { 0x66A6, 0x97EF }, // U+66A6 = 0x97 0xEF
    { 0x66AB, 0x8E62 }, // U+66AB = 0x8E 0x62
    { 0x66AE, 0x95E9 }, // U+66AE = 0x95 0xE9
    { 0x66B2, 0xFADC }, // U+66B2 = 0xFA 0xDC
    { 0x66B4, 0x965C }, // U+66B4 = 0x96 0x5C
    { 0x66B8, 0x9E41 }, // U+66B8 = 0x9E 0x41
    { 0x66B9, 0x9DF9 }, // U+66B9 = 0x9D 0xF9
    { 0x66BC, 0x9DFC }, // U+66BC = 0x9D 0xFC
    { 0x66BE, 0x9DFB }, // U+66BE = 0x9D 0xFB
    { 0x66BF, 0xFADD }, // U+66BF = 0xFA 0xDD
    { 0x66C1, 0x9DF8 }, // U+66C1 = 0x9D 0xF8
    { 0x66C4, 0x9E40 }, // U+66C4 = 0x9E 0x40
    { 0x66C7, 0x93DC }, // U+66C7 = 0x93 0xDC
    { 0x66C9, 0x9DFA }, // U+66C9 = 0x9D 0xFA
    { 0x66D6, 0x9E42 }, // U+66D6 = 0x9E 0x42
    { 0x66D9, 0x8F8C }, // U+66D9 = 0x8F 0x8C
    { 0x66DA, 0x9E43 }, // U+66DA = 0x9E 0x43
    { 0x66DC, 0x976A }, // U+66DC = 0x97 0x6A
    { 0x66DD, 0x9498 }, // U+66DD = 0x94 0x98
    { 0x66E0, 0x9E44 }, // U+66E0 = 0x9E 0x44
    { 0x66E6, 0x9E46 }, // U+66E6 = 0x9E 0x46
    { 0x66E9, 0x9E47 }, // U+66E9 = 0x9E 0x47
    { 0x66F0, 0x9E48 }, // U+66F0 = 0x9E 0x48
    { 0x66F2, 0x8BC8 }, // U+66F2 = 0x8B 0xC8
    { 0x66F3, 0x8967 }, // U+66F3 = 0x89 0x67
    { 0x66F4, 0x8D58 }, // U+66F4 = 0x8D 0x58
    { 0x66F5, 0x9E49 }, // U+66F5 = 0x9E 0x49
    { 0x66F7, 0x9E4A }, // U+66F7 = 0x9E 0x4A
    { 0x66F8, 0x8F91 }, // U+66F8 = 0x8F 0x91
    { 0x66F9, 0x9182 }, // U+66F9 = 0x91 0x82
    { 0x66FA, 0xFADE }, // U+66FA = 0xFA 0xDE
    { 0x66FB, 0xFA66 }, // U+66FB = 0xFA 0x66
    { 0x66FC, 0x99D6 }, // U+66FC = 0x99 0xD6
    { 0x66FD, 0x915D }, // U+66FD = 0x91 0x5D
    { 0x66FE, 0x915C }, // U+66FE = 0x91 0x5C
    { 0x66FF, 0x91D6 }, // U+66FF = 0x91 0xD6
    { 0x6700, 0x8DC5 }, // U+6700 = 0x8D 0xC5
    { 0x6703, 0x98F0 }, // U+6703 = 0x98 0xF0
    { 0x6708, 0x8C8E }, // U+6708 = 0x8C 0x8E
    { 0x6709, 0x974C }, // U+6709 = 0x97 0x4C
    { 0x670B, 0x95FC }, // U+670B = 0x95 0xFC
    { 0x670D, 0x959E }, // U+670D = 0x95 0x9E
    { 0x670E, 0xFADF }, // U+670E = 0xFA 0xDF
    { 0x670F, 0x9E4B }, // U+670F = 0x9E 0x4B
    { 0x6714, 0x8DF1 }, // U+6714 = 0x8D 0xF1
    { 0x6715, 0x92BD }, // U+6715 = 0x92 0xBD
    { 0x6716, 0x9E4C }, // U+6716 = 0x9E 0x4C
    { 0x6717, 0x984E }, // U+6717 = 0x98 0x4E
    { 0x671B, 0x965D }, // U+671B = 0x96 0x5D
    { 0x671D, 0x92A9 }, // U+671D = 0x92 0xA9
    { 0x671E, 0x9E4D }, // U+671E = 0x9E 0x4D
    { 0x671F, 0x8AFA }, // U+671F = 0x8A 0xFA
    { 0x6726, 0x9E4E }, // U+6726 = 0x9E 0x4E
    { 0x6727, 0x9E4F }, // U+6727 = 0x9E 0x4F
    { 0x6728, 0x96D8 }, // U+6728 = 0x96 0xD8
    { 0x672A, 0x96A2 }, // U+672A = 0x96 0xA2
    { 0x672B, 0x9696 }, // U+672B = 0x96 0x96
    { 0x672C, 0x967B }, // U+672C = 0x96 0x7B
    { 0x672D, 0x8E44 }, // U+672D = 0x8E 0x44
    { 0x672E, 0x9E51 }, // U+672E = 0x9E 0x51
    { 0x6731, 0x8EE9 }, // U+6731 = 0x8E 0xE9
    { 0x6734, 0x9670 }, // U+6734 = 0x96 0x70
    { 0x6736, 0x9E53 }, // U+6736 = 0x9E 0x53
    { 0x6737, 0x9E56 }, // U+6737 = 0x9E 0x56
    { 0x6738, 0x9E55 }, // U+6738 = 0x9E 0x55
    { 0x673A, 0x8AF7 }, // U+673A = 0x8A 0xF7
    { 0x673D, 0x8B80 }, // U+673D = 0x8B 0x80
    { 0x673F, 0x9E52 }, // U+673F = 0x9E 0x52
    { 0x6741, 0x9E54 }, // U+6741 = 0x9E 0x54
    { 0x6746, 0x9E57 }, // U+6746 = 0x9E 0x57
    { 0x6749, 0x9099 }, // U+6749 = 0x90 0x99
    { 0x674E, 0x979B }, // U+674E = 0x97 0x9B
    { 0x674F, 0x88C7 }, // U+674F = 0x88 0xC7
    { 0x6750, 0x8DDE }, // U+6750 = 0x8D 0xDE
    { 0x6751, 0x91BA }, // U+6751 = 0x91 0xBA
    { 0x6753, 0x8EDB }, // U+6753 = 0x8E 0xDB
    { 0x6756, 0x8FF1 }, // U+6756 = 0x8F 0xF1
    { 0x6759, 0x9E5A }, // U+6759 = 0x9E 0x5A
    { 0x675C, 0x936D }, // U+675C = 0x93 0x6D
    { 0x675E, 0x9E58 }, // U+675E = 0x9E 0x58
    { 0x675F, 0x91A9 }, // U+675F = 0x91 0xA9
    { 0x6760, 0x9E59 }, // U+6760 = 0x9E 0x59
    { 0x6761, 0x8FF0 }, // U+6761 = 0x8F 0xF0
    { 0x6762, 0x96DB }, // U+6762 = 0x96 0xDB
    { 0x6763, 0x9E5B }, // U+6763 = 0x9E 0x5B
    { 0x6764, 0x9E5C }, // U+6764 = 0x9E 0x5C
    { 0x6765, 0x9788 }, // U+6765 = 0x97 0x88
    { 0x6766, 0xFAE1 }, // U+6766 = 0xFA 0xE1
    { 0x676A, 0x9E61 }, // U+676A = 0x9E 0x61
    { 0x676D, 0x8D59 }, // U+676D = 0x8D 0x59
    { 0x676F, 0x9474 }, // U+676F = 0x94 0x74
    { 0x6770, 0x9E5E }, // U+6770 = 0x9E 0x5E
    { 0x6771, 0x938C }, // U+6771 = 0x93 0x8C
    { 0x6772, 0x9DDC }, // U+6772 = 0x9D 0xDC
    { 0x6773, 0x9DE0 }, // U+6773 = 0x9D 0xE0
    { 0x6775, 0x8B6E }, // U+6775 = 0x8B 0x6E
    { 0x6777, 0x9466 }, // U+6777 = 0x94 0x66
    { 0x677C, 0x9E60 }, // U+677C = 0x9E 0x60
    { 0x677E, 0x8FBC }, // U+677E = 0x8F 0xBC
    { 0x677F, 0x94C2 }, // U+677F = 0x94 0xC2
    { 0x6785, 0x9E66 }, // U+6785 = 0x9E 0x66
    { 0x6787, 0x94F8 }, // U+6787 = 0x94 0xF8
    { 0x6789, 0x9E5D }, // U+6789 = 0x9E 0x5D
    { 0x678B, 0x9E63 }, // U+678B = 0x9E 0x63
    { 0x678C, 0x9E62 }, // U+678C = 0x9E 0x62
    { 0x6790, 0x90CD }, // U+6790 = 0x90 0xCD
    { 0x6795, 0x968D }, // U+6795 = 0x96 0x8D
    { 0x6797, 0x97D1 }, // U+6797 = 0x97 0xD1
    { 0x679A, 0x9687 }, // U+679A = 0x96 0x87
    { 0x679C, 0x89CA }, // U+679C = 0x89 0xCA
    { 0x679D, 0x8E7D }, // U+679D = 0x8E 0x7D
    { 0x67A0, 0x9867 }, // U+67A0 = 0x98 0x67
    { 0x67A1, 0x9E65 }, // U+67A1 = 0x9E 0x65
    { 0x67A2, 0x9095 }, // U+67A2 = 0x90 0x95
    { 0x67A6, 0x9E64 }, // U+67A6 = 0x9E 0x64
    { 0x67A9, 0x9E5F }, // U+67A9 = 0x9E 0x5F
    { 0x67AF, 0x8CCD }, // U+67AF = 0x8C 0xCD
    { 0x67B3, 0x9E6B }, // U+67B3 = 0x9E 0x6B
    { 0x67B4, 0x9E69 }, // U+67B4 = 0x9E 0x69
    { 0x67B6, 0x89CB }, // U+67B6 = 0x89 0xCB
    { 0x67B7, 0x9E67 }, // U+67B7 = 0x9E 0x67
    { 0x67B8, 0x9E6D }, // U+67B8 = 0x9E 0x6D
    { 0x67B9, 0x9E73 }, // U+67B9 = 0x9E 0x73
    { 0x67BB, 0xFAE2 }, // U+67BB = 0xFA 0xE2
    { 0x67C0, 0xFAE4 }, // U+67C0 = 0xFA 0xE4
    { 0x67C1, 0x91C6 }, // U+67C1 = 0x91 0xC6
    { 0x67C4, 0x95BF }, // U+67C4 = 0x95 0xBF
    { 0x67C6, 0x9E75 }, // U+67C6 = 0x9E 0x75
    { 0x67CA, 0x9541 }, // U+67CA = 0x95 0x41
    { 0x67CE, 0x9E74 }, // U+67CE = 0x9E 0x74
    { 0x67CF, 0x9490 }, // U+67CF = 0x94 0x90
    { 0x67D0, 0x965E }, // U+67D0 = 0x96 0x5E
    { 0x67D1, 0x8AB9 }, // U+67D1 = 0x8A 0xB9
    { 0x67D3, 0x90F5 }, // U+67D3 = 0x90 0xF5
    { 0x67D4, 0x8F5F }, // U+67D4 = 0x8F 0x5F
    { 0x67D8, 0x92D1 }, // U+67D8 = 0x92 0xD1
    { 0x67DA, 0x974D }, // U+67DA = 0x97 0x4D
    { 0x67DD, 0x9E70 }, // U+67DD = 0x9E 0x70
    { 0x67DE, 0x9E6F }, // U+67DE = 0x9E 0x6F
    { 0x67E2, 0x9E71 }, // U+67E2 = 0x9E 0x71
    { 0x67E4, 0x9E6E }, // U+67E4 = 0x9E 0x6E
    { 0x67E7, 0x9E76 }, // U+67E7 = 0x9E 0x76
    { 0x67E9, 0x9E6C }, // U+67E9 = 0x9E 0x6C
    { 0x67EC, 0x9E6A }, // U+67EC = 0x9E 0x6A
    { 0x67EE, 0x9E72 }, // U+67EE = 0x9E 0x72
    { 0x67EF, 0x9E68 }, // U+67EF = 0x9E 0x68
    { 0x67F1, 0x928C }, // U+67F1 = 0x92 0x8C
    { 0x67F3, 0x96F6 }, // U+67F3 = 0x96 0xF6
    { 0x67F4, 0x8EC4 }, // U+67F4 = 0x8E 0xC4
    { 0x67F5, 0x8DF2 }, // U+67F5 = 0x8D 0xF2
    { 0x67FB, 0x8DB8 }, // U+67FB = 0x8D 0xB8
    { 0x67FE, 0x968F }, // U+67FE = 0x96 0x8F
    { 0x67FF, 0x8A60 }, // U+67FF = 0x8A 0x60
    { 0x6801, 0xFAE5 }, // U+6801 = 0xFA 0xE5
    { 0x6802, 0x92CC }, // U+6802 = 0x92 0xCC
    { 0x6803, 0x93C8 }, // U+6803 = 0x93 0xC8
    { 0x6804, 0x8968 }, // U+6804 = 0x89 0x68
    { 0x6813, 0x90F0 }, // U+6813 = 0x90 0xF0
    { 0x6816, 0x90B2 }, // U+6816 = 0x90 0xB2
    { 0x6817, 0x8C49 }, // U+6817 = 0x8C 0x49
    { 0x681E, 0x9E78 }, // U+681E = 0x9E 0x78
    { 0x6821, 0x8D5A }, // U+6821 = 0x8D 0x5A
    { 0x6822, 0x8A9C }, // U+6822 = 0x8A 0x9C
    { 0x6829, 0x9E7A }, // U+6829 = 0x9E 0x7A
    { 0x682A, 0x8A94 }, // U+682A = 0x8A 0x94
    { 0x682B, 0x9E81 }, // U+682B = 0x9E 0x81
    { 0x6832, 0x9E7D }, // U+6832 = 0x9E 0x7D
    { 0x6834, 0x90F1 }, // U+6834 = 0x90 0xF1
    { 0x6838, 0x8A6A }, // U+6838 = 0x8A 0x6A
    { 0x6839, 0x8DAA }, // U+6839 = 0x8D 0xAA
    { 0x683C, 0x8A69 }, // U+683C = 0x8A 0x69
    { 0x683D, 0x8DCD }, // U+683D = 0x8D 0xCD
    { 0x6840, 0x9E7B }, // U+6840 = 0x9E 0x7B
    { 0x6841, 0x8C85 }, // U+6841 = 0x8C 0x85
    { 0x6842, 0x8C6A }, // U+6842 = 0x8C 0x6A
    { 0x6843, 0x938D }, // U+6843 = 0x93 0x8D
    { 0x6844, 0xFAE6 }, // U+6844 = 0xFA 0xE6
    { 0x6846, 0x9E79 }, // U+6846 = 0x9E 0x79
    { 0x6848, 0x88C4 }, // U+6848 = 0x88 0xC4
    { 0x684D, 0x9E7C }, // U+684D = 0x9E 0x7C
    { 0x684E, 0x9E7E }, // U+684E = 0x9E 0x7E
    { 0x6850, 0x8BCB }, // U+6850 = 0x8B 0xCB
    { 0x6851, 0x8C4B }, // U+6851 = 0x8C 0x4B
    { 0x6852, 0xFAE3 }, // U+6852 = 0xFA 0xE3
    { 0x6853, 0x8ABA }, // U+6853 = 0x8A 0xBA
    { 0x6854, 0x8B6A }, // U+6854 = 0x8B 0x6A
    { 0x6859, 0x9E82 }, // U+6859 = 0x9E 0x82
    { 0x685C, 0x8DF7 }, // U+685C = 0x8D 0xF7
    { 0x685D, 0x9691 }, // U+685D = 0x96 0x91
    { 0x685F, 0x8E56 }, // U+685F = 0x8E 0x56
    { 0x6863, 0x9E83 }, // U+6863 = 0x9E 0x83
    { 0x6867, 0x954F }, // U+6867 = 0x95 0x4F
    { 0x6874, 0x9E8F }, // U+6874 = 0x9E 0x8F
    { 0x6876, 0x89B1 }, // U+6876 = 0x89 0xB1
    { 0x6877, 0x9E84 }, // U+6877 = 0x9E 0x84
    { 0x687E, 0x9E95 }, // U+687E = 0x9E 0x95
    { 0x687F, 0x9E85 }, // U+687F = 0x9E 0x85
    { 0x6881, 0x97C0 }, // U+6881 = 0x97 0xC0
    { 0x6883, 0x9E8C }, // U+6883 = 0x9E 0x8C
    { 0x6885, 0x947E }, // U+6885 = 0x94 0x7E
    { 0x688D, 0x9E94 }, // U+688D = 0x9E 0x94
    { 0x688F, 0x9E87 }, // U+688F = 0x9E 0x87
    { 0x6893, 0x88B2 }, // U+6893 = 0x88 0xB2
    { 0x6894, 0x9E89 }, // U+6894 = 0x9E 0x89
    { 0x6897, 0x8D5B }, // U+6897 = 0x8D 0x5B
    { 0x689B, 0x9E8B }, // U+689B = 0x9E 0x8B
    { 0x689D, 0x9E8A }, // U+689D = 0x9E 0x8A
    { 0x689F, 0x9E86 }, // U+689F = 0x9E 0x86
    { 0x68A0, 0x9E91 }, // U+68A0 = 0x9E 0x91
    { 0x68A2, 0x8FBD }, // U+68A2 = 0x8F 0xBD
    { 0x68A6, 0x9AEB }, // U+68A6 = 0x9A 0xEB
    { 0x68A7, 0x8CE6 }, // U+68A7 = 0x8C 0xE6
    { 0x68A8, 0x979C }, // U+68A8 = 0x97 0x9C
    { 0x68AD, 0x9E88 }, // U+68AD = 0x9E 0x88
    { 0x68AF, 0x92F2 }, // U+68AF = 0x92 0xF2
    { 0x68B0, 0x8A42 }, // U+68B0 = 0x8A 0x42
    { 0x68B1, 0x8DAB }, // U+68B1 = 0x8D 0xAB
    { 0x68B3, 0x9E80 }, // U+68B3 = 0x9E 0x80
    { 0x68B5, 0x9E90 }, // U+68B5 = 0x9E 0x90
    { 0x68B6, 0x8A81 }, // U+68B6 = 0x8A 0x81
    { 0x68B9, 0x9E8E }, // U+68B9 = 0x9E 0x8E
    { 0x68BA, 0x9E92 }, // U+68BA = 0x9E 0x92
    { 0x68BC, 0x938E }, // U+68BC = 0x93 0x8E
    { 0x68C4, 0x8AFC }, // U+68C4 = 0x8A 0xFC
    { 0x68C6, 0x9EB0 }, // U+68C6 = 0x9E 0xB0
    { 0x68C8, 0xFA64 }, // U+68C8 = 0xFA 0x64
    { 0x68C9, 0x96C7 }, // U+68C9 = 0x96 0xC7
    { 0x68CA, 0x9E97 }, // U+68CA = 0x9E 0x97
    { 0x68CB, 0x8AFB }, // U+68CB = 0x8A 0xFB
    { 0x68CD, 0x9E9E }, // U+68CD = 0x9E 0x9E
    { 0x68CF, 0xFAE7 }, // U+68CF = 0xFA 0xE7
    { 0x68D2, 0x965F }, // U+68D2 = 0x96 0x5F
    { 0x68D4, 0x9E9F }, // U+68D4 = 0x9E 0x9F
    { 0x68D5, 0x9EA1 }, // U+68D5 = 0x9E 0xA1
    { 0x68D7, 0x9EA5 }, // U+68D7 = 0x9E 0xA5
    { 0x68D8, 0x9E99 }, // U+68D8 = 0x9E 0x99
    { 0x68DA, 0x9249 }, // U+68DA = 0x92 0x49
    { 0x68DF, 0x938F }, // U+68DF = 0x93 0x8F
    { 0x68E0, 0x9EA9 }, // U+68E0 = 0x9E 0xA9
    { 0x68E1, 0x9E9C }, // U+68E1 = 0x9E 0x9C
    { 0x68E3, 0x9EA6 }, // U+68E3 = 0x9E 0xA6
    { 0x68E7, 0x9EA0 }, // U+68E7 = 0x9E 0xA0
    { 0x68EE, 0x9058 }, // U+68EE = 0x90 0x58
    { 0x68EF, 0x9EAA }, // U+68EF = 0x9E 0xAA
    { 0x68F2, 0x90B1 }, // U+68F2 = 0x90 0xB1
    { 0x68F9, 0x9EA8 }, // U+68F9 = 0x9E 0xA8
    { 0x68FA, 0x8ABB }, // U+68FA = 0x8A 0xBB
    { 0x6900, 0x986F }, // U+6900 = 0x98 0x6F
    { 0x6901, 0x9E96 }, // U+6901 = 0x9E 0x96
    { 0x6904, 0x9EA4 }, // U+6904 = 0x9E 0xA4
    { 0x6905, 0x88D6 }, // U+6905 = 0x88 0xD6
    { 0x6908, 0x9E98 }, // U+6908 = 0x9E 0x98
    { 0x690B, 0x96B8 }, // U+690B = 0x96 0xB8
    { 0x690C, 0x9E9D }, // U+690C = 0x9E 0x9D
    { 0x690D, 0x9041 }, // U+690D = 0x90 0x41
    { 0x690E, 0x92C5 }, // U+690E = 0x92 0xC5
    { 0x690F, 0x9E93 }, // U+690F = 0x9E 0x93
    { 0x6912, 0x9EA3 }, // U+6912 = 0x9E 0xA3
    { 0x6919, 0x909A }, // U+6919 = 0x90 0x9A
    { 0x691A, 0x9EAD }, // U+691A = 0x9E 0xAD
    { 0x691B, 0x8A91 }, // U+691B = 0x8A 0x91
    { 0x691C, 0x8C9F }, // U+691C = 0x8C 0x9F
    { 0x6921, 0x9EAF }, // U+6921 = 0x9E 0xAF
    { 0x6922, 0x9E9A }, // U+6922 = 0x9E 0x9A
    { 0x6923, 0x9EAE }, // U+6923 = 0x9E 0xAE
    { 0x6925, 0x9EA7 }, // U+6925 = 0x9E 0xA7
    { 0x6926, 0x9E9B }, // U+6926 = 0x9E 0x9B
    { 0x6928, 0x9EAB }, // U+6928 = 0x9E 0xAB
    { 0x692A, 0x9EAC }, // U+692A = 0x9E 0xAC
    { 0x6930, 0x9EBD }, // U+6930 = 0x9E 0xBD
    { 0x6934, 0x93CC }, // U+6934 = 0x93 0xCC
    { 0x6936, 0x9EA2 }, // U+6936 = 0x9E 0xA2
    { 0x6939, 0x9EB9 }, // U+6939 = 0x9E 0xB9
    { 0x693D, 0x9EBB }, // U+693D = 0x9E 0xBB
    { 0x693F, 0x92D6 }, // U+693F = 0x92 0xD6
    { 0x694A, 0x976B }, // U+694A = 0x97 0x6B
    { 0x6953, 0x9596 }, // U+6953 = 0x95 0x96
    { 0x6954, 0x9EB6 }, // U+6954 = 0x9E 0xB6
    { 0x6955, 0x91C8 }, // U+6955 = 0x91 0xC8
    { 0x6959, 0x9EBC }, // U+6959 = 0x9E 0xBC
    { 0x695A, 0x915E }, // U+695A = 0x91 0x5E
    { 0x695C, 0x9EB3 }, // U+695C = 0x9E 0xB3
    { 0x695D, 0x9EC0 }, // U+695D = 0x9E 0xC0
    { 0x695E, 0x9EBF }, // U+695E = 0x9E 0xBF
    { 0x6960, 0x93ED }, // U+6960 = 0x93 0xED
    { 0x6961, 0x9EBE }, // U+6961 = 0x9E 0xBE
    { 0x6962, 0x93E8 }, // U+6962 = 0x93 0xE8
    { 0x6968, 0xFAE9 }, // U+6968 = 0xFA 0xE9
    { 0x696A, 0x9EC2 }, // U+696A = 0x9E 0xC2
    { 0x696B, 0x9EB5 }, // U+696B = 0x9E 0xB5
    { 0x696D, 0x8BC6 }, // U+696D = 0x8B 0xC6
    { 0x696E, 0x9EB8 }, // U+696E = 0x9E 0xB8
    { 0x696F, 0x8F7C }, // U+696F = 0x8F 0x7C
    { 0x6973, 0x9480 }, // U+6973 = 0x94 0x80
    { 0x6974, 0x9EBA }, // U+6974 = 0x9E 0xBA
    { 0x6975, 0x8BC9 }, // U+6975 = 0x8B 0xC9
    { 0x6977, 0x9EB2 }, // U+6977 = 0x9E 0xB2
    { 0x6978, 0x9EB4 }, // U+6978 = 0x9E 0xB4
    { 0x6979, 0x9EB1 }, // U+6979 = 0x9E 0xB1
    { 0x697C, 0x984F }, // U+697C = 0x98 0x4F
    { 0x697D, 0x8A79 }, // U+697D = 0x8A 0x79
    { 0x697E, 0x9EB7 }, // U+697E = 0x9E 0xB7
    { 0x6981, 0x9EC1 }, // U+6981 = 0x9E 0xC1
    { 0x6982, 0x8A54 }, // U+6982 = 0x8A 0x54
    { 0x698A, 0x8DE5 }, // U+698A = 0x8D 0xE5
    { 0x698E, 0x897C }, // U+698E = 0x89 0x7C
    { 0x6991, 0x9ED2 }, // U+6991 = 0x9E 0xD2
    { 0x6994, 0x9850 }, // U+6994 = 0x98 0x50
    { 0x6995, 0x9ED5 }, // U+6995 = 0x9E 0xD5
    { 0x6998, 0xFAEB }, // U+6998 = 0xFA 0xEB
    { 0x699B, 0x9059 }, // U+699B = 0x90 0x59
    { 0x699C, 0x9ED4 }, // U+699C = 0x9E 0xD4
    { 0x69A0, 0x9ED3 }, // U+69A0 = 0x9E 0xD3
    { 0x69A7, 0x9ED0 }, // U+69A7 = 0x9E 0xD0
    { 0x69AE, 0x9EC4 }, // U+69AE = 0x9E 0xC4
    { 0x69B1, 0x9EE1 }, // U+69B1 = 0x9E 0xE1
    { 0x69B2, 0x9EC3 }, // U+69B2 = 0x9E 0xC3
    { 0x69B4, 0x9ED6 }, // U+69B4 = 0x9E 0xD6
    { 0x69BB, 0x9ECE }, // U+69BB = 0x9E 0xCE
    { 0x69BE, 0x9EC9 }, // U+69BE = 0x9E 0xC9
    { 0x69BF, 0x9EC6 }, // U+69BF = 0x9E 0xC6
    { 0x69C1, 0x9EC7 }, // U+69C1 = 0x9E 0xC7
    { 0x69C3, 0x9ECF }, // U+69C3 = 0x9E 0xCF
    { 0x69C7, 0xEAA0 }, // U+69C7 = 0xEA 0xA0
    { 0x69CA, 0x9ECC }, // U+69CA = 0x9E 0xCC
    { 0x69CB, 0x8D5C }, // U+69CB = 0x8D 0x5C
    { 0x69CC, 0x92C6 }, // U+69CC = 0x92 0xC6
    { 0x69CD, 0x9184 }, // U+69CD = 0x91 0x84
    { 0x69CE, 0x9ECA }, // U+69CE = 0x9E 0xCA
    { 0x69D0, 0x9EC5 }, // U+69D0 = 0x9E 0xC5
    { 0x69D3, 0x9EC8 }, // U+69D3 = 0x9E 0xC8
    { 0x69D8, 0x976C }, // U+69D8 = 0x97 0x6C
    { 0x69D9, 0x968A }, // U+69D9 = 0x96 0x8A
    { 0x69DD, 0x9ECD }, // U+69DD = 0x9E 0xCD
    { 0x69DE, 0x9ED7 }, // U+69DE = 0x9E 0xD7
    { 0x69E2, 0xFAEC }, // U+69E2 = 0xFA 0xEC
    { 0x69E7, 0x9EDF }, // U+69E7 = 0x9E 0xDF
    { 0x69E8, 0x9ED8 }, // U+69E8 = 0x9E 0xD8
    { 0x69EB, 0x9EE5 }, // U+69EB = 0x9E 0xE5
    { 0x69ED, 0x9EE3 }, // U+69ED = 0x9E 0xE3
    { 0x69F2, 0x9EDE }, // U+69F2 = 0x9E 0xDE
    { 0x69F9, 0x9EDD }, // U+69F9 = 0x9E 0xDD
    { 0x69FB, 0x92CE }, // U+69FB = 0x92 0xCE
    { 0x69FD, 0x9185 }, // U+69FD = 0x91 0x85
    { 0x69FF, 0x9EDB }, // U+69FF = 0x9E 0xDB
    { 0x6A02, 0x9ED9 }, // U+6A02 = 0x9E 0xD9
    { 0x6A05, 0x9EE0 }, // U+6A05 = 0x9E 0xE0
    { 0x6A0A, 0x9EE6 }, // U+6A0A = 0x9E 0xE6
    { 0x6A0B, 0x94F3 }, // U+6A0B = 0x94 0xF3
    { 0x6A0C, 0x9EEC }, // U+6A0C = 0x9E 0xEC
    { 0x6A12, 0x9EE7 }, // U+6A12 = 0x9E 0xE7
    { 0x6A13, 0x9EEA }, // U+6A13 = 0x9E 0xEA
    { 0x6A14, 0x9EE4 }, // U+6A14 = 0x9E 0xE4
    { 0x6A17, 0x9294 }, // U+6A17 = 0x92 0x94
    { 0x6A19, 0x9557 }, // U+6A19 = 0x95 0x57
    { 0x6A1B, 0x9EDA }, // U+6A1B = 0x9E 0xDA
    { 0x6A1E, 0x9EE2 }, // U+6A1E = 0x9E 0xE2
    { 0x6A1F, 0x8FBE }, // U+6A1F = 0x8F 0xBE
    { 0x6A21, 0x96CD }, // U+6A21 = 0x96 0xCD
    { 0x6A22, 0x9EF6 }, // U+6A22 = 0x9E 0xF6
    { 0x6A23, 0x9EE9 }, // U+6A23 = 0x9E 0xE9
    { 0x6A29, 0x8CA0 }, // U+6A29 = 0x8C 0xA0
    { 0x6A2A, 0x89A1 }, // U+6A2A = 0x89 0xA1
    { 0x6A2B, 0x8A7E }, // U+6A2B = 0x8A 0x7E
    { 0x6A2E, 0x9ED1 }, // U+6A2E = 0x9E 0xD1
    { 0x6A30, 0xFAED }, // U+6A30 = 0xFA 0xED
    { 0x6A35, 0x8FBF }, // U+6A35 = 0x8F 0xBF
    { 0x6A36, 0x9EEE }, // U+6A36 = 0x9E 0xEE
    { 0x6A38, 0x9EF5 }, // U+6A38 = 0x9E 0xF5
    { 0x6A39, 0x8EF7 }, // U+6A39 = 0x8E 0xF7
    { 0x6A3A, 0x8A92 }, // U+6A3A = 0x8A 0x92
    { 0x6A3D, 0x924D }, // U+6A3D = 0x92 0x4D
    { 0x6A44, 0x9EEB }, // U+6A44 = 0x9E 0xEB
    { 0x6A46, 0xFAEF }, // U+6A46 = 0xFA 0xEF
    { 0x6A47, 0x9EF0 }, // U+6A47 = 0x9E 0xF0
    { 0x6A48, 0x9EF4 }, // U+6A48 = 0x9E 0xF4
    { 0x6A4B, 0x8BB4 }, // U+6A4B = 0x8B 0xB4
    { 0x6A58, 0x8B6B }, // U+6A58 = 0x8B 0x6B
    { 0x6A59, 0x9EF2 }, // U+6A59 = 0x9E 0xF2
    { 0x6A5F, 0x8B40 }, // U+6A5F = 0x8B 0x40
    { 0x6A61, 0x93C9 }, // U+6A61 = 0x93 0xC9
    { 0x6A62, 0x9EF1 }, // U+6A62 = 0x9E 0xF1
    { 0x6A66, 0x9EF3 }, // U+6A66 = 0x9E 0xF3
    { 0x6A6B, 0xFAEE }, // U+6A6B = 0xFA 0xEE
    { 0x6A72, 0x9EED }, // U+6A72 = 0x9E 0xED
    { 0x6A73, 0xFAF0 }, // U+6A73 = 0xFA 0xF0
    { 0x6A78, 0x9EEF }, // U+6A78 = 0x9E 0xEF
    { 0x6A7E, 0xFAF1 }, // U+6A7E = 0xFA 0xF1
    { 0x6A7F, 0x8A80 }, // U+6A7F = 0x8A 0x80
    { 0x6A80, 0x9268 }, // U+6A80 = 0x92 0x68
    { 0x6A84, 0x9EFA }, // U+6A84 = 0x9E 0xFA
    { 0x6A8D, 0x9EF8 }, // U+6A8D = 0x9E 0xF8
    { 0x6A8E, 0x8CE7 }, // U+6A8E = 0x8C 0xE7
    { 0x6A90, 0x9EF7 }, // U+6A90 = 0x9E 0xF7
    { 0x6A97, 0x9F40 }, // U+6A97 = 0x9F 0x40
    { 0x6A9C, 0x9E77 }, // U+6A9C = 0x9E 0x77
    { 0x6AA0, 0x9EF9 }, // U+6AA0 = 0x9E 0xF9
    { 0x6AA2, 0x9EFB }, // U+6AA2 = 0x9E 0xFB
    { 0x6AA3, 0x9EFC }, // U+6AA3 = 0x9E 0xFC
    { 0x6AAA, 0x9F4B }, // U+6AAA = 0x9F 0x4B
    { 0x6AAC, 0x9F47 }, // U+6AAC = 0x9F 0x47
    { 0x6AAE, 0x9E8D }, // U+6AAE = 0x9E 0x8D
    { 0x6AB3, 0x9F46 }, // U+6AB3 = 0x9F 0x46
    { 0x6AB8, 0x9F45 }, // U+6AB8 = 0x9F 0x45
    { 0x6ABB, 0x9F42 }, // U+6ABB = 0x9F 0x42
    { 0x6AC1, 0x9EE8 }, // U+6AC1 = 0x9E 0xE8
    { 0x6AC2, 0x9F44 }, // U+6AC2 = 0x9F 0x44
    { 0x6AC3, 0x9F43 }, // U+6AC3 = 0x9F 0x43
    { 0x6AD1, 0x9F49 }, // U+6AD1 = 0x9F 0x49
    { 0x6AD3, 0x9845 }, // U+6AD3 = 0x98 0x45
    { 0x6ADA, 0x9F4C }, // U+6ADA = 0x9F 0x4C
    { 0x6ADB, 0x8BF9 }, // U+6ADB = 0x8B 0xF9
    { 0x6ADE, 0x9F48 }, // U+6ADE = 0x9F 0x48
    { 0x6ADF, 0x9F4A }, // U+6ADF = 0x9F 0x4A
    { 0x6AE2, 0xFAF2 }, // U+6AE2 = 0xFA 0xF2
    { 0x6AE4, 0xFAF3 }, // U+6AE4 = 0xFA 0xF3
    { 0x6AE8, 0x94A5 }, // U+6AE8 = 0x94 0xA5
    { 0x6AEA, 0x9F4D }, // U+6AEA = 0x9F 0x4D
    { 0x6AFA, 0x9F51 }, // U+6AFA = 0x9F 0x51
    { 0x6AFB, 0x9F4E }, // U+6AFB = 0x9F 0x4E
    { 0x6B04, 0x9793 }, // U+6B04 = 0x97 0x93
    { 0x6B05, 0x9F4F }, // U+6B05 = 0x9F 0x4F
    { 0x6B0A, 0x9EDC }, // U+6B0A = 0x9E 0xDC
    { 0x6B12, 0x9F52 }, // U+6B12 = 0x9F 0x52
    { 0x6B16, 0x9F53 }, // U+6B16 = 0x9F 0x53
    { 0x6B1D, 0x8954 }, // U+6B1D = 0x89 0x54
    { 0x6B1F, 0x9F55 }, // U+6B1F = 0x9F 0x55
    { 0x6B20, 0x8C87 }, // U+6B20 = 0x8C 0x87
    { 0x6B21, 0x8E9F }, // U+6B21 = 0x8E 0x9F
    { 0x6B23, 0x8BD3 }, // U+6B23 = 0x8B 0xD3
    { 0x6B27, 0x89A2 }, // U+6B27 = 0x89 0xA2
    { 0x6B32, 0x977E }, // U+6B32 = 0x97 0x7E
    { 0x6B37, 0x9F57 }, // U+6B37 = 0x9F 0x57
    { 0x6B38, 0x9F56 }, // U+6B38 = 0x9F 0x56
    { 0x6B39, 0x9F59 }, // U+6B39 = 0x9F 0x59
    { 0x6B3A, 0x8B5C }, // U+6B3A = 0x8B 0x5C
    { 0x6B3D, 0x8BD4 }, // U+6B3D = 0x8B 0xD4
    { 0x6B3E, 0x8ABC }, // U+6B3E = 0x8A 0xBC
    { 0x6B43, 0x9F5C }, // U+6B43 = 0x9F 0x5C
    { 0x6B47, 0x9F5B }, // U+6B47 = 0x9F 0x5B
    { 0x6B49, 0x9F5D }, // U+6B49 = 0x9F 0x5D
    { 0x6B4C, 0x89CC }, // U+6B4C = 0x89 0xCC
    { 0x6B4E, 0x9256 }, // U+6B4E = 0x92 0x56
    { 0x6B50, 0x9F5E }, // U+6B50 = 0x9F 0x5E
    { 0x6B53, 0x8ABD }, // U+6B53 = 0x8A 0xBD
    { 0x6B54, 0x9F60 }, // U+6B54 = 0x9F 0x60
    { 0x6B59, 0x9F5F }, // U+6B59 = 0x9F 0x5F
    { 0x6B5B, 0x9F61 }, // U+6B5B = 0x9F 0x61
    { 0x6B5F, 0x9F62 }, // U+6B5F = 0x9F 0x62
    { 0x6B61, 0x9F63 }, // U+6B61 = 0x9F 0x63
    { 0x6B62, 0x8E7E }, // U+6B62 = 0x8E 0x7E
    { 0x6B63, 0x90B3 }, // U+6B63 = 0x90 0xB3
    { 0x6B64, 0x8D9F }, // U+6B64 = 0x8D 0x9F
    { 0x6B66, 0x9590 }, // U+6B66 = 0x95 0x90
    { 0x6B69, 0x95E0 }, // U+6B69 = 0x95 0xE0
    { 0x6B6A, 0x9863 }, // U+6B6A = 0x98 0x63
    { 0x6B6F, 0x8E95 }, // U+6B6F = 0x8E 0x95
    { 0x6B73, 0x8DCE }, // U+6B73 = 0x8D 0xCE
    { 0x6B74, 0x97F0 }, // U+6B74 = 0x97 0xF0
    { 0x6B78, 0x9F64 }, // U+6B78 = 0x9F 0x64
    { 0x6B79, 0x9F65 }, // U+6B79 = 0x9F 0x65
    { 0x6B7B, 0x8E80 }, // U+6B7B = 0x8E 0x80
    { 0x6B7F, 0x9F66 }, // U+6B7F = 0x9F 0x66
    { 0x6B80, 0x9F67 }, // U+6B80 = 0x9F 0x67
    { 0x6B83, 0x9F69 }, // U+6B83 = 0x9F 0x69
    { 0x6B84, 0x9F68 }, // U+6B84 = 0x9F 0x68
    { 0x6B86, 0x9677 }, // U+6B86 = 0x96 0x77
    { 0x6B89, 0x8F7D }, // U+6B89 = 0x8F 0x7D
    { 0x6B8A, 0x8EEA }, // U+6B8A = 0x8E 0xEA
    { 0x6B8B, 0x8E63 }, // U+6B8B = 0x8E 0x63
    { 0x6B8D, 0x9F6A }, // U+6B8D = 0x9F 0x6A
    { 0x6B95, 0x9F6C }, // U+6B95 = 0x9F 0x6C
    { 0x6B96, 0x9042 }, // U+6B96 = 0x90 0x42
    { 0x6B98, 0x9F6B }, // U+6B98 = 0x9F 0x6B
    { 0x6B9E, 0x9F6D }, // U+6B9E = 0x9F 0x6D
    { 0x6BA4, 0x9F6E }, // U+6BA4 = 0x9F 0x6E
    { 0x6BAA, 0x9F6F }, // U+6BAA = 0x9F 0x6F
    { 0x6BAB, 0x9F70 }, // U+6BAB = 0x9F 0x70
    { 0x6BAF, 0x9F71 }, // U+6BAF = 0x9F 0x71
    { 0x6BB1, 0x9F73 }, // U+6BB1 = 0x9F 0x73
    { 0x6BB2, 0x9F72 }, // U+6BB2 = 0x9F 0x72
    { 0x6BB3, 0x9F74 }, // U+6BB3 = 0x9F 0x74
    { 0x6BB4, 0x89A3 }, // U+6BB4 = 0x89 0xA3
    { 0x6BB5, 0x9269 }, // U+6BB5 = 0x92 0x69
    { 0x6BB7, 0x9F75 }, // U+6BB7 = 0x9F 0x75
    { 0x6BBA, 0x8E45 }, // U+6BBA = 0x8E 0x45
    { 0x6BBB, 0x8A6B }, // U+6BBB = 0x8A 0x6B
    { 0x6BBC, 0x9F76 }, // U+6BBC = 0x9F 0x76
    { 0x6BBF, 0x9361 }, // U+6BBF = 0x93 0x61
    { 0x6BC0, 0x9ACA }, // U+6BC0 = 0x9A 0xCA
    { 0x6BC5, 0x8B42 }, // U+6BC5 = 0x8B 0x42
    { 0x6BC6, 0x9F77 }, // U+6BC6 = 0x9F 0x77
    { 0x6BCB, 0x9F78 }, // U+6BCB = 0x9F 0x78
    { 0x6BCD, 0x95EA }, // U+6BCD = 0x95 0xEA
    { 0x6BCE, 0x9688 }, // U+6BCE = 0x96 0x88
    { 0x6BD2, 0x93C5 }, // U+6BD2 = 0x93 0xC5
    { 0x6BD3, 0x9F79 }, // U+6BD3 = 0x9F 0x79
    { 0x6BD4, 0x94E4 }, // U+6BD4 = 0x94 0xE4
    { 0x6BD6, 0xFAF4 }, // U+6BD6 = 0xFA 0xF4
    { 0x6BD8, 0x94F9 }, // U+6BD8 = 0x94 0xF9
    { 0x6BDB, 0x96D1 }, // U+6BDB = 0x96 0xD1
    { 0x6BDF, 0x9F7A }, // U+6BDF = 0x9F 0x7A
    { 0x6BEB, 0x9F7C }, // U+6BEB = 0x9F 0x7C
    { 0x6BEC, 0x9F7B }, // U+6BEC = 0x9F 0x7B
    { 0x6BEF, 0x9F7E }, // U+6BEF = 0x9F 0x7E
    { 0x6BF3, 0x9F7D }, // U+6BF3 = 0x9F 0x7D
    { 0x6C08, 0x9F81 }, // U+6C08 = 0x9F 0x81
    { 0x6C0F, 0x8E81 }, // U+6C0F = 0x8E 0x81
    { 0x6C11, 0x96AF }, // U+6C11 = 0x96 0xAF
    { 0x6C13, 0x9F82 }, // U+6C13 = 0x9F 0x82
    { 0x6C14, 0x9F83 }, // U+6C14 = 0x9F 0x83
    { 0x6C17, 0x8B43 }, // U+6C17 = 0x8B 0x43
    { 0x6C1B, 0x9F84 }, // U+6C1B = 0x9F 0x84
    { 0x6C23, 0x9F86 }, // U+6C23 = 0x9F 0x86
    { 0x6C24, 0x9F85 }, // U+6C24 = 0x9F 0x85
    { 0x6C34, 0x9085 }, // U+6C34 = 0x90 0x85
    { 0x6C37, 0x9558 }, // U+6C37 = 0x95 0x58
    { 0x6C38, 0x8969 }, // U+6C38 = 0x89 0x69
    { 0x6C3E, 0x94C3 }, // U+6C3E = 0x94 0xC3
    { 0x6C3F, 0xFAF5 }, // U+6C3F = 0xFA 0xF5
    { 0x6C40, 0x92F3 }, // U+6C40 = 0x92 0xF3
    { 0x6C41, 0x8F60 }, // U+6C41 = 0x8F 0x60
    { 0x6C42, 0x8B81 }, // U+6C42 = 0x8B 0x81
    { 0x6C4E, 0x94C4 }, // U+6C4E = 0x94 0xC4
    { 0x6C50, 0x8EAC }, // U+6C50 = 0x8E 0xAC
    { 0x6C55, 0x9F88 }, // U+6C55 = 0x9F 0x88
    { 0x6C57, 0x8ABE }, // U+6C57 = 0x8A 0xBE
    { 0x6C5A, 0x8998 }, // U+6C5A = 0x89 0x98
    { 0x6C5C, 0xFAF6 }, // U+6C5C = 0xFA 0xF6
    { 0x6C5D, 0x93F0 }, // U+6C5D = 0x93 0xF0
    { 0x6C5E, 0x9F87 }, // U+6C5E = 0x9F 0x87
    { 0x6C5F, 0x8D5D }, // U+6C5F = 0x8D 0x5D
    { 0x6C60, 0x9272 }, // U+6C60 = 0x92 0x72
    { 0x6C62, 0x9F89 }, // U+6C62 = 0x9F 0x89
    { 0x6C68, 0x9F91 }, // U+6C68 = 0x9F 0x91
    { 0x6C6A, 0x9F8A }, // U+6C6A = 0x9F 0x8A
    { 0x6C6F, 0xFAF8 }, // U+6C6F = 0xFA 0xF8
    { 0x6C70, 0x91BF }, // U+6C70 = 0x91 0xBF
    { 0x6C72, 0x8B82 }, // U+6C72 = 0x8B 0x82
    { 0x6C73, 0x9F92 }, // U+6C73 = 0x9F 0x92
    { 0x6C7A, 0x8C88 }, // U+6C7A = 0x8C 0x88
    { 0x6C7D, 0x8B44 }, // U+6C7D = 0x8B 0x44
    { 0x6C7E, 0x9F90 }, // U+6C7E = 0x9F 0x90
    { 0x6C81, 0x9F8E }, // U+6C81 = 0x9F 0x8E
    { 0x6C82, 0x9F8B }, // U+6C82 = 0x9F 0x8B
    { 0x6C83, 0x9780 }, // U+6C83 = 0x97 0x80
    { 0x6C86, 0xFAF7 }, // U+6C86 = 0xFA 0xF7
    { 0x6C88, 0x92BE }, // U+6C88 = 0x92 0xBE
    { 0x6C8C, 0x93D7 }, // U+6C8C = 0x93 0xD7
    { 0x6C8D, 0x9F8C }, // U+6C8D = 0x9F 0x8C
    { 0x6C90, 0x9F94 }, // U+6C90 = 0x9F 0x94
    { 0x6C92, 0x9F93 }, // U+6C92 = 0x9F 0x93
    { 0x6C93, 0x8C42 }, // U+6C93 = 0x8C 0x42
    { 0x6C96, 0x89AB }, // U+6C96 = 0x89 0xAB
    { 0x6C99, 0x8DB9 }, // U+6C99 = 0x8D 0xB9
    { 0x6C9A, 0x9F8D }, // U+6C9A = 0x9F 0x8D
    { 0x6C9B, 0x9F8F }, // U+6C9B = 0x9F 0x8F
    { 0x6CA1, 0x9676 }, // U+6CA1 = 0x96 0x76
    { 0x6CA2, 0x91F2 }, // U+6CA2 = 0x91 0xF2
    { 0x6CAB, 0x9697 }, // U+6CAB = 0x96 0x97
    { 0x6CAE, 0x9F9C }, // U+6CAE = 0x9F 0x9C
    { 0x6CB1, 0x9F9D }, // U+6CB1 = 0x9F 0x9D
    { 0x6CB3, 0x89CD }, // U+6CB3 = 0x89 0xCD
    { 0x6CB8, 0x95A6 }, // U+6CB8 = 0x95 0xA6
    { 0x6CB9, 0x96FB }, // U+6CB9 = 0x96 0xFB
    { 0x6CBA, 0x9F9F }, // U+6CBA = 0x9F 0x9F
    { 0x6CBB, 0x8EA1 }, // U+6CBB = 0x8E 0xA1
    { 0x6CBC, 0x8FC0 }, // U+6CBC = 0x8F 0xC0
    { 0x6CBD, 0x9F98 }, // U+6CBD = 0x9F 0x98
    { 0x6CBE, 0x9F9E }, // U+6CBE = 0x9F 0x9E
    { 0x6CBF, 0x8988 }, // U+6CBF = 0x89 0x88
    { 0x6CC1, 0x8BB5 }, // U+6CC1 = 0x8B 0xB5
    { 0x6CC4, 0x9F95 }, // U+6CC4 = 0x9F 0x95
    { 0x6CC5, 0x9F9A }, // U+6CC5 = 0x9F 0x9A
    { 0x6CC9, 0x90F2 }, // U+6CC9 = 0x90 0xF2
    { 0x6CCA, 0x9491 }, // U+6CCA = 0x94 0x91
    { 0x6CCC, 0x94E5 }, // U+6CCC = 0x94 0xE5
    { 0x6CD3, 0x9F97 }, // U+6CD3 = 0x9F 0x97
    { 0x6CD5, 0x9640 }, // U+6CD5 = 0x96 0x40
    { 0x6CD7, 0x9F99 }, // U+6CD7 = 0x9F 0x99
    { 0x6CD9, 0x9FA2 }, // U+6CD9 = 0x9F 0xA2
    { 0x6CDA, 0xFAF9 }, // U+6CDA = 0xFA 0xF9
    { 0x6CDB, 0x9FA0 }, // U+6CDB = 0x9F 0xA0
    { 0x6CDD, 0x9F9B }, // U+6CDD = 0x9F 0x9B
    { 0x6CE1, 0x9641 }, // U+6CE1 = 0x96 0x41
    { 0x6CE2, 0x9467 }, // U+6CE2 = 0x94 0x67
    { 0x6CE3, 0x8B83 }, // U+6CE3 = 0x8B 0x83
    { 0x6CE5, 0x9344 }, // U+6CE5 = 0x93 0x44
    { 0x6CE8, 0x928D }, // U+6CE8 = 0x92 0x8D
    { 0x6CEA, 0x9FA3 }, // U+6CEA = 0x9F 0xA3
    { 0x6CEF, 0x9FA1 }, // U+6CEF = 0x9F 0xA1
    { 0x6CF0, 0x91D7 }, // U+6CF0 = 0x91 0xD7
    { 0x6CF1, 0x9F96 }, // U+6CF1 = 0x9F 0x96
    { 0x6CF3, 0x896A }, // U+6CF3 = 0x89 0x6A
    { 0x6D04, 0xFAFA }, // U+6D04 = 0xFA 0xFA
    { 0x6D0B, 0x976D }, // U+6D0B = 0x97 0x6D
    { 0x6D0C, 0x9FAE }, // U+6D0C = 0x9F 0xAE
    { 0x6D12, 0x9FAD }, // U+6D12 = 0x9F 0xAD
    { 0x6D17, 0x90F4 }, // U+6D17 = 0x90 0xF4
    { 0x6D19, 0x9FAA }, // U+6D19 = 0x9F 0xAA
    { 0x6D1B, 0x978C }, // U+6D1B = 0x97 0x8C
    { 0x6D1E, 0x93B4 }, // U+6D1E = 0x93 0xB4
    { 0x6D1F, 0x9FA4 }, // U+6D1F = 0x9F 0xA4
    { 0x6D25, 0x92C3 }, // U+6D25 = 0x92 0xC3
    { 0x6D29, 0x896B }, // U+6D29 = 0x89 0x6B
    { 0x6D2A, 0x8D5E }, // U+6D2A = 0x8D 0x5E
    { 0x6D2B, 0x9FA7 }, // U+6D2B = 0x9F 0xA7
    { 0x6D32, 0x8F46 }, // U+6D32 = 0x8F 0x46
    { 0x6D33, 0x9FAC }, // U+6D33 = 0x9F 0xAC
    { 0x6D35, 0x9FAB }, // U+6D35 = 0x9F 0xAB
    { 0x6D36, 0x9FA6 }, // U+6D36 = 0x9F 0xA6
    { 0x6D38, 0x9FA9 }, // U+6D38 = 0x9F 0xA9
    { 0x6D3B, 0x8A88 }, // U+6D3B = 0x8A 0x88
    { 0x6D3D, 0x9FA8 }, // U+6D3D = 0x9F 0xA8
    { 0x6D3E, 0x9468 }, // U+6D3E = 0x94 0x68
    { 0x6D41, 0x97AC }, // U+6D41 = 0x97 0xAC
    { 0x6D44, 0x8FF2 }, // U+6D44 = 0x8F 0xF2
    { 0x6D45, 0x90F3 }, // U+6D45 = 0x90 0xF3
    { 0x6D59, 0x9FB4 }, // U+6D59 = 0x9F 0xB4
    { 0x6D5A, 0x9FB2 }, // U+6D5A = 0x9F 0xB2
    { 0x6D5C, 0x956C }, // U+6D5C = 0x95 0x6C
    { 0x6D63, 0x9FAF }, // U+6D63 = 0x9F 0xAF
    { 0x6D64, 0x9FB1 }, // U+6D64 = 0x9F 0xB1
    { 0x6D66, 0x8959 }, // U+6D66 = 0x89 0x59
    { 0x6D69, 0x8D5F }, // U+6D69 = 0x8D 0x5F
    { 0x6D6A, 0x9851 }, // U+6D6A = 0x98 0x51
    { 0x6D6C, 0x8A5C }, // U+6D6C = 0x8A 0x5C
    { 0x6D6E, 0x9582 }, // U+6D6E = 0x95 0x82
    { 0x6D6F, 0xFAFC }, // U+6D6F = 0xFA 0xFC
    { 0x6D74, 0x9781 }, // U+6D74 = 0x97 0x81
    { 0x6D77, 0x8A43 }, // U+6D77 = 0x8A 0x43
    { 0x6D78, 0x905A }, // U+6D78 = 0x90 0x5A
    { 0x6D79, 0x9FB3 }, // U+6D79 = 0x9F 0xB3
    { 0x6D85, 0x9FB8 }, // U+6D85 = 0x9F 0xB8
    { 0x6D87, 0xFAFB }, // U+6D87 = 0xFA 0xFB
    { 0x6D88, 0x8FC1 }, // U+6D88 = 0x8F 0xC1
    { 0x6D8C, 0x974F }, // U+6D8C = 0x97 0x4F
    { 0x6D8E, 0x9FB5 }, // U+6D8E = 0x9F 0xB5
    { 0x6D93, 0x9FB0 }, // U+6D93 = 0x9F 0xB0
    { 0x6D95, 0x9FB6 }, // U+6D95 = 0x9F 0xB6
    { 0x6D96, 0xFB40 }, // U+6D96 = 0xFB 0x40
    { 0x6D99, 0x97DC }, // U+6D99 = 0x97 0xDC
    { 0x6D9B, 0x9393 }, // U+6D9B = 0x93 0x93
    { 0x6D9C, 0x93C0 }, // U+6D9C = 0x93 0xC0
    { 0x6DAC, 0xFB41 }, // U+6DAC = 0xFB 0x41
    { 0x6DAF, 0x8A55 }, // U+6DAF = 0x8A 0x55
    { 0x6DB2, 0x8974 }, // U+6DB2 = 0x89 0x74
    { 0x6DB5, 0x9FBC }, // U+6DB5 = 0x9F 0xBC
    { 0x6DB8, 0x9FBF }, // U+6DB8 = 0x9F 0xBF
    { 0x6DBC, 0x97C1 }, // U+6DBC = 0x97 0xC1
    { 0x6DC0, 0x9784 }, // U+6DC0 = 0x97 0x84
    { 0x6DC5, 0x9FC6 }, // U+6DC5 = 0x9F 0xC6
    { 0x6DC6, 0x9FC0 }, // U+6DC6 = 0x9F 0xC0
    { 0x6DC7, 0x9FBD }, // U+6DC7 = 0x9F 0xBD
    { 0x6DCB, 0x97D2 }, // U+6DCB = 0x97 0xD2
    { 0x6DCC, 0x9FC3 }, // U+6DCC = 0x9F 0xC3
    { 0x6DCF, 0xFB42 }, // U+6DCF = 0xFB 0x42
    { 0x6DD1, 0x8F69 }, // U+6DD1 = 0x8F 0x69
    { 0x6DD2, 0x9FC5 }, // U+6DD2 = 0x9F 0xC5
    { 0x6DD5, 0x9FCA }, // U+6DD5 = 0x9F 0xCA
    { 0x6DD8, 0x9391 }, // U+6DD8 = 0x93 0x91
    { 0x6DD9, 0x9FC8 }, // U+6DD9 = 0x9F 0xC8
    { 0x6DDE, 0x9FC2 }, // U+6DDE = 0x9F 0xC2
    { 0x6DE1, 0x9257 }, // U+6DE1 = 0x92 0x57
    { 0x6DE4, 0x9FC9 }, // U+6DE4 = 0x9F 0xC9
    { 0x6DE6, 0x9FBE }, // U+6DE6 = 0x9F 0xBE
    { 0x6DE8, 0x9FC4 }, // U+6DE8 = 0x9F 0xC4
    { 0x6DEA, 0x9FCB }, // U+6DEA = 0x9F 0xCB
    { 0x6DEB, 0x88FA }, // U+6DEB = 0x88 0xFA
    { 0x6DEC, 0x9FC1 }, // U+6DEC = 0x9F 0xC1
    { 0x6DEE, 0x9FCC }, // U+6DEE = 0x9F 0xCC
    { 0x6DF1, 0x905B }, // U+6DF1 = 0x90 0x5B
    { 0x6DF2, 0xFB44 }, // U+6DF2 = 0xFB 0x44
    { 0x6DF3, 0x8F7E }, // U+6DF3 = 0x8F 0x7E
    { 0x6DF5, 0x95A3 }, // U+6DF5 = 0x95 0xA3
    { 0x6DF7, 0x8DAC }, // U+6DF7 = 0x8D 0xAC
    { 0x6DF8, 0xFB43 }, // U+6DF8 = 0xFB 0x43
    { 0x6DF9, 0x9FB9 }, // U+6DF9 = 0x9F 0xB9
    { 0x6DFA, 0x9FC7 }, // U+6DFA = 0x9F 0xC7
    { 0x6DFB, 0x9359 }, // U+6DFB = 0x93 0x59
    { 0x6DFC, 0xFB45 }, // U+6DFC = 0xFB 0x45
    { 0x6E05, 0x90B4 }, // U+6E05 = 0x90 0xB4
    { 0x6E07, 0x8A89 }, // U+6E07 = 0x8A 0x89
    { 0x6E08, 0x8DCF }, // U+6E08 = 0x8D 0xCF
    { 0x6E09, 0x8FC2 }, // U+6E09 = 0x8F 0xC2
    { 0x6E0A, 0x9FBB }, // U+6E0A = 0x9F 0xBB
    { 0x6E0B, 0x8F61 }, // U+6E0B = 0x8F 0x61
    { 0x6E13, 0x8C6B }, // U+6E13 = 0x8C 0x6B
    { 0x6E15, 0x9FBA }, // U+6E15 = 0x9F 0xBA
    { 0x6E19, 0x9FD0 }, // U+6E19 = 0x9F 0xD0
    { 0x6E1A, 0x8F8D }, // U+6E1A = 0x8F 0x8D
    { 0x6E1B, 0x8CB8 }, // U+6E1B = 0x8C 0xB8
    { 0x6E1D, 0x9FDF }, // U+6E1D = 0x9F 0xDF
    { 0x6E1F, 0x9FD9 }, // U+6E1F = 0x9F 0xD9
    { 0x6E20, 0x8B94 }, // U+6E20 = 0x8B 0x94
    { 0x6E21, 0x936E }, // U+6E21 = 0x93 0x6E
    { 0x6E23, 0x9FD4 }, // U+6E23 = 0x9F 0xD4
    { 0x6E24, 0x9FDD }, // U+6E24 = 0x9F 0xDD
    { 0x6E25, 0x88AD }, // U+6E25 = 0x88 0xAD
    { 0x6E26, 0x8951 }, // U+6E26 = 0x89 0x51
    { 0x6E27, 0xFB48 }, // U+6E27 = 0xFB 0x48
    { 0x6E29, 0x89B7 }, // U+6E29 = 0x89 0xB7
    { 0x6E2B, 0x9FD6 }, // U+6E2B = 0x9F 0xD6
    { 0x6E2C, 0x91AA }, // U+6E2C = 0x91 0xAA
    { 0x6E2D, 0x9FCD }, // U+6E2D = 0x9F 0xCD
    { 0x6E2E, 0x9FCF }, // U+6E2E = 0x9F 0xCF
    { 0x6E2F, 0x8D60 }, // U+6E2F = 0x8D 0x60
    { 0x6E38, 0x9FE0 }, // U+6E38 = 0x9F 0xE0
    { 0x6E39, 0xFB46 }, // U+6E39 = 0xFB 0x46
    { 0x6E3A, 0x9FDB }, // U+6E3A = 0x9F 0xDB
    { 0x6E3C, 0xFB49 }, // U+6E3C = 0xFB 0x49
    { 0x6E3E, 0x9FD3 }, // U+6E3E = 0x9F 0xD3
    { 0x6E43, 0x9FDA }, // U+6E43 = 0x9F 0xDA
    { 0x6E4A, 0x96A9 }, // U+6E4A = 0x96 0xA9
    { 0x6E4D, 0x9FD8 }, // U+6E4D = 0x9F 0xD8
    { 0x6E4E, 0x9FDC }, // U+6E4E = 0x9F 0xDC
    { 0x6E56, 0x8CCE }, // U+6E56 = 0x8C 0xCE
    { 0x6E58, 0x8FC3 }, // U+6E58 = 0x8F 0xC3
    { 0x6E5B, 0x9258 }, // U+6E5B = 0x92 0x58
    { 0x6E5C, 0xFB47 }, // U+6E5C = 0xFB 0x47
    { 0x6E5F, 0x9FD2 }, // U+6E5F = 0x9F 0xD2
    { 0x6E67, 0x974E }, // U+6E67 = 0x97 0x4E
    { 0x6E6B, 0x9FD5 }, // U+6E6B = 0x9F 0xD5
    { 0x6E6E, 0x9FCE }, // U+6E6E = 0x9F 0xCE
    { 0x6E6F, 0x9392 }, // U+6E6F = 0x93 0x92
    { 0x6E72, 0x9FD1 }, // U+6E72 = 0x9F 0xD1
    { 0x6E76, 0x9FD7 }, // U+6E76 = 0x9F 0xD7
    { 0x6E7E, 0x9870 }, // U+6E7E = 0x98 0x70
    { 0x6E7F, 0x8EBC }, // U+6E7F = 0x8E 0xBC
    { 0x6E80, 0x969E }, // U+6E80 = 0x96 0x9E
    { 0x6E82, 0x9FE1 }, // U+6E82 = 0x9F 0xE1
    { 0x6E8C, 0x94AC }, // U+6E8C = 0x94 0xAC
    { 0x6E8F, 0x9FED }, // U+6E8F = 0x9F 0xED
    { 0x6E90, 0x8CB9 }, // U+6E90 = 0x8C 0xB9
    { 0x6E96, 0x8F80 }, // U+6E96 = 0x8F 0x80
    { 0x6E98, 0x9FE3 }, // U+6E98 = 0x9F 0xE3
    { 0x6E9C, 0x97AD }, // U+6E9C = 0x97 0xAD
    { 0x6E9D, 0x8D61 }, // U+6E9D = 0x8D 0x61
    { 0x6E9F, 0x9FF0 }, // U+6E9F = 0x9F 0xF0
    { 0x6EA2, 0x88EC }, // U+6EA2 = 0x88 0xEC
    { 0x6EA5, 0x9FEE }, // U+6EA5 = 0x9F 0xEE
    { 0x6EAA, 0x9FE2 }, // U+6EAA = 0x9F 0xE2
    { 0x6EAF, 0x9FE8 }, // U+6EAF = 0x9F 0xE8
    { 0x6EB2, 0x9FEA }, // U+6EB2 = 0x9F 0xEA
    { 0x6EB6, 0x976E }, // U+6EB6 = 0x97 0x6E
    { 0x6EB7, 0x9FE5 }, // U+6EB7 = 0x9F 0xE5
    { 0x6EBA, 0x934D }, // U+6EBA = 0x93 0x4D
    { 0x6EBD, 0x9FE7 }, // U+6EBD = 0x9F 0xE7
    { 0x6EBF, 0xFB4A }, // U+6EBF = 0xFB 0x4A
    { 0x6EC2, 0x9FEF }, // U+6EC2 = 0x9F 0xEF
    { 0x6EC4, 0x9FE9 }, // U+6EC4 = 0x9F 0xE9
    { 0x6EC5, 0x96C5 }, // U+6EC5 = 0x96 0xC5
    { 0x6EC9, 0x9FE4 }, // U+6EC9 = 0x9F 0xE4
    { 0x6ECB, 0x8EA0 }, // U+6ECB = 0x8E 0xA0
    { 0x6ECC, 0x9FFC }, // U+6ECC = 0x9F 0xFC
    { 0x6ED1, 0x8A8A }, // U+6ED1 = 0x8A 0x8A
    { 0x6ED3, 0x9FE6 }, // U+6ED3 = 0x9F 0xE6
    { 0x6ED4, 0x9FEB }, // U+6ED4 = 0x9F 0xEB
    { 0x6ED5, 0x9FEC }, // U+6ED5 = 0x9F 0xEC
    { 0x6EDD, 0x91EA }, // U+6EDD = 0x91 0xEA
    { 0x6EDE, 0x91D8 }, // U+6EDE = 0x91 0xD8
    { 0x6EEC, 0x9FF4 }, // U+6EEC = 0x9F 0xF4
    { 0x6EEF, 0x9FFA }, // U+6EEF = 0x9F 0xFA
    { 0x6EF2, 0x9FF8 }, // U+6EF2 = 0x9F 0xF8
    { 0x6EF4, 0x9348 }, // U+6EF4 = 0x93 0x48
    { 0x6EF7, 0xE042 }, // U+6EF7 = 0xE0 0x42
    { 0x6EF8, 0x9FF5 }, // U+6EF8 = 0x9F 0xF5
    { 0x6EFE, 0x9FF6 }, // U+6EFE = 0x9F 0xF6
    { 0x6EFF, 0x9FDE }, // U+6EFF = 0x9F 0xDE
    { 0x6F01, 0x8B99 }, // U+6F01 = 0x8B 0x99
    { 0x6F02, 0x9559 }, // U+6F02 = 0x95 0x59
    { 0x6F06, 0x8EBD }, // U+6F06 = 0x8E 0xBD
    { 0x6F09, 0x8D97 }, // U+6F09 = 0x8D 0x97
    { 0x6F0F, 0x9852 }, // U+6F0F = 0x98 0x52
    { 0x6F11, 0x9FF2 }, // U+6F11 = 0x9F 0xF2
    { 0x6F13, 0xE041 }, // U+6F13 = 0xE0 0x41
    { 0x6F14, 0x8989 }, // U+6F14 = 0x89 0x89
    { 0x6F15, 0x9186 }, // U+6F15 = 0x91 0x86
    { 0x6F20, 0x9499 }, // U+6F20 = 0x94 0x99
    { 0x6F22, 0x8ABF }, // U+6F22 = 0x8A 0xBF
    { 0x6F23, 0x97F8 }, // U+6F23 = 0x97 0xF8
    { 0x6F2B, 0x969F }, // U+6F2B = 0x96 0x9F
    { 0x6F2C, 0x92D0 }, // U+6F2C = 0x92 0xD0
    { 0x6F31, 0x9FF9 }, // U+6F31 = 0x9F 0xF9
    { 0x6F32, 0x9FFB }, // U+6F32 = 0x9F 0xFB
    { 0x6F38, 0x9151 }, // U+6F38 = 0x91 0x51
    { 0x6F3E, 0xE040 }, // U+6F3E = 0xE0 0x40
    { 0x6F3F, 0x9FF7 }, // U+6F3F = 0x9F 0xF7
    { 0x6F41, 0x9FF1 }, // U+6F41 = 0x9F 0xF1
    { 0x6F45, 0x8AC1 }, // U+6F45 = 0x8A 0xC1
    { 0x6F54, 0x8C89 }, // U+6F54 = 0x8C 0x89
    { 0x6F58, 0xE04E }, // U+6F58 = 0xE0 0x4E
    { 0x6F5B, 0xE049 }, // U+6F5B = 0xE0 0x49
    { 0x6F5C, 0x90F6 }, // U+6F5C = 0x90 0xF6
    { 0x6F5F, 0x8A83 }, // U+6F5F = 0x8A 0x83
    { 0x6F64, 0x8F81 }, // U+6F64 = 0x8F 0x81
    { 0x6F66, 0xE052 }, // U+6F66 = 0xE0 0x52
    { 0x6F6D, 0xE04B }, // U+6F6D = 0xE0 0x4B
    { 0x6F6E, 0x92AA }, // U+6F6E = 0x92 0xAA
    { 0x6F6F, 0xE048 }, // U+6F6F = 0xE0 0x48
    { 0x6F70, 0x92D7 }, // U+6F70 = 0x92 0xD7
    { 0x6F74, 0xE06B }, // U+6F74 = 0xE0 0x6B
    { 0x6F78, 0xE045 }, // U+6F78 = 0xE0 0x45
    { 0x6F7A, 0xE044 }, // U+6F7A = 0xE0 0x44
    { 0x6F7C, 0xE04D }, // U+6F7C = 0xE0 0x4D
    { 0x6F80, 0xE047 }, // U+6F80 = 0xE0 0x47
    { 0x6F81, 0xE046 }, // U+6F81 = 0xE0 0x46
    { 0x6F82, 0xE04C }, // U+6F82 = 0xE0 0x4C
    { 0x6F84, 0x909F }, // U+6F84 = 0x90 0x9F
    { 0x6F86, 0xE043 }, // U+6F86 = 0xE0 0x43
    { 0x6F88, 0xFB4B }, // U+6F88 = 0xFB 0x4B
    { 0x6F8E, 0xE04F }, // U+6F8E = 0xE0 0x4F
    { 0x6F91, 0xE050 }, // U+6F91 = 0xE0 0x50
    { 0x6F97, 0x8AC0 }, // U+6F97 = 0x8A 0xC0
    { 0x6FA1, 0xE055 }, // U+6FA1 = 0xE0 0x55
    { 0x6FA3, 0xE054 }, // U+6FA3 = 0xE0 0x54
    { 0x6FA4, 0xE056 }, // U+6FA4 = 0xE0 0x56
    { 0x6FAA, 0xE059 }, // U+6FAA = 0xE0 0x59
    { 0x6FB1, 0x9362 }, // U+6FB1 = 0x93 0x62
    { 0x6FB3, 0xE053 }, // U+6FB3 = 0xE0 0x53
    { 0x6FB5, 0xFB4C }, // U+6FB5 = 0xFB 0x4C
    { 0x6FB9, 0xE057 }, // U+6FB9 = 0xE0 0x57
    { 0x6FC0, 0x8C83 }, // U+6FC0 = 0x8C 0x83
    { 0x6FC1, 0x91F7 }, // U+6FC1 = 0x91 0xF7
    { 0x6FC2, 0xE051 }, // U+6FC2 = 0xE0 0x51
    { 0x6FC3, 0x945A }, // U+6FC3 = 0x94 0x5A
    { 0x6FC6, 0xE058 }, // U+6FC6 = 0xE0 0x58
    { 0x6FD4, 0xE05D }, // U+6FD4 = 0xE0 0x5D
    { 0x6FD5, 0xE05B }, // U+6FD5 = 0xE0 0x5B
    { 0x6FD8, 0xE05E }, // U+6FD8 = 0xE0 0x5E
    { 0x6FDB, 0xE061 }, // U+6FDB = 0xE0 0x61
    { 0x6FDF, 0xE05A }, // U+6FDF = 0xE0 0x5A
    { 0x6FE0, 0x8D8A }, // U+6FE0 = 0x8D 0x8A
    { 0x6FE1, 0x9447 }, // U+6FE1 = 0x94 0x47
    { 0x6FE4, 0x9FB7 }, // U+6FE4 = 0x9F 0xB7
    { 0x6FEB, 0x9794 }, // U+6FEB = 0x97 0x94
    { 0x6FEC, 0xE05C }, // U+6FEC = 0xE0 0x5C
    { 0x6FEE, 0xE060 }, // U+6FEE = 0xE0 0x60
    { 0x6FEF, 0x91F3 }, // U+6FEF = 0x91 0xF3
    { 0x6FF1, 0xE05F }, // U+6FF1 = 0xE0 0x5F
    { 0x6FF3, 0xE04A }, // U+6FF3 = 0xE0 0x4A
    { 0x6FF5, 0xFB4D }, // U+6FF5 = 0xFB 0x4D
    { 0x6FF6, 0xE889 }, // U+6FF6 = 0xE8 0x89
    { 0x6FFA, 0xE064 }, // U+6FFA = 0xE0 0x64
    { 0x6FFE, 0xE068 }, // U+6FFE = 0xE0 0x68
    { 0x7001, 0xE066 }, // U+7001 = 0xE0 0x66
    { 0x7005, 0xFB4E }, // U+7005 = 0xFB 0x4E
    { 0x7007, 0xFB4F }, // U+7007 = 0xFB 0x4F
    { 0x7009, 0xE062 }, // U+7009 = 0xE0 0x62
    { 0x700B, 0xE063 }, // U+700B = 0xE0 0x63
    { 0x700F, 0xE067 }, // U+700F = 0xE0 0x67
    { 0x7011, 0xE065 }, // U+7011 = 0xE0 0x65
    { 0x7015, 0x956D }, // U+7015 = 0x95 0x6D
    { 0x7018, 0xE06D }, // U+7018 = 0xE0 0x6D
    { 0x701A, 0xE06A }, // U+701A = 0xE0 0x6A
    { 0x701B, 0xE069 }, // U+701B = 0xE0 0x69
    { 0x701D, 0xE06C }, // U+701D = 0xE0 0x6C
    { 0x701E, 0x93D2 }, // U+701E = 0x93 0xD2
    { 0x701F, 0xE06E }, // U+701F = 0xE0 0x6E
    { 0x7026, 0x9295 }, // U+7026 = 0x92 0x95
    { 0x7027, 0x91EB }, // U+7027 = 0x91 0xEB
    { 0x7028, 0xFB50 }, // U+7028 = 0xFB 0x50
    { 0x702C, 0x90A3 }, // U+702C = 0x90 0xA3
    { 0x7030, 0xE06F }, // U+7030 = 0xE0 0x6F
    { 0x7032, 0xE071 }, // U+7032 = 0xE0 0x71
    { 0x703E, 0xE070 }, // U+703E = 0xE0 0x70
    { 0x704C, 0x9FF3 }, // U+704C = 0x9F 0xF3
    { 0x7051, 0xE072 }, // U+7051 = 0xE0 0x72
    { 0x7058, 0x93E5 }, // U+7058 = 0x93 0xE5
    { 0x7063, 0xE073 }, // U+7063 = 0xE0 0x73
    { 0x706B, 0x89CE }, // U+706B = 0x89 0xCE
    { 0x706F, 0x9394 }, // U+706F = 0x93 0x94
    { 0x7070, 0x8A44 }, // U+7070 = 0x8A 0x44
    { 0x7078, 0x8B84 }, // U+7078 = 0x8B 0x84
    { 0x707C, 0x8EDC }, // U+707C = 0x8E 0xDC
    { 0x707D, 0x8DD0 }, // U+707D = 0x8D 0xD0
    { 0x7085, 0xFB51 }, // U+7085 = 0xFB 0x51
    { 0x7089, 0x9846 }, // U+7089 = 0x98 0x46
    { 0x708A, 0x9086 }, // U+708A = 0x90 0x86
    { 0x708E, 0x898A }, // U+708E = 0x89 0x8A
    { 0x7092, 0xE075 }, // U+7092 = 0xE0 0x75
    { 0x7099, 0xE074 }, // U+7099 = 0xE0 0x74
    { 0x70AB, 0xFB52 }, // U+70AB = 0xFB 0x52
    { 0x70AC, 0xE078 }, // U+70AC = 0xE0 0x78
    { 0x70AD, 0x9259 }, // U+70AD = 0x92 0x59
    { 0x70AE, 0xE07B }, // U+70AE = 0xE0 0x7B
    { 0x70AF, 0xE076 }, // U+70AF = 0xE0 0x76
    { 0x70B3, 0xE07A }, // U+70B3 = 0xE0 0x7A
    { 0x70B8, 0xE079 }, // U+70B8 = 0xE0 0x79
    { 0x70B9, 0x935F }, // U+70B9 = 0x93 0x5F
    { 0x70BA, 0x88D7 }, // U+70BA = 0x88 0xD7
    { 0x70BB, 0xFA62 }, // U+70BB = 0xFA 0x62
    { 0x70C8, 0x97F3 }, // U+70C8 = 0x97 0xF3
    { 0x70CB, 0xE07D }, // U+70CB = 0xE0 0x7D
    { 0x70CF, 0x8947 }, // U+70CF = 0x89 0x47
    { 0x70D9, 0xE080 }, // U+70D9 = 0xE0 0x80
    { 0x70DD, 0xE07E }, // U+70DD = 0xE0 0x7E
    { 0x70DF, 0xE07C }, // U+70DF = 0xE0 0x7C
    { 0x70F1, 0xE077 }, // U+70F1 = 0xE0 0x77
    { 0x70F9, 0x9642 }, // U+70F9 = 0x96 0x42
    { 0x70FD, 0xE082 }, // U+70FD = 0xE0 0x82
    { 0x7104, 0xFB54 }, // U+7104 = 0xFB 0x54
    { 0x7109, 0xE081 }, // U+7109 = 0xE0 0x81
    { 0x710F, 0xFB53 }, // U+710F = 0xFB 0x53
    { 0x7114, 0x898B }, // U+7114 = 0x89 0x8B
    { 0x7119, 0xE084 }, // U+7119 = 0xE0 0x84
    { 0x711A, 0x95B0 }, // U+711A = 0x95 0xB0
    { 0x711C, 0xE083 }, // U+711C = 0xE0 0x83
    { 0x7121, 0x96B3 }, // U+7121 = 0x96 0xB3
    { 0x7126, 0x8FC5 }, // U+7126 = 0x8F 0xC5
    { 0x7136, 0x9152 }, // U+7136 = 0x91 0x52
    { 0x713C, 0x8FC4 }, // U+713C = 0x8F 0xC4
    { 0x7146, 0xFB56 }, // U+7146 = 0xFB 0x56
    { 0x7147, 0xFB57 }, // U+7147 = 0xFB 0x57
    { 0x7149, 0x97F9 }, // U+7149 = 0x97 0xF9
    { 0x714C, 0xE08A }, // U+714C = 0xE0 0x8A
    { 0x714E, 0x90F7 }, // U+714E = 0x90 0xF7
    { 0x7155, 0xE086 }, // U+7155 = 0xE0 0x86
    { 0x7156, 0xE08B }, // U+7156 = 0xE0 0x8B
    { 0x7159, 0x898C }, // U+7159 = 0x89 0x8C
    { 0x715C, 0xFB55 }, // U+715C = 0xFB 0x55
    { 0x7162, 0xE089 }, // U+7162 = 0xE0 0x89
    { 0x7164, 0x9481 }, // U+7164 = 0x94 0x81
    { 0x7165, 0xE085 }, // U+7165 = 0xE0 0x85
    { 0x7166, 0xE088 }, // U+7166 = 0xE0 0x88
    { 0x7167, 0x8FC6 }, // U+7167 = 0x8F 0xC6
    { 0x7169, 0x94CF }, // U+7169 = 0x94 0xCF
    { 0x716C, 0xE08C }, // U+716C = 0xE0 0x8C
    { 0x716E, 0x8ECF }, // U+716E = 0x8E 0xCF
    { 0x717D, 0x90F8 }, // U+717D = 0x90 0xF8
    { 0x7184, 0xE08F }, // U+7184 = 0xE0 0x8F
    { 0x7188, 0xE087 }, // U+7188 = 0xE0 0x87
    { 0x718A, 0x8C46 }, // U+718A = 0x8C 0x46
    { 0x718F, 0xE08D }, // U+718F = 0xE0 0x8D
    { 0x7194, 0x976F }, // U+7194 = 0x97 0x6F
    { 0x7195, 0xE090 }, // U+7195 = 0xE0 0x90
    { 0x7199, 0xEAA4 }, // U+7199 = 0xEA 0xA4
    { 0x719F, 0x8F6E }, // U+719F = 0x8F 0x6E
    { 0x71A8, 0xE091 }, // U+71A8 = 0xE0 0x91
    { 0x71AC, 0xE092 }, // U+71AC = 0xE0 0x92
    { 0x71B1, 0x944D }, // U+71B1 = 0x94 0x4D
    { 0x71B9, 0xE094 }, // U+71B9 = 0xE0 0x94
    { 0x71BE, 0xE095 }, // U+71BE = 0xE0 0x95
    { 0x71C1, 0xFB59 }, // U+71C1 = 0xFB 0x59
    { 0x71C3, 0x9452 }, // U+71C3 = 0x94 0x52
    { 0x71C8, 0x9395 }, // U+71C8 = 0x93 0x95
    { 0x71C9, 0xE097 }, // U+71C9 = 0xE0 0x97
    { 0x71CE, 0xE099 }, // U+71CE = 0xE0 0x99
    { 0x71D0, 0x97D3 }, // U+71D0 = 0x97 0xD3
    { 0x71D2, 0xE096 }, // U+71D2 = 0xE0 0x96
    { 0x71D4, 0xE098 }, // U+71D4 = 0xE0 0x98
    { 0x71D5, 0x898D }, // U+71D5 = 0x89 0x8D
    { 0x71D7, 0xE093 }, // U+71D7 = 0xE0 0x93
    { 0x71DF, 0x9A7A }, // U+71DF = 0x9A 0x7A
    { 0x71E0, 0xE09A }, // U+71E0 = 0xE0 0x9A
    { 0x71E5, 0x9187 }, // U+71E5 = 0x91 0x87
    { 0x71E6, 0x8E57 }, // U+71E6 = 0x8E 0x57
    { 0x71E7, 0xE09C }, // U+71E7 = 0xE0 0x9C
    { 0x71EC, 0xE09B }, // U+71EC = 0xE0 0x9B
    { 0x71ED, 0x9043 }, // U+71ED = 0x90 0x43
    { 0x71EE, 0x99D7 }, // U+71EE = 0x99 0xD7
    { 0x71F5, 0xE09D }, // U+71F5 = 0xE0 0x9D
    { 0x71F9, 0xE09F }, // U+71F9 = 0xE0 0x9F
    { 0x71FB, 0xE08E }, // U+71FB = 0xE0 0x8E
    { 0x71FC, 0xE09E }, // U+71FC = 0xE0 0x9E
    { 0x71FE, 0xFB5A }, // U+71FE = 0xFB 0x5A
    { 0x71FF, 0xE0A0 }, // U+71FF = 0xE0 0xA0
    { 0x7206, 0x949A }, // U+7206 = 0x94 0x9A
    { 0x720D, 0xE0A1 }, // U+720D = 0xE0 0xA1
    { 0x7210, 0xE0A2 }, // U+7210 = 0xE0 0xA2
    { 0x721B, 0xE0A3 }, // U+721B = 0xE0 0xA3
    { 0x7228, 0xE0A4 }, // U+7228 = 0xE0 0xA4
    { 0x722A, 0x92DC }, // U+722A = 0x92 0xDC
    { 0x722C, 0xE0A6 }, // U+722C = 0xE0 0xA6
    { 0x722D, 0xE0A5 }, // U+722D = 0xE0 0xA5
    { 0x7230, 0xE0A7 }, // U+7230 = 0xE0 0xA7
    { 0x7232, 0xE0A8 }, // U+7232 = 0xE0 0xA8
    { 0x7235, 0x8EDD }, // U+7235 = 0x8E 0xDD
    { 0x7236, 0x9583 }, // U+7236 = 0x95 0x83
    { 0x723A, 0x96EA }, // U+723A = 0x96 0xEA
    { 0x723B, 0xE0A9 }, // U+723B = 0xE0 0xA9
    { 0x723C, 0xE0AA }, // U+723C = 0xE0 0xAA
    { 0x723D, 0x9175 }, // U+723D = 0x91 0x75
    { 0x723E, 0x8EA2 }, // U+723E = 0x8E 0xA2
    { 0x723F, 0xE0AB }, // U+723F = 0xE0 0xAB
    { 0x7240, 0xE0AC }, // U+7240 = 0xE0 0xAC
    { 0x7246, 0xE0AD }, // U+7246 = 0xE0 0xAD
    { 0x7247, 0x95D0 }, // U+7247 = 0x95 0xD0
    { 0x7248, 0x94C5 }, // U+7248 = 0x94 0xC5
    { 0x724B, 0xE0AE }, // U+724B = 0xE0 0xAE
    { 0x724C, 0x9476 }, // U+724C = 0x94 0x76
    { 0x7252, 0x92AB }, // U+7252 = 0x92 0xAB
    { 0x7258, 0xE0AF }, // U+7258 = 0xE0 0xAF
    { 0x7259, 0x89E5 }, // U+7259 = 0x89 0xE5
    { 0x725B, 0x8B8D }, // U+725B = 0x8B 0x8D
    { 0x725D, 0x96C4 }, // U+725D = 0x96 0xC4
    { 0x725F, 0x96B4 }, // U+725F = 0x96 0xB4
    { 0x7261, 0x89B2 }, // U+7261 = 0x89 0xB2
    { 0x7262, 0x9853 }, // U+7262 = 0x98 0x53
    { 0x7267, 0x9671 }, // U+7267 = 0x96 0x71
    { 0x7269, 0x95A8 }, // U+7269 = 0x95 0xA8
    { 0x7272, 0x90B5 }, // U+7272 = 0x90 0xB5
    { 0x7274, 0xE0B0 }, // U+7274 = 0xE0 0xB0
    { 0x7279, 0x93C1 }, // U+7279 = 0x93 0xC1
    { 0x727D, 0x8CA1 }, // U+727D = 0x8C 0xA1
    { 0x727E, 0xE0B1 }, // U+727E = 0xE0 0xB1
    { 0x7280, 0x8DD2 }, // U+7280 = 0x8D 0xD2
    { 0x7281, 0xE0B3 }, // U+7281 = 0xE0 0xB3
    { 0x7282, 0xE0B2 }, // U+7282 = 0xE0 0xB2
    { 0x7287, 0xE0B4 }, // U+7287 = 0xE0 0xB4
    { 0x7292, 0xE0B5 }, // U+7292 = 0xE0 0xB5
    { 0x7296, 0xE0B6 }, // U+7296 = 0xE0 0xB6
    { 0x72A0, 0x8B5D }, // U+72A0 = 0x8B 0x5D
    { 0x72A2, 0xE0B7 }, // U+72A2 = 0xE0 0xB7
    { 0x72A7, 0xE0B8 }, // U+72A7 = 0xE0 0xB8
    { 0x72AC, 0x8CA2 }, // U+72AC = 0x8C 0xA2
    { 0x72AF, 0x94C6 }, // U+72AF = 0x94 0xC6
    { 0x72B1, 0xFB5B }, // U+72B1 = 0xFB 0x5B
    { 0x72B2, 0xE0BA }, // U+72B2 = 0xE0 0xBA
    { 0x72B6, 0x8FF3 }, // U+72B6 = 0x8F 0xF3
    { 0x72B9, 0xE0B9 }, // U+72B9 = 0xE0 0xB9
    { 0x72BE, 0xFB5C }, // U+72BE = 0xFB 0x5C
    { 0x72C2, 0x8BB6 }, // U+72C2 = 0x8B 0xB6
    { 0x72C3, 0xE0BB }, // U+72C3 = 0xE0 0xBB
    { 0x72C4, 0xE0BD }, // U+72C4 = 0xE0 0xBD
    { 0x72C6, 0xE0BC }, // U+72C6 = 0xE0 0xBC
    { 0x72CE, 0xE0BE }, // U+72CE = 0xE0 0xBE
    { 0x72D0, 0x8CCF }, // U+72D0 = 0x8C 0xCF
    { 0x72D2, 0xE0BF }, // U+72D2 = 0xE0 0xBF
    { 0x72D7, 0x8BE7 }, // U+72D7 = 0x8B 0xE7
    { 0x72D9, 0x915F }, // U+72D9 = 0x91 0x5F
    { 0x72DB, 0x8D9D }, // U+72DB = 0x8D 0x9D
    { 0x72E0, 0xE0C1 }, // U+72E0 = 0xE0 0xC1
    { 0x72E1, 0xE0C2 }, // U+72E1 = 0xE0 0xC2
    { 0x72E2, 0xE0C0 }, // U+72E2 = 0xE0 0xC0
    { 0x72E9, 0x8EEB }, // U+72E9 = 0x8E 0xEB
    { 0x72EC, 0x93C6 }, // U+72EC = 0x93 0xC6
    { 0x72ED, 0x8BB7 }, // U+72ED = 0x8B 0xB7
    { 0x72F7, 0xE0C4 }, // U+72F7 = 0xE0 0xC4
    { 0x72F8, 0x924B }, // U+72F8 = 0x92 0x4B
    { 0x72F9, 0xE0C3 }, // U+72F9 = 0xE0 0xC3
    { 0x72FC, 0x9854 }, // U+72FC = 0x98 0x54
    { 0x72FD, 0x9482 }, // U+72FD = 0x94 0x82
    { 0x730A, 0xE0C7 }, // U+730A = 0xE0 0xC7
    { 0x7316, 0xE0C9 }, // U+7316 = 0xE0 0xC9
    { 0x7317, 0xE0C6 }, // U+7317 = 0xE0 0xC6
    { 0x731B, 0x96D2 }, // U+731B = 0x96 0xD2
    { 0x731C, 0xE0C8 }, // U+731C = 0xE0 0xC8
    { 0x731D, 0xE0CA }, // U+731D = 0xE0 0xCA
    { 0x731F, 0x97C2 }, // U+731F = 0x97 0xC2
    { 0x7324, 0xFB5D }, // U+7324 = 0xFB 0x5D
    { 0x7325, 0xE0CE }, // U+7325 = 0xE0 0xCE
    { 0x7329, 0xE0CD }, // U+7329 = 0xE0 0xCD
    { 0x732A, 0x9296 }, // U+732A = 0x92 0x96
    { 0x732B, 0x944C }, // U+732B = 0x94 0x4C
    { 0x732E, 0x8CA3 }, // U+732E = 0x8C 0xA3
    { 0x732F, 0xE0CC }, // U+732F = 0xE0 0xCC
    { 0x7334, 0xE0CB }, // U+7334 = 0xE0 0xCB
    { 0x7336, 0x9750 }, // U+7336 = 0x97 0x50
    { 0x7337, 0x9751 }, // U+7337 = 0x97 0x51
    { 0x733E, 0xE0CF }, // U+733E = 0xE0 0xCF
    { 0x733F, 0x898E }, // U+733F = 0x89 0x8E
    { 0x7344, 0x8D96 }, // U+7344 = 0x8D 0x96
    { 0x7345, 0x8E82 }, // U+7345 = 0x8E 0x82
    { 0x734E, 0xE0D0 }, // U+734E = 0xE0 0xD0
    { 0x734F, 0xE0D1 }, // U+734F = 0xE0 0xD1
    { 0x7357, 0xE0D3 }, // U+7357 = 0xE0 0xD3
    { 0x7363, 0x8F62 }, // U+7363 = 0x8F 0x62
    { 0x7368, 0xE0D5 }, // U+7368 = 0xE0 0xD5
    { 0x736A, 0xE0D4 }, // U+736A = 0xE0 0xD4
    { 0x7370, 0xE0D6 }, // U+7370 = 0xE0 0xD6
    { 0x7372, 0x8A6C }, // U+7372 = 0x8A 0x6C
    { 0x7375, 0xE0D8 }, // U+7375 = 0xE0 0xD8
    { 0x7377, 0xFB5F }, // U+7377 = 0xFB 0x5F
    { 0x7378, 0xE0D7 }, // U+7378 = 0xE0 0xD7
    { 0x737A, 0xE0DA }, // U+737A = 0xE0 0xDA
    { 0x737B, 0xE0D9 }, // U+737B = 0xE0 0xD9
    { 0x7384, 0x8CBA }, // U+7384 = 0x8C 0xBA
    { 0x7387, 0x97A6 }, // U+7387 = 0x97 0xA6
    { 0x7389, 0x8BCA }, // U+7389 = 0x8B 0xCA
    { 0x738B, 0x89A4 }, // U+738B = 0x89 0xA4
    { 0x7396, 0x8BE8 }, // U+7396 = 0x8B 0xE8
    { 0x73A9, 0x8ADF }, // U+73A9 = 0x8A 0xDF
    { 0x73B2, 0x97E6 }, // U+73B2 = 0x97 0xE6
    { 0x73B3, 0xE0DC }, // U+73B3 = 0xE0 0xDC
    { 0x73BB, 0xE0DE }, // U+73BB = 0xE0 0xDE
    { 0x73BD, 0xFB60 }, // U+73BD = 0xFB 0x60
    { 0x73C0, 0xE0DF }, // U+73C0 = 0xE0 0xDF
    { 0x73C2, 0x89CF }, // U+73C2 = 0x89 0xCF
    { 0x73C8, 0xE0DB }, // U+73C8 = 0xE0 0xDB
    { 0x73C9, 0xFB61 }, // U+73C9 = 0xFB 0x61
    { 0x73CA, 0x8E58 }, // U+73CA = 0x8E 0x58
    { 0x73CD, 0x92BF }, // U+73CD = 0x92 0xBF
    { 0x73CE, 0xE0DD }, // U+73CE = 0xE0 0xDD
    { 0x73D2, 0xFB64 }, // U+73D2 = 0xFB 0x64
    { 0x73D6, 0xFB62 }, // U+73D6 = 0xFB 0x62
    { 0x73DE, 0xE0E2 }, // U+73DE = 0xE0 0xE2
    { 0x73E0, 0x8EEC }, // U+73E0 = 0x8E 0xEC
    { 0x73E3, 0xFB63 }, // U+73E3 = 0xFB 0x63
    { 0x73E5, 0xE0E0 }, // U+73E5 = 0xE0 0xE0
    { 0x73EA, 0x8C5D }, // U+73EA = 0x8C 0x5D
    { 0x73ED, 0x94C7 }, // U+73ED = 0x94 0xC7
    { 0x73EE, 0xE0E1 }, // U+73EE = 0xE0 0xE1
    { 0x73F1, 0xE0FC }, // U+73F1 = 0xE0 0xFC
    { 0x73F5, 0xFB66 }, // U+73F5 = 0xFB 0x66
    { 0x73F8, 0xE0E7 }, // U+73F8 = 0xE0 0xE7
    { 0x73FE, 0x8CBB }, // U+73FE = 0x8C 0xBB
    { 0x7403, 0x8B85 }, // U+7403 = 0x8B 0x85
    { 0x7405, 0xE0E4 }, // U+7405 = 0xE0 0xE4
    { 0x7406, 0x979D }, // U+7406 = 0x97 0x9D
    { 0x7407, 0xFB65 }, // U+7407 = 0xFB 0x65
    { 0x7409, 0x97AE }, // U+7409 = 0x97 0xAE
    { 0x7422, 0x91F4 }, // U+7422 = 0x91 0xF4
    { 0x7425, 0xE0E6 }, // U+7425 = 0xE0 0xE6
    { 0x7426, 0xFB67 }, // U+7426 = 0xFB 0x67
    { 0x7429, 0xFB69 }, // U+7429 = 0xFB 0x69
    { 0x742A, 0xFB68 }, // U+742A = 0xFB 0x68
    { 0x742E, 0xFB6A }, // U+742E = 0xFB 0x6A
    { 0x7432, 0xE0E8 }, // U+7432 = 0xE0 0xE8
    { 0x7433, 0x97D4 }, // U+7433 = 0x97 0xD4
    { 0x7434, 0x8BD5 }, // U+7434 = 0x8B 0xD5
    { 0x7435, 0x94FA }, // U+7435 = 0x94 0xFA
    { 0x7436, 0x9469 }, // U+7436 = 0x94 0x69
    { 0x743A, 0xE0E9 }, // U+743A = 0xE0 0xE9
    { 0x743F, 0xE0EB }, // U+743F = 0xE0 0xEB
    { 0x7441, 0xE0EE }, // U+7441 = 0xE0 0xEE
    { 0x7455, 0xE0EA }, // U+7455 = 0xE0 0xEA
    { 0x7459, 0xE0ED }, // U+7459 = 0xE0 0xED
    { 0x745A, 0x8CE8 }, // U+745A = 0x8C 0xE8
    { 0x745B, 0x896C }, // U+745B = 0x89 0x6C
    { 0x745C, 0xE0EF }, // U+745C = 0xE0 0xEF
    { 0x745E, 0x9090 }, // U+745E = 0x90 0x90
    { 0x745F, 0xE0EC }, // U+745F = 0xE0 0xEC
    { 0x7460, 0x97DA }, // U+7460 = 0x97 0xDA
    { 0x7462, 0xFB6B }, // U+7462 = 0xFB 0x6B
    { 0x7463, 0xE0F2 }, // U+7463 = 0xE0 0xF2
    { 0x7464, 0xEAA2 }, // U+7464 = 0xEA 0xA2
    { 0x7469, 0xE0F0 }, // U+7469 = 0xE0 0xF0
    { 0x746A, 0xE0F3 }, // U+746A = 0xE0 0xF3
    { 0x746F, 0xE0E5 }, // U+746F = 0xE0 0xE5
    { 0x7470, 0xE0F1 }, // U+7470 = 0xE0 0xF1
    { 0x7473, 0x8DBA }, // U+7473 = 0x8D 0xBA
    { 0x7476, 0xE0F4 }, // U+7476 = 0xE0 0xF4
    { 0x747E, 0xE0F5 }, // U+747E = 0xE0 0xF5
    { 0x7483, 0x979E }, // U+7483 = 0x97 0x9E
    { 0x7489, 0xFB6C }, // U+7489 = 0xFB 0x6C
    { 0x748B, 0xE0F6 }, // U+748B = 0xE0 0xF6
    { 0x749E, 0xE0F7 }, // U+749E = 0xE0 0xF7
    { 0x749F, 0xFB6D }, // U+749F = 0xFB 0x6D
    { 0x74A2, 0xE0E3 }, // U+74A2 = 0xE0 0xE3
    { 0x74A7, 0xE0F8 }, // U+74A7 = 0xE0 0xF8
    { 0x74B0, 0x8AC2 }, // U+74B0 = 0x8A 0xC2
    { 0x74BD, 0x8EA3 }, // U+74BD = 0x8E 0xA3
    { 0x74CA, 0xE0F9 }, // U+74CA = 0xE0 0xF9
    { 0x74CF, 0xE0FA }, // U+74CF = 0xE0 0xFA
    { 0x74D4, 0xE0FB }, // U+74D4 = 0xE0 0xFB
    { 0x74DC, 0x895A }, // U+74DC = 0x89 0x5A
    { 0x74E0, 0xE140 }, // U+74E0 = 0xE1 0x40
    { 0x74E2, 0x955A }, // U+74E2 = 0x95 0x5A
    { 0x74E3, 0xE141 }, // U+74E3 = 0xE1 0x41
    { 0x74E6, 0x8AA2 }, // U+74E6 = 0x8A 0xA2
    { 0x74E7, 0xE142 }, // U+74E7 = 0xE1 0x42
    { 0x74E9, 0xE143 }, // U+74E9 = 0xE1 0x43
    { 0x74EE, 0xE144 }, // U+74EE = 0xE1 0x44
    { 0x74F0, 0xE146 }, // U+74F0 = 0xE1 0x46
    { 0x74F1, 0xE147 }, // U+74F1 = 0xE1 0x47
    { 0x74F2, 0xE145 }, // U+74F2 = 0xE1 0x45
    { 0x74F6, 0x9572 }, // U+74F6 = 0x95 0x72
    { 0x74F7, 0xE149 }, // U+74F7 = 0xE1 0x49
    { 0x74F8, 0xE148 }, // U+74F8 = 0xE1 0x48
    { 0x7501, 0xFB6E }, // U+7501 = 0xFB 0x6E
    { 0x7503, 0xE14B }, // U+7503 = 0xE1 0x4B
    { 0x7504, 0xE14A }, // U+7504 = 0xE1 0x4A
    { 0x7505, 0xE14C }, // U+7505 = 0xE1 0x4C
    { 0x750C, 0xE14D }, // U+750C = 0xE1 0x4D
    { 0x750D, 0xE14F }, // U+750D = 0xE1 0x4F
    { 0x750E, 0xE14E }, // U+750E = 0xE1 0x4E
    { 0x7511, 0x8D99 }, // U+7511 = 0x8D 0x99
    { 0x7513, 0xE151 }, // U+7513 = 0xE1 0x51
    { 0x7515, 0xE150 }, // U+7515 = 0xE1 0x50
    { 0x7518, 0x8AC3 }, // U+7518 = 0x8A 0xC3
    { 0x751A, 0x9072 }, // U+751A = 0x90 0x72
    { 0x751C, 0x935B }, // U+751C = 0x93 0x5B
    { 0x751E, 0xE152 }, // U+751E = 0xE1 0x52
    { 0x751F, 0x90B6 }, // U+751F = 0x90 0xB6
    { 0x7523, 0x8E59 }, // U+7523 = 0x8E 0x59
    { 0x7525, 0x8999 }, // U+7525 = 0x89 0x99
    { 0x7526, 0xE153 }, // U+7526 = 0xE1 0x53
    { 0x7528, 0x9770 }, // U+7528 = 0x97 0x70
    { 0x752B, 0x95E1 }, // U+752B = 0x95 0xE1
    { 0x752C, 0xE154 }, // U+752C = 0xE1 0x54
    { 0x752F, 0xFAA8 }, // U+752F = 0xFA 0xA8
    { 0x7530, 0x9363 }, // U+7530 = 0x93 0x63
    { 0x7531, 0x9752 }, // U+7531 = 0x97 0x52
    { 0x7532, 0x8D62 }, // U+7532 = 0x8D 0x62
    { 0x7533, 0x905C }, // U+7533 = 0x90 0x5C
    { 0x7537, 0x926A }, // U+7537 = 0x92 0x6A
    { 0x7538, 0x99B2 }, // U+7538 = 0x99 0xB2
    { 0x753A, 0x92AC }, // U+753A = 0x92 0xAC
    { 0x753B, 0x89E6 }, // U+753B = 0x89 0xE6
    { 0x753C, 0xE155 }, // U+753C = 0xE1 0x55
    { 0x7544, 0xE156 }, // U+7544 = 0xE1 0x56
    { 0x7546, 0xE15B }, // U+7546 = 0xE1 0x5B
    { 0x7549, 0xE159 }, // U+7549 = 0xE1 0x59
    { 0x754A, 0xE158 }, // U+754A = 0xE1 0x58
    { 0x754B, 0x9DC0 }, // U+754B = 0x9D 0xC0
    { 0x754C, 0x8A45 }, // U+754C = 0x8A 0x45
    { 0x754D, 0xE157 }, // U+754D = 0xE1 0x57
    { 0x754F, 0x88D8 }, // U+754F = 0x88 0xD8
    { 0x7551, 0x94A8 }, // U+7551 = 0x94 0xA8
    { 0x7554, 0x94C8 }, // U+7554 = 0x94 0xC8
    { 0x7559, 0x97AF }, // U+7559 = 0x97 0xAF
    { 0x755A, 0xE15C }, // U+755A = 0xE1 0x5C
    { 0x755B, 0xE15A }, // U+755B = 0xE1 0x5A
    { 0x755C, 0x927B }, // U+755C = 0x92 0x7B
    { 0x755D, 0x90A4 }, // U+755D = 0x90 0xA4
    { 0x7560, 0x94A9 }, // U+7560 = 0x94 0xA9
    { 0x7562, 0x954C }, // U+7562 = 0x95 0x4C
    { 0x7564, 0xE15E }, // U+7564 = 0xE1 0x5E
    { 0x7565, 0x97AA }, // U+7565 = 0x97 0xAA
    { 0x7566, 0x8C6C }, // U+7566 = 0x8C 0x6C
    { 0x7567, 0xE15F }, // U+7567 = 0xE1 0x5F
    { 0x7569, 0xE15D }, // U+7569 = 0xE1 0x5D
    { 0x756A, 0x94D4 }, // U+756A = 0x94 0xD4
    { 0x756B, 0xE160 }, // U+756B = 0xE1 0x60
    { 0x756D, 0xE161 }, // U+756D = 0xE1 0x61
    { 0x756F, 0xFB6F }, // U+756F = 0xFB 0x6F
    { 0x7570, 0x88D9 }, // U+7570 = 0x88 0xD9
    { 0x7573, 0x8FF4 }, // U+7573 = 0x8F 0xF4
    { 0x7574, 0xE166 }, // U+7574 = 0xE1 0x66
    { 0x7576, 0xE163 }, // U+7576 = 0xE1 0x63
    { 0x7577, 0x93EB }, // U+7577 = 0x93 0xEB
    { 0x7578, 0xE162 }, // U+7578 = 0xE1 0x62
    { 0x757F, 0x8B45 }, // U+757F = 0x8B 0x45
    { 0x7582, 0xE169 }, // U+7582 = 0xE1 0x69
    { 0x7586, 0xE164 }, // U+7586 = 0xE1 0x64
    { 0x7587, 0xE165 }, // U+7587 = 0xE1 0x65
    { 0x7589, 0xE168 }, // U+7589 = 0xE1 0x68
    { 0x758A, 0xE167 }, // U+758A = 0xE1 0x67
    { 0x758B, 0x9544 }, // U+758B = 0x95 0x44
    { 0x758E, 0x9161 }, // U+758E = 0x91 0x61
    { 0x758F, 0x9160 }, // U+758F = 0x91 0x60
    { 0x7591, 0x8B5E }, // U+7591 = 0x8B 0x5E
    { 0x7594, 0xE16A }, // U+7594 = 0xE1 0x6A
    { 0x759A, 0xE16B }, // U+759A = 0xE1 0x6B
    { 0x759D, 0xE16C }, // U+759D = 0xE1 0x6C
    { 0x75A3, 0xE16E }, // U+75A3 = 0xE1 0x6E
    { 0x75A5, 0xE16D }, // U+75A5 = 0xE1 0x6D
    { 0x75AB, 0x8975 }, // U+75AB = 0x89 0x75
    { 0x75B1, 0xE176 }, // U+75B1 = 0xE1 0x76
    { 0x75B2, 0x94E6 }, // U+75B2 = 0x94 0xE6
    { 0x75B3, 0xE170 }, // U+75B3 = 0xE1 0x70
    { 0x75B5, 0xE172 }, // U+75B5 = 0xE1 0x72
    { 0x75B8, 0xE174 }, // U+75B8 = 0xE1 0x74
    { 0x75B9, 0x905D }, // U+75B9 = 0x90 0x5D
    { 0x75BC, 0xE175 }, // U+75BC = 0xE1 0x75
    { 0x75BD, 0xE173 }, // U+75BD = 0xE1 0x73
    { 0x75BE, 0x8EBE }, // U+75BE = 0x8E 0xBE
    { 0x75C2, 0xE16F }, // U+75C2 = 0xE1 0x6F
    { 0x75C3, 0xE171 }, // U+75C3 = 0xE1 0x71
    { 0x75C5, 0x9561 }, // U+75C5 = 0x95 0x61
    { 0x75C7, 0x8FC7 }, // U+75C7 = 0x8F 0xC7
    { 0x75CA, 0xE178 }, // U+75CA = 0xE1 0x78
    { 0x75CD, 0xE177 }, // U+75CD = 0xE1 0x77
    { 0x75D2, 0xE179 }, // U+75D2 = 0xE1 0x79
    { 0x75D4, 0x8EA4 }, // U+75D4 = 0x8E 0xA4
    { 0x75D5, 0x8DAD }, // U+75D5 = 0x8D 0xAD
    { 0x75D8, 0x9397 }, // U+75D8 = 0x93 0x97
    { 0x75D9, 0xE17A }, // U+75D9 = 0xE1 0x7A
    { 0x75DB, 0x92C9 }, // U+75DB = 0x92 0xC9
    { 0x75DE, 0xE17C }, // U+75DE = 0xE1 0x7C
    { 0x75E2, 0x979F }, // U+75E2 = 0x97 0x9F
    { 0x75E3, 0xE17B }, // U+75E3 = 0xE1 0x7B
    { 0x75E9, 0x9189 }, // U+75E9 = 0x91 0x89
    { 0x75F0, 0xE182 }, // U+75F0 = 0xE1 0x82
    { 0x75F2, 0xE184 }, // U+75F2 = 0xE1 0x84
    { 0x75F3, 0xE185 }, // U+75F3 = 0xE1 0x85
    { 0x75F4, 0x9273 }, // U+75F4 = 0x92 0x73
    { 0x75FA, 0xE183 }, // U+75FA = 0xE1 0x83
    { 0x75FC, 0xE180 }, // U+75FC = 0xE1 0x80
    { 0x75FE, 0xE17D }, // U+75FE = 0xE1 0x7D
    { 0x75FF, 0xE17E }, // U+75FF = 0xE1 0x7E
    { 0x7601, 0xE181 }, // U+7601 = 0xE1 0x81
    { 0x7609, 0xE188 }, // U+7609 = 0xE1 0x88
    { 0x760B, 0xE186 }, // U+760B = 0xE1 0x86
    { 0x760D, 0xE187 }, // U+760D = 0xE1 0x87
    { 0x761F, 0xE189 }, // U+761F = 0xE1 0x89
    { 0x7620, 0xE18B }, // U+7620 = 0xE1 0x8B
    { 0x7621, 0xE18C }, // U+7621 = 0xE1 0x8C
    { 0x7622, 0xE18D }, // U+7622 = 0xE1 0x8D
    { 0x7624, 0xE18E }, // U+7624 = 0xE1 0x8E
    { 0x7627, 0xE18A }, // U+7627 = 0xE1 0x8A
    { 0x7630, 0xE190 }, // U+7630 = 0xE1 0x90
    { 0x7634, 0xE18F }, // U+7634 = 0xE1 0x8F
    { 0x763B, 0xE191 }, // U+763B = 0xE1 0x91
    { 0x7642, 0x97C3 }, // U+7642 = 0x97 0xC3
    { 0x7646, 0xE194 }, // U+7646 = 0xE1 0x94
    { 0x7647, 0xE192 }, // U+7647 = 0xE1 0x92
    { 0x7648, 0xE193 }, // U+7648 = 0xE1 0x93
    { 0x764C, 0x8AE0 }, // U+764C = 0x8A 0xE0
    { 0x7652, 0x96FC }, // U+7652 = 0x96 0xFC
    { 0x7656, 0x95C8 }, // U+7656 = 0x95 0xC8
    { 0x7658, 0xE196 }, // U+7658 = 0xE1 0x96
    { 0x765C, 0xE195 }, // U+765C = 0xE1 0x95
    { 0x7661, 0xE197 }, // U+7661 = 0xE1 0x97
    { 0x7662, 0xE198 }, // U+7662 = 0xE1 0x98
    { 0x7667, 0xE19C }, // U+7667 = 0xE1 0x9C
    { 0x7668, 0xE199 }, // U+7668 = 0xE1 0x99
    { 0x7669, 0xE19A }, // U+7669 = 0xE1 0x9A
    { 0x766A, 0xE19B }, // U+766A = 0xE1 0x9B
    { 0x766C, 0xE19D }, // U+766C = 0xE1 0x9D
    { 0x7670, 0xE19E }, // U+7670 = 0xE1 0x9E
    { 0x7672, 0xE19F }, // U+7672 = 0xE1 0x9F
    { 0x7676, 0xE1A0 }, // U+7676 = 0xE1 0xA0
    { 0x7678, 0xE1A1 }, // U+7678 = 0xE1 0xA1
    { 0x767A, 0x94AD }, // U+767A = 0x94 0xAD
    { 0x767B, 0x936F }, // U+767B = 0x93 0x6F
    { 0x767C, 0xE1A2 }, // U+767C = 0xE1 0xA2
    { 0x767D, 0x9492 }, // U+767D = 0x94 0x92
    { 0x767E, 0x9553 }, // U+767E = 0x95 0x53
    { 0x7680, 0xE1A3 }, // U+7680 = 0xE1 0xA3
    { 0x7682, 0xFB70 }, // U+7682 = 0xFB 0x70
    { 0x7683, 0xE1A4 }, // U+7683 = 0xE1 0xA4
    { 0x7684, 0x9349 }, // U+7684 = 0x93 0x49
    { 0x7686, 0x8A46 }, // U+7686 = 0x8A 0x46
    { 0x7687, 0x8D63 }, // U+7687 = 0x8D 0x63
    { 0x7688, 0xE1A5 }, // U+7688 = 0xE1 0xA5
    { 0x768B, 0xE1A6 }, // U+768B = 0xE1 0xA6
    { 0x768E, 0xE1A7 }, // U+768E = 0xE1 0xA7
    { 0x7690, 0x8E48 }, // U+7690 = 0x8E 0x48
    { 0x7693, 0xE1A9 }, // U+7693 = 0xE1 0xA9
    { 0x7696, 0xE1A8 }, // U+7696 = 0xE1 0xA8
    { 0x7699, 0xE1AA }, // U+7699 = 0xE1 0xAA
    { 0x769A, 0xE1AB }, // U+769A = 0xE1 0xAB
    { 0x769B, 0xFB73 }, // U+769B = 0xFB 0x73
    { 0x769C, 0xFB71 }, // U+769C = 0xFB 0x71
    { 0x769E, 0xFB72 }, // U+769E = 0xFB 0x72
    { 0x76A6, 0xFB74 }, // U+76A6 = 0xFB 0x74
    { 0x76AE, 0x94E7 }, // U+76AE = 0x94 0xE7
    { 0x76B0, 0xE1AC }, // U+76B0 = 0xE1 0xAC
    { 0x76B4, 0xE1AD }, // U+76B4 = 0xE1 0xAD
    { 0x76B7, 0xEA89 }, // U+76B7 = 0xEA 0x89
    { 0x76B8, 0xE1AE }, // U+76B8 = 0xE1 0xAE
    { 0x76B9, 0xE1AF }, // U+76B9 = 0xE1 0xAF
    { 0x76BA, 0xE1B0 }, // U+76BA = 0xE1 0xB0
    { 0x76BF, 0x8E4D }, // U+76BF = 0x8E 0x4D
    { 0x76C2, 0xE1B1 }, // U+76C2 = 0xE1 0xB1
    { 0x76C3, 0x9475 }, // U+76C3 = 0x94 0x75
    { 0x76C6, 0x967E }, // U+76C6 = 0x96 0x7E
    { 0x76C8, 0x896D }, // U+76C8 = 0x89 0x6D
    { 0x76CA, 0x8976 }, // U+76CA = 0x89 0x76
    { 0x76CD, 0xE1B2 }, // U+76CD = 0xE1 0xB2
    { 0x76D2, 0xE1B4 }, // U+76D2 = 0xE1 0xB4
    { 0x76D6, 0xE1B3 }, // U+76D6 = 0xE1 0xB3
    { 0x76D7, 0x9390 }, // U+76D7 = 0x93 0x90
    { 0x76DB, 0x90B7 }, // U+76DB = 0x90 0xB7
    { 0x76DC, 0x9F58 }, // U+76DC = 0x9F 0x58
    { 0x76DE, 0xE1B5 }, // U+76DE = 0xE1 0xB5
    { 0x76DF, 0x96BF }, // U+76DF = 0x96 0xBF
    { 0x76E1, 0xE1B6 }, // U+76E1 = 0xE1 0xB6
    { 0x76E3, 0x8AC4 }, // U+76E3 = 0x8A 0xC4
    { 0x76E4, 0x94D5 }, // U+76E4 = 0x94 0xD5
    { 0x76E5, 0xE1B7 }, // U+76E5 = 0xE1 0xB7
    { 0x76E7, 0xE1B8 }, // U+76E7 = 0xE1 0xB8
    { 0x76EA, 0xE1B9 }, // U+76EA = 0xE1 0xB9
    { 0x76EE, 0x96DA }, // U+76EE = 0x96 0xDA
    { 0x76F2, 0x96D3 }, // U+76F2 = 0x96 0xD3
    { 0x76F4, 0x92BC }, // U+76F4 = 0x92 0xBC
    { 0x76F8, 0x918A }, // U+76F8 = 0x91 0x8A
    { 0x76FB, 0xE1BB }, // U+76FB = 0xE1 0xBB
    { 0x76FE, 0x8F82 }, // U+76FE = 0x8F 0x82
    { 0x7701, 0x8FC8 }, // U+7701 = 0x8F 0xC8
    { 0x7704, 0xE1BE }, // U+7704 = 0xE1 0xBE
    { 0x7707, 0xE1BD }, // U+7707 = 0xE1 0xBD
    { 0x7708, 0xE1BC }, // U+7708 = 0xE1 0xBC
    { 0x7709, 0x94FB }, // U+7709 = 0x94 0xFB
    { 0x770B, 0x8AC5 }, // U+770B = 0x8A 0xC5
    { 0x770C, 0x8CA7 }, // U+770C = 0x8C 0xA7
    { 0x771B, 0xE1C4 }, // U+771B = 0xE1 0xC4
    { 0x771E, 0xE1C1 }, // U+771E = 0xE1 0xC1
    { 0x771F, 0x905E }, // U+771F = 0x90 0x5E
    { 0x7720, 0x96B0 }, // U+7720 = 0x96 0xB0
    { 0x7724, 0xE1C0 }, // U+7724 = 0xE1 0xC0
    { 0x7725, 0xE1C2 }, // U+7725 = 0xE1 0xC2
    { 0x7726, 0xE1C3 }, // U+7726 = 0xE1 0xC3
    { 0x7729, 0xE1BF }, // U+7729 = 0xE1 0xBF
    { 0x7737, 0xE1C5 }, // U+7737 = 0xE1 0xC5
    { 0x7738, 0xE1C6 }, // U+7738 = 0xE1 0xC6
    { 0x773A, 0x92AD }, // U+773A = 0x92 0xAD
    { 0x773C, 0x8AE1 }, // U+773C = 0x8A 0xE1
    { 0x7740, 0x9285 }, // U+7740 = 0x92 0x85
    { 0x7746, 0xFB76 }, // U+7746 = 0xFB 0x76
    { 0x7747, 0xE1C7 }, // U+7747 = 0xE1 0xC7
    { 0x775A, 0xE1C8 }, // U+775A = 0xE1 0xC8
    { 0x775B, 0xE1CB }, // U+775B = 0xE1 0xCB
    { 0x7761, 0x9087 }, // U+7761 = 0x90 0x87
    { 0x7763, 0x93C2 }, // U+7763 = 0x93 0xC2
    { 0x7765, 0xE1CC }, // U+7765 = 0xE1 0xCC
    { 0x7766, 0x9672 }, // U+7766 = 0x96 0x72
    { 0x7768, 0xE1C9 }, // U+7768 = 0xE1 0xC9
    { 0x776B, 0xE1CA }, // U+776B = 0xE1 0xCA
    { 0x7779, 0xE1CF }, // U+7779 = 0xE1 0xCF
    { 0x777E, 0xE1CE }, // U+777E = 0xE1 0xCE
    { 0x777F, 0xE1CD }, // U+777F = 0xE1 0xCD
    { 0x778B, 0xE1D1 }, // U+778B = 0xE1 0xD1
    { 0x778E, 0xE1D0 }, // U+778E = 0xE1 0xD0
    { 0x7791, 0xE1D2 }, // U+7791 = 0xE1 0xD2
    { 0x779E, 0xE1D4 }, // U+779E = 0xE1 0xD4
    { 0x77A0, 0xE1D3 }, // U+77A0 = 0xE1 0xD3
    { 0x77A5, 0x95CB }, // U+77A5 = 0x95 0xCB
    { 0x77AC, 0x8F75 }, // U+77AC = 0x8F 0x75
    { 0x77AD, 0x97C4 }, // U+77AD = 0x97 0xC4
    { 0x77B0, 0xE1D5 }, // U+77B0 = 0xE1 0xD5
    { 0x77B3, 0x93B5 }, // U+77B3 = 0x93 0xB5
    { 0x77B6, 0xE1D6 }, // U+77B6 = 0xE1 0xD6
    { 0x77B9, 0xE1D7 }, // U+77B9 = 0xE1 0xD7
    { 0x77BB, 0xE1DB }, // U+77BB = 0xE1 0xDB
    { 0x77BC, 0xE1D9 }, // U+77BC = 0xE1 0xD9
    { 0x77BD, 0xE1DA }, // U+77BD = 0xE1 0xDA
    { 0x77BF, 0xE1D8 }, // U+77BF = 0xE1 0xD8
    { 0x77C7, 0xE1DC }, // U+77C7 = 0xE1 0xDC
    { 0x77CD, 0xE1DD }, // U+77CD = 0xE1 0xDD
    { 0x77D7, 0xE1DE }, // U+77D7 = 0xE1 0xDE
    { 0x77DA, 0xE1DF }, // U+77DA = 0xE1 0xDF
    { 0x77DB, 0x96B5 }, // U+77DB = 0x96 0xB5
    { 0x77DC, 0xE1E0 }, // U+77DC = 0xE1 0xE0
    { 0x77E2, 0x96EE }, // U+77E2 = 0x96 0xEE
    { 0x77E3, 0xE1E1 }, // U+77E3 = 0xE1 0xE1
    { 0x77E5, 0x926D }, // U+77E5 = 0x92 0x6D
    { 0x77E7, 0x948A }, // U+77E7 = 0x94 0x8A
    { 0x77E9, 0x8BE9 }, // U+77E9 = 0x8B 0xE9
    { 0x77ED, 0x925A }, // U+77ED = 0x92 0x5A
    { 0x77EE, 0xE1E2 }, // U+77EE = 0xE1 0xE2
    { 0x77EF, 0x8BB8 }, // U+77EF = 0x8B 0xB8
    { 0x77F3, 0x90CE }, // U+77F3 = 0x90 0xCE
    { 0x77FC, 0xE1E3 }, // U+77FC = 0xE1 0xE3
    { 0x7802, 0x8DBB }, // U+7802 = 0x8D 0xBB
    { 0x780C, 0xE1E4 }, // U+780C = 0xE1 0xE4
    { 0x7812, 0xE1E5 }, // U+7812 = 0xE1 0xE5
    { 0x7814, 0x8CA4 }, // U+7814 = 0x8C 0xA4
    { 0x7815, 0x8DD3 }, // U+7815 = 0x8D 0xD3
    { 0x7820, 0xE1E7 }, // U+7820 = 0xE1 0xE7
    { 0x7821, 0xFB78 }, // U+7821 = 0xFB 0x78
    { 0x7825, 0x9375 }, // U+7825 = 0x93 0x75
    { 0x7826, 0x8DD4 }, // U+7826 = 0x8D 0xD4
    { 0x7827, 0x8B6D }, // U+7827 = 0x8B 0x6D
    { 0x7832, 0x9643 }, // U+7832 = 0x96 0x43
    { 0x7834, 0x946A }, // U+7834 = 0x94 0x6A
    { 0x783A, 0x9376 }, // U+783A = 0x93 0x76
    { 0x783F, 0x8D7B }, // U+783F = 0x8D 0x7B
    { 0x7845, 0xE1E9 }, // U+7845 = 0xE1 0xE9
    { 0x784E, 0xFB79 }, // U+784E = 0xFB 0x79
    { 0x785D, 0x8FC9 }, // U+785D = 0x8F 0xC9
    { 0x7864, 0xFB7A }, // U+7864 = 0xFB 0x7A
    { 0x786B, 0x97B0 }, // U+786B = 0x97 0xB0
    { 0x786C, 0x8D64 }, // U+786C = 0x8D 0x64
    { 0x786F, 0x8CA5 }, // U+786F = 0x8C 0xA5
    { 0x7872, 0x94A1 }, // U+7872 = 0x94 0xA1
    { 0x7874, 0xE1EB }, // U+7874 = 0xE1 0xEB
    { 0x787A, 0xFB7B }, // U+787A = 0xFB 0x7B
    { 0x787C, 0xE1ED }, // U+787C = 0xE1 0xED
    { 0x7881, 0x8CE9 }, // U+7881 = 0x8C 0xE9
    { 0x7886, 0xE1EC }, // U+7886 = 0xE1 0xEC
    { 0x7887, 0x92F4 }, // U+7887 = 0x92 0xF4
    { 0x788C, 0xE1EF }, // U+788C = 0xE1 0xEF
    { 0x788D, 0x8A56 }, // U+788D = 0x8A 0x56
    { 0x788E, 0xE1EA }, // U+788E = 0xE1 0xEA
    { 0x7891, 0x94E8 }, // U+7891 = 0x94 0xE8
    { 0x7893, 0x894F }, // U+7893 = 0x89 0x4F
    { 0x7895, 0x8DEA }, // U+7895 = 0x8D 0xEA
    { 0x7897, 0x9871 }, // U+7897 = 0x98 0x71
    { 0x789A, 0xE1EE }, // U+789A = 0xE1 0xEE
    { 0x78A3, 0xE1F0 }, // U+78A3 = 0xE1 0xF0
    { 0x78A7, 0x95C9 }, // U+78A7 = 0x95 0xC9
    { 0x78A9, 0x90D7 }, // U+78A9 = 0x90 0xD7
    { 0x78AA, 0xE1F2 }, // U+78AA = 0xE1 0xF2
    { 0x78AF, 0xE1F3 }, // U+78AF = 0xE1 0xF3
    { 0x78B5, 0xE1F1 }, // U+78B5 = 0xE1 0xF1
    { 0x78BA, 0x8A6D }, // U+78BA = 0x8A 0x6D
    { 0x78BC, 0xE1F9 }, // U+78BC = 0xE1 0xF9
    { 0x78BE, 0xE1F8 }, // U+78BE = 0xE1 0xF8
    { 0x78C1, 0x8EA5 }, // U+78C1 = 0x8E 0xA5
    { 0x78C5, 0xE1FA }, // U+78C5 = 0xE1 0xFA
    { 0x78C6, 0xE1F5 }, // U+78C6 = 0xE1 0xF5
    { 0x78CA, 0xE1FB }, // U+78CA = 0xE1 0xFB
    { 0x78CB, 0xE1F6 }, // U+78CB = 0xE1 0xF6
    { 0x78D0, 0x94D6 }, // U+78D0 = 0x94 0xD6
    { 0x78D1, 0xE1F4 }, // U+78D1 = 0xE1 0xF4
    { 0x78D4, 0xE1F7 }, // U+78D4 = 0xE1 0xF7
    { 0x78DA, 0xE241 }, // U+78DA = 0xE2 0x41
    { 0x78E7, 0xE240 }, // U+78E7 = 0xE2 0x40
    { 0x78E8, 0x9681 }, // U+78E8 = 0x96 0x81
    { 0x78EC, 0xE1FC }, // U+78EC = 0xE1 0xFC
    { 0x78EF, 0x88E9 }, // U+78EF = 0x88 0xE9
    { 0x78F4, 0xE243 }, // U+78F4 = 0xE2 0x43
    { 0x78FD, 0xE242 }, // U+78FD = 0xE2 0x42
    { 0x7901, 0x8FCA }, // U+7901 = 0x8F 0xCA
    { 0x7907, 0xE244 }, // U+7907 = 0xE2 0x44
    { 0x790E, 0x9162 }, // U+790E = 0x91 0x62
    { 0x7911, 0xE246 }, // U+7911 = 0xE2 0x46
    { 0x7912, 0xE245 }, // U+7912 = 0xE2 0x45
    { 0x7919, 0xE247 }, // U+7919 = 0xE2 0x47
    { 0x7926, 0xE1E6 }, // U+7926 = 0xE1 0xE6
    { 0x792A, 0xE1E8 }, // U+792A = 0xE1 0xE8
    { 0x792B, 0xE249 }, // U+792B = 0xE2 0x49
    { 0x792C, 0xE248 }, // U+792C = 0xE2 0x48
    { 0x7930, 0xFB7C }, // U+7930 = 0xFB 0x7C
    { 0x793A, 0x8EA6 }, // U+793A = 0x8E 0xA6
    { 0x793C, 0x97E7 }, // U+793C = 0x97 0xE7
    { 0x793E, 0x8ED0 }, // U+793E = 0x8E 0xD0
    { 0x7940, 0xE24A }, // U+7940 = 0xE2 0x4A
    { 0x7941, 0x8C56 }, // U+7941 = 0x8C 0x56
    { 0x7947, 0x8B5F }, // U+7947 = 0x8B 0x5F
    { 0x7948, 0x8B46 }, // U+7948 = 0x8B 0x46
    { 0x7949, 0x8E83 }, // U+7949 = 0x8E 0x83
    { 0x7950, 0x9753 }, // U+7950 = 0x97 0x53
    { 0x7953, 0xE250 }, // U+7953 = 0xE2 0x50
    { 0x7955, 0xE24F }, // U+7955 = 0xE2 0x4F
    { 0x7956, 0x9163 }, // U+7956 = 0x91 0x63
    { 0x7957, 0xE24C }, // U+7957 = 0xE2 0x4C
    { 0x795A, 0xE24E }, // U+795A = 0xE2 0x4E
    { 0x795D, 0x8F6A }, // U+795D = 0x8F 0x6A
    { 0x795E, 0x905F }, // U+795E = 0x90 0x5F
    { 0x795F, 0xE24D }, // U+795F = 0xE2 0x4D
    { 0x7960, 0xE24B }, // U+7960 = 0xE2 0x4B
    { 0x7962, 0x9449 }, // U+7962 = 0x94 0x49
    { 0x7965, 0x8FCB }, // U+7965 = 0x8F 0xCB
    { 0x7968, 0x955B }, // U+7968 = 0x95 0x5B
    { 0x796D, 0x8DD5 }, // U+796D = 0x8D 0xD5
    { 0x7977, 0x9398 }, // U+7977 = 0x93 0x98
    { 0x797A, 0xE251 }, // U+797A = 0xE2 0x51
    { 0x797F, 0xE252 }, // U+797F = 0xE2 0x52
    { 0x7980, 0xE268 }, // U+7980 = 0xE2 0x68
    { 0x7981, 0x8BD6 }, // U+7981 = 0x8B 0xD6
    { 0x7984, 0x985C }, // U+7984 = 0x98 0x5C
    { 0x7985, 0x9154 }, // U+7985 = 0x91 0x54
    { 0x798A, 0xE253 }, // U+798A = 0xE2 0x53
    { 0x798D, 0x89D0 }, // U+798D = 0x89 0xD0
    { 0x798E, 0x92F5 }, // U+798E = 0x92 0xF5
    { 0x798F, 0x959F }, // U+798F = 0x95 0x9F
    { 0x7994, 0xFB81 }, // U+7994 = 0xFB 0x81
    { 0x799B, 0xFB83 }, // U+799B = 0xFB 0x83
    { 0x799D, 0xE254 }, // U+799D = 0xE2 0x54
    { 0x79A6, 0x8B9A }, // U+79A6 = 0x8B 0x9A
    { 0x79A7, 0xE255 }, // U+79A7 = 0xE2 0x55
    { 0x79AA, 0xE257 }, // U+79AA = 0xE2 0x57
    { 0x79AE, 0xE258 }, // U+79AE = 0xE2 0x58
    { 0x79B0, 0x9448 }, // U+79B0 = 0x94 0x48
    { 0x79B3, 0xE259 }, // U+79B3 = 0xE2 0x59
    { 0x79B9, 0xE25A }, // U+79B9 = 0xE2 0x5A
    { 0x79BA, 0xE25B }, // U+79BA = 0xE2 0x5B
    { 0x79BD, 0x8BD7 }, // U+79BD = 0x8B 0xD7
    { 0x79BE, 0x89D1 }, // U+79BE = 0x89 0xD1
    { 0x79BF, 0x93C3 }, // U+79BF = 0x93 0xC3
    { 0x79C0, 0x8F47 }, // U+79C0 = 0x8F 0x47
    { 0x79C1, 0x8E84 }, // U+79C1 = 0x8E 0x84
    { 0x79C9, 0xE25C }, // U+79C9 = 0xE2 0x5C
    { 0x79CB, 0x8F48 }, // U+79CB = 0x8F 0x48
    { 0x79D1, 0x89C8 }, // U+79D1 = 0x89 0xC8
    { 0x79D2, 0x9562 }, // U+79D2 = 0x95 0x62
    { 0x79D5, 0xE25D }, // U+79D5 = 0xE2 0x5D
    { 0x79D8, 0x94E9 }, // U+79D8 = 0x94 0xE9
    { 0x79DF, 0x9164 }, // U+79DF = 0x91 0x64
    { 0x79E1, 0xE260 }, // U+79E1 = 0xE2 0x60
    { 0x79E3, 0xE261 }, // U+79E3 = 0xE2 0x61
    { 0x79E4, 0x9489 }, // U+79E4 = 0x94 0x89
    { 0x79E6, 0x9060 }, // U+79E6 = 0x90 0x60
    { 0x79E7, 0xE25E }, // U+79E7 = 0xE2 0x5E
    { 0x79E9, 0x9281 }, // U+79E9 = 0x92 0x81
    { 0x79EC, 0xE25F }, // U+79EC = 0xE2 0x5F
    { 0x79F0, 0x8FCC }, // U+79F0 = 0x8F 0xCC
    { 0x79FB, 0x88DA }, // U+79FB = 0x88 0xDA
    { 0x7A00, 0x8B48 }, // U+7A00 = 0x8B 0x48
    { 0x7A08, 0xE262 }, // U+7A08 = 0xE2 0x62
    { 0x7A0B, 0x92F6 }, // U+7A0B = 0x92 0xF6
    { 0x7A0D, 0xE263 }, // U+7A0D = 0xE2 0x63
    { 0x7A0E, 0x90C5 }, // U+7A0E = 0x90 0xC5
    { 0x7A14, 0x96AB }, // U+7A14 = 0x96 0xAB
    { 0x7A17, 0x9542 }, // U+7A17 = 0x95 0x42
    { 0x7A18, 0xE264 }, // U+7A18 = 0xE2 0x64
    { 0x7A19, 0xE265 }, // U+7A19 = 0xE2 0x65
    { 0x7A1A, 0x9274 }, // U+7A1A = 0x92 0x74
    { 0x7A1C, 0x97C5 }, // U+7A1C = 0x97 0xC5
    { 0x7A1F, 0xE267 }, // U+7A1F = 0xE2 0x67
    { 0x7A20, 0xE266 }, // U+7A20 = 0xE2 0x66
    { 0x7A2E, 0x8EED }, // U+7A2E = 0x8E 0xED
    { 0x7A31, 0xE269 }, // U+7A31 = 0xE2 0x69
    { 0x7A32, 0x88EE }, // U+7A32 = 0x88 0xEE
    { 0x7A37, 0xE26C }, // U+7A37 = 0xE2 0x6C
    { 0x7A3B, 0xE26A }, // U+7A3B = 0xE2 0x6A
    { 0x7A3C, 0x89D2 }, // U+7A3C = 0x89 0xD2
    { 0x7A3D, 0x8C6D }, // U+7A3D = 0x8C 0x6D
    { 0x7A3E, 0xE26B }, // U+7A3E = 0xE2 0x6B
    { 0x7A3F, 0x8D65 }, // U+7A3F = 0x8D 0x65
    { 0x7A40, 0x8D92 }, // U+7A40 = 0x8D 0x92
    { 0x7A42, 0x95E4 }, // U+7A42 = 0x95 0xE4
    { 0x7A43, 0xE26D }, // U+7A43 = 0xE2 0x6D
    { 0x7A46, 0x9673 }, // U+7A46 = 0x96 0x73
    { 0x7A49, 0xE26F }, // U+7A49 = 0xE2 0x6F
    { 0x7A4D, 0x90CF }, // U+7A4D = 0x90 0xCF
    { 0x7A4E, 0x896E }, // U+7A4E = 0x89 0x6E
    { 0x7A4F, 0x89B8 }, // U+7A4F = 0x89 0xB8
    { 0x7A50, 0x88AA }, // U+7A50 = 0x88 0xAA
    { 0x7A57, 0xE26E }, // U+7A57 = 0xE2 0x6E
    { 0x7A61, 0xE270 }, // U+7A61 = 0xE2 0x70
    { 0x7A62, 0xE271 }, // U+7A62 = 0xE2 0x71
    { 0x7A63, 0x8FF5 }, // U+7A63 = 0x8F 0xF5
    { 0x7A69, 0xE272 }, // U+7A69 = 0xE2 0x72
    { 0x7A6B, 0x8A6E }, // U+7A6B = 0x8A 0x6E
    { 0x7A70, 0xE274 }, // U+7A70 = 0xE2 0x74
    { 0x7A74, 0x8C8A }, // U+7A74 = 0x8C 0x8A
    { 0x7A76, 0x8B86 }, // U+7A76 = 0x8B 0x86
    { 0x7A79, 0xE275 }, // U+7A79 = 0xE2 0x75
    { 0x7A7A, 0x8BF3 }, // U+7A7A = 0x8B 0xF3
    { 0x7A7D, 0xE276 }, // U+7A7D = 0xE2 0x76
    { 0x7A7F, 0x90FA }, // U+7A7F = 0x90 0xFA
    { 0x7A81, 0x93CB }, // U+7A81 = 0x93 0xCB
    { 0x7A83, 0x90DE }, // U+7A83 = 0x90 0xDE
    { 0x7A84, 0x8DF3 }, // U+7A84 = 0x8D 0xF3
    { 0x7A88, 0xE277 }, // U+7A88 = 0xE2 0x77
    { 0x7A92, 0x9282 }, // U+7A92 = 0x92 0x82
    { 0x7A93, 0x918B }, // U+7A93 = 0x91 0x8B
    { 0x7A95, 0xE279 }, // U+7A95 = 0xE2 0x79
    { 0x7A96, 0xE27B }, // U+7A96 = 0xE2 0x7B
    { 0x7A97, 0xE278 }, // U+7A97 = 0xE2 0x78
    { 0x7A98, 0xE27A }, // U+7A98 = 0xE2 0x7A
    { 0x7A9F, 0x8C41 }, // U+7A9F = 0x8C 0x41
    { 0x7AA9, 0xE27C }, // U+7AA9 = 0xE2 0x7C
    { 0x7AAA, 0x8C45 }, // U+7AAA = 0x8C 0x45
    { 0x7AAE, 0x8B87 }, // U+7AAE = 0x8B 0x87
    { 0x7AAF, 0x9771 }, // U+7AAF = 0x97 0x71
    { 0x7AB0, 0xE27E }, // U+7AB0 = 0xE2 0x7E
    { 0x7AB6, 0xE280 }, // U+7AB6 = 0xE2 0x80
    { 0x7ABA, 0x894D }, // U+7ABA = 0x89 0x4D
    { 0x7ABF, 0xE283 }, // U+7ABF = 0xE2 0x83
    { 0x7AC3, 0x8A96 }, // U+7AC3 = 0x8A 0x96
    { 0x7AC4, 0xE282 }, // U+7AC4 = 0xE2 0x82
    { 0x7AC5, 0xE281 }, // U+7AC5 = 0xE2 0x81
    { 0x7AC7, 0xE285 }, // U+7AC7 = 0xE2 0x85
    { 0x7AC8, 0xE27D }, // U+7AC8 = 0xE2 0x7D
    { 0x7ACA, 0xE286 }, // U+7ACA = 0xE2 0x86
    { 0x7ACB, 0x97A7 }, // U+7ACB = 0x97 0xA7
    { 0x7ACD, 0xE287 }, // U+7ACD = 0xE2 0x87
    { 0x7ACF, 0xE288 }, // U+7ACF = 0xE2 0x88
    { 0x7AD1, 0xFB84 }, // U+7AD1 = 0xFB 0x84
    { 0x7AD2, 0x9AF2 }, // U+7AD2 = 0x9A 0xF2
    { 0x7AD3, 0xE28A }, // U+7AD3 = 0xE2 0x8A
    { 0x7AD5, 0xE289 }, // U+7AD5 = 0xE2 0x89
    { 0x7AD9, 0xE28B }, // U+7AD9 = 0xE2 0x8B
    { 0x7ADA, 0xE28C }, // U+7ADA = 0xE2 0x8C
    { 0x7ADC, 0x97B3 }, // U+7ADC = 0x97 0xB3
    { 0x7ADD, 0xE28D }, // U+7ADD = 0xE2 0x8D
    { 0x7ADF, 0xE8ED }, // U+7ADF = 0xE8 0xED
    { 0x7AE0, 0x8FCD }, // U+7AE0 = 0x8F 0xCD
    { 0x7AE1, 0xE28E }, // U+7AE1 = 0xE2 0x8E
    { 0x7AE2, 0xE28F }, // U+7AE2 = 0xE2 0x8F
    { 0x7AE3, 0x8F76 }, // U+7AE3 = 0x8F 0x76
    { 0x7AE5, 0x93B6 }, // U+7AE5 = 0x93 0xB6
    { 0x7AE6, 0xE290 }, // U+7AE6 = 0xE2 0x90
    { 0x7AE7, 0xFB85 }, // U+7AE7 = 0xFB 0x85
    { 0x7AEA, 0x9247 }, // U+7AEA = 0x92 0x47
    { 0x7AEB, 0xFB87 }, // U+7AEB = 0xFB 0x87
    { 0x7AED, 0xE291 }, // U+7AED = 0xE2 0x91
    { 0x7AEF, 0x925B }, // U+7AEF = 0x92 0x5B
    { 0x7AF0, 0xE292 }, // U+7AF0 = 0xE2 0x92
    { 0x7AF6, 0x8BA3 }, // U+7AF6 = 0x8B 0xA3
    { 0x7AF8, 0x995E }, // U+7AF8 = 0x99 0x5E
    { 0x7AF9, 0x927C }, // U+7AF9 = 0x92 0x7C
    { 0x7AFA, 0x8EB1 }, // U+7AFA = 0x8E 0xB1
    { 0x7AFF, 0x8AC6 }, // U+7AFF = 0x8A 0xC6
    { 0x7B02, 0xE293 }, // U+7B02 = 0xE2 0x93
    { 0x7B04, 0xE2A0 }, // U+7B04 = 0xE2 0xA0
    { 0x7B06, 0xE296 }, // U+7B06 = 0xE2 0x96
    { 0x7B08, 0x8B88 }, // U+7B08 = 0x8B 0x88
    { 0x7B0A, 0xE295 }, // U+7B0A = 0xE2 0x95
    { 0x7B0B, 0xE2A2 }, // U+7B0B = 0xE2 0xA2
    { 0x7B0F, 0xE294 }, // U+7B0F = 0xE2 0x94
    { 0x7B11, 0x8FCE }, // U+7B11 = 0x8F 0xCE
    { 0x7B18, 0xE298 }, // U+7B18 = 0xE2 0x98
    { 0x7B19, 0xE299 }, // U+7B19 = 0xE2 0x99
    { 0x7B1B, 0x934A }, // U+7B1B = 0x93 0x4A
    { 0x7B1E, 0xE29A }, // U+7B1E = 0xE2 0x9A
    { 0x7B20, 0x8A7D }, // U+7B20 = 0x8A 0x7D
    { 0x7B25, 0x9079 }, // U+7B25 = 0x90 0x79
    { 0x7B26, 0x9584 }, // U+7B26 = 0x95 0x84
    { 0x7B28, 0xE29C }, // U+7B28 = 0xE2 0x9C
    { 0x7B2C, 0x91E6 }, // U+7B2C = 0x91 0xE6
    { 0x7B33, 0xE297 }, // U+7B33 = 0xE2 0x97
    { 0x7B35, 0xE29B }, // U+7B35 = 0xE2 0x9B
    { 0x7B36, 0xE29D }, // U+7B36 = 0xE2 0x9D
    { 0x7B39, 0x8DF9 }, // U+7B39 = 0x8D 0xF9
    { 0x7B45, 0xE2A4 }, // U+7B45 = 0xE2 0xA4
    { 0x7B46, 0x954D }, // U+7B46 = 0x95 0x4D
    { 0x7B48, 0x94A4 }, // U+7B48 = 0x94 0xA4
    { 0x7B49, 0x9399 }, // U+7B49 = 0x93 0x99
    { 0x7B4B, 0x8BD8 }, // U+7B4B = 0x8B 0xD8
    { 0x7B4C, 0xE2A3 }, // U+7B4C = 0xE2 0xA3
    { 0x7B4D, 0xE2A1 }, // U+7B4D = 0xE2 0xA1
    { 0x7B4F, 0x94B3 }, // U+7B4F = 0x94 0xB3
    { 0x7B50, 0xE29E }, // U+7B50 = 0xE2 0x9E
    { 0x7B51, 0x927D }, // U+7B51 = 0x92 0x7D
    { 0x7B52, 0x939B }, // U+7B52 = 0x93 0x9B
    { 0x7B54, 0x939A }, // U+7B54 = 0x93 0x9A
    { 0x7B56, 0x8DF4 }, // U+7B56 = 0x8D 0xF4
    { 0x7B5D, 0xE2B6 }, // U+7B5D = 0xE2 0xB6
    { 0x7B65, 0xE2A6 }, // U+7B65 = 0xE2 0xA6
    { 0x7B67, 0xE2A8 }, // U+7B67 = 0xE2 0xA8
    { 0x7B6C, 0xE2AB }, // U+7B6C = 0xE2 0xAB
    { 0x7B6E, 0xE2AC }, // U+7B6E = 0xE2 0xAC
    { 0x7B70, 0xE2A9 }, // U+7B70 = 0xE2 0xA9
    { 0x7B71, 0xE2AA }, // U+7B71 = 0xE2 0xAA
    { 0x7B74, 0xE2A7 }, // U+7B74 = 0xE2 0xA7
    { 0x7B75, 0xE2A5 }, // U+7B75 = 0xE2 0xA5
    { 0x7B7A, 0xE29F }, // U+7B7A = 0xE2 0x9F
    { 0x7B86, 0x95CD }, // U+7B86 = 0x95 0xCD
    { 0x7B87, 0x89D3 }, // U+7B87 = 0x89 0xD3
    { 0x7B8B, 0xE2B3 }, // U+7B8B = 0xE2 0xB3
    { 0x7B8D, 0xE2B0 }, // U+7B8D = 0xE2 0xB0
    { 0x7B8F, 0xE2B5 }, // U+7B8F = 0xE2 0xB5
    { 0x7B92, 0xE2B4 }, // U+7B92 = 0xE2 0xB4
    { 0x7B94, 0x9493 }, // U+7B94 = 0x94 0x93
    { 0x7B95, 0x96A5 }, // U+7B95 = 0x96 0xA5
    { 0x7B97, 0x8E5A }, // U+7B97 = 0x8E 0x5A
    { 0x7B98, 0xE2AE }, // U+7B98 = 0xE2 0xAE
    { 0x7B99, 0xE2B7 }, // U+7B99 = 0xE2 0xB7
    { 0x7B9A, 0xE2B2 }, // U+7B9A = 0xE2 0xB2
    { 0x7B9C, 0xE2B1 }, // U+7B9C = 0xE2 0xB1
    { 0x7B9D, 0xE2AD }, // U+7B9D = 0xE2 0xAD
    { 0x7B9E, 0xFB88 }, // U+7B9E = 0xFB 0x88
    { 0x7B9F, 0xE2AF }, // U+7B9F = 0xE2 0xAF
    { 0x7BA1, 0x8AC7 }, // U+7BA1 = 0x8A 0xC7
    { 0x7BAA, 0x925C }, // U+7BAA = 0x92 0x5C
    { 0x7BAD, 0x90FB }, // U+7BAD = 0x90 0xFB
    { 0x7BB1, 0x94A0 }, // U+7BB1 = 0x94 0xA0
    { 0x7BB4, 0xE2BC }, // U+7BB4 = 0xE2 0xBC
    { 0x7BB8, 0x94A2 }, // U+7BB8 = 0x94 0xA2
    { 0x7BC0, 0x90DF }, // U+7BC0 = 0x90 0xDF
    { 0x7BC1, 0xE2B9 }, // U+7BC1 = 0xE2 0xB9
    { 0x7BC4, 0x94CD }, // U+7BC4 = 0x94 0xCD
    { 0x7BC6, 0xE2BD }, // U+7BC6 = 0xE2 0xBD
    { 0x7BC7, 0x95D1 }, // U+7BC7 = 0x95 0xD1
    { 0x7BC9, 0x927A }, // U+7BC9 = 0x92 0x7A
    { 0x7BCB, 0xE2B8 }, // U+7BCB = 0xE2 0xB8
    { 0x7BCC, 0xE2BA }, // U+7BCC = 0xE2 0xBA
    { 0x7BCF, 0xE2BB }, // U+7BCF = 0xE2 0xBB
    { 0x7BDD, 0xE2BE }, // U+7BDD = 0xE2 0xBE
    { 0x7BE0, 0x8EC2 }, // U+7BE0 = 0x8E 0xC2
    { 0x7BE4, 0x93C4 }, // U+7BE4 = 0x93 0xC4
    { 0x7BE5, 0xE2C3 }, // U+7BE5 = 0xE2 0xC3
    { 0x7BE6, 0xE2C2 }, // U+7BE6 = 0xE2 0xC2
    { 0x7BE9, 0xE2BF }, // U+7BE9 = 0xE2 0xBF
    { 0x7BED, 0x9855 }, // U+7BED = 0x98 0x55
    { 0x7BF3, 0xE2C8 }, // U+7BF3 = 0xE2 0xC8
    { 0x7BF6, 0xE2CC }, // U+7BF6 = 0xE2 0xCC
    { 0x7BF7, 0xE2C9 }, // U+7BF7 = 0xE2 0xC9
    { 0x7C00, 0xE2C5 }, // U+7C00 = 0xE2 0xC5
    { 0x7C07, 0xE2C6 }, // U+7C07 = 0xE2 0xC6
    { 0x7C0D, 0xE2CB }, // U+7C0D = 0xE2 0xCB
    { 0x7C11, 0xE2C0 }, // U+7C11 = 0xE2 0xC0
    { 0x7C12, 0x99D3 }, // U+7C12 = 0x99 0xD3
    { 0x7C13, 0xE2C7 }, // U+7C13 = 0xE2 0xC7
    { 0x7C14, 0xE2C1 }, // U+7C14 = 0xE2 0xC1
    { 0x7C17, 0xE2CA }, // U+7C17 = 0xE2 0xCA
    { 0x7C1F, 0xE2D0 }, // U+7C1F = 0xE2 0xD0
    { 0x7C21, 0x8AC8 }, // U+7C21 = 0x8A 0xC8
    { 0x7C23, 0xE2CD }, // U+7C23 = 0xE2 0xCD
    { 0x7C27, 0xE2CE }, // U+7C27 = 0xE2 0xCE
    { 0x7C2A, 0xE2CF }, // U+7C2A = 0xE2 0xCF
    { 0x7C2B, 0xE2D2 }, // U+7C2B = 0xE2 0xD2
    { 0x7C37, 0xE2D1 }, // U+7C37 = 0xE2 0xD1
    { 0x7C38, 0x94F4 }, // U+7C38 = 0x94 0xF4
    { 0x7C3D, 0xE2D3 }, // U+7C3D = 0xE2 0xD3
    { 0x7C3E, 0x97FA }, // U+7C3E = 0x97 0xFA
    { 0x7C3F, 0x95EB }, // U+7C3F = 0x95 0xEB
    { 0x7C40, 0xE2D8 }, // U+7C40 = 0xE2 0xD8
    { 0x7C43, 0xE2D5 }, // U+7C43 = 0xE2 0xD5
    { 0x7C4C, 0xE2D4 }, // U+7C4C = 0xE2 0xD4
    { 0x7C4D, 0x90D0 }, // U+7C4D = 0x90 0xD0
    { 0x7C4F, 0xE2D7 }, // U+7C4F = 0xE2 0xD7
    { 0x7C50, 0xE2D9 }, // U+7C50 = 0xE2 0xD9
    { 0x7C54, 0xE2D6 }, // U+7C54 = 0xE2 0xD6
    { 0x7C56, 0xE2DD }, // U+7C56 = 0xE2 0xDD
    { 0x7C58, 0xE2DA }, // U+7C58 = 0xE2 0xDA
    { 0x7C5F, 0xE2DB }, // U+7C5F = 0xE2 0xDB
    { 0x7C60, 0xE2C4 }, // U+7C60 = 0xE2 0xC4
    { 0x7C64, 0xE2DC }, // U+7C64 = 0xE2 0xDC
    { 0x7C65, 0xE2DE }, // U+7C65 = 0xE2 0xDE
    { 0x7C6C, 0xE2DF }, // U+7C6C = 0xE2 0xDF
    { 0x7C73, 0x95C4 }, // U+7C73 = 0x95 0xC4
    { 0x7C75, 0xE2E0 }, // U+7C75 = 0xE2 0xE0
    { 0x7C7E, 0x96E0 }, // U+7C7E = 0x96 0xE0
    { 0x7C81, 0x8BCC }, // U+7C81 = 0x8B 0xCC
    { 0x7C82, 0x8C48 }, // U+7C82 = 0x8C 0x48
    { 0x7C83, 0xE2E1 }, // U+7C83 = 0xE2 0xE1
    { 0x7C89, 0x95B2 }, // U+7C89 = 0x95 0xB2
    { 0x7C8B, 0x9088 }, // U+7C8B = 0x90 0x88
    { 0x7C8D, 0x96AE }, // U+7C8D = 0x96 0xAE
    { 0x7C90, 0xE2E2 }, // U+7C90 = 0xE2 0xE2
    { 0x7C92, 0x97B1 }, // U+7C92 = 0x97 0xB1
    { 0x7C95, 0x9494 }, // U+7C95 = 0x94 0x94
    { 0x7C97, 0x9165 }, // U+7C97 = 0x91 0x65
    { 0x7C98, 0x9453 }, // U+7C98 = 0x94 0x53
    { 0x7C9B, 0x8F6C }, // U+7C9B = 0x8F 0x6C
    { 0x7C9F, 0x88BE }, // U+7C9F = 0x88 0xBE
    { 0x7CA1, 0xE2E7 }, // U+7CA1 = 0xE2 0xE7
    { 0x7CA2, 0xE2E5 }, // U+7CA2 = 0xE2 0xE5
    { 0x7CA4, 0xE2E3 }, // U+7CA4 = 0xE2 0xE3
    { 0x7CA5, 0x8A9F }, // U+7CA5 = 0x8A 0x9F
    { 0x7CA7, 0x8FCF }, // U+7CA7 = 0x8F 0xCF
    { 0x7CA8, 0xE2E8 }, // U+7CA8 = 0xE2 0xE8
    { 0x7CAB, 0xE2E6 }, // U+7CAB = 0xE2 0xE6
    { 0x7CAD, 0xE2E4 }, // U+7CAD = 0xE2 0xE4
    { 0x7CAE, 0xE2EC }, // U+7CAE = 0xE2 0xEC
    { 0x7CB1, 0xE2EB }, // U+7CB1 = 0xE2 0xEB
    { 0x7CB2, 0xE2EA }, // U+7CB2 = 0xE2 0xEA
    { 0x7CB3, 0xE2E9 }, // U+7CB3 = 0xE2 0xE9
    { 0x7CB9, 0xE2ED }, // U+7CB9 = 0xE2 0xED
    { 0x7CBD, 0xE2EE }, // U+7CBD = 0xE2 0xEE
    { 0x7CBE, 0x90B8 }, // U+7CBE = 0x90 0xB8
    { 0x7CC0, 0xE2EF }, // U+7CC0 = 0xE2 0xEF
    { 0x7CC2, 0xE2F1 }, // U+7CC2 = 0xE2 0xF1
    { 0x7CC5, 0xE2F0 }, // U+7CC5 = 0xE2 0xF0
    { 0x7CCA, 0x8CD0 }, // U+7CCA = 0x8C 0xD0
    { 0x7CCE, 0x9157 }, // U+7CCE = 0x91 0x57
    { 0x7CD2, 0xE2F3 }, // U+7CD2 = 0xE2 0xF3
    { 0x7CD6, 0x939C }, // U+7CD6 = 0x93 0x9C
    { 0x7CD8, 0xE2F2 }, // U+7CD8 = 0xE2 0xF2
    { 0x7CDC, 0xE2F4 }, // U+7CDC = 0xE2 0xF4
    { 0x7CDE, 0x95B3 }, // U+7CDE = 0x95 0xB3
    { 0x7CDF, 0x918C }, // U+7CDF = 0x91 0x8C
    { 0x7CE0, 0x8D66 }, // U+7CE0 = 0x8D 0x66
    { 0x7CE2, 0xE2F5 }, // U+7CE2 = 0xE2 0xF5
    { 0x7CE7, 0x97C6 }, // U+7CE7 = 0x97 0xC6
    { 0x7CEF, 0xE2F7 }, // U+7CEF = 0xE2 0xF7
    { 0x7CF2, 0xE2F8 }, // U+7CF2 = 0xE2 0xF8
    { 0x7CF4, 0xE2F9 }, // U+7CF4 = 0xE2 0xF9
    { 0x7CF6, 0xE2FA }, // U+7CF6 = 0xE2 0xFA
    { 0x7CF8, 0x8E85 }, // U+7CF8 = 0x8E 0x85
    { 0x7CFA, 0xE2FB }, // U+7CFA = 0xE2 0xFB
    { 0x7CFB, 0x8C6E }, // U+7CFB = 0x8C 0x6E
    { 0x7CFE, 0x8B8A }, // U+7CFE = 0x8B 0x8A
    { 0x7D00, 0x8B49 }, // U+7D00 = 0x8B 0x49
    { 0x7D02, 0xE340 }, // U+7D02 = 0xE3 0x40
    { 0x7D04, 0x96F1 }, // U+7D04 = 0x96 0xF1
    { 0x7D05, 0x8D67 }, // U+7D05 = 0x8D 0x67
    { 0x7D06, 0xE2FC }, // U+7D06 = 0xE2 0xFC
    { 0x7D0A, 0xE343 }, // U+7D0A = 0xE3 0x43
    { 0x7D0B, 0x96E4 }, // U+7D0B = 0x96 0xE4
    { 0x7D0D, 0x945B }, // U+7D0D = 0x94 0x5B
    { 0x7D10, 0x9552 }, // U+7D10 = 0x95 0x52
    { 0x7D14, 0x8F83 }, // U+7D14 = 0x8F 0x83
    { 0x7D15, 0xE342 }, // U+7D15 = 0xE3 0x42
    { 0x7D17, 0x8ED1 }, // U+7D17 = 0x8E 0xD1
    { 0x7D18, 0x8D68 }, // U+7D18 = 0x8D 0x68
    { 0x7D19, 0x8E86 }, // U+7D19 = 0x8E 0x86
    { 0x7D1A, 0x8B89 }, // U+7D1A = 0x8B 0x89
    { 0x7D1B, 0x95B4 }, // U+7D1B = 0x95 0xB4
    { 0x7D1C, 0xE341 }, // U+7D1C = 0xE3 0x41
    { 0x7D20, 0x9166 }, // U+7D20 = 0x91 0x66
    { 0x7D21, 0x9661 }, // U+7D21 = 0x96 0x61
    { 0x7D22, 0x8DF5 }, // U+7D22 = 0x8D 0xF5
    { 0x7D2B, 0x8E87 }, // U+7D2B = 0x8E 0x87
    { 0x7D2C, 0x92DB }, // U+7D2C = 0x92 0xDB
    { 0x7D2E, 0xE346 }, // U+7D2E = 0xE3 0x46
    { 0x7D2F, 0x97DD }, // U+7D2F = 0x97 0xDD
    { 0x7D30, 0x8DD7 }, // U+7D30 = 0x8D 0xD7
    { 0x7D32, 0xE347 }, // U+7D32 = 0xE3 0x47
    { 0x7D33, 0x9061 }, // U+7D33 = 0x90 0x61
    { 0x7D35, 0xE349 }, // U+7D35 = 0xE3 0x49
    { 0x7D39, 0x8FD0 }, // U+7D39 = 0x8F 0xD0
    { 0x7D3A, 0x8DAE }, // U+7D3A = 0x8D 0xAE
    { 0x7D3F, 0xE348 }, // U+7D3F = 0xE3 0x48
    { 0x7D42, 0x8F49 }, // U+7D42 = 0x8F 0x49
    { 0x7D43, 0x8CBC }, // U+7D43 = 0x8C 0xBC
    { 0x7D44, 0x9167 }, // U+7D44 = 0x91 0x67
    { 0x7D45, 0xE344 }, // U+7D45 = 0xE3 0x44
    { 0x7D46, 0xE34A }, // U+7D46 = 0xE3 0x4A
    { 0x7D48, 0xFB8A }, // U+7D48 = 0xFB 0x8A
    { 0x7D4B, 0xE345 }, // U+7D4B = 0xE3 0x45
    { 0x7D4C, 0x8C6F }, // U+7D4C = 0x8C 0x6F
    { 0x7D4E, 0xE34D }, // U+7D4E = 0xE3 0x4D
    { 0x7D4F, 0xE351 }, // U+7D4F = 0xE3 0x51
    { 0x7D50, 0x8C8B }, // U+7D50 = 0x8C 0x8B
    { 0x7D56, 0xE34C }, // U+7D56 = 0xE3 0x4C
    { 0x7D5B, 0xE355 }, // U+7D5B = 0xE3 0x55
    { 0x7D5C, 0xFB8B }, // U+7D5C = 0xFB 0x8B
    { 0x7D5E, 0x8D69 }, // U+7D5E = 0x8D 0x69
    { 0x7D61, 0x978D }, // U+7D61 = 0x97 0x8D
    { 0x7D62, 0x88BA }, // U+7D62 = 0x88 0xBA
    { 0x7D63, 0xE352 }, // U+7D63 = 0xE3 0x52
    { 0x7D66, 0x8B8B }, // U+7D66 = 0x8B 0x8B
    { 0x7D68, 0xE34F }, // U+7D68 = 0xE3 0x4F
    { 0x7D6E, 0xE350 }, // U+7D6E = 0xE3 0x50
    { 0x7D71, 0x939D }, // U+7D71 = 0x93 0x9D
    { 0x7D72, 0xE34E }, // U+7D72 = 0xE3 0x4E
    { 0x7D73, 0xE34B }, // U+7D73 = 0xE3 0x4B
    { 0x7D75, 0x8A47 }, // U+7D75 = 0x8A 0x47
    { 0x7D76, 0x90E2 }, // U+7D76 = 0x90 0xE2
    { 0x7D79, 0x8CA6 }, // U+7D79 = 0x8C 0xA6
    { 0x7D7D, 0xE357 }, // U+7D7D = 0xE3 0x57
    { 0x7D89, 0xE354 }, // U+7D89 = 0xE3 0x54
    { 0x7D8F, 0xE356 }, // U+7D8F = 0xE3 0x56
    { 0x7D93, 0xE353 }, // U+7D93 = 0xE3 0x53
    { 0x7D99, 0x8C70 }, // U+7D99 = 0x8C 0x70
    { 0x7D9A, 0x91B1 }, // U+7D9A = 0x91 0xB1
    { 0x7D9B, 0xE358 }, // U+7D9B = 0xE3 0x58
    { 0x7D9C, 0x918E }, // U+7D9C = 0x91 0x8E
    { 0x7D9F, 0xE365 }, // U+7D9F = 0xE3 0x65
    { 0x7DA0, 0xFB8D }, // U+7DA0 = 0xFB 0x8D
    { 0x7DA2, 0xE361 }, // U+7DA2 = 0xE3 0x61
    { 0x7DA3, 0xE35B }, // U+7DA3 = 0xE3 0x5B
    { 0x7DAB, 0xE35F }, // U+7DAB = 0xE3 0x5F
    { 0x7DAC, 0x8EF8 }, // U+7DAC = 0x8E 0xF8
    { 0x7DAD, 0x88DB }, // U+7DAD = 0x88 0xDB
    { 0x7DAE, 0xE35A }, // U+7DAE = 0xE3 0x5A
    { 0x7DAF, 0xE362 }, // U+7DAF = 0xE3 0x62
    { 0x7DB0, 0xE366 }, // U+7DB0 = 0xE3 0x66
    { 0x7DB1, 0x8D6A }, // U+7DB1 = 0x8D 0x6A
    { 0x7DB2, 0x96D4 }, // U+7DB2 = 0x96 0xD4
    { 0x7DB4, 0x92D4 }, // U+7DB4 = 0x92 0xD4
    { 0x7DB5, 0xE35C }, // U+7DB5 = 0xE3 0x5C
    { 0x7DB7, 0xFB8C }, // U+7DB7 = 0xFB 0x8C
    { 0x7DB8, 0xE364 }, // U+7DB8 = 0xE3 0x64
    { 0x7DBA, 0xE359 }, // U+7DBA = 0xE3 0x59
    { 0x7DBB, 0x925D }, // U+7DBB = 0x92 0x5D
    { 0x7DBD, 0xE35E }, // U+7DBD = 0xE3 0x5E
    { 0x7DBE, 0x88BB }, // U+7DBE = 0x88 0xBB
    { 0x7DBF, 0x96C8 }, // U+7DBF = 0x96 0xC8
    { 0x7DC7, 0xE35D }, // U+7DC7 = 0xE3 0x5D
    { 0x7DCA, 0x8BD9 }, // U+7DCA = 0x8B 0xD9
    { 0x7DCB, 0x94EA }, // U+7DCB = 0x94 0xEA
    { 0x7DCF, 0x918D }, // U+7DCF = 0x91 0x8D
    { 0x7DD1, 0x97CE }, // U+7DD1 = 0x97 0xCE
    { 0x7DD2, 0x8F8F }, // U+7DD2 = 0x8F 0x8F
    { 0x7DD5, 0xE38E }, // U+7DD5 = 0xE3 0x8E
    { 0x7DD6, 0xFB8E }, // U+7DD6 = 0xFB 0x8E
    { 0x7DD8, 0xE367 }, // U+7DD8 = 0xE3 0x67
    { 0x7DDA, 0x90FC }, // U+7DDA = 0x90 0xFC
    { 0x7DDC, 0xE363 }, // U+7DDC = 0xE3 0x63
    { 0x7DDD, 0xE368 }, // U+7DDD = 0xE3 0x68
    { 0x7DDE, 0xE36A }, // U+7DDE = 0xE3 0x6A
    { 0x7DE0, 0x92F7 }, // U+7DE0 = 0x92 0xF7
    { 0x7DE1, 0xE36D }, // U+7DE1 = 0xE3 0x6D
    { 0x7DE4, 0xE369 }, // U+7DE4 = 0xE3 0x69
    { 0x7DE8, 0x95D2 }, // U+7DE8 = 0x95 0xD2
    { 0x7DE9, 0x8AC9 }, // U+7DE9 = 0x8A 0xC9
    { 0x7DEC, 0x96C9 }, // U+7DEC = 0x96 0xC9
    { 0x7DEF, 0x88DC }, // U+7DEF = 0x88 0xDC
    { 0x7DF2, 0xE36C }, // U+7DF2 = 0xE3 0x6C
    { 0x7DF4, 0x97FB }, // U+7DF4 = 0x97 0xFB
    { 0x7DFB, 0xE36B }, // U+7DFB = 0xE3 0x6B
    { 0x7E01, 0x898F }, // U+7E01 = 0x89 0x8F
    { 0x7E04, 0x93EA }, // U+7E04 = 0x93 0xEA
    { 0x7E05, 0xE36E }, // U+7E05 = 0xE3 0x6E
    { 0x7E09, 0xE375 }, // U+7E09 = 0xE3 0x75
    { 0x7E0A, 0xE36F }, // U+7E0A = 0xE3 0x6F
    { 0x7E0B, 0xE376 }, // U+7E0B = 0xE3 0x76
    { 0x7E12, 0xE372 }, // U+7E12 = 0xE3 0x72
    { 0x7E1B, 0x949B }, // U+7E1B = 0x94 0x9B
    { 0x7E1E, 0x8EC8 }, // U+7E1E = 0x8E 0xC8
    { 0x7E1F, 0xE374 }, // U+7E1F = 0xE3 0x74
    { 0x7E21, 0xE371 }, // U+7E21 = 0xE3 0x71
    { 0x7E22, 0xE377 }, // U+7E22 = 0xE3 0x77
    { 0x7E23, 0xE370 }, // U+7E23 = 0xE3 0x70
    { 0x7E26, 0x8F63 }, // U+7E26 = 0x8F 0x63
    { 0x7E2B, 0x9644 }, // U+7E2B = 0x96 0x44
    { 0x7E2E, 0x8F6B }, // U+7E2E = 0x8F 0x6B
    { 0x7E31, 0xE373 }, // U+7E31 = 0xE3 0x73
    { 0x7E32, 0xE380 }, // U+7E32 = 0xE3 0x80
    { 0x7E35, 0xE37B }, // U+7E35 = 0xE3 0x7B
    { 0x7E37, 0xE37E }, // U+7E37 = 0xE3 0x7E
    { 0x7E39, 0xE37C }, // U+7E39 = 0xE3 0x7C
    { 0x7E3A, 0xE381 }, // U+7E3A = 0xE3 0x81
    { 0x7E3B, 0xE37A }, // U+7E3B = 0xE3 0x7A
    { 0x7E3D, 0xE360 }, // U+7E3D = 0xE3 0x60
    { 0x7E3E, 0x90D1 }, // U+7E3E = 0x90 0xD1
    { 0x7E41, 0x94C9 }, // U+7E41 = 0x94 0xC9
    { 0x7E43, 0xE37D }, // U+7E43 = 0xE3 0x7D
    { 0x7E46, 0xE378 }, // U+7E46 = 0xE3 0x78
    { 0x7E4A, 0x9140 }, // U+7E4A = 0x91 0x40
    { 0x7E4B, 0x8C71 }, // U+7E4B = 0x8C 0x71
    { 0x7E4D, 0x8F4A }, // U+7E4D = 0x8F 0x4A
    { 0x7E52, 0xFB8F }, // U+7E52 = 0xFB 0x8F
    { 0x7E54, 0x9044 }, // U+7E54 = 0x90 0x44
    { 0x7E55, 0x9155 }, // U+7E55 = 0x91 0x55
    { 0x7E56, 0xE384 }, // U+7E56 = 0xE3 0x84
    { 0x7E59, 0xE386 }, // U+7E59 = 0xE3 0x86
    { 0x7E5A, 0xE387 }, // U+7E5A = 0xE3 0x87
    { 0x7E5D, 0xE383 }, // U+7E5D = 0xE3 0x83
    { 0x7E5E, 0xE385 }, // U+7E5E = 0xE3 0x85
    { 0x7E66, 0xE379 }, // U+7E66 = 0xE3 0x79
    { 0x7E67, 0xE382 }, // U+7E67 = 0xE3 0x82
    { 0x7E69, 0xE38A }, // U+7E69 = 0xE3 0x8A
    { 0x7E6A, 0xE389 }, // U+7E6A = 0xE3 0x89
    { 0x7E6D, 0x969A }, // U+7E6D = 0x96 0x9A
    { 0x7E70, 0x8C4A }, // U+7E70 = 0x8C 0x4A
    { 0x7E79, 0xE388 }, // U+7E79 = 0xE3 0x88
    { 0x7E7B, 0xE38C }, // U+7E7B = 0xE3 0x8C
    { 0x7E7C, 0xE38B }, // U+7E7C = 0xE3 0x8B
    { 0x7E7D, 0xE38F }, // U+7E7D = 0xE3 0x8F
    { 0x7E7F, 0xE391 }, // U+7E7F = 0xE3 0x91
    { 0x7E82, 0x8E5B }, // U+7E82 = 0x8E 0x5B
    { 0x7E83, 0xE38D }, // U+7E83 = 0xE3 0x8D
    { 0x7E88, 0xE392 }, // U+7E88 = 0xE3 0x92
    { 0x7E89, 0xE393 }, // U+7E89 = 0xE3 0x93
    { 0x7E8A, 0xFA5C }, // U+7E8A = 0xFA 0x5C
    { 0x7E8C, 0xE394 }, // U+7E8C = 0xE3 0x94
    { 0x7E8E, 0xE39A }, // U+7E8E = 0xE3 0x9A
    { 0x7E8F, 0x935A }, // U+7E8F = 0x93 0x5A
    { 0x7E90, 0xE396 }, // U+7E90 = 0xE3 0x96
    { 0x7E92, 0xE395 }, // U+7E92 = 0xE3 0x95
    { 0x7E93, 0xE397 }, // U+7E93 = 0xE3 0x97
    { 0x7E94, 0xE398 }, // U+7E94 = 0xE3 0x98
    { 0x7E96, 0xE399 }, // U+7E96 = 0xE3 0x99
    { 0x7E9B, 0xE39B }, // U+7E9B = 0xE3 0x9B
    { 0x7E9C, 0xE39C }, // U+7E9C = 0xE3 0x9C
    { 0x7F36, 0x8ACA }, // U+7F36 = 0x8A 0xCA
    { 0x7F38, 0xE39D }, // U+7F38 = 0xE3 0x9D
    { 0x7F3A, 0xE39E }, // U+7F3A = 0xE3 0x9E
    { 0x7F45, 0xE39F }, // U+7F45 = 0xE3 0x9F
    { 0x7F47, 0xFB90 }, // U+7F47 = 0xFB 0x90
    { 0x7F4C, 0xE3A0 }, // U+7F4C = 0xE3 0xA0
    { 0x7F4D, 0xE3A1 }, // U+7F4D = 0xE3 0xA1
    { 0x7F4E, 0xE3A2 }, // U+7F4E = 0xE3 0xA2
    { 0x7F50, 0xE3A3 }, // U+7F50 = 0xE3 0xA3
    { 0x7F51, 0xE3A4 }, // U+7F51 = 0xE3 0xA4
    { 0x7F54, 0xE3A6 }, // U+7F54 = 0xE3 0xA6
    { 0x7F55, 0xE3A5 }, // U+7F55 = 0xE3 0xA5
    { 0x7F58, 0xE3A7 }, // U+7F58 = 0xE3 0xA7
    { 0x7F5F, 0xE3A8 }, // U+7F5F = 0xE3 0xA8
    { 0x7F60, 0xE3A9 }, // U+7F60 = 0xE3 0xA9
    { 0x7F67, 0xE3AC }, // U+7F67 = 0xE3 0xAC
    { 0x7F68, 0xE3AA }, // U+7F68 = 0xE3 0xAA
    { 0x7F69, 0xE3AB }, // U+7F69 = 0xE3 0xAB
    { 0x7F6A, 0x8DDF }, // U+7F6A = 0x8D 0xDF
    { 0x7F6B, 0x8C72 }, // U+7F6B = 0x8C 0x72
    { 0x7F6E, 0x9275 }, // U+7F6E = 0x92 0x75
    { 0x7F70, 0x94B1 }, // U+7F70 = 0x94 0xB1
    { 0x7F72, 0x8F90 }, // U+7F72 = 0x8F 0x90
    { 0x7F75, 0x946C }, // U+7F75 = 0x94 0x6C
    { 0x7F77, 0x94EB }, // U+7F77 = 0x94 0xEB
    { 0x7F78, 0xE3AD }, // U+7F78 = 0xE3 0xAD
    { 0x7F79, 0x9CEB }, // U+7F79 = 0x9C 0xEB
    { 0x7F82, 0xE3AE }, // U+7F82 = 0xE3 0xAE
    { 0x7F83, 0xE3B0 }, // U+7F83 = 0xE3 0xB0
    { 0x7F85, 0x9785 }, // U+7F85 = 0x97 0x85
    { 0x7F86, 0xE3AF }, // U+7F86 = 0xE3 0xAF
    { 0x7F87, 0xE3B2 }, // U+7F87 = 0xE3 0xB2
    { 0x7F88, 0xE3B1 }, // U+7F88 = 0xE3 0xB1
    { 0x7F8A, 0x9772 }, // U+7F8A = 0x97 0x72
    { 0x7F8C, 0xE3B3 }, // U+7F8C = 0xE3 0xB3
    { 0x7F8E, 0x94FC }, // U+7F8E = 0x94 0xFC
    { 0x7F94, 0xE3B4 }, // U+7F94 = 0xE3 0xB4
    { 0x7F9A, 0xE3B7 }, // U+7F9A = 0xE3 0xB7
    { 0x7F9D, 0xE3B6 }, // U+7F9D = 0xE3 0xB6
    { 0x7F9E, 0xE3B5 }, // U+7F9E = 0xE3 0xB5
    { 0x7FA1, 0xFB91 }, // U+7FA1 = 0xFB 0x91
    { 0x7FA3, 0xE3B8 }, // U+7FA3 = 0xE3 0xB8
    { 0x7FA4, 0x8C51 }, // U+7FA4 = 0x8C 0x51
    { 0x7FA8, 0x9141 }, // U+7FA8 = 0x91 0x41
    { 0x7FA9, 0x8B60 }, // U+7FA9 = 0x8B 0x60
    { 0x7FAE, 0xE3BC }, // U+7FAE = 0xE3 0xBC
    { 0x7FAF, 0xE3B9 }, // U+7FAF = 0xE3 0xB9
    { 0x7FB2, 0xE3BA }, // U+7FB2 = 0xE3 0xBA
    { 0x7FB6, 0xE3BD }, // U+7FB6 = 0xE3 0xBD
    { 0x7FB8, 0xE3BE }, // U+7FB8 = 0xE3 0xBE
    { 0x7FB9, 0xE3BB }, // U+7FB9 = 0xE3 0xBB
    { 0x7FBD, 0x8948 }, // U+7FBD = 0x89 0x48
    { 0x7FC1, 0x89A5 }, // U+7FC1 = 0x89 0xA5
    { 0x7FC5, 0xE3C0 }, // U+7FC5 = 0xE3 0xC0
    { 0x7FC6, 0xE3C1 }, // U+7FC6 = 0xE3 0xC1
    { 0x7FCA, 0xE3C2 }, // U+7FCA = 0xE3 0xC2
    { 0x7FCC, 0x9782 }, // U+7FCC = 0x97 0x82
    { 0x7FD2, 0x8F4B }, // U+7FD2 = 0x8F 0x4B
    { 0x7FD4, 0xE3C4 }, // U+7FD4 = 0xE3 0xC4
    { 0x7FD5, 0xE3C3 }, // U+7FD5 = 0xE3 0xC3
    { 0x7FE0, 0x9089 }, // U+7FE0 = 0x90 0x89
    { 0x7FE1, 0xE3C5 }, // U+7FE1 = 0xE3 0xC5
    { 0x7FE6, 0xE3C6 }, // U+7FE6 = 0xE3 0xC6
    { 0x7FE9, 0xE3C7 }, // U+7FE9 = 0xE3 0xC7
    { 0x7FEB, 0x8AE3 }, // U+7FEB = 0x8A 0xE3
    { 0x7FF0, 0x8ACB }, // U+7FF0 = 0x8A 0xCB
    { 0x7FF3, 0xE3C8 }, // U+7FF3 = 0xE3 0xC8
    { 0x7FF9, 0xE3C9 }, // U+7FF9 = 0xE3 0xC9
    { 0x7FFB, 0x967C }, // U+7FFB = 0x96 0x7C
    { 0x7FFC, 0x9783 }, // U+7FFC = 0x97 0x83
    { 0x8000, 0x9773 }, // U+8000 = 0x97 0x73
    { 0x8001, 0x9856 }, // U+8001 = 0x98 0x56
    { 0x8003, 0x8D6C }, // U+8003 = 0x8D 0x6C
    { 0x8004, 0xE3CC }, // U+8004 = 0xE3 0xCC
    { 0x8005, 0x8ED2 }, // U+8005 = 0x8E 0xD2
    { 0x8006, 0xE3CB }, // U+8006 = 0xE3 0xCB
    { 0x800B, 0xE3CD }, // U+800B = 0xE3 0xCD
    { 0x800C, 0x8EA7 }, // U+800C = 0x8E 0xA7
    { 0x8010, 0x91CF }, // U+8010 = 0x91 0xCF
    { 0x8012, 0xE3CE }, // U+8012 = 0xE3 0xCE
    { 0x8015, 0x8D6B }, // U+8015 = 0x8D 0x6B
    { 0x8017, 0x96D5 }, // U+8017 = 0x96 0xD5
    { 0x8018, 0xE3CF }, // U+8018 = 0xE3 0xCF
    { 0x8019, 0xE3D0 }, // U+8019 = 0xE3 0xD0
    { 0x801C, 0xE3D1 }, // U+801C = 0xE3 0xD1
    { 0x8021, 0xE3D2 }, // U+8021 = 0xE3 0xD2
    { 0x8028, 0xE3D3 }, // U+8028 = 0xE3 0xD3
    { 0x8033, 0x8EA8 }, // U+8033 = 0x8E 0xA8
    { 0x8036, 0x96EB }, // U+8036 = 0x96 0xEB
    { 0x803B, 0xE3D5 }, // U+803B = 0xE3 0xD5
    { 0x803D, 0x925E }, // U+803D = 0x92 0x5E
    { 0x803F, 0xE3D4 }, // U+803F = 0xE3 0xD4
    { 0x8046, 0xE3D7 }, // U+8046 = 0xE3 0xD7
    { 0x804A, 0xE3D6 }, // U+804A = 0xE3 0xD6
    { 0x8052, 0xE3D8 }, // U+8052 = 0xE3 0xD8
    { 0x8056, 0x90B9 }, // U+8056 = 0x90 0xB9
    { 0x8058, 0xE3D9 }, // U+8058 = 0xE3 0xD9
    { 0x805A, 0xE3DA }, // U+805A = 0xE3 0xDA
    { 0x805E, 0x95B7 }, // U+805E = 0x95 0xB7
    { 0x805F, 0xE3DB }, // U+805F = 0xE3 0xDB
    { 0x8061, 0x918F }, // U+8061 = 0x91 0x8F
    { 0x8062, 0xE3DC }, // U+8062 = 0xE3 0xDC
    { 0x8068, 0xE3DD }, // U+8068 = 0xE3 0xDD
    { 0x806F, 0x97FC }, // U+806F = 0x97 0xFC
    { 0x8070, 0xE3E0 }, // U+8070 = 0xE3 0xE0
    { 0x8072, 0xE3DF }, // U+8072 = 0xE3 0xDF
    { 0x8073, 0xE3DE }, // U+8073 = 0xE3 0xDE
    { 0x8074, 0x92AE }, // U+8074 = 0x92 0xAE
    { 0x8076, 0xE3E1 }, // U+8076 = 0xE3 0xE1
    { 0x8077, 0x9045 }, // U+8077 = 0x90 0x45
    { 0x8079, 0xE3E2 }, // U+8079 = 0xE3 0xE2
    { 0x807D, 0xE3E3 }, // U+807D = 0xE3 0xE3
    { 0x807E, 0x9857 }, // U+807E = 0x98 0x57
    { 0x807F, 0xE3E4 }, // U+807F = 0xE3 0xE4
    { 0x8084, 0xE3E5 }, // U+8084 = 0xE3 0xE5
    { 0x8085, 0xE3E7 }, // U+8085 = 0xE3 0xE7
    { 0x8086, 0xE3E6 }, // U+8086 = 0xE3 0xE6
    { 0x8087, 0x94A3 }, // U+8087 = 0x94 0xA3
    { 0x8089, 0x93F7 }, // U+8089 = 0x93 0xF7
    { 0x808B, 0x985D }, // U+808B = 0x98 0x5D
    { 0x808C, 0x94A7 }, // U+808C = 0x94 0xA7
    { 0x8093, 0xE3E9 }, // U+8093 = 0xE3 0xE9
    { 0x8096, 0x8FD1 }, // U+8096 = 0x8F 0xD1
    { 0x8098, 0x9549 }, // U+8098 = 0x95 0x49
    { 0x809A, 0xE3EA }, // U+809A = 0xE3 0xEA
    { 0x809B, 0xE3E8 }, // U+809B = 0xE3 0xE8
    { 0x809D, 0x8ACC }, // U+809D = 0x8A 0xCC
    { 0x80A1, 0x8CD2 }, // U+80A1 = 0x8C 0xD2
    { 0x80A2, 0x8E88 }, // U+80A2 = 0x8E 0x88
    { 0x80A5, 0x94EC }, // U+80A5 = 0x94 0xEC
    { 0x80A9, 0x8CA8 }, // U+80A9 = 0x8C 0xA8
    { 0x80AA, 0x9662 }, // U+80AA = 0x96 0x62
    { 0x80AC, 0xE3ED }, // U+80AC = 0xE3 0xED
    { 0x80AD, 0xE3EB }, // U+80AD = 0xE3 0xEB
    { 0x80AF, 0x8D6D }, // U+80AF = 0x8D 0x6D
    { 0x80B1, 0x8D6E }, // U+80B1 = 0x8D 0x6E
    { 0x80B2, 0x88E7 }, // U+80B2 = 0x88 0xE7
    { 0x80B4, 0x8DE6 }, // U+80B4 = 0x8D 0xE6
    { 0x80BA, 0x9478 }, // U+80BA = 0x94 0x78
    { 0x80C3, 0x88DD }, // U+80C3 = 0x88 0xDD
    { 0x80C4, 0xE3F2 }, // U+80C4 = 0xE3 0xF2
    { 0x80C6, 0x925F }, // U+80C6 = 0x92 0x5F
    { 0x80CC, 0x9477 }, // U+80CC = 0x94 0x77
    { 0x80CE, 0x91D9 }, // U+80CE = 0x91 0xD9
    { 0x80D6, 0xE3F4 }, // U+80D6 = 0xE3 0xF4
    { 0x80D9, 0xE3F0 }, // U+80D9 = 0xE3 0xF0
    { 0x80DA, 0xE3F3 }, // U+80DA = 0xE3 0xF3
    { 0x80DB, 0xE3EE }, // U+80DB = 0xE3 0xEE
    { 0x80DD, 0xE3F1 }, // U+80DD = 0xE3 0xF1
    { 0x80DE, 0x9645 }, // U+80DE = 0x96 0x45
    { 0x80E1, 0x8CD3 }, // U+80E1 = 0x8C 0xD3
    { 0x80E4, 0x88FB }, // U+80E4 = 0x88 0xFB
    { 0x80E5, 0xE3EF }, // U+80E5 = 0xE3 0xEF
    { 0x80EF, 0xE3F6 }, // U+80EF = 0xE3 0xF6
    { 0x80F1, 0xE3F7 }, // U+80F1 = 0xE3 0xF7
    { 0x80F4, 0x93B7 }, // U+80F4 = 0x93 0xB7
    { 0x80F8, 0x8BB9 }, // U+80F8 = 0x8B 0xB9
    { 0x80FC, 0xE445 }, // U+80FC = 0xE4 0x45
    { 0x80FD, 0x945C }, // U+80FD = 0x94 0x5C
    { 0x8102, 0x8E89 }, // U+8102 = 0x8E 0x89
    { 0x8105, 0x8BBA }, // U+8105 = 0x8B 0xBA
    { 0x8106, 0x90C6 }, // U+8106 = 0x90 0xC6
    { 0x8107, 0x9865 }, // U+8107 = 0x98 0x65
    { 0x8108, 0x96AC }, // U+8108 = 0x96 0xAC
    { 0x8109, 0xE3F5 }, // U+8109 = 0xE3 0xF5
    { 0x810A, 0x90D2 }, // U+810A = 0x90 0xD2
    { 0x811A, 0x8B72 }, // U+811A = 0x8B 0x72
    { 0x811B, 0xE3F8 }, // U+811B = 0xE3 0xF8
    { 0x8123, 0xE3FA }, // U+8123 = 0xE3 0xFA
    { 0x8129, 0xE3F9 }, // U+8129 = 0xE3 0xF9
    { 0x812F, 0xE3FB }, // U+812F = 0xE3 0xFB
    { 0x8131, 0x9245 }, // U+8131 = 0x92 0x45
    { 0x8133, 0x945D }, // U+8133 = 0x94 0x5D
    { 0x8139, 0x92AF }, // U+8139 = 0x92 0xAF
    { 0x813E, 0xE442 }, // U+813E = 0xE4 0x42
    { 0x8146, 0xE441 }, // U+8146 = 0xE4 0x41
    { 0x814B, 0xE3FC }, // U+814B = 0xE3 0xFC
    { 0x814E, 0x9074 }, // U+814E = 0x90 0x74
    { 0x8150, 0x9585 }, // U+8150 = 0x95 0x85
    { 0x8151, 0xE444 }, // U+8151 = 0xE4 0x44
    { 0x8153, 0xE443 }, // U+8153 = 0xE4 0x43
    { 0x8154, 0x8D6F }, // U+8154 = 0x8D 0x6F
    { 0x8155, 0x9872 }, // U+8155 = 0x98 0x72
    { 0x815F, 0xE454 }, // U+815F = 0xE4 0x54
    { 0x8165, 0xE448 }, // U+8165 = 0xE4 0x48
    { 0x8166, 0xE449 }, // U+8166 = 0xE4 0x49
    { 0x816B, 0x8EEE }, // U+816B = 0x8E 0xEE
    { 0x816E, 0xE447 }, // U+816E = 0xE4 0x47
    { 0x8170, 0x8D98 }, // U+8170 = 0x8D 0x98
    { 0x8171, 0xE446 }, // U+8171 = 0xE4 0x46
    { 0x8174, 0xE44A }, // U+8174 = 0xE4 0x4A
    { 0x8178, 0x92B0 }, // U+8178 = 0x92 0xB0
    { 0x8179, 0x95A0 }, // U+8179 = 0x95 0xA0
    { 0x817A, 0x9142 }, // U+817A = 0x91 0x42
    { 0x817F, 0x91DA }, // U+817F = 0x91 0xDA
    { 0x8180, 0xE44E }, // U+8180 = 0xE4 0x4E
    { 0x8182, 0xE44F }, // U+8182 = 0xE4 0x4F
    { 0x8183, 0xE44B }, // U+8183 = 0xE4 0x4B
    { 0x8188, 0xE44C }, // U+8188 = 0xE4 0x4C
    { 0x818A, 0xE44D }, // U+818A = 0xE4 0x4D
    { 0x818F, 0x8D70 }, // U+818F = 0x8D 0x70
    { 0x8193, 0xE455 }, // U+8193 = 0xE4 0x55
    { 0x8195, 0xE451 }, // U+8195 = 0xE4 0x51
    { 0x819A, 0x9586 }, // U+819A = 0x95 0x86
    { 0x819C, 0x968C }, // U+819C = 0x96 0x8C
    { 0x819D, 0x9547 }, // U+819D = 0x95 0x47
    { 0x81A0, 0xE450 }, // U+81A0 = 0xE4 0x50
    { 0x81A3, 0xE453 }, // U+81A3 = 0xE4 0x53
    { 0x81A4, 0xE452 }, // U+81A4 = 0xE4 0x52
    { 0x81A8, 0x9663 }, // U+81A8 = 0x96 0x63
    { 0x81A9, 0xE456 }, // U+81A9 = 0xE4 0x56
    { 0x81B0, 0xE457 }, // U+81B0 = 0xE4 0x57
    { 0x81B3, 0x9156 }, // U+81B3 = 0x91 0x56
    { 0x81B5, 0xE458 }, // U+81B5 = 0xE4 0x58
    { 0x81B8, 0xE45A }, // U+81B8 = 0xE4 0x5A
    { 0x81BA, 0xE45E }, // U+81BA = 0xE4 0x5E
    { 0x81BD, 0xE45B }, // U+81BD = 0xE4 0x5B
    { 0x81BE, 0xE459 }, // U+81BE = 0xE4 0x59
    { 0x81BF, 0x945E }, // U+81BF = 0x94 0x5E
    { 0x81C0, 0xE45C }, // U+81C0 = 0xE4 0x5C
    { 0x81C2, 0xE45D }, // U+81C2 = 0xE4 0x5D
    { 0x81C6, 0x89B0 }, // U+81C6 = 0x89 0xB0
    { 0x81C8, 0xE464 }, // U+81C8 = 0xE4 0x64
    { 0x81C9, 0xE45F }, // U+81C9 = 0xE4 0x5F
    { 0x81CD, 0xE460 }, // U+81CD = 0xE4 0x60
    { 0x81D1, 0xE461 }, // U+81D1 = 0xE4 0x61
    { 0x81D3, 0x919F }, // U+81D3 = 0x91 0x9F
    { 0x81D8, 0xE463 }, // U+81D8 = 0xE4 0x63
    { 0x81D9, 0xE462 }, // U+81D9 = 0xE4 0x62
    { 0x81DA, 0xE465 }, // U+81DA = 0xE4 0x65
    { 0x81DF, 0xE466 }, // U+81DF = 0xE4 0x66
    { 0x81E0, 0xE467 }, // U+81E0 = 0xE4 0x67
    { 0x81E3, 0x9062 }, // U+81E3 = 0x90 0x62
    { 0x81E5, 0x89E7 }, // U+81E5 = 0x89 0xE7
    { 0x81E7, 0xE468 }, // U+81E7 = 0xE4 0x68
    { 0x81E8, 0x97D5 }, // U+81E8 = 0x97 0xD5
    { 0x81EA, 0x8EA9 }, // U+81EA = 0x8E 0xA9
    { 0x81ED, 0x8F4C }, // U+81ED = 0x8F 0x4C
    { 0x81F3, 0x8E8A }, // U+81F3 = 0x8E 0x8A
    { 0x81F4, 0x9276 }, // U+81F4 = 0x92 0x76
    { 0x81FA, 0xE469 }, // U+81FA = 0xE4 0x69
    { 0x81FB, 0xE46A }, // U+81FB = 0xE4 0x6A
    { 0x81FC, 0x8950 }, // U+81FC = 0x89 0x50
    { 0x81FE, 0xE46B }, // U+81FE = 0xE4 0x6B
    { 0x8201, 0xE46C }, // U+8201 = 0xE4 0x6C
    { 0x8202, 0xE46D }, // U+8202 = 0xE4 0x6D
    { 0x8205, 0xE46E }, // U+8205 = 0xE4 0x6E
    { 0x8207, 0xE46F }, // U+8207 = 0xE4 0x6F
    { 0x8208, 0x8BBB }, // U+8208 = 0x8B 0xBB
    { 0x8209, 0x9DA8 }, // U+8209 = 0x9D 0xA8
    { 0x820A, 0xE470 }, // U+820A = 0xE4 0x70
    { 0x820C, 0x90E3 }, // U+820C = 0x90 0xE3
    { 0x820D, 0xE471 }, // U+820D = 0xE4 0x71
    { 0x820E, 0x8EC9 }, // U+820E = 0x8E 0xC9
    { 0x8210, 0xE472 }, // U+8210 = 0xE4 0x72
    { 0x8212, 0x98AE }, // U+8212 = 0x98 0xAE
    { 0x8216, 0xE473 }, // U+8216 = 0xE4 0x73
    { 0x8217, 0x95DC }, // U+8217 = 0x95 0xDC
    { 0x8218, 0x8ADA }, // U+8218 = 0x8A 0xDA
    { 0x821B, 0x9143 }, // U+821B = 0x91 0x43
    { 0x821C, 0x8F77 }, // U+821C = 0x8F 0x77
    { 0x821E, 0x9591 }, // U+821E = 0x95 0x91
    { 0x821F, 0x8F4D }, // U+821F = 0x8F 0x4D
    { 0x8229, 0xE474 }, // U+8229 = 0xE4 0x74
    { 0x822A, 0x8D71 }, // U+822A = 0x8D 0x71
    { 0x822B, 0xE475 }, // U+822B = 0xE4 0x75
    { 0x822C, 0x94CA }, // U+822C = 0x94 0xCA
    { 0x822E, 0xE484 }, // U+822E = 0xE4 0x84
    { 0x8233, 0xE477 }, // U+8233 = 0xE4 0x77
    { 0x8235, 0x91C7 }, // U+8235 = 0x91 0xC7
    { 0x8236, 0x9495 }, // U+8236 = 0x94 0x95
    { 0x8237, 0x8CBD }, // U+8237 = 0x8C 0xBD
    { 0x8238, 0xE476 }, // U+8238 = 0xE4 0x76
    { 0x8239, 0x9144 }, // U+8239 = 0x91 0x44
    { 0x8240, 0xE478 }, // U+8240 = 0xE4 0x78
    { 0x8247, 0x92F8 }, // U+8247 = 0x92 0xF8
    { 0x8258, 0xE47A }, // U+8258 = 0xE4 0x7A
    { 0x8259, 0xE479 }, // U+8259 = 0xE4 0x79
    { 0x825A, 0xE47C }, // U+825A = 0xE4 0x7C
    { 0x825D, 0xE47B }, // U+825D = 0xE4 0x7B
    { 0x825F, 0xE47D }, // U+825F = 0xE4 0x7D
    { 0x8262, 0xE480 }, // U+8262 = 0xE4 0x80
    { 0x8264, 0xE47E }, // U+8264 = 0xE4 0x7E
    { 0x8266, 0x8ACD }, // U+8266 = 0x8A 0xCD
    { 0x8268, 0xE481 }, // U+8268 = 0xE4 0x81
    { 0x826A, 0xE482 }, // U+826A = 0xE4 0x82
    { 0x826B, 0xE483 }, // U+826B = 0xE4 0x83
    { 0x826E, 0x8DAF }, // U+826E = 0x8D 0xAF
    { 0x826F, 0x97C7 }, // U+826F = 0x97 0xC7
    { 0x8271, 0xE485 }, // U+8271 = 0xE4 0x85
    { 0x8272, 0x9046 }, // U+8272 = 0x90 0x46
    { 0x8276, 0x8990 }, // U+8276 = 0x89 0x90
    { 0x8277, 0xE486 }, // U+8277 = 0xE4 0x86
    { 0x8278, 0xE487 }, // U+8278 = 0xE4 0x87
    { 0x827E, 0xE488 }, // U+827E = 0xE4 0x88
    { 0x828B, 0x88F0 }, // U+828B = 0x88 0xF0
    { 0x828D, 0xE489 }, // U+828D = 0xE4 0x89
    { 0x8292, 0xE48A }, // U+8292 = 0xE4 0x8A
    { 0x8299, 0x9587 }, // U+8299 = 0x95 0x87
    { 0x829D, 0x8EC5 }, // U+829D = 0x8E 0xC5
    { 0x829F, 0xE48C }, // U+829F = 0xE4 0x8C
    { 0x82A5, 0x8A48 }, // U+82A5 = 0x8A 0x48
    { 0x82A6, 0x88B0 }, // U+82A6 = 0x88 0xB0
    { 0x82AB, 0xE48B }, // U+82AB = 0xE4 0x8B
    { 0x82AC, 0xE48E }, // U+82AC = 0xE4 0x8E
    { 0x82AD, 0x946D }, // U+82AD = 0x94 0x6D
    { 0x82AF, 0x9063 }, // U+82AF = 0x90 0x63
    { 0x82B1, 0x89D4 }, // U+82B1 = 0x89 0xD4
    { 0x82B3, 0x9646 }, // U+82B3 = 0x96 0x46
    { 0x82B8, 0x8C7C }, // U+82B8 = 0x8C 0x7C
    { 0x82B9, 0x8BDA }, // U+82B9 = 0x8B 0xDA
    { 0x82BB, 0xE48D }, // U+82BB = 0xE4 0x8D
    { 0x82BD, 0x89E8 }, // U+82BD = 0x89 0xE8
    { 0x82C5, 0x8AA1 }, // U+82C5 = 0x8A 0xA1
    { 0x82D1, 0x8991 }, // U+82D1 = 0x89 0x91
    { 0x82D2, 0xE492 }, // U+82D2 = 0xE4 0x92
    { 0x82D3, 0x97E8 }, // U+82D3 = 0x97 0xE8
    { 0x82D4, 0x91DB }, // U+82D4 = 0x91 0xDB
    { 0x82D7, 0x9563 }, // U+82D7 = 0x95 0x63
    { 0x82D9, 0xE49E }, // U+82D9 = 0xE4 0x9E
    { 0x82DB, 0x89D5 }, // U+82DB = 0x89 0xD5
    { 0x82DC, 0xE49C }, // U+82DC = 0xE4 0x9C
    { 0x82DE, 0xE49A }, // U+82DE = 0xE4 0x9A
    { 0x82DF, 0xE491 }, // U+82DF = 0xE4 0x91
    { 0x82E1, 0xE48F }, // U+82E1 = 0xE4 0x8F
    { 0x82E3, 0xE490 }, // U+82E3 = 0xE4 0x90
    { 0x82E5, 0x8EE1 }, // U+82E5 = 0x8E 0xE1
    { 0x82E6, 0x8BEA }, // U+82E6 = 0x8B 0xEA
    { 0x82E7, 0x9297 }, // U+82E7 = 0x92 0x97
    { 0x82EB, 0x93CF }, // U+82EB = 0x93 0xCF
    { 0x82F1, 0x8970 }, // U+82F1 = 0x89 0x70
    { 0x82F3, 0xE494 }, // U+82F3 = 0xE4 0x94
    { 0x82F4, 0xE493 }, // U+82F4 = 0xE4 0x93
    { 0x82F9, 0xE499 }, // U+82F9 = 0xE4 0x99
    { 0x82FA, 0xE495 }, // U+82FA = 0xE4 0x95
    { 0x82FB, 0xE498 }, // U+82FB = 0xE4 0x98
    { 0x8301, 0xFB93 }, // U+8301 = 0xFB 0x93
    { 0x8302, 0x96CE }, // U+8302 = 0x96 0xCE
    { 0x8303, 0xE497 }, // U+8303 = 0xE4 0x97
    { 0x8304, 0x89D6 }, // U+8304 = 0x89 0xD6
    { 0x8305, 0x8A9D }, // U+8305 = 0x8A 0x9D
    { 0x8306, 0xE49B }, // U+8306 = 0xE4 0x9B
    { 0x8309, 0xE49D }, // U+8309 = 0xE4 0x9D
    { 0x830E, 0x8C73 }, // U+830E = 0x8C 0x73
    { 0x8316, 0xE4A1 }, // U+8316 = 0xE4 0xA1
    { 0x8317, 0xE4AA }, // U+8317 = 0xE4 0xAA
    { 0x8318, 0xE4AB }, // U+8318 = 0xE4 0xAB
    { 0x831C, 0x88A9 }, // U+831C = 0x88 0xA9
    { 0x8323, 0xE4B2 }, // U+8323 = 0xE4 0xB2
    { 0x8328, 0x88EF }, // U+8328 = 0x88 0xEF
    { 0x832B, 0xE4A9 }, // U+832B = 0xE4 0xA9
    { 0x832F, 0xE4A8 }, // U+832F = 0xE4 0xA8
    { 0x8331, 0xE4A3 }, // U+8331 = 0xE4 0xA3
    { 0x8332, 0xE4A2 }, // U+8332 = 0xE4 0xA2
    { 0x8334, 0xE4A0 }, // U+8334 = 0xE4 0xA0
    { 0x8335, 0xE49F }, // U+8335 = 0xE4 0x9F
    { 0x8336, 0x9283 }, // U+8336 = 0x92 0x83
    { 0x8338, 0x91F9 }, // U+8338 = 0x91 0xF9
    { 0x8339, 0xE4A5 }, // U+8339 = 0xE4 0xA5
    { 0x8340, 0xE4A4 }, // U+8340 = 0xE4 0xA4
    { 0x8345, 0xE4A7 }, // U+8345 = 0xE4 0xA7
    { 0x8349, 0x9190 }, // U+8349 = 0x91 0x90
    { 0x834A, 0x8C74 }, // U+834A = 0x8C 0x74
    { 0x834F, 0x8960 }, // U+834F = 0x89 0x60
    { 0x8350, 0xE4A6 }, // U+8350 = 0xE4 0xA6
    { 0x8352, 0x8D72 }, // U+8352 = 0x8D 0x72
    { 0x8358, 0x9191 }, // U+8358 = 0x91 0x91
    { 0x8362, 0xFB94 }, // U+8362 = 0xFB 0x94
    { 0x8373, 0xE4B8 }, // U+8373 = 0xE4 0xB8
    { 0x8375, 0xE4B9 }, // U+8375 = 0xE4 0xB9
    { 0x8377, 0x89D7 }, // U+8377 = 0x89 0xD7
    { 0x837B, 0x89AC }, // U+837B = 0x89 0xAC
    { 0x837C, 0xE4B6 }, // U+837C = 0xE4 0xB6
    { 0x837F, 0xFB95 }, // U+837F = 0xFB 0x95
    { 0x8385, 0xE4AC }, // U+8385 = 0xE4 0xAC
    { 0x8387, 0xE4B4 }, // U+8387 = 0xE4 0xB4
    { 0x8389, 0xE4BB }, // U+8389 = 0xE4 0xBB
    { 0x838A, 0xE4B5 }, // U+838A = 0xE4 0xB5
    { 0x838E, 0xE4B3 }, // U+838E = 0xE4 0xB3
    { 0x8393, 0xE496 }, // U+8393 = 0xE4 0x96
    { 0x8396, 0xE4B1 }, // U+8396 = 0xE4 0xB1
    { 0x839A, 0xE4AD }, // U+839A = 0xE4 0xAD
    { 0x839E, 0x8ACE }, // U+839E = 0x8A 0xCE
    { 0x839F, 0xE4AF }, // U+839F = 0xE4 0xAF
    { 0x83A0, 0xE4BA }, // U+83A0 = 0xE4 0xBA
    { 0x83A2, 0xE4B0 }, // U+83A2 = 0xE4 0xB0
    { 0x83A8, 0xE4BC }, // U+83A8 = 0xE4 0xBC
    { 0x83AA, 0xE4AE }, // U+83AA = 0xE4 0xAE
    { 0x83AB, 0x949C }, // U+83AB = 0x94 0x9C
    { 0x83B1, 0x9789 }, // U+83B1 = 0x97 0x89
    { 0x83B5, 0xE4B7 }, // U+83B5 = 0xE4 0xB7
    { 0x83BD, 0xE4CD }, // U+83BD = 0xE4 0xCD
    { 0x83C1, 0xE4C5 }, // U+83C1 = 0xE4 0xC5
    { 0x83C5, 0x909B }, // U+83C5 = 0x90 0x9B
    { 0x83C7, 0xFB96 }, // U+83C7 = 0xFB 0x96
    { 0x83CA, 0x8B65 }, // U+83CA = 0x8B 0x65
    { 0x83CC, 0x8BDB }, // U+83CC = 0x8B 0xDB
    { 0x83CE, 0xE4C0 }, // U+83CE = 0xE4 0xC0
    { 0x83D3, 0x89D9 }, // U+83D3 = 0x89 0xD9
    { 0x83D6, 0x8FD2 }, // U+83D6 = 0x8F 0xD2
    { 0x83D8, 0xE4C3 }, // U+83D8 = 0xE4 0xC3
    { 0x83DC, 0x8DD8 }, // U+83DC = 0x8D 0xD8
    { 0x83DF, 0x9370 }, // U+83DF = 0x93 0x70
    { 0x83E0, 0xE4C8 }, // U+83E0 = 0xE4 0xC8
    { 0x83E9, 0x95EC }, // U+83E9 = 0x95 0xEC
    { 0x83EB, 0xE4BF }, // U+83EB = 0xE4 0xBF
    { 0x83EF, 0x89D8 }, // U+83EF = 0x89 0xD8
    { 0x83F0, 0x8CD4 }, // U+83F0 = 0x8C 0xD4
    { 0x83F1, 0x9548 }, // U+83F1 = 0x95 0x48
    { 0x83F2, 0xE4C9 }, // U+83F2 = 0xE4 0xC9
    { 0x83F4, 0xE4BD }, // U+83F4 = 0xE4 0xBD
    { 0x83F6, 0xFB97 }, // U+83F6 = 0xFB 0x97
    { 0x83F7, 0xE4C6 }, // U+83F7 = 0xE4 0xC6
    { 0x83FB, 0xE4D0 }, // U+83FB = 0xE4 0xD0
    { 0x83FD, 0xE4C1 }, // U+83FD = 0xE4 0xC1
    { 0x8403, 0xE4C2 }, // U+8403 = 0xE4 0xC2
    { 0x8404, 0x93B8 }, // U+8404 = 0x93 0xB8
    { 0x8407, 0xE4C7 }, // U+8407 = 0xE4 0xC7
    { 0x840B, 0xE4C4 }, // U+840B = 0xE4 0xC4
    { 0x840C, 0x9647 }, // U+840C = 0x96 0x47
    { 0x840D, 0xE4CA }, // U+840D = 0xE4 0xCA
    { 0x840E, 0x88DE }, // U+840E = 0x88 0xDE
    { 0x8413, 0xE4BE }, // U+8413 = 0xE4 0xBE
    { 0x8420, 0xE4CC }, // U+8420 = 0xE4 0xCC
    { 0x8422, 0xE4CB }, // U+8422 = 0xE4 0xCB
    { 0x8429, 0x948B }, // U+8429 = 0x94 0x8B
    { 0x842A, 0xE4D2 }, // U+842A = 0xE4 0xD2
    { 0x842C, 0xE4DD }, // U+842C = 0xE4 0xDD
    { 0x8431, 0x8A9E }, // U+8431 = 0x8A 0x9E
    { 0x8435, 0xE4E0 }, // U+8435 = 0xE4 0xE0
    { 0x8438, 0xE4CE }, // U+8438 = 0xE4 0xCE
    { 0x843C, 0xE4D3 }, // U+843C = 0xE4 0xD3
    { 0x843D, 0x978E }, // U+843D = 0x97 0x8E
    { 0x8446, 0xE4DC }, // U+8446 = 0xE4 0xDC
    { 0x8448, 0xFB98 }, // U+8448 = 0xFB 0x98
    { 0x8449, 0x9774 }, // U+8449 = 0x97 0x74
    { 0x844E, 0x97A8 }, // U+844E = 0x97 0xA8
    { 0x8457, 0x9298 }, // U+8457 = 0x92 0x98
    { 0x845B, 0x8A8B }, // U+845B = 0x8A 0x8B
    { 0x8461, 0x9592 }, // U+8461 = 0x95 0x92
    { 0x8462, 0xE4E2 }, // U+8462 = 0xE4 0xE2
    { 0x8463, 0x939F }, // U+8463 = 0x93 0x9F
    { 0x8466, 0x88AF }, // U+8466 = 0x88 0xAF
    { 0x8469, 0xE4DB }, // U+8469 = 0xE4 0xDB
    { 0x846B, 0xE4D7 }, // U+846B = 0xE4 0xD7
    { 0x846C, 0x9192 }, // U+846C = 0x91 0x92
    { 0x846D, 0xE4D1 }, // U+846D = 0xE4 0xD1
    { 0x846E, 0xE4D9 }, // U+846E = 0xE4 0xD9
    { 0x846F, 0xE4DE }, // U+846F = 0xE4 0xDE
    { 0x8471, 0x944B }, // U+8471 = 0x94 0x4B
    { 0x8475, 0x88A8 }, // U+8475 = 0x88 0xA8
    { 0x8477, 0xE4D6 }, // U+8477 = 0xE4 0xD6
    { 0x8479, 0xE4DF }, // U+8479 = 0xE4 0xDF
    { 0x847A, 0x9598 }, // U+847A = 0x95 0x98
    { 0x8482, 0xE4DA }, // U+8482 = 0xE4 0xDA
    { 0x8484, 0xE4D5 }, // U+8484 = 0xE4 0xD5
    { 0x848B, 0x8FD3 }, // U+848B = 0x8F 0xD3
    { 0x8490, 0x8F4E }, // U+8490 = 0x8F 0x4E
    { 0x8494, 0x8EAA }, // U+8494 = 0x8E 0xAA
    { 0x8499, 0x96D6 }, // U+8499 = 0x96 0xD6
    { 0x849C, 0x9566 }, // U+849C = 0x95 0x66
    { 0x849F, 0xE4E5 }, // U+849F = 0xE4 0xE5
    { 0x84A1, 0xE4EE }, // U+84A1 = 0xE4 0xEE
    { 0x84AD, 0xE4D8 }, // U+84AD = 0xE4 0xD8
    { 0x84B2, 0x8A97 }, // U+84B2 = 0x8A 0x97
    { 0x84B4, 0xFB99 }, // U+84B4 = 0xFB 0x99
    { 0x84B8, 0x8FF6 }, // U+84B8 = 0x8F 0xF6
    { 0x84B9, 0xE4E3 }, // U+84B9 = 0xE4 0xE3
    { 0x84BB, 0xE4E8 }, // U+84BB = 0xE4 0xE8
    { 0x84BC, 0x9193 }, // U+84BC = 0x91 0x93
    { 0x84BF, 0xE4E4 }, // U+84BF = 0xE4 0xE4
    { 0x84C1, 0xE4EB }, // U+84C1 = 0xE4 0xEB
    { 0x84C4, 0x927E }, // U+84C4 = 0x92 0x7E
    { 0x84C6, 0xE4EC }, // U+84C6 = 0xE4 0xEC
    { 0x84C9, 0x9775 }, // U+84C9 = 0x97 0x75
    { 0x84CA, 0xE4E1 }, // U+84CA = 0xE4 0xE1
    { 0x84CB, 0x8A57 }, // U+84CB = 0x8A 0x57
    { 0x84CD, 0xE4E7 }, // U+84CD = 0xE4 0xE7
    { 0x84D0, 0xE4EA }, // U+84D0 = 0xE4 0xEA
    { 0x84D1, 0x96AA }, // U+84D1 = 0x96 0xAA
    { 0x84D6, 0xE4ED }, // U+84D6 = 0xE4 0xED
    { 0x84D9, 0xE4E6 }, // U+84D9 = 0xE4 0xE6
    { 0x84DA, 0xE4E9 }, // U+84DA = 0xE4 0xE9
    { 0x84DC, 0xFA60 }, // U+84DC = 0xFA 0x60
    { 0x84EC, 0x9648 }, // U+84EC = 0x96 0x48
    { 0x84EE, 0x9840 }, // U+84EE = 0x98 0x40
    { 0x84F4, 0xE4F1 }, // U+84F4 = 0xE4 0xF1
    { 0x84FC, 0xE4F8 }, // U+84FC = 0xE4 0xF8
    { 0x84FF, 0xE4F0 }, // U+84FF = 0xE4 0xF0
    { 0x8500, 0x8EC1 }, // U+8500 = 0x8E 0xC1
    { 0x8506, 0xE4CF }, // U+8506 = 0xE4 0xCF
    { 0x8511, 0x95CC }, // U+8511 = 0x95 0xCC
    { 0x8513, 0x96A0 }, // U+8513 = 0x96 0xA0
    { 0x8514, 0xE4F7 }, // U+8514 = 0xE4 0xF7
    { 0x8515, 0xE4F6 }, // U+8515 = 0xE4 0xF6
    { 0x8517, 0xE4F2 }, // U+8517 = 0xE4 0xF2
    { 0x8518, 0xE4F3 }, // U+8518 = 0xE4 0xF3
    { 0x851A, 0x8955 }, // U+851A = 0x89 0x55
    { 0x851F, 0xE4F5 }, // U+851F = 0xE4 0xF5
    { 0x8521, 0xE4EF }, // U+8521 = 0xE4 0xEF
    { 0x8526, 0x92D3 }, // U+8526 = 0x92 0xD3
    { 0x852C, 0xE4F4 }, // U+852C = 0xE4 0xF4
    { 0x852D, 0x88FC }, // U+852D = 0x88 0xFC
    { 0x8535, 0x91A0 }, // U+8535 = 0x91 0xA0
    { 0x853D, 0x95C1 }, // U+853D = 0x95 0xC1
    { 0x8540, 0xE4F9 }, // U+8540 = 0xE4 0xF9
    { 0x8541, 0xE540 }, // U+8541 = 0xE5 0x40
    { 0x8543, 0x94D7 }, // U+8543 = 0x94 0xD7
    { 0x8548, 0xE4FC }, // U+8548 = 0xE4 0xFC
    { 0x8549, 0x8FD4 }, // U+8549 = 0x8F 0xD4
    { 0x854A, 0x8EC7 }, // U+854A = 0x8E 0xC7
    { 0x854B, 0xE542 }, // U+854B = 0xE5 0x42
    { 0x854E, 0x8BBC }, // U+854E = 0x8B 0xBC
    { 0x8553, 0xFB9A }, // U+8553 = 0xFB 0x9A
    { 0x8555, 0xE543 }, // U+8555 = 0xE5 0x43
    { 0x8557, 0x9599 }, // U+8557 = 0x95 0x99
    { 0x8558, 0xE4FB }, // U+8558 = 0xE4 0xFB
    { 0x8559, 0xFB9B }, // U+8559 = 0xFB 0x9B
    { 0x855A, 0xE4D4 }, // U+855A = 0xE4 0xD4
    { 0x8563, 0xE4FA }, // U+8563 = 0xE4 0xFA
    { 0x8568, 0x986E }, // U+8568 = 0x98 0x6E
    { 0x8569, 0x93A0 }, // U+8569 = 0x93 0xA0
    { 0x856A, 0x9593 }, // U+856A = 0x95 0x93
    { 0x856B, 0xFB9C }, // U+856B = 0xFB 0x9C
    { 0x856D, 0xE54A }, // U+856D = 0xE5 0x4A
    { 0x8577, 0xE550 }, // U+8577 = 0xE5 0x50
    { 0x857E, 0xE551 }, // U+857E = 0xE5 0x51
    { 0x8580, 0xE544 }, // U+8580 = 0xE5 0x44
    { 0x8584, 0x9496 }, // U+8584 = 0x94 0x96
    { 0x8587, 0xE54E }, // U+8587 = 0xE5 0x4E
    { 0x8588, 0xE546 }, // U+8588 = 0xE5 0x46
    { 0x858A, 0xE548 }, // U+858A = 0xE5 0x48
    { 0x8590, 0xE552 }, // U+8590 = 0xE5 0x52
    { 0x8591, 0xE547 }, // U+8591 = 0xE5 0x47
    { 0x8594, 0xE54B }, // U+8594 = 0xE5 0x4B
    { 0x8597, 0x8992 }, // U+8597 = 0x89 0x92
    { 0x8599, 0x93E3 }, // U+8599 = 0x93 0xE3
    { 0x859B, 0xE54C }, // U+859B = 0xE5 0x4C
    { 0x859C, 0xE54F }, // U+859C = 0xE5 0x4F
    { 0x85A4, 0xE545 }, // U+85A4 = 0xE5 0x45
    { 0x85A6, 0x9145 }, // U+85A6 = 0x91 0x45
    { 0x85A8, 0xE549 }, // U+85A8 = 0xE5 0x49
    { 0x85A9, 0x8E46 }, // U+85A9 = 0x8E 0x46
    { 0x85AA, 0x9064 }, // U+85AA = 0x90 0x64
    { 0x85AB, 0x8C4F }, // U+85AB = 0x8C 0x4F
    { 0x85AC, 0x96F2 }, // U+85AC = 0x96 0xF2
    { 0x85AE, 0x96F7 }, // U+85AE = 0x96 0xF7
    { 0x85AF, 0x8F92 }, // U+85AF = 0x8F 0x92
    { 0x85B0, 0xFB9E }, // U+85B0 = 0xFB 0x9E
    { 0x85B9, 0xE556 }, // U+85B9 = 0xE5 0x56
    { 0x85BA, 0xE554 }, // U+85BA = 0xE5 0x54
    { 0x85C1, 0x986D }, // U+85C1 = 0x98 0x6D
    { 0x85C9, 0xE553 }, // U+85C9 = 0xE5 0x53
    { 0x85CD, 0x9795 }, // U+85CD = 0x97 0x95
    { 0x85CF, 0xE555 }, // U+85CF = 0xE5 0x55
    { 0x85D0, 0xE557 }, // U+85D0 = 0xE5 0x57
    { 0x85D5, 0xE558 }, // U+85D5 = 0xE5 0x58
    { 0x85DC, 0xE55B }, // U+85DC = 0xE5 0x5B
    { 0x85DD, 0xE559 }, // U+85DD = 0xE5 0x59
    { 0x85E4, 0x93A1 }, // U+85E4 = 0x93 0xA1
    { 0x85E5, 0xE55A }, // U+85E5 = 0xE5 0x5A
    { 0x85E9, 0x94CB }, // U+85E9 = 0x94 0xCB
    { 0x85EA, 0xE54D }, // U+85EA = 0xE5 0x4D
    { 0x85F7, 0x8F93 }, // U+85F7 = 0x8F 0x93
    { 0x85F9, 0xE55C }, // U+85F9 = 0xE5 0x5C
    { 0x85FA, 0xE561 }, // U+85FA = 0xE5 0x61
    { 0x85FB, 0x9194 }, // U+85FB = 0x91 0x94
    { 0x85FE, 0xE560 }, // U+85FE = 0xE5 0x60
    { 0x8602, 0xE541 }, // U+8602 = 0xE5 0x41
    { 0x8606, 0xE562 }, // U+8606 = 0xE5 0x62
    { 0x8607, 0x9168 }, // U+8607 = 0x91 0x68
    { 0x860A, 0xE55D }, // U+860A = 0xE5 0x5D
    { 0x860B, 0xE55F }, // U+860B = 0xE5 0x5F
    { 0x8613, 0xE55E }, // U+8613 = 0xE5 0x5E
    { 0x8616, 0x9F50 }, // U+8616 = 0x9F 0x50
    { 0x8617, 0x9F41 }, // U+8617 = 0x9F 0x41
    { 0x861A, 0xE564 }, // U+861A = 0xE5 0x64
    { 0x8622, 0xE563 }, // U+8622 = 0xE5 0x63
    { 0x862D, 0x9796 }, // U+862D = 0x97 0x96
    { 0x862F, 0xE1BA }, // U+862F = 0xE1 0xBA
    { 0x8630, 0xE565 }, // U+8630 = 0xE5 0x65
    { 0x863F, 0xE566 }, // U+863F = 0xE5 0x66
    { 0x864D, 0xE567 }, // U+864D = 0xE5 0x67
    { 0x864E, 0x8CD5 }, // U+864E = 0x8C 0xD5
    { 0x8650, 0x8B73 }, // U+8650 = 0x8B 0x73
    { 0x8654, 0xE569 }, // U+8654 = 0xE5 0x69
    { 0x8655, 0x997C }, // U+8655 = 0x99 0x7C
    { 0x865A, 0x8B95 }, // U+865A = 0x8B 0x95
    { 0x865C, 0x97B8 }, // U+865C = 0x97 0xB8
    { 0x865E, 0x8BF1 }, // U+865E = 0x8B 0xF1
    { 0x865F, 0xE56A }, // U+865F = 0xE5 0x6A
    { 0x8667, 0xE56B }, // U+8667 = 0xE5 0x6B
    { 0x866B, 0x928E }, // U+866B = 0x92 0x8E
    { 0x8671, 0xE56C }, // U+8671 = 0xE5 0x6C
    { 0x8679, 0x93F8 }, // U+8679 = 0x93 0xF8
    { 0x867B, 0x88B8 }, // U+867B = 0x88 0xB8
    { 0x868A, 0x89E1 }, // U+868A = 0x89 0xE1
    { 0x868B, 0xE571 }, // U+868B = 0xE5 0x71
    { 0x868C, 0xE572 }, // U+868C = 0xE5 0x72
    { 0x8693, 0xE56D }, // U+8693 = 0xE5 0x6D
    { 0x8695, 0x8E5C }, // U+8695 = 0x8E 0x5C
    { 0x86A3, 0xE56E }, // U+86A3 = 0xE5 0x6E
    { 0x86A4, 0x9461 }, // U+86A4 = 0x94 0x61
    { 0x86A9, 0xE56F }, // U+86A9 = 0xE5 0x6F
    { 0x86AA, 0xE570 }, // U+86AA = 0xE5 0x70
    { 0x86AB, 0xE57A }, // U+86AB = 0xE5 0x7A
    { 0x86AF, 0xE574 }, // U+86AF = 0xE5 0x74
    { 0x86B0, 0xE577 }, // U+86B0 = 0xE5 0x77
    { 0x86B6, 0xE573 }, // U+86B6 = 0xE5 0x73
    { 0x86C4, 0xE575 }, // U+86C4 = 0xE5 0x75
    { 0x86C6, 0xE576 }, // U+86C6 = 0xE5 0x76
    { 0x86C7, 0x8ED6 }, // U+86C7 = 0x8E 0xD6
    { 0x86C9, 0xE578 }, // U+86C9 = 0xE5 0x78
    { 0x86CB, 0x9260 }, // U+86CB = 0x92 0x60
    { 0x86CD, 0x8C75 }, // U+86CD = 0x8C 0x75
    { 0x86CE, 0x8A61 }, // U+86CE = 0x8A 0x61
    { 0x86D4, 0xE57B }, // U+86D4 = 0xE5 0x7B
    { 0x86D9, 0x8A5E }, // U+86D9 = 0x8A 0x5E
    { 0x86DB, 0xE581 }, // U+86DB = 0xE5 0x81
    { 0x86DE, 0xE57C }, // U+86DE = 0xE5 0x7C
    { 0x86DF, 0xE580 }, // U+86DF = 0xE5 0x80
    { 0x86E4, 0x94B8 }, // U+86E4 = 0x94 0xB8
    { 0x86E9, 0xE57D }, // U+86E9 = 0xE5 0x7D
    { 0x86EC, 0xE57E }, // U+86EC = 0xE5 0x7E
    { 0x86ED, 0x9567 }, // U+86ED = 0x95 0x67
    { 0x86EE, 0x94D8 }, // U+86EE = 0x94 0xD8
    { 0x86EF, 0xE582 }, // U+86EF = 0xE5 0x82
    { 0x86F8, 0x91FB }, // U+86F8 = 0x91 0xFB
    { 0x86F9, 0xE58C }, // U+86F9 = 0xE5 0x8C
    { 0x86FB, 0xE588 }, // U+86FB = 0xE5 0x88
    { 0x86FE, 0x89E9 }, // U+86FE = 0x89 0xE9
    { 0x8700, 0xE586 }, // U+8700 = 0xE5 0x86
    { 0x8702, 0x9649 }, // U+8702 = 0x96 0x49
    { 0x8703, 0xE587 }, // U+8703 = 0xE5 0x87
    { 0x8706, 0xE584 }, // U+8706 = 0xE5 0x84
    { 0x8708, 0xE585 }, // U+8708 = 0xE5 0x85
    { 0x8709, 0xE58A }, // U+8709 = 0xE5 0x8A
    { 0x870A, 0xE58D }, // U+870A = 0xE5 0x8D
    { 0x870D, 0xE58B }, // U+870D = 0xE5 0x8B
    { 0x8711, 0xE589 }, // U+8711 = 0xE5 0x89
    { 0x8712, 0xE583 }, // U+8712 = 0xE5 0x83
    { 0x8718, 0x9277 }, // U+8718 = 0x92 0x77
    { 0x871A, 0xE594 }, // U+871A = 0xE5 0x94
    { 0x871C, 0x96A8 }, // U+871C = 0x96 0xA8
    { 0x8725, 0xE592 }, // U+8725 = 0xE5 0x92
    { 0x8729, 0xE593 }, // U+8729 = 0xE5 0x93
    { 0x8734, 0xE58E }, // U+8734 = 0xE5 0x8E
    { 0x8737, 0xE590 }, // U+8737 = 0xE5 0x90
    { 0x873B, 0xE591 }, // U+873B = 0xE5 0x91
    { 0x873F, 0xE58F }, // U+873F = 0xE5 0x8F
    { 0x8749, 0x90E4 }, // U+8749 = 0x90 0xE4
    { 0x874B, 0x9858 }, // U+874B = 0x98 0x58
    { 0x874C, 0xE598 }, // U+874C = 0xE5 0x98
    { 0x874E, 0xE599 }, // U+874E = 0xE5 0x99
    { 0x8753, 0xE59F }, // U+8753 = 0xE5 0x9F
    { 0x8755, 0x9049 }, // U+8755 = 0x90 0x49
    { 0x8757, 0xE59B }, // U+8757 = 0xE5 0x9B
    { 0x8759, 0xE59E }, // U+8759 = 0xE5 0x9E
    { 0x875F, 0xE596 }, // U+875F = 0xE5 0x96
    { 0x8760, 0xE595 }, // U+8760 = 0xE5 0x95
    { 0x8763, 0xE5A0 }, // U+8763 = 0xE5 0xA0
    { 0x8766, 0x89DA }, // U+8766 = 0x89 0xDA
    { 0x8768, 0xE59C }, // U+8768 = 0xE5 0x9C
    { 0x876A, 0xE5A1 }, // U+876A = 0xE5 0xA1
    { 0x876E, 0xE59D }, // U+876E = 0xE5 0x9D
    { 0x8774, 0xE59A }, // U+8774 = 0xE5 0x9A
    { 0x8776, 0x92B1 }, // U+8776 = 0x92 0xB1
    { 0x8778, 0xE597 }, // U+8778 = 0xE5 0x97
    { 0x877F, 0x9488 }, // U+877F = 0x94 0x88
    { 0x8782, 0xE5A5 }, // U+8782 = 0xE5 0xA5
    { 0x878D, 0x975A }, // U+878D = 0x97 0x5A
    { 0x879F, 0xE5A4 }, // U+879F = 0xE5 0xA4
    { 0x87A2, 0xE5A3 }, // U+87A2 = 0xE5 0xA3
    { 0x87AB, 0xE5AC }, // U+87AB = 0xE5 0xAC
    { 0x87AF, 0xE5A6 }, // U+87AF = 0xE5 0xA6
    { 0x87B3, 0xE5AE }, // U+87B3 = 0xE5 0xAE
    { 0x87BA, 0x9786 }, // U+87BA = 0x97 0x86
    { 0x87BB, 0xE5B1 }, // U+87BB = 0xE5 0xB1
    { 0x87BD, 0xE5A8 }, // U+87BD = 0xE5 0xA8
    { 0x87C0, 0xE5A9 }, // U+87C0 = 0xE5 0xA9
    { 0x87C4, 0xE5AD }, // U+87C4 = 0xE5 0xAD
    { 0x87C6, 0xE5B0 }, // U+87C6 = 0xE5 0xB0
    { 0x87C7, 0xE5AF }, // U+87C7 = 0xE5 0xAF
    { 0x87CB, 0xE5A7 }, // U+87CB = 0xE5 0xA7
    { 0x87D0, 0xE5AA }, // U+87D0 = 0xE5 0xAA
    { 0x87D2, 0xE5BB }, // U+87D2 = 0xE5 0xBB
    { 0x87E0, 0xE5B4 }, // U+87E0 = 0xE5 0xB4
    { 0x87EF, 0xE5B2 }, // U+87EF = 0xE5 0xB2
    { 0x87F2, 0xE5B3 }, // U+87F2 = 0xE5 0xB3
    { 0x87F6, 0xE5B8 }, // U+87F6 = 0xE5 0xB8
    { 0x87F7, 0xE5B9 }, // U+87F7 = 0xE5 0xB9
    { 0x87F9, 0x8A49 }, // U+87F9 = 0x8A 0x49
    { 0x87FB, 0x8B61 }, // U+87FB = 0x8B 0x61
    { 0x87FE, 0xE5B7 }, // U+87FE = 0xE5 0xB7
    { 0x8805, 0xE5A2 }, // U+8805 = 0xE5 0xA2
    { 0x8807, 0xFBA1 }, // U+8807 = 0xFB 0xA1
    { 0x880D, 0xE5B6 }, // U+880D = 0xE5 0xB6
    { 0x880E, 0xE5BA }, // U+880E = 0xE5 0xBA
    { 0x880F, 0xE5B5 }, // U+880F = 0xE5 0xB5
    { 0x8811, 0xE5BC }, // U+8811 = 0xE5 0xBC
    { 0x8815, 0xE5BE }, // U+8815 = 0xE5 0xBE
    { 0x8816, 0xE5BD }, // U+8816 = 0xE5 0xBD
    { 0x8821, 0xE5C0 }, // U+8821 = 0xE5 0xC0
    { 0x8822, 0xE5BF }, // U+8822 = 0xE5 0xBF
    { 0x8823, 0xE579 }, // U+8823 = 0xE5 0x79
    { 0x8827, 0xE5C4 }, // U+8827 = 0xE5 0xC4
    { 0x8831, 0xE5C1 }, // U+8831 = 0xE5 0xC1
    { 0x8836, 0xE5C2 }, // U+8836 = 0xE5 0xC2
    { 0x8839, 0xE5C3 }, // U+8839 = 0xE5 0xC3
    { 0x883B, 0xE5C5 }, // U+883B = 0xE5 0xC5
    { 0x8840, 0x8C8C }, // U+8840 = 0x8C 0x8C
    { 0x8842, 0xE5C7 }, // U+8842 = 0xE5 0xC7
    { 0x8844, 0xE5C6 }, // U+8844 = 0xE5 0xC6
    { 0x8846, 0x8F4F }, // U+8846 = 0x8F 0x4F
    { 0x884C, 0x8D73 }, // U+884C = 0x8D 0x73
    { 0x884D, 0x9FA5 }, // U+884D = 0x9F 0xA5
    { 0x8852, 0xE5C8 }, // U+8852 = 0xE5 0xC8
    { 0x8853, 0x8F70 }, // U+8853 = 0x8F 0x70
    { 0x8857, 0x8A58 }, // U+8857 = 0x8A 0x58
    { 0x8859, 0xE5C9 }, // U+8859 = 0xE5 0xC9
    { 0x885B, 0x8971 }, // U+885B = 0x89 0x71
    { 0x885D, 0x8FD5 }, // U+885D = 0x8F 0xD5
    { 0x885E, 0xE5CA }, // U+885E = 0xE5 0xCA
    { 0x8861, 0x8D74 }, // U+8861 = 0x8D 0x74
    { 0x8862, 0xE5CB }, // U+8862 = 0xE5 0xCB
    { 0x8863, 0x88DF }, // U+8863 = 0x88 0xDF
    { 0x8868, 0x955C }, // U+8868 = 0x95 0x5C
    { 0x886B, 0xE5CC }, // U+886B = 0xE5 0xCC
    { 0x8870, 0x908A }, // U+8870 = 0x90 0x8A
    { 0x8872, 0xE5D3 }, // U+8872 = 0xE5 0xD3
    { 0x8875, 0xE5D0 }, // U+8875 = 0xE5 0xD0
    { 0x8877, 0x928F }, // U+8877 = 0x92 0x8F
    { 0x887D, 0xE5D1 }, // U+887D = 0xE5 0xD1
    { 0x887E, 0xE5CE }, // U+887E = 0xE5 0xCE
    { 0x887F, 0x8BDC }, // U+887F = 0x8B 0xDC
    { 0x8881, 0xE5CD }, // U+8881 = 0xE5 0xCD
    { 0x8882, 0xE5D4 }, // U+8882 = 0xE5 0xD4
    { 0x8888, 0x8C55 }, // U+8888 = 0x8C 0x55
    { 0x888B, 0x91DC }, // U+888B = 0x91 0xDC
    { 0x888D, 0xE5DA }, // U+888D = 0xE5 0xDA
    { 0x8892, 0xE5D6 }, // U+8892 = 0xE5 0xD6
    { 0x8896, 0x91B3 }, // U+8896 = 0x91 0xB3
    { 0x8897, 0xE5D5 }, // U+8897 = 0xE5 0xD5
    { 0x8899, 0xE5D8 }, // U+8899 = 0xE5 0xD8
    { 0x889E, 0xE5CF }, // U+889E = 0xE5 0xCF
    { 0x88A2, 0xE5D9 }, // U+88A2 = 0xE5 0xD9
    { 0x88A4, 0xE5DB }, // U+88A4 = 0xE5 0xDB
    { 0x88AB, 0x94ED }, // U+88AB = 0x94 0xED
    { 0x88AE, 0xE5D7 }, // U+88AE = 0xE5 0xD7
    { 0x88B0, 0xE5DC }, // U+88B0 = 0xE5 0xDC
    { 0x88B1, 0xE5DE }, // U+88B1 = 0xE5 0xDE
    { 0x88B4, 0x8CD1 }, // U+88B4 = 0x8C 0xD1
    { 0x88B5, 0xE5D2 }, // U+88B5 = 0xE5 0xD2
    { 0x88B7, 0x88BF }, // U+88B7 = 0x88 0xBF
    { 0x88BF, 0xE5DD }, // U+88BF = 0xE5 0xDD
    { 0x88C1, 0x8DD9 }, // U+88C1 = 0x8D 0xD9
    { 0x88C2, 0x97F4 }, // U+88C2 = 0x97 0xF4
    { 0x88C3, 0xE5DF }, // U+88C3 = 0xE5 0xDF
    { 0x88C4, 0xE5E0 }, // U+88C4 = 0xE5 0xE0
    { 0x88C5, 0x9195 }, // U+88C5 = 0x91 0x95
    { 0x88CF, 0x97A0 }, // U+88CF = 0x97 0xA0
    { 0x88D4, 0xE5E1 }, // U+88D4 = 0xE5 0xE1
    { 0x88D5, 0x9754 }, // U+88D5 = 0x97 0x54
    { 0x88D8, 0xE5E2 }, // U+88D8 = 0xE5 0xE2
    { 0x88D9, 0xE5E3 }, // U+88D9 = 0xE5 0xE3
    { 0x88DC, 0x95E2 }, // U+88DC = 0x95 0xE2
    { 0x88DD, 0xE5E4 }, // U+88DD = 0xE5 0xE4
    { 0x88DF, 0x8DBE }, // U+88DF = 0x8D 0xBE
    { 0x88E1, 0x97A1 }, // U+88E1 = 0x97 0xA1
    { 0x88E8, 0xE5E9 }, // U+88E8 = 0xE5 0xE9
    { 0x88F2, 0xE5EA }, // U+88F2 = 0xE5 0xEA
    { 0x88F3, 0x8FD6 }, // U+88F3 = 0x8F 0xD6
    { 0x88F4, 0xE5E8 }, // U+88F4 = 0xE5 0xE8
    { 0x88F5, 0xFBA2 }, // U+88F5 = 0xFB 0xA2
    { 0x88F8, 0x9787 }, // U+88F8 = 0x97 0x87
    { 0x88F9, 0xE5E5 }, // U+88F9 = 0xE5 0xE5
    { 0x88FC, 0xE5E7 }, // U+88FC = 0xE5 0xE7
    { 0x88FD, 0x90BB }, // U+88FD = 0x90 0xBB
    { 0x88FE, 0x909E }, // U+88FE = 0x90 0x9E
    { 0x8902, 0xE5E6 }, // U+8902 = 0xE5 0xE6
    { 0x8904, 0xE5EB }, // U+8904 = 0xE5 0xEB
    { 0x8907, 0x95A1 }, // U+8907 = 0x95 0xA1
    { 0x890A, 0xE5ED }, // U+890A = 0xE5 0xED
    { 0x890C, 0xE5EC }, // U+890C = 0xE5 0xEC
    { 0x8910, 0x8A8C }, // U+8910 = 0x8A 0x8C
    { 0x8912, 0x964A }, // U+8912 = 0x96 0x4A
    { 0x8913, 0xE5EE }, // U+8913 = 0xE5 0xEE
    { 0x891C, 0xFA5D }, // U+891C = 0xFA 0x5D
    { 0x891D, 0xE5FA }, // U+891D = 0xE5 0xFA
    { 0x891E, 0xE5F0 }, // U+891E = 0xE5 0xF0
    { 0x8925, 0xE5F1 }, // U+8925 = 0xE5 0xF1
    { 0x892A, 0xE5F2 }, // U+892A = 0xE5 0xF2
    { 0x892B, 0xE5F3 }, // U+892B = 0xE5 0xF3
    { 0x8936, 0xE5F7 }, // U+8936 = 0xE5 0xF7
    { 0x8938, 0xE5F8 }, // U+8938 = 0xE5 0xF8
    { 0x893B, 0xE5F6 }, // U+893B = 0xE5 0xF6
    { 0x8941, 0xE5F4 }, // U+8941 = 0xE5 0xF4
    { 0x8943, 0xE5EF }, // U+8943 = 0xE5 0xEF
    { 0x8944, 0xE5F5 }, // U+8944 = 0xE5 0xF5
    { 0x894C, 0xE5F9 }, // U+894C = 0xE5 0xF9
    { 0x894D, 0xE8B5 }, // U+894D = 0xE8 0xB5
    { 0x8956, 0x89A6 }, // U+8956 = 0x89 0xA6
    { 0x895E, 0xE5FC }, // U+895E = 0xE5 0xFC
    { 0x895F, 0x8BDD }, // U+895F = 0x8B 0xDD
    { 0x8960, 0xE5FB }, // U+8960 = 0xE5 0xFB
    { 0x8964, 0xE641 }, // U+8964 = 0xE6 0x41
    { 0x8966, 0xE640 }, // U+8966 = 0xE6 0x40
    { 0x896A, 0xE643 }, // U+896A = 0xE6 0x43
    { 0x896D, 0xE642 }, // U+896D = 0xE6 0x42
    { 0x896F, 0xE644 }, // U+896F = 0xE6 0x44
    { 0x8972, 0x8F50 }, // U+8972 = 0x8F 0x50
    { 0x8974, 0xE645 }, // U+8974 = 0xE6 0x45
    { 0x8977, 0xE646 }, // U+8977 = 0xE6 0x46
    { 0x897E, 0xE647 }, // U+897E = 0xE6 0x47
    { 0x897F, 0x90BC }, // U+897F = 0x90 0xBC
    { 0x8981, 0x9776 }, // U+8981 = 0x97 0x76
    { 0x8983, 0xE648 }, // U+8983 = 0xE6 0x48
    { 0x8986, 0x95A2 }, // U+8986 = 0x95 0xA2
    { 0x8987, 0x9465 }, // U+8987 = 0x94 0x65
    { 0x8988, 0xE649 }, // U+8988 = 0xE6 0x49
    { 0x898A, 0xE64A }, // U+898A = 0xE6 0x4A
    { 0x898B, 0x8CA9 }, // U+898B = 0x8C 0xA9
    { 0x898F, 0x8B4B }, // U+898F = 0x8B 0x4B
    { 0x8993, 0xE64B }, // U+8993 = 0xE6 0x4B
    { 0x8996, 0x8E8B }, // U+8996 = 0x8E 0x8B
    { 0x8997, 0x9460 }, // U+8997 = 0x94 0x60
    { 0x8998, 0xE64C }, // U+8998 = 0xE6 0x4C
    { 0x899A, 0x8A6F }, // U+899A = 0x8A 0x6F
    { 0x89A1, 0xE64D }, // U+89A1 = 0xE6 0x4D
    { 0x89A6, 0xE64F }, // U+89A6 = 0xE6 0x4F
    { 0x89A7, 0x9797 }, // U+89A7 = 0x97 0x97
    { 0x89A9, 0xE64E }, // U+89A9 = 0xE6 0x4E
    { 0x89AA, 0x9065 }, // U+89AA = 0x90 0x65
    { 0x89AC, 0xE650 }, // U+89AC = 0xE6 0x50
    { 0x89AF, 0xE651 }, // U+89AF = 0xE6 0x51
    { 0x89B2, 0xE652 }, // U+89B2 = 0xE6 0x52
    { 0x89B3, 0x8ACF }, // U+89B3 = 0x8A 0xCF
    { 0x89BA, 0xE653 }, // U+89BA = 0xE6 0x53
    { 0x89BD, 0xE654 }, // U+89BD = 0xE6 0x54
    { 0x89BF, 0xE655 }, // U+89BF = 0xE6 0x55
    { 0x89C0, 0xE656 }, // U+89C0 = 0xE6 0x56
    { 0x89D2, 0x8A70 }, // U+89D2 = 0x8A 0x70
    { 0x89DA, 0xE657 }, // U+89DA = 0xE6 0x57
    { 0x89DC, 0xE658 }, // U+89DC = 0xE6 0x58
    { 0x89DD, 0xE659 }, // U+89DD = 0xE6 0x59
    { 0x89E3, 0x89F0 }, // U+89E3 = 0x89 0xF0
    { 0x89E6, 0x9047 }, // U+89E6 = 0x90 0x47
    { 0x89E7, 0xE65A }, // U+89E7 = 0xE6 0x5A
    { 0x89F4, 0xE65B }, // U+89F4 = 0xE6 0x5B
    { 0x89F8, 0xE65C }, // U+89F8 = 0xE6 0x5C
    { 0x8A00, 0x8CBE }, // U+8A00 = 0x8C 0xBE
    { 0x8A02, 0x92F9 }, // U+8A02 = 0x92 0xF9
    { 0x8A03, 0xE65D }, // U+8A03 = 0xE6 0x5D
    { 0x8A08, 0x8C76 }, // U+8A08 = 0x8C 0x76
    { 0x8A0A, 0x9075 }, // U+8A0A = 0x90 0x75
    { 0x8A0C, 0xE660 }, // U+8A0C = 0xE6 0x60
    { 0x8A0E, 0x93A2 }, // U+8A0E = 0x93 0xA2
    { 0x8A10, 0xE65F }, // U+8A10 = 0xE6 0x5F
    { 0x8A12, 0xFBA3 }, // U+8A12 = 0xFB 0xA3
    { 0x8A13, 0x8C50 }, // U+8A13 = 0x8C 0x50
    { 0x8A16, 0xE65E }, // U+8A16 = 0xE6 0x5E
    { 0x8A17, 0x91F5 }, // U+8A17 = 0x91 0xF5
    { 0x8A18, 0x8B4C }, // U+8A18 = 0x8B 0x4C
    { 0x8A1B, 0xE661 }, // U+8A1B = 0xE6 0x61
    { 0x8A1D, 0xE662 }, // U+8A1D = 0xE6 0x62
    { 0x8A1F, 0x8FD7 }, // U+8A1F = 0x8F 0xD7
    { 0x8A23, 0x8C8D }, // U+8A23 = 0x8C 0x8D
    { 0x8A25, 0xE663 }, // U+8A25 = 0xE6 0x63
    { 0x8A2A, 0x964B }, // U+8A2A = 0x96 0x4B
    { 0x8A2D, 0x90DD }, // U+8A2D = 0x90 0xDD
    { 0x8A31, 0x8B96 }, // U+8A31 = 0x8B 0x96
    { 0x8A33, 0x96F3 }, // U+8A33 = 0x96 0xF3
    { 0x8A34, 0x9169 }, // U+8A34 = 0x91 0x69
    { 0x8A36, 0xE664 }, // U+8A36 = 0xE6 0x64
    { 0x8A37, 0xFBA4 }, // U+8A37 = 0xFB 0xA4
    { 0x8A3A, 0x9066 }, // U+8A3A = 0x90 0x66
    { 0x8A3B, 0x9290 }, // U+8A3B = 0x92 0x90
    { 0x8A3C, 0x8FD8 }, // U+8A3C = 0x8F 0xD8
    { 0x8A41, 0xE665 }, // U+8A41 = 0xE6 0x65
    { 0x8A46, 0xE668 }, // U+8A46 = 0xE6 0x68
    { 0x8A48, 0xE669 }, // U+8A48 = 0xE6 0x69
    { 0x8A50, 0x8DBC }, // U+8A50 = 0x8D 0xBC
    { 0x8A51, 0x91C0 }, // U+8A51 = 0x91 0xC0
    { 0x8A52, 0xE667 }, // U+8A52 = 0xE6 0x67
    { 0x8A54, 0x8FD9 }, // U+8A54 = 0x8F 0xD9
    { 0x8A55, 0x955D }, // U+8A55 = 0x95 0x5D
    { 0x8A5B, 0xE666 }, // U+8A5B = 0xE6 0x66
    { 0x8A5E, 0x8E8C }, // U+8A5E = 0x8E 0x8C
    { 0x8A60, 0x8972 }, // U+8A60 = 0x89 0x72
    { 0x8A62, 0xE66D }, // U+8A62 = 0xE6 0x6D
    { 0x8A63, 0x8C77 }, // U+8A63 = 0x8C 0x77
    { 0x8A66, 0x8E8E }, // U+8A66 = 0x8E 0x8E
    { 0x8A69, 0x8E8D }, // U+8A69 = 0x8E 0x8D
    { 0x8A6B, 0x986C }, // U+8A6B = 0x98 0x6C
    { 0x8A6C, 0xE66C }, // U+8A6C = 0xE6 0x6C
    { 0x8A6D, 0xE66B }, // U+8A6D = 0xE6 0x6B
    { 0x8A6E, 0x9146 }, // U+8A6E = 0x91 0x46
    { 0x8A70, 0x8B6C }, // U+8A70 = 0x8B 0x6C
    { 0x8A71, 0x9862 }, // U+8A71 = 0x98 0x62
    { 0x8A72, 0x8A59 }, // U+8A72 = 0x8A 0x59
    { 0x8A73, 0x8FDA }, // U+8A73 = 0x8F 0xDA
    { 0x8A79, 0xFBA5 }, // U+8A79 = 0xFB 0xA5
    { 0x8A7C, 0xE66A }, // U+8A7C = 0xE6 0x6A
    { 0x8A82, 0xE66F }, // U+8A82 = 0xE6 0x6F
    { 0x8A84, 0xE670 }, // U+8A84 = 0xE6 0x70
    { 0x8A85, 0xE66E }, // U+8A85 = 0xE6 0x6E
    { 0x8A87, 0x8CD6 }, // U+8A87 = 0x8C 0xD6
    { 0x8A89, 0x975F }, // U+8A89 = 0x97 0x5F
    { 0x8A8C, 0x8E8F }, // U+8A8C = 0x8E 0x8F
    { 0x8A8D, 0x9446 }, // U+8A8D = 0x94 0x46
    { 0x8A91, 0xE673 }, // U+8A91 = 0xE6 0x73
    { 0x8A93, 0x90BE }, // U+8A93 = 0x90 0xBE
    { 0x8A95, 0x9261 }, // U+8A95 = 0x92 0x61
    { 0x8A98, 0x9755 }, // U+8A98 = 0x97 0x55
    { 0x8A9A, 0xE676 }, // U+8A9A = 0xE6 0x76
    { 0x8A9E, 0x8CEA }, // U+8A9E = 0x8C 0xEA
    { 0x8AA0, 0x90BD }, // U+8AA0 = 0x90 0xBD
    { 0x8AA1, 0xE672 }, // U+8AA1 = 0xE6 0x72
    { 0x8AA3, 0xE677 }, // U+8AA3 = 0xE6 0x77
    { 0x8AA4, 0x8CEB }, // U+8AA4 = 0x8C 0xEB
    { 0x8AA5, 0xE674 }, // U+8AA5 = 0xE6 0x74
    { 0x8AA6, 0xE675 }, // U+8AA6 = 0xE6 0x75
    { 0x8AA7, 0xFBA6 }, // U+8AA7 = 0xFB 0xA6
    { 0x8AA8, 0xE671 }, // U+8AA8 = 0xE6 0x71
    { 0x8AAC, 0x90E0 }, // U+8AAC = 0x90 0xE0
    { 0x8AAD, 0x93C7 }, // U+8AAD = 0x93 0xC7
    { 0x8AB0, 0x924E }, // U+8AB0 = 0x92 0x4E
    { 0x8AB2, 0x89DB }, // U+8AB2 = 0x89 0xDB
    { 0x8AB9, 0x94EE }, // U+8AB9 = 0x94 0xEE
    { 0x8ABC, 0x8B62 }, // U+8ABC = 0x8B 0x62
    { 0x8ABE, 0xFBA7 }, // U+8ABE = 0xFB 0xA7
    { 0x8ABF, 0x92B2 }, // U+8ABF = 0x92 0xB2
    { 0x8AC2, 0xE67A }, // U+8AC2 = 0xE6 0x7A
    { 0x8AC4, 0xE678 }, // U+8AC4 = 0xE6 0x78
    { 0x8AC7, 0x926B }, // U+8AC7 = 0x92 0x6B
    { 0x8ACB, 0x90BF }, // U+8ACB = 0x90 0xBF
    { 0x8ACC, 0x8AD0 }, // U+8ACC = 0x8A 0xD0
    { 0x8ACD, 0xE679 }, // U+8ACD = 0xE6 0x79
    { 0x8ACF, 0x907A }, // U+8ACF = 0x90 0x7A
    { 0x8AD2, 0x97C8 }, // U+8AD2 = 0x97 0xC8
    { 0x8AD6, 0x985F }, // U+8AD6 = 0x98 0x5F
    { 0x8ADA, 0xE67B }, // U+8ADA = 0xE6 0x7B
    { 0x8ADB, 0xE687 }, // U+8ADB = 0xE6 0x87
    { 0x8ADC, 0x92B3 }, // U+8ADC = 0x92 0xB3
    { 0x8ADE, 0xE686 }, // U+8ADE = 0xE6 0x86
    { 0x8ADF, 0xFBA8 }, // U+8ADF = 0xFB 0xA8
    { 0x8AE0, 0xE683 }, // U+8AE0 = 0xE6 0x83
    { 0x8AE1, 0xE68B }, // U+8AE1 = 0xE6 0x8B
    { 0x8AE2, 0xE684 }, // U+8AE2 = 0xE6 0x84
    { 0x8AE4, 0xE680 }, // U+8AE4 = 0xE6 0x80
    { 0x8AE6, 0x92FA }, // U+8AE6 = 0x92 0xFA
    { 0x8AE7, 0xE67E }, // U+8AE7 = 0xE6 0x7E
    { 0x8AEB, 0xE67C }, // U+8AEB = 0xE6 0x7C
    { 0x8AED, 0x9740 }, // U+8AED = 0x97 0x40
    { 0x8AEE, 0x8E90 }, // U+8AEE = 0x8E 0x90
    { 0x8AF1, 0xE681 }, // U+8AF1 = 0xE6 0x81
    { 0x8AF3, 0xE67D }, // U+8AF3 = 0xE6 0x7D
    { 0x8AF6, 0xFBAA }, // U+8AF6 = 0xFB 0xAA
    { 0x8AF7, 0xE685 }, // U+8AF7 = 0xE6 0x85
    { 0x8AF8, 0x8F94 }, // U+8AF8 = 0x8F 0x94
    { 0x8AFA, 0x8CBF }, // U+8AFA = 0x8C 0xBF
    { 0x8AFE, 0x91F8 }, // U+8AFE = 0x91 0xF8
    { 0x8B00, 0x9664 }, // U+8B00 = 0x96 0x64
    { 0x8B01, 0x8979 }, // U+8B01 = 0x89 0x79
    { 0x8B02, 0x88E0 }, // U+8B02 = 0x88 0xE0
    { 0x8B04, 0x93A3 }, // U+8B04 = 0x93 0xA3
    { 0x8B07, 0xE689 }, // U+8B07 = 0xE6 0x89
    { 0x8B0C, 0xE688 }, // U+8B0C = 0xE6 0x88
    { 0x8B0E, 0x93E4 }, // U+8B0E = 0x93 0xE4
    { 0x8B10, 0xE68D }, // U+8B10 = 0xE6 0x8D
    { 0x8B14, 0xE682 }, // U+8B14 = 0xE6 0x82
    { 0x8B16, 0xE68C }, // U+8B16 = 0xE6 0x8C
    { 0x8B17, 0xE68E }, // U+8B17 = 0xE6 0x8E
    { 0x8B19, 0x8CAA }, // U+8B19 = 0x8C 0xAA
    { 0x8B1A, 0xE68A }, // U+8B1A = 0xE6 0x8A
    { 0x8B1B, 0x8D75 }, // U+8B1B = 0x8D 0x75
    { 0x8B1D, 0x8ED3 }, // U+8B1D = 0x8E 0xD3
    { 0x8B20, 0xE68F }, // U+8B20 = 0xE6 0x8F
    { 0x8B21, 0x9777 }, // U+8B21 = 0x97 0x77
    { 0x8B26, 0xE692 }, // U+8B26 = 0xE6 0x92
    { 0x8B28, 0xE695 }, // U+8B28 = 0xE6 0x95
    { 0x8B2B, 0xE693 }, // U+8B2B = 0xE6 0x93
    { 0x8B2C, 0x9554 }, // U+8B2C = 0x95 0x54
    { 0x8B33, 0xE690 }, // U+8B33 = 0xE6 0x90
    { 0x8B39, 0x8BDE }, // U+8B39 = 0x8B 0xDE
    { 0x8B3E, 0xE694 }, // U+8B3E = 0xE6 0x94
    { 0x8B41, 0xE696 }, // U+8B41 = 0xE6 0x96
    { 0x8B49, 0xE69A }, // U+8B49 = 0xE6 0x9A
    { 0x8B4C, 0xE697 }, // U+8B4C = 0xE6 0x97
    { 0x8B4E, 0xE699 }, // U+8B4E = 0xE6 0x99
    { 0x8B4F, 0xE698 }, // U+8B4F = 0xE6 0x98
    { 0x8B53, 0xFBAB }, // U+8B53 = 0xFB 0xAB
    { 0x8B56, 0xE69B }, // U+8B56 = 0xE6 0x9B
    { 0x8B58, 0x8EAF }, // U+8B58 = 0x8E 0xAF
    { 0x8B5A, 0xE69D }, // U+8B5A = 0xE6 0x9D
    { 0x8B5B, 0xE69C }, // U+8B5B = 0xE6 0x9C
    { 0x8B5C, 0x9588 }, // U+8B5C = 0x95 0x88
    { 0x8B5F, 0xE69F }, // U+8B5F = 0xE6 0x9F
    { 0x8B66, 0x8C78 }, // U+8B66 = 0x8C 0x78
    { 0x8B6B, 0xE69E }, // U+8B6B = 0xE6 0x9E
    { 0x8B6C, 0xE6A0 }, // U+8B6C = 0xE6 0xA0
    { 0x8B6F, 0xE6A1 }, // U+8B6F = 0xE6 0xA1
    { 0x8B70, 0x8B63 }, // U+8B70 = 0x8B 0x63
    { 0x8B71, 0xE3BF }, // U+8B71 = 0xE3 0xBF
    { 0x8B72, 0x8FF7 }, // U+8B72 = 0x8F 0xF7
    { 0x8B74, 0xE6A2 }, // U+8B74 = 0xE6 0xA2
    { 0x8B77, 0x8CEC }, // U+8B77 = 0x8C 0xEC
    { 0x8B7D, 0xE6A3 }, // U+8B7D = 0xE6 0xA3
    { 0x8B7F, 0xFBAC }, // U+8B7F = 0xFB 0xAC
    { 0x8B80, 0xE6A4 }, // U+8B80 = 0xE6 0xA4
    { 0x8B83, 0x8E5D }, // U+8B83 = 0x8E 0x5D
    { 0x8B8A, 0x9DCC }, // U+8B8A = 0x9D 0xCC
    { 0x8B8C, 0xE6A5 }, // U+8B8C = 0xE6 0xA5
    { 0x8B8E, 0xE6A6 }, // U+8B8E = 0xE6 0xA6
    { 0x8B90, 0x8F51 }, // U+8B90 = 0x8F 0x51
    { 0x8B92, 0xE6A7 }, // U+8B92 = 0xE6 0xA7
    { 0x8B93, 0xE6A8 }, // U+8B93 = 0xE6 0xA8
    { 0x8B96, 0xE6A9 }, // U+8B96 = 0xE6 0xA9
    { 0x8B99, 0xE6AA }, // U+8B99 = 0xE6 0xAA
    { 0x8B9A, 0xE6AB }, // U+8B9A = 0xE6 0xAB
    { 0x8C37, 0x924A }, // U+8C37 = 0x92 0x4A
    { 0x8C3A, 0xE6AC }, // U+8C3A = 0xE6 0xAC
    { 0x8C3F, 0xE6AE }, // U+8C3F = 0xE6 0xAE
    { 0x8C41, 0xE6AD }, // U+8C41 = 0xE6 0xAD
    { 0x8C46, 0x93A4 }, // U+8C46 = 0x93 0xA4
    { 0x8C48, 0xE6AF }, // U+8C48 = 0xE6 0xAF
    { 0x8C4A, 0x964C }, // U+8C4A = 0x96 0x4C
    { 0x8C4C, 0xE6B0 }, // U+8C4C = 0xE6 0xB0
    { 0x8C4E, 0xE6B1 }, // U+8C4E = 0xE6 0xB1
    { 0x8C50, 0xE6B2 }, // U+8C50 = 0xE6 0xB2
    { 0x8C55, 0xE6B3 }, // U+8C55 = 0xE6 0xB3
    { 0x8C5A, 0x93D8 }, // U+8C5A = 0x93 0xD8
    { 0x8C61, 0x8FDB }, // U+8C61 = 0x8F 0xDB
    { 0x8C62, 0xE6B4 }, // U+8C62 = 0xE6 0xB4
    { 0x8C6A, 0x8D8B }, // U+8C6A = 0x8D 0x8B
    { 0x8C6B, 0x98AC }, // U+8C6B = 0x98 0xAC
    { 0x8C6C, 0xE6B5 }, // U+8C6C = 0xE6 0xB5
    { 0x8C78, 0xE6B6 }, // U+8C78 = 0xE6 0xB6
    { 0x8C79, 0x955E }, // U+8C79 = 0x95 0x5E
    { 0x8C7A, 0xE6B7 }, // U+8C7A = 0xE6 0xB7
    { 0x8C7C, 0xE6BF }, // U+8C7C = 0xE6 0xBF
    { 0x8C82, 0xE6B8 }, // U+8C82 = 0xE6 0xB8
    { 0x8C85, 0xE6BA }, // U+8C85 = 0xE6 0xBA
    { 0x8C89, 0xE6B9 }, // U+8C89 = 0xE6 0xB9
    { 0x8C8A, 0xE6BB }, // U+8C8A = 0xE6 0xBB
    { 0x8C8C, 0x9665 }, // U+8C8C = 0x96 0x65
    { 0x8C8D, 0xE6BC }, // U+8C8D = 0xE6 0xBC
    { 0x8C8E, 0xE6BD }, // U+8C8E = 0xE6 0xBD
    { 0x8C94, 0xE6BE }, // U+8C94 = 0xE6 0xBE
    { 0x8C98, 0xE6C0 }, // U+8C98 = 0xE6 0xC0
    { 0x8C9D, 0x8A4C }, // U+8C9D = 0x8A 0x4C
    { 0x8C9E, 0x92E5 }, // U+8C9E = 0x92 0xE5
    { 0x8CA0, 0x9589 }, // U+8CA0 = 0x95 0x89
    { 0x8CA1, 0x8DE0 }, // U+8CA1 = 0x8D 0xE0
    { 0x8CA2, 0x8D76 }, // U+8CA2 = 0x8D 0x76
    { 0x8CA7, 0x956E }, // U+8CA7 = 0x95 0x6E
    { 0x8CA8, 0x89DD }, // U+8CA8 = 0x89 0xDD
    { 0x8CA9, 0x94CC }, // U+8CA9 = 0x94 0xCC
    { 0x8CAA, 0xE6C3 }, // U+8CAA = 0xE6 0xC3
    { 0x8CAB, 0x8AD1 }, // U+8CAB = 0x8A 0xD1
    { 0x8CAC, 0x90D3 }, // U+8CAC = 0x90 0xD3
    { 0x8CAD, 0xE6C2 }, // U+8CAD = 0xE6 0xC2
    { 0x8CAE, 0xE6C7 }, // U+8CAE = 0xE6 0xC7
    { 0x8CAF, 0x9299 }, // U+8CAF = 0x92 0x99
    { 0x8CB0, 0x96E1 }, // U+8CB0 = 0x96 0xE1
    { 0x8CB2, 0xE6C5 }, // U+8CB2 = 0xE6 0xC5
    { 0x8CB3, 0xE6C6 }, // U+8CB3 = 0xE6 0xC6
    { 0x8CB4, 0x8B4D }, // U+8CB4 = 0x8B 0x4D
    { 0x8CB6, 0xE6C8 }, // U+8CB6 = 0xE6 0xC8
    { 0x8CB7, 0x9483 }, // U+8CB7 = 0x94 0x83
    { 0x8CB8, 0x91DD }, // U+8CB8 = 0x91 0xDD
    { 0x8CBB, 0x94EF }, // U+8CBB = 0x94 0xEF
    { 0x8CBC, 0x935C }, // U+8CBC = 0x93 0x5C
    { 0x8CBD, 0xE6C4 }, // U+8CBD = 0xE6 0xC4
    { 0x8CBF, 0x9666 }, // U+8CBF = 0x96 0x66
    { 0x8CC0, 0x89EA }, // U+8CC0 = 0x89 0xEA
    { 0x8CC1, 0xE6CA }, // U+8CC1 = 0xE6 0xCA
    { 0x8CC2, 0x9847 }, // U+8CC2 = 0x98 0x47
    { 0x8CC3, 0x92C0 }, // U+8CC3 = 0x92 0xC0
    { 0x8CC4, 0x9864 }, // U+8CC4 = 0x98 0x64
    { 0x8CC7, 0x8E91 }, // U+8CC7 = 0x8E 0x91
    { 0x8CC8, 0xE6C9 }, // U+8CC8 = 0xE6 0xC9
    { 0x8CCA, 0x91AF }, // U+8CCA = 0x91 0xAF
    { 0x8CCD, 0xE6DA }, // U+8CCD = 0xE6 0xDA
    { 0x8CCE, 0x9147 }, // U+8CCE = 0x91 0x47
    { 0x8CD1, 0x93F6 }, // U+8CD1 = 0x93 0xF6
    { 0x8CD3, 0x956F }, // U+8CD3 = 0x95 0x6F
    { 0x8CDA, 0xE6CD }, // U+8CDA = 0xE6 0xCD
    { 0x8CDB, 0x8E5E }, // U+8CDB = 0x8E 0x5E
    { 0x8CDC, 0x8E92 }, // U+8CDC = 0x8E 0x92
    { 0x8CDE, 0x8FDC }, // U+8CDE = 0x8F 0xDC
    { 0x8CE0, 0x9485 }, // U+8CE0 = 0x94 0x85
    { 0x8CE2, 0x8CAB }, // U+8CE2 = 0x8C 0xAB
    { 0x8CE3, 0xE6CC }, // U+8CE3 = 0xE6 0xCC
    { 0x8CE4, 0xE6CB }, // U+8CE4 = 0xE6 0xCB
    { 0x8CE6, 0x958A }, // U+8CE6 = 0x95 0x8A
    { 0x8CEA, 0x8EBF }, // U+8CEA = 0x8E 0xBF
    { 0x8CED, 0x9371 }, // U+8CED = 0x93 0x71
    { 0x8CF0, 0xFBAD }, // U+8CF0 = 0xFB 0xAD
    { 0x8CF4, 0xFBAE }, // U+8CF4 = 0xFB 0xAE
    { 0x8CFA, 0xE6CF }, // U+8CFA = 0xE6 0xCF
    { 0x8CFB, 0xE6D0 }, // U+8CFB = 0xE6 0xD0
    { 0x8CFC, 0x8D77 }, // U+8CFC = 0x8D 0x77
    { 0x8CFD, 0xE6CE }, // U+8CFD = 0xE6 0xCE
    { 0x8D04, 0xE6D1 }, // U+8D04 = 0xE6 0xD1
    { 0x8D05, 0xE6D2 }, // U+8D05 = 0xE6 0xD2
    { 0x8D07, 0xE6D4 }, // U+8D07 = 0xE6 0xD4
    { 0x8D08, 0x91A1 }, // U+8D08 = 0x91 0xA1
    { 0x8D0A, 0xE6D3 }, // U+8D0A = 0xE6 0xD3
    { 0x8D0B, 0x8AE4 }, // U+8D0B = 0x8A 0xE4
    { 0x8D0D, 0xE6D6 }, // U+8D0D = 0xE6 0xD6
    { 0x8D0F, 0xE6D5 }, // U+8D0F = 0xE6 0xD5
    { 0x8D10, 0xE6D7 }, // U+8D10 = 0xE6 0xD7
    { 0x8D12, 0xFBAF }, // U+8D12 = 0xFB 0xAF
    { 0x8D13, 0xE6D9 }, // U+8D13 = 0xE6 0xD9
    { 0x8D14, 0xE6DB }, // U+8D14 = 0xE6 0xDB
    { 0x8D16, 0xE6DC }, // U+8D16 = 0xE6 0xDC
    { 0x8D64, 0x90D4 }, // U+8D64 = 0x90 0xD4
    { 0x8D66, 0x8ECD }, // U+8D66 = 0x8E 0xCD
    { 0x8D67, 0xE6DD }, // U+8D67 = 0xE6 0xDD
    { 0x8D6B, 0x8A71 }, // U+8D6B = 0x8A 0x71
    { 0x8D6D, 0xE6DE }, // U+8D6D = 0xE6 0xDE
    { 0x8D70, 0x9196 }, // U+8D70 = 0x91 0x96
    { 0x8D71, 0xE6DF }, // U+8D71 = 0xE6 0xDF
    { 0x8D73, 0xE6E0 }, // U+8D73 = 0xE6 0xE0
    { 0x8D74, 0x958B }, // U+8D74 = 0x95 0x8B
    { 0x8D76, 0xFBB0 }, // U+8D76 = 0xFB 0xB0
    { 0x8D77, 0x8B4E }, // U+8D77 = 0x8B 0x4E
    { 0x8D81, 0xE6E1 }, // U+8D81 = 0xE6 0xE1
    { 0x8D85, 0x92B4 }, // U+8D85 = 0x92 0xB4
    { 0x8D8A, 0x897A }, // U+8D8A = 0x89 0x7A
    { 0x8D99, 0xE6E2 }, // U+8D99 = 0xE6 0xE2
    { 0x8DA3, 0x8EEF }, // U+8DA3 = 0x8E 0xEF
    { 0x8DA8, 0x9096 }, // U+8DA8 = 0x90 0x96
    { 0x8DB3, 0x91AB }, // U+8DB3 = 0x91 0xAB
    { 0x8DBA, 0xE6E5 }, // U+8DBA = 0xE6 0xE5
    { 0x8DBE, 0xE6E4 }, // U+8DBE = 0xE6 0xE4
    { 0x8DC2, 0xE6E3 }, // U+8DC2 = 0xE6 0xE3
    { 0x8DCB, 0xE6EB }, // U+8DCB = 0xE6 0xEB
    { 0x8DCC, 0xE6E9 }, // U+8DCC = 0xE6 0xE9
    { 0x8DCF, 0xE6E6 }, // U+8DCF = 0xE6 0xE6
    { 0x8DD6, 0xE6E8 }, // U+8DD6 = 0xE6 0xE8
    { 0x8DDA, 0xE6E7 }, // U+8DDA = 0xE6 0xE7
    { 0x8DDB, 0xE6EA }, // U+8DDB = 0xE6 0xEA
    { 0x8DDD, 0x8B97 }, // U+8DDD = 0x8B 0x97
    { 0x8DDF, 0xE6EE }, // U+8DDF = 0xE6 0xEE
    { 0x8DE1, 0x90D5 }, // U+8DE1 = 0x90 0xD5
    { 0x8DE3, 0xE6EF }, // U+8DE3 = 0xE6 0xEF
    { 0x8DE8, 0x8CD7 }, // U+8DE8 = 0x8C 0xD7
    { 0x8DEA, 0xE6EC }, // U+8DEA = 0xE6 0xEC
    { 0x8DEB, 0xE6ED }, // U+8DEB = 0xE6 0xED
    { 0x8DEF, 0x9848 }, // U+8DEF = 0x98 0x48
    { 0x8DF3, 0x92B5 }, // U+8DF3 = 0x92 0xB5
    { 0x8DF5, 0x9148 }, // U+8DF5 = 0x91 0x48
    { 0x8DFC, 0xE6F0 }, // U+8DFC = 0xE6 0xF0
    { 0x8DFF, 0xE6F3 }, // U+8DFF = 0xE6 0xF3
    { 0x8E08, 0xE6F1 }, // U+8E08 = 0xE6 0xF1
    { 0x8E09, 0xE6F2 }, // U+8E09 = 0xE6 0xF2
    { 0x8E0A, 0x9778 }, // U+8E0A = 0x97 0x78
    { 0x8E0F, 0x93A5 }, // U+8E0F = 0x93 0xA5
    { 0x8E10, 0xE6F6 }, // U+8E10 = 0xE6 0xF6
    { 0x8E1D, 0xE6F4 }, // U+8E1D = 0xE6 0xF4
    { 0x8E1E, 0xE6F5 }, // U+8E1E = 0xE6 0xF5
    { 0x8E1F, 0xE6F7 }, // U+8E1F = 0xE6 0xF7
    { 0x8E2A, 0xE748 }, // U+8E2A = 0xE7 0x48
    { 0x8E30, 0xE6FA }, // U+8E30 = 0xE6 0xFA
    { 0x8E34, 0xE6FB }, // U+8E34 = 0xE6 0xFB
    { 0x8E35, 0xE6F9 }, // U+8E35 = 0xE6 0xF9
    { 0x8E42, 0xE6F8 }, // U+8E42 = 0xE6 0xF8
    { 0x8E44, 0x92FB }, // U+8E44 = 0x92 0xFB
    { 0x8E47, 0xE740 }, // U+8E47 = 0xE7 0x40
    { 0x8E48, 0xE744 }, // U+8E48 = 0xE7 0x44
    { 0x8E49, 0xE741 }, // U+8E49 = 0xE7 0x41
    { 0x8E4A, 0xE6FC }, // U+8E4A = 0xE6 0xFC
    { 0x8E4C, 0xE742 }, // U+8E4C = 0xE7 0x42
    { 0x8E50, 0xE743 }, // U+8E50 = 0xE7 0x43
    { 0x8E55, 0xE74A }, // U+8E55 = 0xE7 0x4A
    { 0x8E59, 0xE745 }, // U+8E59 = 0xE7 0x45
    { 0x8E5F, 0x90D6 }, // U+8E5F = 0x90 0xD6
    { 0x8E60, 0xE747 }, // U+8E60 = 0xE7 0x47
    { 0x8E63, 0xE749 }, // U+8E63 = 0xE7 0x49
    { 0x8E64, 0xE746 }, // U+8E64 = 0xE7 0x46
    { 0x8E72, 0xE74C }, // U+8E72 = 0xE7 0x4C
    { 0x8E74, 0x8F52 }, // U+8E74 = 0x8F 0x52
    { 0x8E76, 0xE74B }, // U+8E76 = 0xE7 0x4B
    { 0x8E7C, 0xE74D }, // U+8E7C = 0xE7 0x4D
    { 0x8E81, 0xE74E }, // U+8E81 = 0xE7 0x4E
    { 0x8E84, 0xE751 }, // U+8E84 = 0xE7 0x51
    { 0x8E85, 0xE750 }, // U+8E85 = 0xE7 0x50
    { 0x8E87, 0xE74F }, // U+8E87 = 0xE7 0x4F
    { 0x8E8A, 0xE753 }, // U+8E8A = 0xE7 0x53
    { 0x8E8B, 0xE752 }, // U+8E8B = 0xE7 0x52
    { 0x8E8D, 0x96F4 }, // U+8E8D = 0x96 0xF4
    { 0x8E91, 0xE755 }, // U+8E91 = 0xE7 0x55
    { 0x8E93, 0xE754 }, // U+8E93 = 0xE7 0x54
    { 0x8E94, 0xE756 }, // U+8E94 = 0xE7 0x56
    { 0x8E99, 0xE757 }, // U+8E99 = 0xE7 0x57
    { 0x8EA1, 0xE759 }, // U+8EA1 = 0xE7 0x59
    { 0x8EAA, 0xE758 }, // U+8EAA = 0xE7 0x58
    { 0x8EAB, 0x9067 }, // U+8EAB = 0x90 0x67
    { 0x8EAC, 0xE75A }, // U+8EAC = 0xE7 0x5A
    { 0x8EAF, 0x8BEB }, // U+8EAF = 0x8B 0xEB
    { 0x8EB0, 0xE75B }, // U+8EB0 = 0xE7 0x5B
    { 0x8EB1, 0xE75D }, // U+8EB1 = 0xE7 0x5D
    { 0x8EBE, 0xE75E }, // U+8EBE = 0xE7 0x5E
    { 0x8EC5, 0xE75F }, // U+8EC5 = 0xE7 0x5F
    { 0x8EC6, 0xE75C }, // U+8EC6 = 0xE7 0x5C
    { 0x8EC8, 0xE760 }, // U+8EC8 = 0xE7 0x60
    { 0x8ECA, 0x8ED4 }, // U+8ECA = 0x8E 0xD4
    { 0x8ECB, 0xE761 }, // U+8ECB = 0xE7 0x61
    { 0x8ECC, 0x8B4F }, // U+8ECC = 0x8B 0x4F
    { 0x8ECD, 0x8C52 }, // U+8ECD = 0x8C 0x52
    { 0x8ECF, 0xFBB2 }, // U+8ECF = 0xFB 0xB2
    { 0x8ED2, 0x8CAC }, // U+8ED2 = 0x8C 0xAC
    { 0x8EDB, 0xE762 }, // U+8EDB = 0xE7 0x62
    { 0x8EDF, 0x93EE }, // U+8EDF = 0x93 0xEE
    { 0x8EE2, 0x935D }, // U+8EE2 = 0x93 0x5D
    { 0x8EE3, 0xE763 }, // U+8EE3 = 0xE7 0x63
    { 0x8EEB, 0xE766 }, // U+8EEB = 0xE7 0x66
    { 0x8EF8, 0x8EB2 }, // U+8EF8 = 0x8E 0xB2
    { 0x8EFB, 0xE765 }, // U+8EFB = 0xE7 0x65
    { 0x8EFC, 0xE764 }, // U+8EFC = 0xE7 0x64
    { 0x8EFD, 0x8C79 }, // U+8EFD = 0x8C 0x79
    { 0x8EFE, 0xE767 }, // U+8EFE = 0xE7 0x67
    { 0x8F03, 0x8A72 }, // U+8F03 = 0x8A 0x72
    { 0x8F05, 0xE769 }, // U+8F05 = 0xE7 0x69
    { 0x8F09, 0x8DDA }, // U+8F09 = 0x8D 0xDA
    { 0x8F0A, 0xE768 }, // U+8F0A = 0xE7 0x68
    { 0x8F0C, 0xE771 }, // U+8F0C = 0xE7 0x71
    { 0x8F12, 0xE76B }, // U+8F12 = 0xE7 0x6B
    { 0x8F13, 0xE76D }, // U+8F13 = 0xE7 0x6D
    { 0x8F14, 0x95E3 }, // U+8F14 = 0x95 0xE3
    { 0x8F15, 0xE76A }, // U+8F15 = 0xE7 0x6A
    { 0x8F19, 0xE76C }, // U+8F19 = 0xE7 0x6C
    { 0x8F1B, 0xE770 }, // U+8F1B = 0xE7 0x70
    { 0x8F1C, 0xE76E }, // U+8F1C = 0xE7 0x6E
    { 0x8F1D, 0x8B50 }, // U+8F1D = 0x8B 0x50
    { 0x8F1F, 0xE76F }, // U+8F1F = 0xE7 0x6F
    { 0x8F26, 0xE772 }, // U+8F26 = 0xE7 0x72
    { 0x8F29, 0x9479 }, // U+8F29 = 0x94 0x79
    { 0x8F2A, 0x97D6 }, // U+8F2A = 0x97 0xD6
    { 0x8F2F, 0x8F53 }, // U+8F2F = 0x8F 0x53
    { 0x8F33, 0xE773 }, // U+8F33 = 0xE7 0x73
    { 0x8F38, 0x9741 }, // U+8F38 = 0x97 0x41
    { 0x8F39, 0xE775 }, // U+8F39 = 0xE7 0x75
    { 0x8F3B, 0xE774 }, // U+8F3B = 0xE7 0x74
    { 0x8F3E, 0xE778 }, // U+8F3E = 0xE7 0x78
    { 0x8F3F, 0x9760 }, // U+8F3F = 0x97 0x60
    { 0x8F42, 0xE777 }, // U+8F42 = 0xE7 0x77
    { 0x8F44, 0x8A8D }, // U+8F44 = 0x8A 0x8D
    { 0x8F45, 0xE776 }, // U+8F45 = 0xE7 0x76
    { 0x8F46, 0xE77B }, // U+8F46 = 0xE7 0x7B
    { 0x8F49, 0xE77A }, // U+8F49 = 0xE7 0x7A
    { 0x8F4C, 0xE779 }, // U+8F4C = 0xE7 0x79
    { 0x8F4D, 0x9351 }, // U+8F4D = 0x93 0x51
    { 0x8F4E, 0xE77C }, // U+8F4E = 0xE7 0x7C
    { 0x8F57, 0xE77D }, // U+8F57 = 0xE7 0x7D
    { 0x8F5C, 0xE77E }, // U+8F5C = 0xE7 0x7E
    { 0x8F5F, 0x8D8C }, // U+8F5F = 0x8D 0x8C
    { 0x8F61, 0x8C44 }, // U+8F61 = 0x8C 0x44
    { 0x8F62, 0xE780 }, // U+8F62 = 0xE7 0x80
    { 0x8F63, 0xE781 }, // U+8F63 = 0xE7 0x81
    { 0x8F64, 0xE782 }, // U+8F64 = 0xE7 0x82
    { 0x8F9B, 0x9068 }, // U+8F9B = 0x90 0x68
    { 0x8F9C, 0xE783 }, // U+8F9C = 0xE7 0x83
    { 0x8F9E, 0x8EAB }, // U+8F9E = 0x8E 0xAB
    { 0x8F9F, 0xE784 }, // U+8F9F = 0xE7 0x84
    { 0x8FA3, 0xE785 }, // U+8FA3 = 0xE7 0x85
    { 0x8FA7, 0x999F }, // U+8FA7 = 0x99 0x9F
    { 0x8FA8, 0x999E }, // U+8FA8 = 0x99 0x9E
    { 0x8FAD, 0xE786 }, // U+8FAD = 0xE7 0x86
    { 0x8FAE, 0xE390 }, // U+8FAE = 0xE3 0x90
    { 0x8FAF, 0xE787 }, // U+8FAF = 0xE7 0x87
    { 0x8FB0, 0x9243 }, // U+8FB0 = 0x92 0x43
    { 0x8FB1, 0x904A }, // U+8FB1 = 0x90 0x4A
    { 0x8FB2, 0x945F }, // U+8FB2 = 0x94 0x5F
    { 0x8FB7, 0xE788 }, // U+8FB7 = 0xE7 0x88
    { 0x8FBA, 0x95D3 }, // U+8FBA = 0x95 0xD3
    { 0x8FBB, 0x92D2 }, // U+8FBB = 0x92 0xD2
    { 0x8FBC, 0x8D9E }, // U+8FBC = 0x8D 0x9E
    { 0x8FBF, 0x9248 }, // U+8FBF = 0x92 0x48
    { 0x8FC2, 0x8949 }, // U+8FC2 = 0x89 0x49
    { 0x8FC4, 0x9698 }, // U+8FC4 = 0x96 0x98
    { 0x8FC5, 0x9076 }, // U+8FC5 = 0x90 0x76
    { 0x8FCE, 0x8C7D }, // U+8FCE = 0x8C 0x7D
    { 0x8FD1, 0x8BDF }, // U+8FD1 = 0x8B 0xDF
    { 0x8FD4, 0x95D4 }, // U+8FD4 = 0x95 0xD4
    { 0x8FDA, 0xE789 }, // U+8FDA = 0xE7 0x89
    { 0x8FE2, 0xE78B }, // U+8FE2 = 0xE7 0x8B
    { 0x8FE5, 0xE78A }, // U+8FE5 = 0xE7 0x8A
    { 0x8FE6, 0x89DE }, // U+8FE6 = 0x89 0xDE
    { 0x8FE9, 0x93F4 }, // U+8FE9 = 0x93 0xF4
    { 0x8FEA, 0xE78C }, // U+8FEA = 0xE7 0x8C
    { 0x8FEB, 0x9497 }, // U+8FEB = 0x94 0x97
    { 0x8FED, 0x9352 }, // U+8FED = 0x93 0x52
    { 0x8FEF, 0xE78D }, // U+8FEF = 0xE7 0x8D
    { 0x8FF0, 0x8F71 }, // U+8FF0 = 0x8F 0x71
    { 0x8FF4, 0xE78F }, // U+8FF4 = 0xE7 0x8F
    { 0x8FF7, 0x96C0 }, // U+8FF7 = 0x96 0xC0
    { 0x8FF8, 0xE79E }, // U+8FF8 = 0xE7 0x9E
    { 0x8FF9, 0xE791 }, // U+8FF9 = 0xE7 0x91
    { 0x8FFA, 0xE792 }, // U+8FFA = 0xE7 0x92
    { 0x8FFD, 0x92C7 }, // U+8FFD = 0x92 0xC7
    { 0x9000, 0x91DE }, // U+9000 = 0x91 0xDE
    { 0x9001, 0x9197 }, // U+9001 = 0x91 0x97
    { 0x9003, 0x93A6 }, // U+9003 = 0x93 0xA6
    { 0x9005, 0xE790 }, // U+9005 = 0xE7 0x90
    { 0x9006, 0x8B74 }, // U+9006 = 0x8B 0x74
    { 0x900B, 0xE799 }, // U+900B = 0xE7 0x99
    { 0x900D, 0xE796 }, // U+900D = 0xE7 0x96
    { 0x900E, 0xE7A3 }, // U+900E = 0xE7 0xA3
    { 0x900F, 0x93A7 }, // U+900F = 0x93 0xA7
    { 0x9010, 0x9280 }, // U+9010 = 0x92 0x80
    { 0x9011, 0xE793 }, // U+9011 = 0xE7 0x93
    { 0x9013, 0x92FC }, // U+9013 = 0x92 0xFC
    { 0x9014, 0x9372 }, // U+9014 = 0x93 0x72
    { 0x9015, 0xE794 }, // U+9015 = 0xE7 0x94
    { 0x9016, 0xE798 }, // U+9016 = 0xE7 0x98
    { 0x9017, 0x9080 }, // U+9017 = 0x90 0x80
    { 0x9019, 0x9487 }, // U+9019 = 0x94 0x87
    { 0x901A, 0x92CA }, // U+901A = 0x92 0xCA
    { 0x901D, 0x90C0 }, // U+901D = 0x90 0xC0
    { 0x901E, 0xE797 }, // U+901E = 0xE7 0x97
    { 0x901F, 0x91AC }, // U+901F = 0x91 0xAC
    { 0x9020, 0x91A2 }, // U+9020 = 0x91 0xA2
    { 0x9021, 0xE795 }, // U+9021 = 0xE7 0x95
    { 0x9022, 0x88A7 }, // U+9022 = 0x88 0xA7
    { 0x9023, 0x9841 }, // U+9023 = 0x98 0x41
    { 0x9027, 0xE79A }, // U+9027 = 0xE7 0x9A
    { 0x902E, 0x91DF }, // U+902E = 0x91 0xDF
    { 0x9031, 0x8F54 }, // U+9031 = 0x8F 0x54
    { 0x9032, 0x9069 }, // U+9032 = 0x90 0x69
    { 0x9035, 0xE79C }, // U+9035 = 0xE7 0x9C
    { 0x9036, 0xE79B }, // U+9036 = 0xE7 0x9B
    { 0x9038, 0x88ED }, // U+9038 = 0x88 0xED
    { 0x9039, 0xE79D }, // U+9039 = 0xE7 0x9D
    { 0x903C, 0x954E }, // U+903C = 0x95 0x4E
    { 0x903E, 0xE7A5 }, // U+903E = 0xE7 0xA5
    { 0x9041, 0x93D9 }, // U+9041 = 0x93 0xD9
    { 0x9042, 0x908B }, // U+9042 = 0x90 0x8B
    { 0x9045, 0x9278 }, // U+9045 = 0x92 0x78
    { 0x9047, 0x8BF6 }, // U+9047 = 0x8B 0xF6
    { 0x9049, 0xE7A4 }, // U+9049 = 0xE7 0xA4
    { 0x904A, 0x9756 }, // U+904A = 0x97 0x56
    { 0x904B, 0x895E }, // U+904B = 0x89 0x5E
    { 0x904D, 0x95D5 }, // U+904D = 0x95 0xD5
    { 0x904E, 0x89DF }, // U+904E = 0x89 0xDF
    { 0x904F, 0xE79F }, // U+904F = 0xE7 0x9F
    { 0x9050, 0xE7A0 }, // U+9050 = 0xE7 0xA0
    { 0x9051, 0xE7A1 }, // U+9051 = 0xE7 0xA1
    { 0x9052, 0xE7A2 }, // U+9052 = 0xE7 0xA2
    { 0x9053, 0x93B9 }, // U+9053 = 0x93 0xB9
    { 0x9054, 0x9242 }, // U+9054 = 0x92 0x42
    { 0x9055, 0x88E1 }, // U+9055 = 0x88 0xE1
    { 0x9056, 0xE7A6 }, // U+9056 = 0xE7 0xA6
    { 0x9058, 0xE7A7 }, // U+9058 = 0xE7 0xA7
    { 0x9059, 0xEAA1 }, // U+9059 = 0xEA 0xA1
    { 0x905C, 0x91BB }, // U+905C = 0x91 0xBB
    { 0x905E, 0xE7A8 }, // U+905E = 0xE7 0xA8
    { 0x9060, 0x8993 }, // U+9060 = 0x89 0x93
    { 0x9061, 0x916B }, // U+9061 = 0x91 0x6B
    { 0x9063, 0x8CAD }, // U+9063 = 0x8C 0xAD
    { 0x9065, 0x9779 }, // U+9065 = 0x97 0x79
    { 0x9067, 0xFBB5 }, // U+9067 = 0xFB 0xB5
    { 0x9068, 0xE7A9 }, // U+9068 = 0xE7 0xA9
    { 0x9069, 0x934B }, // U+9069 = 0x93 0x4B
    { 0x906D, 0x9198 }, // U+906D = 0x91 0x98
    { 0x906E, 0x8ED5 }, // U+906E = 0x8E 0xD5
    { 0x906F, 0xE7AA }, // U+906F = 0xE7 0xAA
    { 0x9072, 0xE7AD }, // U+9072 = 0xE7 0xAD
    { 0x9075, 0x8F85 }, // U+9075 = 0x8F 0x85
    { 0x9076, 0xE7AB }, // U+9076 = 0xE7 0xAB
    { 0x9077, 0x914A }, // U+9077 = 0x91 0x4A
    { 0x9078, 0x9149 }, // U+9078 = 0x91 0x49
    { 0x907A, 0x88E2 }, // U+907A = 0x88 0xE2
    { 0x907C, 0x97C9 }, // U+907C = 0x97 0xC9
    { 0x907D, 0xE7AF }, // U+907D = 0xE7 0xAF
    { 0x907F, 0x94F0 }, // U+907F = 0x94 0xF0
    { 0x9080, 0xE7B1 }, // U+9080 = 0xE7 0xB1
    { 0x9081, 0xE7B0 }, // U+9081 = 0xE7 0xB0
    { 0x9082, 0xE7AE }, // U+9082 = 0xE7 0xAE
    { 0x9083, 0xE284 }, // U+9083 = 0xE2 0x84
    { 0x9084, 0x8AD2 }, // U+9084 = 0x8A 0xD2
    { 0x9087, 0xE78E }, // U+9087 = 0xE7 0x8E
    { 0x9089, 0xE7B3 }, // U+9089 = 0xE7 0xB3
    { 0x908A, 0xE7B2 }, // U+908A = 0xE7 0xB2
    { 0x908F, 0xE7B4 }, // U+908F = 0xE7 0xB4
    { 0x9091, 0x9757 }, // U+9091 = 0x97 0x57
    { 0x90A3, 0x93DF }, // U+90A3 = 0x93 0xDF
    { 0x90A6, 0x964D }, // U+90A6 = 0x96 0x4D
    { 0x90A8, 0xE7B5 }, // U+90A8 = 0xE7 0xB5
    { 0x90AA, 0x8ED7 }, // U+90AA = 0x8E 0xD7
    { 0x90AF, 0xE7B6 }, // U+90AF = 0xE7 0xB6
    { 0x90B1, 0xE7B7 }, // U+90B1 = 0xE7 0xB7
    { 0x90B5, 0xE7B8 }, // U+90B5 = 0xE7 0xB8
    { 0x90B8, 0x9340 }, // U+90B8 = 0x93 0x40
    { 0x90C1, 0x88E8 }, // U+90C1 = 0x88 0xE8
    { 0x90CA, 0x8D78 }, // U+90CA = 0x8D 0x78
    { 0x90CE, 0x9859 }, // U+90CE = 0x98 0x59
    { 0x90DB, 0xE7BC }, // U+90DB = 0xE7 0xBC
    { 0x90DE, 0xFBB6 }, // U+90DE = 0xFB 0xB6
    { 0x90E1, 0x8C53 }, // U+90E1 = 0x8C 0x53
    { 0x90E2, 0xE7B9 }, // U+90E2 = 0xE7 0xB9
    { 0x90E4, 0xE7BA }, // U+90E4 = 0xE7 0xBA
    { 0x90E8, 0x9594 }, // U+90E8 = 0x95 0x94
    { 0x90ED, 0x8A73 }, // U+90ED = 0x8A 0x73
    { 0x90F5, 0x9758 }, // U+90F5 = 0x97 0x58
    { 0x90F7, 0x8BBD }, // U+90F7 = 0x8B 0xBD
    { 0x90FD, 0x9373 }, // U+90FD = 0x93 0x73
    { 0x9102, 0xE7BD }, // U+9102 = 0xE7 0xBD
    { 0x9112, 0xE7BE }, // U+9112 = 0xE7 0xBE
    { 0x9115, 0xFBB8 }, // U+9115 = 0xFB 0xB8
    { 0x9119, 0xE7BF }, // U+9119 = 0xE7 0xBF
    { 0x9127, 0xFBB9 }, // U+9127 = 0xFB 0xB9
    { 0x912D, 0x9341 }, // U+912D = 0x93 0x41
    { 0x9130, 0xE7C1 }, // U+9130 = 0xE7 0xC1
    { 0x9132, 0xE7C0 }, // U+9132 = 0xE7 0xC0
    { 0x9149, 0x93D1 }, // U+9149 = 0x93 0xD1
    { 0x914A, 0xE7C2 }, // U+914A = 0xE7 0xC2
    { 0x914B, 0x8F55 }, // U+914B = 0x8F 0x55
    { 0x914C, 0x8EDE }, // U+914C = 0x8E 0xDE
    { 0x914D, 0x947A }, // U+914D = 0x94 0x7A
    { 0x914E, 0x9291 }, // U+914E = 0x92 0x91
    { 0x9152, 0x8EF0 }, // U+9152 = 0x8E 0xF0
    { 0x9154, 0x908C }, // U+9154 = 0x90 0x8C
    { 0x9156, 0xE7C3 }, // U+9156 = 0xE7 0xC3
    { 0x9158, 0xE7C4 }, // U+9158 = 0xE7 0xC4
    { 0x9162, 0x907C }, // U+9162 = 0x90 0x7C
    { 0x9163, 0xE7C5 }, // U+9163 = 0xE7 0xC5
    { 0x9165, 0xE7C6 }, // U+9165 = 0xE7 0xC6
    { 0x9169, 0xE7C7 }, // U+9169 = 0xE7 0xC7
    { 0x916A, 0x978F }, // U+916A = 0x97 0x8F
    { 0x916C, 0x8F56 }, // U+916C = 0x8F 0x56
    { 0x9172, 0xE7C9 }, // U+9172 = 0xE7 0xC9
    { 0x9173, 0xE7C8 }, // U+9173 = 0xE7 0xC8
    { 0x9175, 0x8D79 }, // U+9175 = 0x8D 0x79
    { 0x9177, 0x8D93 }, // U+9177 = 0x8D 0x93
    { 0x9178, 0x8E5F }, // U+9178 = 0x8E 0x5F
    { 0x9182, 0xE7CC }, // U+9182 = 0xE7 0xCC
    { 0x9187, 0x8F86 }, // U+9187 = 0x8F 0x86
    { 0x9189, 0xE7CB }, // U+9189 = 0xE7 0xCB
    { 0x918B, 0xE7CA }, // U+918B = 0xE7 0xCA
    { 0x918D, 0x91E7 }, // U+918D = 0x91 0xE7
    { 0x9190, 0x8CED }, // U+9190 = 0x8C 0xED
    { 0x9192, 0x90C1 }, // U+9192 = 0x90 0xC1
    { 0x9197, 0x94AE }, // U+9197 = 0x94 0xAE
    { 0x919C, 0x8F58 }, // U+919C = 0x8F 0x58
    { 0x91A2, 0xE7CD }, // U+91A2 = 0xE7 0xCD
    { 0x91A4, 0x8FDD }, // U+91A4 = 0x8F 0xDD
    { 0x91AA, 0xE7D0 }, // U+91AA = 0xE7 0xD0
    { 0x91AB, 0xE7CE }, // U+91AB = 0xE7 0xCE
    { 0x91AF, 0xE7CF }, // U+91AF = 0xE7 0xCF
    { 0x91B4, 0xE7D2 }, // U+91B4 = 0xE7 0xD2
    { 0x91B5, 0xE7D1 }, // U+91B5 = 0xE7 0xD1
    { 0x91B8, 0x8FF8 }, // U+91B8 = 0x8F 0xF8
    { 0x91BA, 0xE7D3 }, // U+91BA = 0xE7 0xD3
    { 0x91C0, 0xE7D4 }, // U+91C0 = 0xE7 0xD4
    { 0x91C1, 0xE7D5 }, // U+91C1 = 0xE7 0xD5
    { 0x91C6, 0x94CE }, // U+91C6 = 0x94 0xCE
    { 0x91C7, 0x8DD1 }, // U+91C7 = 0x8D 0xD1
    { 0x91C8, 0x8EDF }, // U+91C8 = 0x8E 0xDF
    { 0x91C9, 0xE7D6 }, // U+91C9 = 0xE7 0xD6
    { 0x91CB, 0xE7D7 }, // U+91CB = 0xE7 0xD7
    { 0x91CC, 0x97A2 }, // U+91CC = 0x97 0xA2
    { 0x91CD, 0x8F64 }, // U+91CD = 0x8F 0x64
    { 0x91CE, 0x96EC }, // U+91CE = 0x96 0xEC
    { 0x91CF, 0x97CA }, // U+91CF = 0x97 0xCA
    { 0x91D0, 0xE7D8 }, // U+91D0 = 0xE7 0xD8
    { 0x91D1, 0x8BE0 }, // U+91D1 = 0x8B 0xE0
    { 0x91D6, 0xE7D9 }, // U+91D6 = 0xE7 0xD9
    { 0x91D7, 0xFBBB }, // U+91D7 = 0xFB 0xBB
    { 0x91D8, 0x9342 }, // U+91D8 = 0x93 0x42
    { 0x91DA, 0xFBBA }, // U+91DA = 0xFB 0xBA
    { 0x91DB, 0xE7DC }, // U+91DB = 0xE7 0xDC
    { 0x91DC, 0x8A98 }, // U+91DC = 0x8A 0x98
    { 0x91DD, 0x906A }, // U+91DD = 0x90 0x6A
    { 0x91DE, 0xFBBC }, // U+91DE = 0xFB 0xBC
    { 0x91DF, 0xE7DA }, // U+91DF = 0xE7 0xDA
    { 0x91E1, 0xE7DB }, // U+91E1 = 0xE7 0xDB
    { 0x91E3, 0x92DE }, // U+91E3 = 0x92 0xDE
    { 0x91E4, 0xFBBF }, // U+91E4 = 0xFB 0xBF
    { 0x91E5, 0xFBC0 }, // U+91E5 = 0xFB 0xC0
    { 0x91E6, 0x9674 }, // U+91E6 = 0x96 0x74
    { 0x91E7, 0x8BFA }, // U+91E7 = 0x8B 0xFA
    { 0x91ED, 0xFBBD }, // U+91ED = 0xFB 0xBD
    { 0x91EE, 0xFBBE }, // U+91EE = 0xFB 0xBE
    { 0x91F5, 0xE7DE }, // U+91F5 = 0xE7 0xDE
    { 0x91F6, 0xE7DF }, // U+91F6 = 0xE7 0xDF
    { 0x91FC, 0xE7DD }, // U+91FC = 0xE7 0xDD
    { 0x91FF, 0xE7E1 }, // U+91FF = 0xE7 0xE1
    { 0x9206, 0xFBC1 }, // U+9206 = 0xFB 0xC1
    { 0x920A, 0xFBC3 }, // U+920A = 0xFB 0xC3
    { 0x920D, 0x93DD }, // U+920D = 0x93 0xDD
    { 0x920E, 0x8A62 }, // U+920E = 0x8A 0x62
    { 0x9210, 0xFBC2 }, // U+9210 = 0xFB 0xC2
    { 0x9211, 0xE7E5 }, // U+9211 = 0xE7 0xE5
    { 0x9214, 0xE7E2 }, // U+9214 = 0xE7 0xE2
    { 0x9215, 0xE7E4 }, // U+9215 = 0xE7 0xE4
    { 0x921E, 0xE7E0 }, // U+921E = 0xE7 0xE0
    { 0x9229, 0xE86E }, // U+9229 = 0xE8 0x6E
    { 0x922C, 0xE7E3 }, // U+922C = 0xE7 0xE3
    { 0x9234, 0x97E9 }, // U+9234 = 0x97 0xE9
    { 0x9237, 0x8CD8 }, // U+9237 = 0x8C 0xD8
    { 0x9239, 0xFBCA }, // U+9239 = 0xFB 0xCA
    { 0x923A, 0xFBC4 }, // U+923A = 0xFB 0xC4
    { 0x923C, 0xFBC6 }, // U+923C = 0xFB 0xC6
    { 0x923F, 0xE7ED }, // U+923F = 0xE7 0xED
    { 0x9240, 0xFBC5 }, // U+9240 = 0xFB 0xC5
    { 0x9244, 0x9353 }, // U+9244 = 0x93 0x53
    { 0x9245, 0xE7E8 }, // U+9245 = 0xE7 0xE8
    { 0x9248, 0xE7EB }, // U+9248 = 0xE7 0xEB
    { 0x9249, 0xE7E9 }, // U+9249 = 0xE7 0xE9
    { 0x924B, 0xE7EE }, // U+924B = 0xE7 0xEE
    { 0x924E, 0xFBC7 }, // U+924E = 0xFB 0xC7
    { 0x9250, 0xE7EF }, // U+9250 = 0xE7 0xEF
    { 0x9251, 0xFBC9 }, // U+9251 = 0xFB 0xC9
    { 0x9257, 0xE7E7 }, // U+9257 = 0xE7 0xE7
    { 0x9259, 0xFBC8 }, // U+9259 = 0xFB 0xC8
    { 0x925A, 0xE7F4 }, // U+925A = 0xE7 0xF4
    { 0x925B, 0x8994 }, // U+925B = 0x89 0x94
    { 0x925E, 0xE7E6 }, // U+925E = 0xE7 0xE6
    { 0x9262, 0x94AB }, // U+9262 = 0x94 0xAB
    { 0x9264, 0xE7EA }, // U+9264 = 0xE7 0xEA
    { 0x9266, 0x8FDE }, // U+9266 = 0x8F 0xDE
    { 0x9267, 0xFBCB }, // U+9267 = 0xFB 0xCB
    { 0x9271, 0x8D7A }, // U+9271 = 0x8D 0x7A
    { 0x9277, 0xFBCD }, // U+9277 = 0xFB 0xCD
    { 0x9278, 0xFBCE }, // U+9278 = 0xFB 0xCE
    { 0x927E, 0x9667 }, // U+927E = 0x96 0x67
    { 0x9280, 0x8BE2 }, // U+9280 = 0x8B 0xE2
    { 0x9283, 0x8F65 }, // U+9283 = 0x8F 0x65
    { 0x9285, 0x93BA }, // U+9285 = 0x93 0xBA
    { 0x9288, 0xFA5F }, // U+9288 = 0xFA 0x5F
    { 0x9291, 0x914C }, // U+9291 = 0x91 0x4C
    { 0x9293, 0xE7F2 }, // U+9293 = 0xE7 0xF2
    { 0x9295, 0xE7EC }, // U+9295 = 0xE7 0xEC
    { 0x9296, 0xE7F1 }, // U+9296 = 0xE7 0xF1
    { 0x9298, 0x96C1 }, // U+9298 = 0x96 0xC1
    { 0x929A, 0x92B6 }, // U+929A = 0x92 0xB6
    { 0x929B, 0xE7F3 }, // U+929B = 0xE7 0xF3
    { 0x929C, 0xE7F0 }, // U+929C = 0xE7 0xF0
    { 0x92A7, 0xFBCC }, // U+92A7 = 0xFB 0xCC
    { 0x92AD, 0x914B }, // U+92AD = 0x91 0x4B
    { 0x92B7, 0xE7F7 }, // U+92B7 = 0xE7 0xF7
    { 0x92B9, 0xE7F6 }, // U+92B9 = 0xE7 0xF6
    { 0x92CF, 0xE7F5 }, // U+92CF = 0xE7 0xF5
    { 0x92D0, 0xFBD2 }, // U+92D0 = 0xFB 0xD2
    { 0x92D2, 0x964E }, // U+92D2 = 0x96 0x4E
    { 0x92D3, 0xFBD6 }, // U+92D3 = 0xFB 0xD6
    { 0x92D5, 0xFBD4 }, // U+92D5 = 0xFB 0xD4
    { 0x92D7, 0xFBD0 }, // U+92D7 = 0xFB 0xD0
    { 0x92D9, 0xFBD1 }, // U+92D9 = 0xFB 0xD1
    { 0x92E0, 0xFBD5 }, // U+92E0 = 0xFB 0xD5
    { 0x92E4, 0x8F9B }, // U+92E4 = 0x8F 0x9B
    { 0x92E7, 0xFBCF }, // U+92E7 = 0xFB 0xCF
    { 0x92E9, 0xE7F8 }, // U+92E9 = 0xE7 0xF8
    { 0x92EA, 0x95DD }, // U+92EA = 0x95 0xDD
    { 0x92ED, 0x8973 }, // U+92ED = 0x89 0x73
    { 0x92F2, 0x9565 }, // U+92F2 = 0x95 0x65
    { 0x92F3, 0x9292 }, // U+92F3 = 0x92 0x92
    { 0x92F8, 0x8B98 }, // U+92F8 = 0x8B 0x98
    { 0x92F9, 0xFA65 }, // U+92F9 = 0xFA 0x65
    { 0x92FA, 0xE7FA }, // U+92FA = 0xE7 0xFA
    { 0x92FB, 0xFBD9 }, // U+92FB = 0xFB 0xD9
    { 0x92FC, 0x8D7C }, // U+92FC = 0x8D 0x7C
    { 0x92FF, 0xFBDC }, // U+92FF = 0xFB 0xDC
    { 0x9302, 0xFBDE }, // U+9302 = 0xFB 0xDE
    { 0x9306, 0x8E4B }, // U+9306 = 0x8E 0x4B
    { 0x930F, 0xE7F9 }, // U+930F = 0xE7 0xF9
    { 0x9310, 0x908D }, // U+9310 = 0x90 0x8D
    { 0x9318, 0x908E }, // U+9318 = 0x90 0x8E
    { 0x9319, 0xE840 }, // U+9319 = 0xE8 0x40
    { 0x931A, 0xE842 }, // U+931A = 0xE8 0x42
    { 0x931D, 0xFBDD }, // U+931D = 0xFB 0xDD
    { 0x931E, 0xFBDB }, // U+931E = 0xFB 0xDB
    { 0x9320, 0x8FF9 }, // U+9320 = 0x8F 0xF9
    { 0x9321, 0xFBD8 }, // U+9321 = 0xFB 0xD8
    { 0x9322, 0xE841 }, // U+9322 = 0xE8 0x41
    { 0x9323, 0xE843 }, // U+9323 = 0xE8 0x43
    { 0x9325, 0xFBD7 }, // U+9325 = 0xFB 0xD7
    { 0x9326, 0x8BD1 }, // U+9326 = 0x8B 0xD1
    { 0x9328, 0x9564 }, // U+9328 = 0x95 0x64
    { 0x932B, 0x8EE0 }, // U+932B = 0x8E 0xE0
    { 0x932C, 0x9842 }, // U+932C = 0x98 0x42
    { 0x932E, 0xE7FC }, // U+932E = 0xE7 0xFC
    { 0x932F, 0x8DF6 }, // U+932F = 0x8D 0xF6
    { 0x9332, 0x985E }, // U+9332 = 0x98 0x5E
    { 0x9335, 0xE845 }, // U+9335 = 0xE8 0x45
    { 0x933A, 0xE844 }, // U+933A = 0xE8 0x44
    { 0x933B, 0xE846 }, // U+933B = 0xE8 0x46
    { 0x9344, 0xE7FB }, // U+9344 = 0xE7 0xFB
    { 0x9348, 0xFA5E }, // U+9348 = 0xFA 0x5E
    { 0x934B, 0x93E7 }, // U+934B = 0x93 0xE7
    { 0x934D, 0x9374 }, // U+934D = 0x93 0x74
    { 0x9354, 0x92D5 }, // U+9354 = 0x92 0xD5
    { 0x9356, 0xE84B }, // U+9356 = 0xE8 0x4B
    { 0x9357, 0xFBE0 }, // U+9357 = 0xFB 0xE0
    { 0x935B, 0x9262 }, // U+935B = 0x92 0x62
    { 0x935C, 0xE847 }, // U+935C = 0xE8 0x47
    { 0x9360, 0xE848 }, // U+9360 = 0xE8 0x48
    { 0x936C, 0x8C4C }, // U+936C = 0x8C 0x4C
    { 0x936E, 0xE84A }, // U+936E = 0xE8 0x4A
    { 0x9370, 0xFBDF }, // U+9370 = 0xFB 0xDF
    { 0x9375, 0x8CAE }, // U+9375 = 0x8C 0xAE
    { 0x937C, 0xE849 }, // U+937C = 0xE8 0x49
    { 0x937E, 0x8FDF }, // U+937E = 0x8F 0xDF
    { 0x938C, 0x8A99 }, // U+938C = 0x8A 0x99
    { 0x9394, 0xE84F }, // U+9394 = 0xE8 0x4F
    { 0x9396, 0x8DBD }, // U+9396 = 0x8D 0xBD
    { 0x9397, 0x9199 }, // U+9397 = 0x91 0x99
    { 0x939A, 0x92C8 }, // U+939A = 0x92 0xC8
    { 0x93A4, 0xFBE1 }, // U+93A4 = 0xFB 0xE1
    { 0x93A7, 0x8A5A }, // U+93A7 = 0x8A 0x5A
    { 0x93AC, 0xE84D }, // U+93AC = 0xE8 0x4D
    { 0x93AD, 0xE84E }, // U+93AD = 0xE8 0x4E
    { 0x93AE, 0x92C1 }, // U+93AE = 0x92 0xC1
    { 0x93B0, 0xE84C }, // U+93B0 = 0xE8 0x4C
    { 0x93B9, 0xE850 }, // U+93B9 = 0xE8 0x50
    { 0x93C3, 0xE856 }, // U+93C3 = 0xE8 0x56
    { 0x93C6, 0xFBE2 }, // U+93C6 = 0xFB 0xE2
    { 0x93C8, 0xE859 }, // U+93C8 = 0xE8 0x59
    { 0x93D0, 0xE858 }, // U+93D0 = 0xE8 0x58
    { 0x93D1, 0x934C }, // U+93D1 = 0x93 0x4C
    { 0x93D6, 0xE851 }, // U+93D6 = 0xE8 0x51
    { 0x93D7, 0xE852 }, // U+93D7 = 0xE8 0x52
    { 0x93D8, 0xE855 }, // U+93D8 = 0xE8 0x55
    { 0x93DD, 0xE857 }, // U+93DD = 0xE8 0x57
    { 0x93DE, 0xFBE3 }, // U+93DE = 0xFB 0xE3
    { 0x93E1, 0x8BBE }, // U+93E1 = 0x8B 0xBE
    { 0x93E4, 0xE85A }, // U+93E4 = 0xE8 0x5A
    { 0x93E5, 0xE854 }, // U+93E5 = 0xE8 0x54
    { 0x93E8, 0xE853 }, // U+93E8 = 0xE8 0x53
    { 0x93F8, 0xFBE4 }, // U+93F8 = 0xFB 0xE4
    { 0x9403, 0xE85E }, // U+9403 = 0xE8 0x5E
    { 0x9407, 0xE85F }, // U+9407 = 0xE8 0x5F
    { 0x9410, 0xE860 }, // U+9410 = 0xE8 0x60
    { 0x9413, 0xE85D }, // U+9413 = 0xE8 0x5D
    { 0x9414, 0xE85C }, // U+9414 = 0xE8 0x5C
    { 0x9418, 0x8FE0 }, // U+9418 = 0x8F 0xE0
    { 0x9419, 0x93A8 }, // U+9419 = 0x93 0xA8
    { 0x941A, 0xE85B }, // U+941A = 0xE8 0x5B
    { 0x9421, 0xE864 }, // U+9421 = 0xE8 0x64
    { 0x942B, 0xE862 }, // U+942B = 0xE8 0x62
    { 0x9431, 0xFBE5 }, // U+9431 = 0xFB 0xE5
    { 0x9435, 0xE863 }, // U+9435 = 0xE8 0x63
    { 0x9436, 0xE861 }, // U+9436 = 0xE8 0x61
    { 0x9438, 0x91F6 }, // U+9438 = 0x91 0xF6
    { 0x943A, 0xE865 }, // U+943A = 0xE8 0x65
    { 0x9441, 0xE866 }, // U+9441 = 0xE8 0x66
    { 0x9444, 0xE868 }, // U+9444 = 0xE8 0x68
    { 0x9445, 0xFBE6 }, // U+9445 = 0xFB 0xE6
    { 0x9448, 0xFBE7 }, // U+9448 = 0xFB 0xE7
    { 0x9451, 0x8AD3 }, // U+9451 = 0x8A 0xD3
    { 0x9452, 0xE867 }, // U+9452 = 0xE8 0x67
    { 0x9453, 0x96F8 }, // U+9453 = 0x96 0xF8
    { 0x945A, 0xE873 }, // U+945A = 0xE8 0x73
    { 0x945B, 0xE869 }, // U+945B = 0xE8 0x69
    { 0x945E, 0xE86C }, // U+945E = 0xE8 0x6C
    { 0x9460, 0xE86A }, // U+9460 = 0xE8 0x6A
    { 0x9462, 0xE86B }, // U+9462 = 0xE8 0x6B
    { 0x946A, 0xE86D }, // U+946A = 0xE8 0x6D
    { 0x9470, 0xE86F }, // U+9470 = 0xE8 0x6F
    { 0x9475, 0xE870 }, // U+9475 = 0xE8 0x70
    { 0x9477, 0xE871 }, // U+9477 = 0xE8 0x71
    { 0x947C, 0xE874 }, // U+947C = 0xE8 0x74
    { 0x947D, 0xE872 }, // U+947D = 0xE8 0x72
    { 0x947E, 0xE875 }, // U+947E = 0xE8 0x75
    { 0x947F, 0xE877 }, // U+947F = 0xE8 0x77
    { 0x9481, 0xE876 }, // U+9481 = 0xE8 0x76
    { 0x9577, 0x92B7 }, // U+9577 = 0x92 0xB7
    { 0x9580, 0x96E5 }, // U+9580 = 0x96 0xE5
    { 0x9582, 0xE878 }, // U+9582 = 0xE8 0x78
    { 0x9583, 0x914D }, // U+9583 = 0x91 0x4D
    { 0x9587, 0xE879 }, // U+9587 = 0xE8 0x79
    { 0x9589, 0x95C2 }, // U+9589 = 0x95 0xC2
    { 0x958A, 0xE87A }, // U+958A = 0xE8 0x7A
    { 0x958B, 0x8A4A }, // U+958B = 0x8A 0x4A
    { 0x958F, 0x895B }, // U+958F = 0x89 0x5B
    { 0x9591, 0x8AD5 }, // U+9591 = 0x8A 0xD5
    { 0x9592, 0xFBE8 }, // U+9592 = 0xFB 0xE8
    { 0x9593, 0x8AD4 }, // U+9593 = 0x8A 0xD4
    { 0x9594, 0xE87B }, // U+9594 = 0xE8 0x7B
    { 0x9596, 0xE87C }, // U+9596 = 0xE8 0x7C
    { 0x9598, 0xE87D }, // U+9598 = 0xE8 0x7D
    { 0x9599, 0xE87E }, // U+9599 = 0xE8 0x7E
    { 0x95A0, 0xE880 }, // U+95A0 = 0xE8 0x80
    { 0x95A2, 0x8AD6 }, // U+95A2 = 0x8A 0xD6
    { 0x95A3, 0x8A74 }, // U+95A3 = 0x8A 0x74
    { 0x95A4, 0x8D7D }, // U+95A4 = 0x8D 0x7D
    { 0x95A5, 0x94B4 }, // U+95A5 = 0x94 0xB4
    { 0x95A7, 0xE882 }, // U+95A7 = 0xE8 0x82
    { 0x95A8, 0xE881 }, // U+95A8 = 0xE8 0x81
    { 0x95AD, 0xE883 }, // U+95AD = 0xE8 0x83
    { 0x95B2, 0x897B }, // U+95B2 = 0x89 0x7B
    { 0x95B9, 0xE886 }, // U+95B9 = 0xE8 0x86
    { 0x95BB, 0xE885 }, // U+95BB = 0xE8 0x85
    { 0x95BC, 0xE884 }, // U+95BC = 0xE8 0x84
    { 0x95BE, 0xE887 }, // U+95BE = 0xE8 0x87
    { 0x95C3, 0xE88A }, // U+95C3 = 0xE8 0x8A
    { 0x95C7, 0x88C5 }, // U+95C7 = 0x88 0xC5
    { 0x95CA, 0xE888 }, // U+95CA = 0xE8 0x88
    { 0x95CC, 0xE88C }, // U+95CC = 0xE8 0x8C
    { 0x95CD, 0xE88B }, // U+95CD = 0xE8 0x8B
    { 0x95D4, 0xE88E }, // U+95D4 = 0xE8 0x8E
    { 0x95D5, 0xE88D }, // U+95D5 = 0xE8 0x8D
    { 0x95D6, 0xE88F }, // U+95D6 = 0xE8 0x8F
    { 0x95D8, 0x93AC }, // U+95D8 = 0x93 0xAC
    { 0x95DC, 0xE890 }, // U+95DC = 0xE8 0x90
    { 0x95E1, 0xE891 }, // U+95E1 = 0xE8 0x91
    { 0x95E2, 0xE893 }, // U+95E2 = 0xE8 0x93
    { 0x95E5, 0xE892 }, // U+95E5 = 0xE8 0x92
    { 0x961C, 0x958C }, // U+961C = 0x95 0x8C
    { 0x9621, 0xE894 }, // U+9621 = 0xE8 0x94
    { 0x9628, 0xE895 }, // U+9628 = 0xE8 0x95
    { 0x962A, 0x8DE3 }, // U+962A = 0x8D 0xE3
    { 0x962E, 0xE896 }, // U+962E = 0xE8 0x96
    { 0x962F, 0xE897 }, // U+962F = 0xE8 0x97
    { 0x9632, 0x9668 }, // U+9632 = 0x96 0x68
    { 0x963B, 0x916A }, // U+963B = 0x91 0x6A
    { 0x963F, 0x88A2 }, // U+963F = 0x88 0xA2
    { 0x9640, 0x91C9 }, // U+9640 = 0x91 0xC9
    { 0x9642, 0xE898 }, // U+9642 = 0xE8 0x98
    { 0x9644, 0x958D }, // U+9644 = 0x95 0x8D
    { 0x964B, 0xE89B }, // U+964B = 0xE8 0x9B
    { 0x964C, 0xE899 }, // U+964C = 0xE8 0x99
    { 0x964D, 0x8D7E }, // U+964D = 0x8D 0x7E
    { 0x964F, 0xE89A }, // U+964F = 0xE8 0x9A
    { 0x9650, 0x8CC0 }, // U+9650 = 0x8C 0xC0
    { 0x965B, 0x95C3 }, // U+965B = 0x95 0xC3
    { 0x965C, 0xE89D }, // U+965C = 0xE8 0x9D
    { 0x965D, 0xE89F }, // U+965D = 0xE8 0x9F
    { 0x965E, 0xE89E }, // U+965E = 0xE8 0x9E
    { 0x965F, 0xE8A0 }, // U+965F = 0xE8 0xA0
    { 0x9662, 0x8940 }, // U+9662 = 0x89 0x40
    { 0x9663, 0x9077 }, // U+9663 = 0x90 0x77
    { 0x9664, 0x8F9C }, // U+9664 = 0x8F 0x9C
    { 0x9665, 0x8AD7 }, // U+9665 = 0x8A 0xD7
    { 0x9666, 0xE8A1 }, // U+9666 = 0xE8 0xA1
    { 0x966A, 0x9486 }, // U+966A = 0x94 0x86
    { 0x966C, 0xE8A3 }, // U+966C = 0xE8 0xA3
    { 0x9670, 0x8941 }, // U+9670 = 0x89 0x41
    { 0x9672, 0xE8A2 }, // U+9672 = 0xE8 0xA2
    { 0x9673, 0x92C2 }, // U+9673 = 0x92 0xC2
    { 0x9675, 0x97CB }, // U+9675 = 0x97 0xCB
    { 0x9676, 0x93A9 }, // U+9676 = 0x93 0xA9
    { 0x9677, 0xE89C }, // U+9677 = 0xE8 0x9C
    { 0x9678, 0x97A4 }, // U+9678 = 0x97 0xA4
    { 0x967A, 0x8CAF }, // U+967A = 0x8C 0xAF
    { 0x967D, 0x977A }, // U+967D = 0x97 0x7A
    { 0x9685, 0x8BF7 }, // U+9685 = 0x8B 0xF7
    { 0x9686, 0x97B2 }, // U+9686 = 0x97 0xB2
    { 0x9688, 0x8C47 }, // U+9688 = 0x8C 0x47
    { 0x968A, 0x91E0 }, // U+968A = 0x91 0xE0
    { 0x968B, 0xE440 }, // U+968B = 0xE4 0x40
    { 0x968D, 0xE8A4 }, // U+968D = 0xE8 0xA4
    { 0x968E, 0x8A4B }, // U+968E = 0x8A 0x4B
    { 0x968F, 0x908F }, // U+968F = 0x90 0x8F
    { 0x9694, 0x8A75 }, // U+9694 = 0x8A 0x75
    { 0x9695, 0xE8A6 }, // U+9695 = 0xE8 0xA6
    { 0x9697, 0xE8A7 }, // U+9697 = 0xE8 0xA7
    { 0x9698, 0xE8A5 }, // U+9698 = 0xE8 0xA5
    { 0x9699, 0x8C84 }, // U+9699 = 0x8C 0x84
    { 0x969B, 0x8DDB }, // U+969B = 0x8D 0xDB
    { 0x969C, 0x8FE1 }, // U+969C = 0x8F 0xE1
    { 0x969D, 0xFBEB }, // U+969D = 0xFB 0xEB
    { 0x96A0, 0x8942 }, // U+96A0 = 0x89 0x42
    { 0x96A3, 0x97D7 }, // U+96A3 = 0x97 0xD7
    { 0x96A7, 0xE8A9 }, // U+96A7 = 0xE8 0xA9
    { 0x96A8, 0xE7AC }, // U+96A8 = 0xE7 0xAC
    { 0x96AA, 0xE8A8 }, // U+96AA = 0xE8 0xA8
    { 0x96AF, 0xFBEC }, // U+96AF = 0xFB 0xEC
    { 0x96B0, 0xE8AC }, // U+96B0 = 0xE8 0xAC
    { 0x96B1, 0xE8AA }, // U+96B1 = 0xE8 0xAA
    { 0x96B2, 0xE8AB }, // U+96B2 = 0xE8 0xAB
    { 0x96B4, 0xE8AD }, // U+96B4 = 0xE8 0xAD
    { 0x96B6, 0xE8AE }, // U+96B6 = 0xE8 0xAE
    { 0x96B7, 0x97EA }, // U+96B7 = 0x97 0xEA
    { 0x96B8, 0xE8AF }, // U+96B8 = 0xE8 0xAF
    { 0x96B9, 0xE8B0 }, // U+96B9 = 0xE8 0xB0
    { 0x96BB, 0x90C7 }, // U+96BB = 0x90 0xC7
    { 0x96BC, 0x94B9 }, // U+96BC = 0x94 0xB9
    { 0x96C0, 0x909D }, // U+96C0 = 0x90 0x9D
    { 0x96C1, 0x8AE5 }, // U+96C1 = 0x8A 0xE5
    { 0x96C4, 0x9759 }, // U+96C4 = 0x97 0x59
    { 0x96C5, 0x89EB }, // U+96C5 = 0x89 0xEB
    { 0x96C6, 0x8F57 }, // U+96C6 = 0x8F 0x57
    { 0x96C7, 0x8CD9 }, // U+96C7 = 0x8C 0xD9
    { 0x96C9, 0xE8B3 }, // U+96C9 = 0xE8 0xB3
    { 0x96CB, 0xE8B2 }, // U+96CB = 0xE8 0xB2
    { 0x96CC, 0x8E93 }, // U+96CC = 0x8E 0x93
    { 0x96CD, 0xE8B4 }, // U+96CD = 0xE8 0xB4
    { 0x96CE, 0xE8B1 }, // U+96CE = 0xE8 0xB1
    { 0x96D1, 0x8E47 }, // U+96D1 = 0x8E 0x47
    { 0x96D5, 0xE8B8 }, // U+96D5 = 0xE8 0xB8
    { 0x96D6, 0xE5AB }, // U+96D6 = 0xE5 0xAB
    { 0x96D9, 0x99D4 }, // U+96D9 = 0x99 0xD4
    { 0x96DB, 0x9097 }, // U+96DB = 0x90 0x97
    { 0x96DC, 0xE8B6 }, // U+96DC = 0xE8 0xB6
    { 0x96E2, 0x97A3 }, // U+96E2 = 0x97 0xA3
    { 0x96E3, 0x93EF }, // U+96E3 = 0x93 0xEF
    { 0x96E8, 0x894A }, // U+96E8 = 0x89 0x4A
    { 0x96EA, 0x90E1 }, // U+96EA = 0x90 0xE1
    { 0x96EB, 0x8EB4 }, // U+96EB = 0x8E 0xB4
    { 0x96F0, 0x95B5 }, // U+96F0 = 0x95 0xB5
    { 0x96F2, 0x895F }, // U+96F2 = 0x89 0x5F
    { 0x96F6, 0x97EB }, // U+96F6 = 0x97 0xEB
    { 0x96F7, 0x978B }, // U+96F7 = 0x97 0x8B
    { 0x96F9, 0xE8B9 }, // U+96F9 = 0xE8 0xB9
    { 0x96FB, 0x9364 }, // U+96FB = 0x93 0x64
    { 0x9700, 0x8EF9 }, // U+9700 = 0x8E 0xF9
    { 0x9704, 0xE8BA }, // U+9704 = 0xE8 0xBA
    { 0x9706, 0xE8BB }, // U+9706 = 0xE8 0xBB
    { 0x9707, 0x906B }, // U+9707 = 0x90 0x6B
    { 0x9708, 0xE8BC }, // U+9708 = 0xE8 0xBC
    { 0x970A, 0x97EC }, // U+970A = 0x97 0xEC
    { 0x970D, 0xE8B7 }, // U+970D = 0xE8 0xB7
    { 0x970E, 0xE8BE }, // U+970E = 0xE8 0xBE
    { 0x970F, 0xE8C0 }, // U+970F = 0xE8 0xC0
    { 0x9711, 0xE8BF }, // U+9711 = 0xE8 0xBF
    { 0x9713, 0xE8BD }, // U+9713 = 0xE8 0xBD
    { 0x9716, 0xE8C1 }, // U+9716 = 0xE8 0xC1
    { 0x9719, 0xE8C2 }, // U+9719 = 0xE8 0xC2
    { 0x971C, 0x919A }, // U+971C = 0x91 0x9A
    { 0x971E, 0x89E0 }, // U+971E = 0x89 0xE0
    { 0x9724, 0xE8C3 }, // U+9724 = 0xE8 0xC3
    { 0x9727, 0x96B6 }, // U+9727 = 0x96 0xB6
    { 0x972A, 0xE8C4 }, // U+972A = 0xE8 0xC4
    { 0x9730, 0xE8C5 }, // U+9730 = 0xE8 0xC5
    { 0x9732, 0x9849 }, // U+9732 = 0x98 0x49
    { 0x9733, 0xFBED }, // U+9733 = 0xFB 0xED
    { 0x9738, 0x9E50 }, // U+9738 = 0x9E 0x50
    { 0x9739, 0xE8C6 }, // U+9739 = 0xE8 0xC6
    { 0x973B, 0xFBEE }, // U+973B = 0xFB 0xEE
    { 0x973D, 0xE8C7 }, // U+973D = 0xE8 0xC7
    { 0x973E, 0xE8C8 }, // U+973E = 0xE8 0xC8
    { 0x9742, 0xE8CC }, // U+9742 = 0xE8 0xCC
    { 0x9743, 0xFBEF }, // U+9743 = 0xFB 0xEF
    { 0x9744, 0xE8C9 }, // U+9744 = 0xE8 0xC9
    { 0x9746, 0xE8CA }, // U+9746 = 0xE8 0xCA
    { 0x9748, 0xE8CB }, // U+9748 = 0xE8 0xCB
    { 0x9749, 0xE8CD }, // U+9749 = 0xE8 0xCD
    { 0x974D, 0xFBF0 }, // U+974D = 0xFB 0xF0
    { 0x974F, 0xFBF1 }, // U+974F = 0xFB 0xF1
    { 0x9751, 0xFBF2 }, // U+9751 = 0xFB 0xF2
    { 0x9752, 0x90C2 }, // U+9752 = 0x90 0xC2
    { 0x9755, 0xFBF3 }, // U+9755 = 0xFB 0xF3
    { 0x9756, 0x96F5 }, // U+9756 = 0x96 0xF5
    { 0x9759, 0x90C3 }, // U+9759 = 0x90 0xC3
    { 0x975C, 0xE8CE }, // U+975C = 0xE8 0xCE
    { 0x975E, 0x94F1 }, // U+975E = 0x94 0xF1
    { 0x9760, 0xE8CF }, // U+9760 = 0xE8 0xCF
    { 0x9761, 0xEA72 }, // U+9761 = 0xEA 0x72
    { 0x9762, 0x96CA }, // U+9762 = 0x96 0xCA
    { 0x9764, 0xE8D0 }, // U+9764 = 0xE8 0xD0
    { 0x9766, 0xE8D1 }, // U+9766 = 0xE8 0xD1
    { 0x9768, 0xE8D2 }, // U+9768 = 0xE8 0xD2
    { 0x9769, 0x8A76 }, // U+9769 = 0x8A 0x76
    { 0x976B, 0xE8D4 }, // U+976B = 0xE8 0xD4
    { 0x976D, 0x9078 }, // U+976D = 0x90 0x78
    { 0x9771, 0xE8D5 }, // U+9771 = 0xE8 0xD5
    { 0x9774, 0x8C43 }, // U+9774 = 0x8C 0x43
    { 0x9779, 0xE8D6 }, // U+9779 = 0xE8 0xD6
    { 0x977A, 0xE8DA }, // U+977A = 0xE8 0xDA
    { 0x977C, 0xE8D8 }, // U+977C = 0xE8 0xD8
    { 0x9781, 0xE8D9 }, // U+9781 = 0xE8 0xD9
    { 0x9784, 0x8A93 }, // U+9784 = 0x8A 0x93
    { 0x9785, 0xE8D7 }, // U+9785 = 0xE8 0xD7
    { 0x9786, 0xE8DB }, // U+9786 = 0xE8 0xDB
    { 0x978B, 0xE8DC }, // U+978B = 0xE8 0xDC
    { 0x978D, 0x88C6 }, // U+978D = 0x88 0xC6
    { 0x978F, 0xE8DD }, // U+978F = 0xE8 0xDD
    { 0x9790, 0xE8DE }, // U+9790 = 0xE8 0xDE
    { 0x9798, 0x8FE2 }, // U+9798 = 0x8F 0xE2
    { 0x979C, 0xE8DF }, // U+979C = 0xE8 0xDF
    { 0x97A0, 0x8B66 }, // U+97A0 = 0x8B 0x66
    { 0x97A3, 0xE8E2 }, // U+97A3 = 0xE8 0xE2
    { 0x97A6, 0xE8E1 }, // U+97A6 = 0xE8 0xE1
    { 0x97A8, 0xE8E0 }, // U+97A8 = 0xE8 0xE0
    { 0x97AB, 0xE691 }, // U+97AB = 0xE6 0x91
    { 0x97AD, 0x95DA }, // U+97AD = 0x95 0xDA
    { 0x97B3, 0xE8E3 }, // U+97B3 = 0xE8 0xE3
    { 0x97B4, 0xE8E4 }, // U+97B4 = 0xE8 0xE4
    { 0x97C3, 0xE8E5 }, // U+97C3 = 0xE8 0xE5
    { 0x97C6, 0xE8E6 }, // U+97C6 = 0xE8 0xE6
    { 0x97C8, 0xE8E7 }, // U+97C8 = 0xE8 0xE7
    { 0x97CB, 0xE8E8 }, // U+97CB = 0xE8 0xE8
    { 0x97D3, 0x8AD8 }, // U+97D3 = 0x8A 0xD8
    { 0x97DC, 0xE8E9 }, // U+97DC = 0xE8 0xE9
    { 0x97ED, 0xE8EA }, // U+97ED = 0xE8 0xEA
    { 0x97EE, 0x9442 }, // U+97EE = 0x94 0x42
    { 0x97F2, 0xE8EC }, // U+97F2 = 0xE8 0xEC
    { 0x97F3, 0x89B9 }, // U+97F3 = 0x89 0xB9
    { 0x97F5, 0xE8EF }, // U+97F5 = 0xE8 0xEF
    { 0x97F6, 0xE8EE }, // U+97F6 = 0xE8 0xEE
    { 0x97FB, 0x8943 }, // U+97FB = 0x89 0x43
    { 0x97FF, 0x8BBF }, // U+97FF = 0x8B 0xBF
    { 0x9801, 0x95C5 }, // U+9801 = 0x95 0xC5
    { 0x9802, 0x92B8 }, // U+9802 = 0x92 0xB8
    { 0x9803, 0x8DA0 }, // U+9803 = 0x8D 0xA0
    { 0x9805, 0x8D80 }, // U+9805 = 0x8D 0x80
    { 0x9806, 0x8F87 }, // U+9806 = 0x8F 0x87
    { 0x9808, 0x907B }, // U+9808 = 0x90 0x7B
    { 0x980C, 0xE8F1 }, // U+980C = 0xE8 0xF1
    { 0x980F, 0xE8F0 }, // U+980F = 0xE8 0xF0
    { 0x9810, 0x9761 }, // U+9810 = 0x97 0x61
    { 0x9811, 0x8AE6 }, // U+9811 = 0x8A 0xE6
    { 0x9812, 0x94D0 }, // U+9812 = 0x94 0xD0
    { 0x9813, 0x93DA }, // U+9813 = 0x93 0xDA
    { 0x9817, 0x909C }, // U+9817 = 0x90 0x9C
    { 0x9818, 0x97CC }, // U+9818 = 0x97 0xCC
    { 0x981A, 0x8C7A }, // U+981A = 0x8C 0x7A
    { 0x9821, 0xE8F4 }, // U+9821 = 0xE8 0xF4
    { 0x9824, 0xE8F3 }, // U+9824 = 0xE8 0xF3
    { 0x982C, 0x966A }, // U+982C = 0x96 0x6A
    { 0x982D, 0x93AA }, // U+982D = 0x93 0xAA
    { 0x9834, 0x896F }, // U+9834 = 0x89 0x6F
    { 0x9837, 0xE8F5 }, // U+9837 = 0xE8 0xF5
    { 0x9838, 0xE8F2 }, // U+9838 = 0xE8 0xF2
    { 0x983B, 0x9570 }, // U+983B = 0x95 0x70
    { 0x983C, 0x978A }, // U+983C = 0x97 0x8A
    { 0x983D, 0xE8F6 }, // U+983D = 0xE8 0xF6
    { 0x9846, 0xE8F7 }, // U+9846 = 0xE8 0xF7
    { 0x984B, 0xE8F9 }, // U+984B = 0xE8 0xF9
    { 0x984C, 0x91E8 }, // U+984C = 0x91 0xE8
    { 0x984D, 0x8A7A }, // U+984D = 0x8A 0x7A
    { 0x984E, 0x8A7B }, // U+984E = 0x8A 0x7B
    { 0x984F, 0xE8F8 }, // U+984F = 0xE8 0xF8
    { 0x9854, 0x8AE7 }, // U+9854 = 0x8A 0xE7
    { 0x9855, 0x8CB0 }, // U+9855 = 0x8C 0xB0
    { 0x9857, 0xFBF4 }, // U+9857 = 0xFB 0xF4
    { 0x9858, 0x8AE8 }, // U+9858 = 0x8A 0xE8
    { 0x985B, 0x935E }, // U+985B = 0x93 0x5E
    { 0x985E, 0x97DE }, // U+985E = 0x97 0xDE
    { 0x9865, 0xFBF5 }, // U+9865 = 0xFB 0xF5
    { 0x9867, 0x8CDA }, // U+9867 = 0x8C 0xDA
    { 0x986B, 0xE8FA }, // U+986B = 0xE8 0xFA
    { 0x986F, 0xE8FB }, // U+986F = 0xE8 0xFB
    { 0x9870, 0xE8FC }, // U+9870 = 0xE8 0xFC
    { 0x9871, 0xE940 }, // U+9871 = 0xE9 0x40
    { 0x9873, 0xE942 }, // U+9873 = 0xE9 0x42
    { 0x9874, 0xE941 }, // U+9874 = 0xE9 0x41
    { 0x98A8, 0x9597 }, // U+98A8 = 0x95 0x97
    { 0x98AA, 0xE943 }, // U+98AA = 0xE9 0x43
    { 0x98AF, 0xE944 }, // U+98AF = 0xE9 0x44
    { 0x98B1, 0xE945 }, // U+98B1 = 0xE9 0x45
    { 0x98B6, 0xE946 }, // U+98B6 = 0xE9 0x46
    { 0x98C3, 0xE948 }, // U+98C3 = 0xE9 0x48
    { 0x98C4, 0xE947 }, // U+98C4 = 0xE9 0x47
    { 0x98C6, 0xE949 }, // U+98C6 = 0xE9 0x49
    { 0x98DB, 0x94F2 }, // U+98DB = 0x94 0xF2
    { 0x98DC, 0xE3CA }, // U+98DC = 0xE3 0xCA
    { 0x98DF, 0x9048 }, // U+98DF = 0x90 0x48
    { 0x98E2, 0x8B51 }, // U+98E2 = 0x8B 0x51
    { 0x98E9, 0xE94A }, // U+98E9 = 0xE9 0x4A
    { 0x98EB, 0xE94B }, // U+98EB = 0xE9 0x4B
    { 0x98ED, 0x99AA }, // U+98ED = 0x99 0xAA
    { 0x98EE, 0x9F5A }, // U+98EE = 0x9F 0x5A
    { 0x98EF, 0x94D1 }, // U+98EF = 0x94 0xD1
    { 0x98F2, 0x88F9 }, // U+98F2 = 0x88 0xF9
    { 0x98F4, 0x88B9 }, // U+98F4 = 0x88 0xB9
    { 0x98FC, 0x8E94 }, // U+98FC = 0x8E 0x94
    { 0x98FD, 0x964F }, // U+98FD = 0x96 0x4F
    { 0x98FE, 0x8FFC }, // U+98FE = 0x8F 0xFC
    { 0x9903, 0xE94C }, // U+9903 = 0xE9 0x4C
    { 0x9905, 0x96DD }, // U+9905 = 0x96 0xDD
    { 0x9909, 0xE94D }, // U+9909 = 0xE9 0x4D
    { 0x990A, 0x977B }, // U+990A = 0x97 0x7B
    { 0x990C, 0x8961 }, // U+990C = 0x89 0x61
    { 0x9910, 0x8E60 }, // U+9910 = 0x8E 0x60
    { 0x9912, 0xE94E }, // U+9912 = 0xE9 0x4E
    { 0x9913, 0x89EC }, // U+9913 = 0x89 0xEC
    { 0x9914, 0xE94F }, // U+9914 = 0xE9 0x4F
    { 0x9918, 0xE950 }, // U+9918 = 0xE9 0x50
    { 0x991D, 0xE952 }, // U+991D = 0xE9 0x52
    { 0x991E, 0xE953 }, // U+991E = 0xE9 0x53
    { 0x9920, 0xE955 }, // U+9920 = 0xE9 0x55
    { 0x9921, 0xE951 }, // U+9921 = 0xE9 0x51
    { 0x9924, 0xE954 }, // U+9924 = 0xE9 0x54
    { 0x9927, 0xFBF8 }, // U+9927 = 0xFB 0xF8
    { 0x9928, 0x8AD9 }, // U+9928 = 0x8A 0xD9
    { 0x992C, 0xE956 }, // U+992C = 0xE9 0x56
    { 0x992E, 0xE957 }, // U+992E = 0xE9 0x57
    { 0x993D, 0xE958 }, // U+993D = 0xE9 0x58
    { 0x993E, 0xE959 }, // U+993E = 0xE9 0x59
    { 0x9942, 0xE95A }, // U+9942 = 0xE9 0x5A
    { 0x9945, 0xE95C }, // U+9945 = 0xE9 0x5C
    { 0x9949, 0xE95B }, // U+9949 = 0xE9 0x5B
    { 0x994B, 0xE95E }, // U+994B = 0xE9 0x5E
    { 0x994C, 0xE961 }, // U+994C = 0xE9 0x61
    { 0x9950, 0xE95D }, // U+9950 = 0xE9 0x5D
    { 0x9951, 0xE95F }, // U+9951 = 0xE9 0x5F
    { 0x9952, 0xE960 }, // U+9952 = 0xE9 0x60
    { 0x9955, 0xE962 }, // U+9955 = 0xE9 0x62
    { 0x9957, 0x8BC0 }, // U+9957 = 0x8B 0xC0
    { 0x9996, 0x8EF1 }, // U+9996 = 0x8E 0xF1
    { 0x9997, 0xE963 }, // U+9997 = 0xE9 0x63
    { 0x9998, 0xE964 }, // U+9998 = 0xE9 0x64
    { 0x9999, 0x8D81 }, // U+9999 = 0x8D 0x81
    { 0x999E, 0xFBFA }, // U+999E = 0xFB 0xFA
    { 0x99A5, 0xE965 }, // U+99A5 = 0xE9 0x65
    { 0x99A8, 0x8A5D }, // U+99A8 = 0x8A 0x5D
    { 0x99AC, 0x946E }, // U+99AC = 0x94 0x6E
    { 0x99AD, 0xE966 }, // U+99AD = 0xE9 0x66
    { 0x99AE, 0xE967 }, // U+99AE = 0xE9 0x67
    { 0x99B3, 0x9279 }, // U+99B3 = 0x92 0x79
    { 0x99B4, 0x93E9 }, // U+99B4 = 0x93 0xE9
    { 0x99BC, 0xE968 }, // U+99BC = 0xE9 0x68
    { 0x99C1, 0x949D }, // U+99C1 = 0x94 0x9D
    { 0x99C4, 0x91CA }, // U+99C4 = 0x91 0xCA
    { 0x99C5, 0x8977 }, // U+99C5 = 0x89 0x77
    { 0x99C6, 0x8BEC }, // U+99C6 = 0x8B 0xEC
    { 0x99C8, 0x8BED }, // U+99C8 = 0x8B 0xED
    { 0x99D0, 0x9293 }, // U+99D0 = 0x92 0x93
    { 0x99D1, 0xE96D }, // U+99D1 = 0xE9 0x6D
    { 0x99D2, 0x8BEE }, // U+99D2 = 0x8B 0xEE
    { 0x99D5, 0x89ED }, // U+99D5 = 0x89 0xED
    { 0x99D8, 0xE96C }, // U+99D8 = 0xE9 0x6C
    { 0x99DB, 0xE96A }, // U+99DB = 0xE9 0x6A
    { 0x99DD, 0xE96B }, // U+99DD = 0xE9 0x6B
    { 0x99DF, 0xE969 }, // U+99DF = 0xE9 0x69
    { 0x99E2, 0xE977 }, // U+99E2 = 0xE9 0x77
    { 0x99ED, 0xE96E }, // U+99ED = 0xE9 0x6E
    { 0x99EE, 0xE96F }, // U+99EE = 0xE9 0x6F
    { 0x99F1, 0xE970 }, // U+99F1 = 0xE9 0x70
    { 0x99F2, 0xE971 }, // U+99F2 = 0xE9 0x71
    { 0x99F8, 0xE973 }, // U+99F8 = 0xE9 0x73
    { 0x99FB, 0xE972 }, // U+99FB = 0xE9 0x72
    { 0x99FF, 0x8F78 }, // U+99FF = 0x8F 0x78
    { 0x9A01, 0xE974 }, // U+9A01 = 0xE9 0x74
    { 0x9A05, 0xE976 }, // U+9A05 = 0xE9 0x76
    { 0x9A0E, 0x8B52 }, // U+9A0E = 0x8B 0x52
    { 0x9A0F, 0xE975 }, // U+9A0F = 0xE9 0x75
    { 0x9A12, 0x919B }, // U+9A12 = 0x91 0x9B
    { 0x9A13, 0x8CB1 }, // U+9A13 = 0x8C 0xB1
    { 0x9A19, 0xE978 }, // U+9A19 = 0xE9 0x78
    { 0x9A28, 0x91CB }, // U+9A28 = 0x91 0xCB
    { 0x9A2B, 0xE979 }, // U+9A2B = 0xE9 0x79
    { 0x9A30, 0x93AB }, // U+9A30 = 0x93 0xAB
    { 0x9A37, 0xE97A }, // U+9A37 = 0xE9 0x7A
    { 0x9A3E, 0xE980 }, // U+9A3E = 0xE9 0x80
    { 0x9A40, 0xE97D }, // U+9A40 = 0xE9 0x7D
    { 0x9A42, 0xE97C }, // U+9A42 = 0xE9 0x7C
    { 0x9A43, 0xE97E }, // U+9A43 = 0xE9 0x7E
    { 0x9A45, 0xE97B }, // U+9A45 = 0xE9 0x7B
    { 0x9A4D, 0xE982 }, // U+9A4D = 0xE9 0x82
    { 0x9A4E, 0xFBFB }, // U+9A4E = 0xFB 0xFB
    { 0x9A55, 0xE981 }, // U+9A55 = 0xE9 0x81
    { 0x9A57, 0xE984 }, // U+9A57 = 0xE9 0x84
    { 0x9A5A, 0x8BC1 }, // U+9A5A = 0x8B 0xC1
    { 0x9A5B, 0xE983 }, // U+9A5B = 0xE9 0x83
    { 0x9A5F, 0xE985 }, // U+9A5F = 0xE9 0x85
    { 0x9A62, 0xE986 }, // U+9A62 = 0xE9 0x86
    { 0x9A64, 0xE988 }, // U+9A64 = 0xE9 0x88
    { 0x9A65, 0xE987 }, // U+9A65 = 0xE9 0x87
    { 0x9A69, 0xE989 }, // U+9A69 = 0xE9 0x89
    { 0x9A6A, 0xE98B }, // U+9A6A = 0xE9 0x8B
    { 0x9A6B, 0xE98A }, // U+9A6B = 0xE9 0x8A
    { 0x9AA8, 0x8D9C }, // U+9AA8 = 0x8D 0x9C
    { 0x9AAD, 0xE98C }, // U+9AAD = 0xE9 0x8C
    { 0x9AB0, 0xE98D }, // U+9AB0 = 0xE9 0x8D
    { 0x9AB8, 0x8A5B }, // U+9AB8 = 0x8A 0x5B
    { 0x9ABC, 0xE98E }, // U+9ABC = 0xE9 0x8E
    { 0x9AC0, 0xE98F }, // U+9AC0 = 0xE9 0x8F
    { 0x9AC4, 0x9091 }, // U+9AC4 = 0x90 0x91
    { 0x9ACF, 0xE990 }, // U+9ACF = 0xE9 0x90
    { 0x9AD1, 0xE991 }, // U+9AD1 = 0xE9 0x91
    { 0x9AD3, 0xE992 }, // U+9AD3 = 0xE9 0x92
    { 0x9AD4, 0xE993 }, // U+9AD4 = 0xE9 0x93
    { 0x9AD8, 0x8D82 }, // U+9AD8 = 0x8D 0x82
    { 0x9AD9, 0xFBFC }, // U+9AD9 = 0xFB 0xFC
    { 0x9ADC, 0xFC40 }, // U+9ADC = 0xFC 0x40
    { 0x9ADE, 0xE994 }, // U+9ADE = 0xE9 0x94
    { 0x9ADF, 0xE995 }, // U+9ADF = 0xE9 0x95
    { 0x9AE2, 0xE996 }, // U+9AE2 = 0xE9 0x96
    { 0x9AE3, 0xE997 }, // U+9AE3 = 0xE9 0x97
    { 0x9AE6, 0xE998 }, // U+9AE6 = 0xE9 0x98
    { 0x9AEA, 0x94AF }, // U+9AEA = 0x94 0xAF
    { 0x9AEB, 0xE99A }, // U+9AEB = 0xE9 0x9A
    { 0x9AED, 0x9545 }, // U+9AED = 0x95 0x45
    { 0x9AEE, 0xE99B }, // U+9AEE = 0xE9 0x9B
    { 0x9AEF, 0xE999 }, // U+9AEF = 0xE9 0x99
    { 0x9AF1, 0xE99D }, // U+9AF1 = 0xE9 0x9D
    { 0x9AF4, 0xE99C }, // U+9AF4 = 0xE9 0x9C
    { 0x9AF7, 0xE99E }, // U+9AF7 = 0xE9 0x9E
    { 0x9AFB, 0xE99F }, // U+9AFB = 0xE9 0x9F
    { 0x9B06, 0xE9A0 }, // U+9B06 = 0xE9 0xA0
    { 0x9B18, 0xE9A1 }, // U+9B18 = 0xE9 0xA1
    { 0x9B1A, 0xE9A2 }, // U+9B1A = 0xE9 0xA2
    { 0x9B1F, 0xE9A3 }, // U+9B1F = 0xE9 0xA3
    { 0x9B22, 0xE9A4 }, // U+9B22 = 0xE9 0xA4
    { 0x9B23, 0xE9A5 }, // U+9B23 = 0xE9 0xA5
    { 0x9B25, 0xE9A6 }, // U+9B25 = 0xE9 0xA6
    { 0x9B27, 0xE9A7 }, // U+9B27 = 0xE9 0xA7
    { 0x9B28, 0xE9A8 }, // U+9B28 = 0xE9 0xA8
    { 0x9B29, 0xE9A9 }, // U+9B29 = 0xE9 0xA9
    { 0x9B2A, 0xE9AA }, // U+9B2A = 0xE9 0xAA
    { 0x9B2E, 0xE9AB }, // U+9B2E = 0xE9 0xAB
    { 0x9B2F, 0xE9AC }, // U+9B2F = 0xE9 0xAC
    { 0x9B31, 0x9F54 }, // U+9B31 = 0x9F 0x54
    { 0x9B32, 0xE9AD }, // U+9B32 = 0xE9 0xAD
    { 0x9B3B, 0xE2F6 }, // U+9B3B = 0xE2 0xF6
    { 0x9B3C, 0x8B53 }, // U+9B3C = 0x8B 0x53
    { 0x9B41, 0x8A40 }, // U+9B41 = 0x8A 0x40
    { 0x9B42, 0x8DB0 }, // U+9B42 = 0x8D 0xB0
    { 0x9B43, 0xE9AF }, // U+9B43 = 0xE9 0xAF
    { 0x9B44, 0xE9AE }, // U+9B44 = 0xE9 0xAE
    { 0x9B45, 0x96A3 }, // U+9B45 = 0x96 0xA3
    { 0x9B4D, 0xE9B1 }, // U+9B4D = 0xE9 0xB1
    { 0x9B4E, 0xE9B2 }, // U+9B4E = 0xE9 0xB2
    { 0x9B4F, 0xE9B0 }, // U+9B4F = 0xE9 0xB0
    { 0x9B51, 0xE9B3 }, // U+9B51 = 0xE9 0xB3
    { 0x9B54, 0x9682 }, // U+9B54 = 0x96 0x82
    { 0x9B58, 0xE9B4 }, // U+9B58 = 0xE9 0xB4
    { 0x9B5A, 0x8B9B }, // U+9B5A = 0x8B 0x9B
    { 0x9B6F, 0x9844 }, // U+9B6F = 0x98 0x44
    { 0x9B72, 0xFC42 }, // U+9B72 = 0xFC 0x42
    { 0x9B74, 0xE9B5 }, // U+9B74 = 0xE9 0xB5
    { 0x9B75, 0xFC41 }, // U+9B75 = 0xFC 0x41
    { 0x9B83, 0xE9B7 }, // U+9B83 = 0xE9 0xB7
    { 0x9B8E, 0x88BC }, // U+9B8E = 0x88 0xBC
    { 0x9B8F, 0xFC43 }, // U+9B8F = 0xFC 0x43
    { 0x9B91, 0xE9B8 }, // U+9B91 = 0xE9 0xB8
    { 0x9B92, 0x95A9 }, // U+9B92 = 0x95 0xA9
    { 0x9B93, 0xE9B6 }, // U+9B93 = 0xE9 0xB6
    { 0x9B96, 0xE9B9 }, // U+9B96 = 0xE9 0xB9
    { 0x9B97, 0xE9BA }, // U+9B97 = 0xE9 0xBA
    { 0x9B9F, 0xE9BB }, // U+9B9F = 0xE9 0xBB
    { 0x9BA0, 0xE9BC }, // U+9BA0 = 0xE9 0xBC
    { 0x9BA8, 0xE9BD }, // U+9BA8 = 0xE9 0xBD
    { 0x9BAA, 0x968E }, // U+9BAA = 0x96 0x8E
    { 0x9BAB, 0x8E4C }, // U+9BAB = 0x8E 0x4C
    { 0x9BAD, 0x8DF8 }, // U+9BAD = 0x8D 0xF8
    { 0x9BAE, 0x914E }, // U+9BAE = 0x91 0x4E
    { 0x9BB1, 0xFC44 }, // U+9BB1 = 0xFC 0x44
    { 0x9BB4, 0xE9BE }, // U+9BB4 = 0xE9 0xBE
    { 0x9BB9, 0xE9C1 }, // U+9BB9 = 0xE9 0xC1
    { 0x9BBB, 0xFC45 }, // U+9BBB = 0xFC 0x45
    { 0x9BC0, 0xE9BF }, // U+9BC0 = 0xE9 0xBF
    { 0x9BC6, 0xE9C2 }, // U+9BC6 = 0xE9 0xC2
    { 0x9BC9, 0x8CEF }, // U+9BC9 = 0x8C 0xEF
    { 0x9BCA, 0xE9C0 }, // U+9BCA = 0xE9 0xC0
    { 0x9BCF, 0xE9C3 }, // U+9BCF = 0xE9 0xC3
    { 0x9BD1, 0xE9C4 }, // U+9BD1 = 0xE9 0xC4
    { 0x9BD2, 0xE9C5 }, // U+9BD2 = 0xE9 0xC5
    { 0x9BD4, 0xE9C9 }, // U+9BD4 = 0xE9 0xC9
    { 0x9BD6, 0x8E49 }, // U+9BD6 = 0x8E 0x49
    { 0x9BDB, 0x91E2 }, // U+9BDB = 0x91 0xE2
    { 0x9BE1, 0xE9CA }, // U+9BE1 = 0xE9 0xCA
    { 0x9BE2, 0xE9C7 }, // U+9BE2 = 0xE9 0xC7
    { 0x9BE3, 0xE9C6 }, // U+9BE3 = 0xE9 0xC6
    { 0x9BE4, 0xE9C8 }, // U+9BE4 = 0xE9 0xC8
    { 0x9BE8, 0x8C7E }, // U+9BE8 = 0x8C 0x7E
    { 0x9BF0, 0xE9CE }, // U+9BF0 = 0xE9 0xCE
    { 0x9BF1, 0xE9CD }, // U+9BF1 = 0xE9 0xCD
    { 0x9BF2, 0xE9CC }, // U+9BF2 = 0xE9 0xCC
    { 0x9BF5, 0x88B1 }, // U+9BF5 = 0x88 0xB1
    { 0x9C00, 0xFC46 }, // U+9C00 = 0xFC 0x46
    { 0x9C04, 0xE9D8 }, // U+9C04 = 0xE9 0xD8
    { 0x9C06, 0xE9D4 }, // U+9C06 = 0xE9 0xD4
    { 0x9C08, 0xE9D5 }, // U+9C08 = 0xE9 0xD5
    { 0x9C09, 0xE9D1 }, // U+9C09 = 0xE9 0xD1
    { 0x9C0A, 0xE9D7 }, // U+9C0A = 0xE9 0xD7
    { 0x9C0C, 0xE9D3 }, // U+9C0C = 0xE9 0xD3
    { 0x9C0D, 0x8A82 }, // U+9C0D = 0x8A 0x82
    { 0x9C10, 0x986B }, // U+9C10 = 0x98 0x6B
    { 0x9C12, 0xE9D6 }, // U+9C12 = 0xE9 0xD6
    { 0x9C13, 0xE9D2 }, // U+9C13 = 0xE9 0xD2
    { 0x9C14, 0xE9D0 }, // U+9C14 = 0xE9 0xD0
    { 0x9C15, 0xE9CF }, // U+9C15 = 0xE9 0xCF
    { 0x9C1B, 0xE9DA }, // U+9C1B = 0xE9 0xDA
    { 0x9C21, 0xE9DD }, // U+9C21 = 0xE9 0xDD
    { 0x9C24, 0xE9DC }, // U+9C24 = 0xE9 0xDC
    { 0x9C25, 0xE9DB }, // U+9C25 = 0xE9 0xDB
    { 0x9C2D, 0x9568 }, // U+9C2D = 0x95 0x68
    { 0x9C2E, 0xE9D9 }, // U+9C2E = 0xE9 0xD9
    { 0x9C2F, 0x88F1 }, // U+9C2F = 0x88 0xF1
    { 0x9C30, 0xE9DE }, // U+9C30 = 0xE9 0xDE
    { 0x9C32, 0xE9E0 }, // U+9C32 = 0xE9 0xE0
    { 0x9C39, 0x8A8F }, // U+9C39 = 0x8A 0x8F
    { 0x9C3A, 0xE9CB }, // U+9C3A = 0xE9 0xCB
    { 0x9C3B, 0x8956 }, // U+9C3B = 0x89 0x56
    { 0x9C3E, 0xE9E2 }, // U+9C3E = 0xE9 0xE2
    { 0x9C46, 0xE9E1 }, // U+9C46 = 0xE9 0xE1
    { 0x9C47, 0xE9DF }, // U+9C47 = 0xE9 0xDF
    { 0x9C48, 0x924C }, // U+9C48 = 0x92 0x4C
    { 0x9C52, 0x9690 }, // U+9C52 = 0x96 0x90
    { 0x9C57, 0x97D8 }, // U+9C57 = 0x97 0xD8
    { 0x9C5A, 0xE9E3 }, // U+9C5A = 0xE9 0xE3
    { 0x9C60, 0xE9E4 }, // U+9C60 = 0xE9 0xE4
    { 0x9C67, 0xE9E5 }, // U+9C67 = 0xE9 0xE5
    { 0x9C76, 0xE9E6 }, // U+9C76 = 0xE9 0xE6
    { 0x9C78, 0xE9E7 }, // U+9C78 = 0xE9 0xE7
    { 0x9CE5, 0x92B9 }, // U+9CE5 = 0x92 0xB9
    { 0x9CE7, 0xE9E8 }, // U+9CE7 = 0xE9 0xE8
    { 0x9CE9, 0x94B5 }, // U+9CE9 = 0x94 0xB5
    { 0x9CEB, 0xE9ED }, // U+9CEB = 0xE9 0xED
    { 0x9CEC, 0xE9E9 }, // U+9CEC = 0xE9 0xE9
    { 0x9CF0, 0xE9EA }, // U+9CF0 = 0xE9 0xEA
    { 0x9CF3, 0x9650 }, // U+9CF3 = 0x96 0x50
    { 0x9CF4, 0x96C2 }, // U+9CF4 = 0x96 0xC2
    { 0x9CF6, 0x93CE }, // U+9CF6 = 0x93 0xCE
    { 0x9D03, 0xE9EE }, // U+9D03 = 0xE9 0xEE
    { 0x9D06, 0xE9EF }, // U+9D06 = 0xE9 0xEF
    { 0x9D07, 0x93BC }, // U+9D07 = 0x93 0xBC
    { 0x9D08, 0xE9EC }, // U+9D08 = 0xE9 0xEC
    { 0x9D09, 0xE9EB }, // U+9D09 = 0xE9 0xEB
    { 0x9D0E, 0x89A8 }, // U+9D0E = 0x89 0xA8
    { 0x9D12, 0xE9F7 }, // U+9D12 = 0xE9 0xF7
    { 0x9D15, 0xE9F6 }, // U+9D15 = 0xE9 0xF6
    { 0x9D1B, 0x8995 }, // U+9D1B = 0x89 0x95
    { 0x9D1F, 0xE9F4 }, // U+9D1F = 0xE9 0xF4
    { 0x9D23, 0xE9F3 }, // U+9D23 = 0xE9 0xF3
    { 0x9D26, 0xE9F1 }, // U+9D26 = 0xE9 0xF1
    { 0x9D28, 0x8A9B }, // U+9D28 = 0x8A 0x9B
    { 0x9D2A, 0xE9F0 }, // U+9D2A = 0xE9 0xF0
    { 0x9D2B, 0x8EB0 }, // U+9D2B = 0x8E 0xB0
    { 0x9D2C, 0x89A7 }, // U+9D2C = 0x89 0xA7
    { 0x9D3B, 0x8D83 }, // U+9D3B = 0x8D 0x83
    { 0x9D3E, 0xE9FA }, // U+9D3E = 0xE9 0xFA
    { 0x9D3F, 0xE9F9 }, // U+9D3F = 0xE9 0xF9
    { 0x9D41, 0xE9F8 }, // U+9D41 = 0xE9 0xF8
    { 0x9D44, 0xE9F5 }, // U+9D44 = 0xE9 0xF5
    { 0x9D46, 0xE9FB }, // U+9D46 = 0xE9 0xFB
    { 0x9D48, 0xE9FC }, // U+9D48 = 0xE9 0xFC
    { 0x9D50, 0xEA44 }, // U+9D50 = 0xEA 0x44
    { 0x9D51, 0xEA43 }, // U+9D51 = 0xEA 0x43
    { 0x9D59, 0xEA45 }, // U+9D59 = 0xEA 0x45
    { 0x9D5C, 0x894C }, // U+9D5C = 0x89 0x4C
    { 0x9D5D, 0xEA40 }, // U+9D5D = 0xEA 0x40
    { 0x9D5E, 0xEA41 }, // U+9D5E = 0xEA 0x41
    { 0x9D60, 0x8D94 }, // U+9D60 = 0x8D 0x94
    { 0x9D61, 0x96B7 }, // U+9D61 = 0x96 0xB7
    { 0x9D64, 0xEA42 }, // U+9D64 = 0xEA 0x42
    { 0x9D6B, 0xFC48 }, // U+9D6B = 0xFC 0x48
    { 0x9D6C, 0x9651 }, // U+9D6C = 0x96 0x51
    { 0x9D6F, 0xEA4A }, // U+9D6F = 0xEA 0x4A
    { 0x9D70, 0xFC47 }, // U+9D70 = 0xFC 0x47
    { 0x9D72, 0xEA46 }, // U+9D72 = 0xEA 0x46
    { 0x9D7A, 0xEA4B }, // U+9D7A = 0xEA 0x4B
    { 0x9D87, 0xEA48 }, // U+9D87 = 0xEA 0x48
    { 0x9D89, 0xEA47 }, // U+9D89 = 0xEA 0x47
    { 0x9D8F, 0x8C7B }, // U+9D8F = 0x8C 0x7B
    { 0x9D9A, 0xEA4C }, // U+9D9A = 0xEA 0x4C
    { 0x9DA4, 0xEA4D }, // U+9DA4 = 0xEA 0x4D
    { 0x9DA9, 0xEA4E }, // U+9DA9 = 0xEA 0x4E
    { 0x9DAB, 0xEA49 }, // U+9DAB = 0xEA 0x49
    { 0x9DAF, 0xE9F2 }, // U+9DAF = 0xE9 0xF2
    { 0x9DB2, 0xEA4F }, // U+9DB2 = 0xEA 0x4F
    { 0x9DB4, 0x92DF }, // U+9DB4 = 0x92 0xDF
    { 0x9DB8, 0xEA53 }, // U+9DB8 = 0xEA 0x53
    { 0x9DBA, 0xEA54 }, // U+9DBA = 0xEA 0x54
    { 0x9DBB, 0xEA52 }, // U+9DBB = 0xEA 0x52
    { 0x9DC1, 0xEA51 }, // U+9DC1 = 0xEA 0x51
    { 0x9DC2, 0xEA57 }, // U+9DC2 = 0xEA 0x57
    { 0x9DC4, 0xEA50 }, // U+9DC4 = 0xEA 0x50
    { 0x9DC6, 0xEA55 }, // U+9DC6 = 0xEA 0x55
    { 0x9DCF, 0xEA56 }, // U+9DCF = 0xEA 0x56
    { 0x9DD3, 0xEA59 }, // U+9DD3 = 0xEA 0x59
    { 0x9DD9, 0xEA58 }, // U+9DD9 = 0xEA 0x58
    { 0x9DE6, 0xEA5B }, // U+9DE6 = 0xEA 0x5B
    { 0x9DED, 0xEA5C }, // U+9DED = 0xEA 0x5C
    { 0x9DEF, 0xEA5D }, // U+9DEF = 0xEA 0x5D
    { 0x9DF2, 0x9868 }, // U+9DF2 = 0x98 0x68
    { 0x9DF8, 0xEA5A }, // U+9DF8 = 0xEA 0x5A
    { 0x9DF9, 0x91E9 }, // U+9DF9 = 0x91 0xE9
    { 0x9DFA, 0x8DEB }, // U+9DFA = 0x8D 0xEB
    { 0x9DFD, 0xEA5E }, // U+9DFD = 0xEA 0x5E
    { 0x9E19, 0xFC4A }, // U+9E19 = 0xFC 0x4A
    { 0x9E1A, 0xEA5F }, // U+9E1A = 0xEA 0x5F
    { 0x9E1B, 0xEA60 }, // U+9E1B = 0xEA 0x60
    { 0x9E1E, 0xEA61 }, // U+9E1E = 0xEA 0x61
    { 0x9E75, 0xEA62 }, // U+9E75 = 0xEA 0x62
    { 0x9E78, 0x8CB2 }, // U+9E78 = 0x8C 0xB2
    { 0x9E79, 0xEA63 }, // U+9E79 = 0xEA 0x63
    { 0x9E7D, 0xEA64 }, // U+9E7D = 0xEA 0x64
    { 0x9E7F, 0x8EAD }, // U+9E7F = 0x8E 0xAD
    { 0x9E81, 0xEA65 }, // U+9E81 = 0xEA 0x65
    { 0x9E88, 0xEA66 }, // U+9E88 = 0xEA 0x66
    { 0x9E8B, 0xEA67 }, // U+9E8B = 0xEA 0x67
    { 0x9E8C, 0xEA68 }, // U+9E8C = 0xEA 0x68
    { 0x9E91, 0xEA6B }, // U+9E91 = 0xEA 0x6B
    { 0x9E92, 0xEA69 }, // U+9E92 = 0xEA 0x69
    { 0x9E93, 0x985B }, // U+9E93 = 0x98 0x5B
    { 0x9E95, 0xEA6A }, // U+9E95 = 0xEA 0x6A
    { 0x9E97, 0x97ED }, // U+9E97 = 0x97 0xED
    { 0x9E9D, 0xEA6C }, // U+9E9D = 0xEA 0x6C
    { 0x9E9F, 0x97D9 }, // U+9E9F = 0x97 0xD9
    { 0x9EA5, 0xEA6D }, // U+9EA5 = 0xEA 0x6D
    { 0x9EA6, 0x949E }, // U+9EA6 = 0x94 0x9E
    { 0x9EA9, 0xEA6E }, // U+9EA9 = 0xEA 0x6E
    { 0x9EAA, 0xEA70 }, // U+9EAA = 0xEA 0x70
    { 0x9EAD, 0xEA71 }, // U+9EAD = 0xEA 0x71
    { 0x9EB8, 0xEA6F }, // U+9EB8 = 0xEA 0x6F
    { 0x9EB9, 0x8D8D }, // U+9EB9 = 0x8D 0x8D
    { 0x9EBA, 0x96CB }, // U+9EBA = 0x96 0xCB
    { 0x9EBB, 0x9683 }, // U+9EBB = 0x96 0x83
    { 0x9EBC, 0x9BF5 }, // U+9EBC = 0x9B 0xF5
    { 0x9EBE, 0x9F80 }, // U+9EBE = 0x9F 0x80
    { 0x9EBF, 0x969B }, // U+9EBF = 0x96 0x9B
    { 0x9EC4, 0x89A9 }, // U+9EC4 = 0x89 0xA9
    { 0x9ECC, 0xEA73 }, // U+9ECC = 0xEA 0x73
    { 0x9ECD, 0x8B6F }, // U+9ECD = 0x8B 0x6F
    { 0x9ECE, 0xEA74 }, // U+9ECE = 0xEA 0x74
    { 0x9ECF, 0xEA75 }, // U+9ECF = 0xEA 0x75
    { 0x9ED0, 0xEA76 }, // U+9ED0 = 0xEA 0x76
    { 0x9ED1, 0xFC4B }, // U+9ED1 = 0xFC 0x4B
    { 0x9ED2, 0x8D95 }, // U+9ED2 = 0x8D 0x95
    { 0x9ED4, 0xEA77 }, // U+9ED4 = 0xEA 0x77
    { 0x9ED8, 0xE0D2 }, // U+9ED8 = 0xE0 0xD2
    { 0x9ED9, 0x96D9 }, // U+9ED9 = 0x96 0xD9
    { 0x9EDB, 0x91E1 }, // U+9EDB = 0x91 0xE1
    { 0x9EDC, 0xEA78 }, // U+9EDC = 0xEA 0x78
    { 0x9EDD, 0xEA7A }, // U+9EDD = 0xEA 0x7A
    { 0x9EDE, 0xEA79 }, // U+9EDE = 0xEA 0x79
    { 0x9EE0, 0xEA7B }, // U+9EE0 = 0xEA 0x7B
    { 0x9EE5, 0xEA7C }, // U+9EE5 = 0xEA 0x7C
    { 0x9EE8, 0xEA7D }, // U+9EE8 = 0xEA 0x7D
    { 0x9EEF, 0xEA7E }, // U+9EEF = 0xEA 0x7E
    { 0x9EF4, 0xEA80 }, // U+9EF4 = 0xEA 0x80
    { 0x9EF6, 0xEA81 }, // U+9EF6 = 0xEA 0x81
    { 0x9EF7, 0xEA82 }, // U+9EF7 = 0xEA 0x82
    { 0x9EF9, 0xEA83 }, // U+9EF9 = 0xEA 0x83
    { 0x9EFB, 0xEA84 }, // U+9EFB = 0xEA 0x84
    { 0x9EFC, 0xEA85 }, // U+9EFC = 0xEA 0x85
    { 0x9EFD, 0xEA86 }, // U+9EFD = 0xEA 0x86
    { 0x9F07, 0xEA87 }, // U+9F07 = 0xEA 0x87
    { 0x9F08, 0xEA88 }, // U+9F08 = 0xEA 0x88
    { 0x9F0E, 0x9343 }, // U+9F0E = 0x93 0x43
    { 0x9F13, 0x8CDB }, // U+9F13 = 0x8C 0xDB
    { 0x9F15, 0xEA8A }, // U+9F15 = 0xEA 0x8A
    { 0x9F20, 0x916C }, // U+9F20 = 0x91 0x6C
    { 0x9F21, 0xEA8B }, // U+9F21 = 0xEA 0x8B
    { 0x9F2C, 0xEA8C }, // U+9F2C = 0xEA 0x8C
    { 0x9F3B, 0x9540 }, // U+9F3B = 0x95 0x40
    { 0x9F3E, 0xEA8D }, // U+9F3E = 0xEA 0x8D
    { 0x9F4A, 0xEA8E }, // U+9F4A = 0xEA 0x8E
    { 0x9F4B, 0xE256 }, // U+9F4B = 0xE2 0x56
    { 0x9F4E, 0xE6D8 }, // U+9F4E = 0xE6 0xD8
    { 0x9F4F, 0xE8EB }, // U+9F4F = 0xE8 0xEB
    { 0x9F52, 0xEA8F }, // U+9F52 = 0xEA 0x8F
    { 0x9F54, 0xEA90 }, // U+9F54 = 0xEA 0x90
    { 0x9F5F, 0xEA92 }, // U+9F5F = 0xEA 0x92
    { 0x9F60, 0xEA93 }, // U+9F60 = 0xEA 0x93
    { 0x9F61, 0xEA94 }, // U+9F61 = 0xEA 0x94
    { 0x9F62, 0x97EE }, // U+9F62 = 0x97 0xEE
    { 0x9F63, 0xEA91 }, // U+9F63 = 0xEA 0x91
    { 0x9F66, 0xEA95 }, // U+9F66 = 0xEA 0x95
    { 0x9F67, 0xEA96 }, // U+9F67 = 0xEA 0x96
    { 0x9F6A, 0xEA98 }, // U+9F6A = 0xEA 0x98
    { 0x9F6C, 0xEA97 }, // U+9F6C = 0xEA 0x97
    { 0x9F72, 0xEA9A }, // U+9F72 = 0xEA 0x9A
    { 0x9F76, 0xEA9B }, // U+9F76 = 0xEA 0x9B
    { 0x9F77, 0xEA99 }, // U+9F77 = 0xEA 0x99
    { 0x9F8D, 0x97B4 }, // U+9F8D = 0x97 0xB4
    { 0x9F95, 0xEA9C }, // U+9F95 = 0xEA 0x9C
    { 0x9F9C, 0xEA9D }, // U+9F9C = 0xEA 0x9D
    { 0x9F9D, 0xE273 }, // U+9F9D = 0xE2 0x73
    { 0x9FA0, 0xEA9E }, // U+9FA0 = 0xEA 0x9E
    { 0xE000, 0xF040 }, // U+E000 = 0xF0 0x40
    { 0xE001, 0xF041 }, // U+E001 = 0xF0 0x41
    { 0xE002, 0xF042 }, // U+E002 = 0xF0 0x42
    { 0xE003, 0xF043 }, // U+E003 = 0xF0 0x43
    { 0xE004, 0xF044 }, // U+E004 = 0xF0 0x44
    { 0xE005, 0xF045 }, // U+E005 = 0xF0 0x45
    { 0xE006, 0xF046 }, // U+E006 = 0xF0 0x46
    { 0xE007, 0xF047 }, // U+E007 = 0xF0 0x47
    { 0xE008, 0xF048 }, // U+E008 = 0xF0 0x48
    { 0xE009, 0xF049 }, // U+E009 = 0xF0 0x49
    { 0xE00A, 0xF04A }, // U+E00A = 0xF0 0x4A
    { 0xE00B, 0xF04B }, // U+E00B = 0xF0 0x4B
    { 0xE00C, 0xF04C }, // U+E00C = 0xF0 0x4C
    { 0xE00D, 0xF04D }, // U+E00D = 0xF0 0x4D
    { 0xE00E, 0xF04E }, // U+E00E = 0xF0 0x4E
    { 0xE00F, 0xF04F }, // U+E00F = 0xF0 0x4F
    { 0xE010, 0xF050 }, // U+E010 = 0xF0 0x50
    { 0xE011, 0xF051 }, // U+E011 = 0xF0 0x51
    { 0xE012, 0xF052 }, // U+E012 = 0xF0 0x52
    { 0xE013, 0xF053 }, // U+E013 = 0xF0 0x53
    { 0xE014, 0xF054 }, // U+E014 = 0xF0 0x54
    { 0xE015, 0xF055 }, // U+E015 = 0xF0 0x55
    { 0xE016, 0xF056 }, // U+E016 = 0xF0 0x56
    { 0xE017, 0xF057 }, // U+E017 = 0xF0 0x57
    { 0xE018, 0xF058 }, // U+E018 = 0xF0 0x58
    { 0xE019, 0xF059 }, // U+E019 = 0xF0 0x59
    { 0xE01A, 0xF05A }, // U+E01A = 0xF0 0x5A
    { 0xE01B, 0xF05B }, // U+E01B = 0xF0 0x5B
    { 0xE01C, 0xF05C }, // U+E01C = 0xF0 0x5C
    { 0xE01D, 0xF05D }, // U+E01D = 0xF0 0x5D
    { 0xE01E, 0xF05E }, // U+E01E = 0xF0 0x5E
    { 0xE01F, 0xF05F }, // U+E01F = 0xF0 0x5F
    { 0xE020, 0xF060 }, // U+E020 = 0xF0 0x60
    { 0xE021, 0xF061 }, // U+E021 = 0xF0 0x61
    { 0xE022, 0xF062 }, // U+E022 = 0xF0 0x62
    { 0xE023, 0xF063 }, // U+E023 = 0xF0 0x63
    { 0xE024, 0xF064 }, // U+E024 = 0xF0 0x64
    { 0xE025, 0xF065 }, // U+E025 = 0xF0 0x65
    { 0xE026, 0xF066 }, // U+E026 = 0xF0 0x66
    { 0xE027, 0xF067 }, // U+E027 = 0xF0 0x67
    { 0xE028, 0xF068 }, // U+E028 = 0xF0 0x68
    { 0xE029, 0xF069 }, // U+E029 = 0xF0 0x69
    { 0xE02A, 0xF06A }, // U+E02A = 0xF0 0x6A
    { 0xE02B, 0xF06B }, // U+E02B = 0xF0 0x6B
    { 0xE02C, 0xF06C }, // U+E02C = 0xF0 0x6C
    { 0xE02D, 0xF06D }, // U+E02D = 0xF0 0x6D
    { 0xE02E, 0xF06E }, // U+E02E = 0xF0 0x6E
    { 0xE02F, 0xF06F }, // U+E02F = 0xF0 0x6F
    { 0xE030, 0xF070 }, // U+E030 = 0xF0 0x70
    { 0xE031, 0xF071 }, // U+E031 = 0xF0 0x71
    { 0xE032, 0xF072 }, // U+E032 = 0xF0 0x72
    { 0xE033, 0xF073 }, // U+E033 = 0xF0 0x73
    { 0xE034, 0xF074 }, // U+E034 = 0xF0 0x74
    { 0xE035, 0xF075 }, // U+E035 = 0xF0 0x75
    { 0xE036, 0xF076 }, // U+E036 = 0xF0 0x76
    { 0xE037, 0xF077 }, // U+E037 = 0xF0 0x77
    { 0xE038, 0xF078 }, // U+E038 = 0xF0 0x78
    { 0xE039, 0xF079 }, // U+E039 = 0xF0 0x79
    { 0xE03A, 0xF07A }, // U+E03A = 0xF0 0x7A
    { 0xE03B, 0xF07B }, // U+E03B = 0xF0 0x7B
    { 0xE03C, 0xF07C }, // U+E03C = 0xF0 0x7C
    { 0xE03D, 0xF07D }, // U+E03D = 0xF0 0x7D
    { 0xE03E, 0xF07E }, // U+E03E = 0xF0 0x7E
    { 0xE03F, 0xF080 }, // U+E03F = 0xF0 0x80
    { 0xE040, 0xF081 }, // U+E040 = 0xF0 0x81
    { 0xE041, 0xF082 }, // U+E041 = 0xF0 0x82
    { 0xE042, 0xF083 }, // U+E042 = 0xF0 0x83
    { 0xE043, 0xF084 }, // U+E043 = 0xF0 0x84
    { 0xE044, 0xF085 }, // U+E044 = 0xF0 0x85
    { 0xE045, 0xF086 }, // U+E045 = 0xF0 0x86
    { 0xE046, 0xF087 }, // U+E046 = 0xF0 0x87
    { 0xE047, 0xF088 }, // U+E047 = 0xF0 0x88
    { 0xE048, 0xF089 }, // U+E048 = 0xF0 0x89
    { 0xE049, 0xF08A }, // U+E049 = 0xF0 0x8A
    { 0xE04A, 0xF08B }, // U+E04A = 0xF0 0x8B
    { 0xE04B, 0xF08C }, // U+E04B = 0xF0 0x8C
    { 0xE04C, 0xF08D }, // U+E04C = 0xF0 0x8D
    { 0xE04D, 0xF08E }, // U+E04D = 0xF0 0x8E
    { 0xE04E, 0xF08F }, // U+E04E = 0xF0 0x8F
    { 0xE04F, 0xF090 }, // U+E04F = 0xF0 0x90
    { 0xE050, 0xF091 }, // U+E050 = 0xF0 0x91
    { 0xE051, 0xF092 }, // U+E051 = 0xF0 0x92
    { 0xE052, 0xF093 }, // U+E052 = 0xF0 0x93
    { 0xE053, 0xF094 }, // U+E053 = 0xF0 0x94
    { 0xE054, 0xF095 }, // U+E054 = 0xF0 0x95
    { 0xE055, 0xF096 }, // U+E055 = 0xF0 0x96
    { 0xE056, 0xF097 }, // U+E056 = 0xF0 0x97
    { 0xE057, 0xF098 }, // U+E057 = 0xF0 0x98
    { 0xE058, 0xF099 }, // U+E058 = 0xF0 0x99
    { 0xE059, 0xF09A }, // U+E059 = 0xF0 0x9A
    { 0xE05A, 0xF09B }, // U+E05A = 0xF0 0x9B
    { 0xE05B, 0xF09C }, // U+E05B = 0xF0 0x9C
    { 0xE05C, 0xF09D }, // U+E05C = 0xF0 0x9D
    { 0xE05D, 0xF09E }, // U+E05D = 0xF0 0x9E
    { 0xE05E, 0xF09F }, // U+E05E = 0xF0 0x9F
    { 0xE05F, 0xF0A0 }, // U+E05F = 0xF0 0xA0
    { 0xE060, 0xF0A1 }, // U+E060 = 0xF0 0xA1
    { 0xE061, 0xF0A2 }, // U+E061 = 0xF0 0xA2
    { 0xE062, 0xF0A3 }, // U+E062 = 0xF0 0xA3
    { 0xE063, 0xF0A4 }, // U+E063 = 0xF0 0xA4
    { 0xE064, 0xF0A5 }, // U+E064 = 0xF0 0xA5
    { 0xE065, 0xF0A6 }, // U+E065 = 0xF0 0xA6
    { 0xE066, 0xF0A7 }, // U+E066 = 0xF0 0xA7
    { 0xE067, 0xF0A8 }, // U+E067 = 0xF0 0xA8
    { 0xE068, 0xF0A9 }, // U+E068 = 0xF0 0xA9
    { 0xE069, 0xF0AA }, // U+E069 = 0xF0 0xAA
    { 0xE06A, 0xF0AB }, // U+E06A = 0xF0 0xAB
    { 0xE06B, 0xF0AC }, // U+E06B = 0xF0 0xAC
    { 0xE06C, 0xF0AD }, // U+E06C = 0xF0 0xAD
    { 0xE06D, 0xF0AE }, // U+E06D = 0xF0 0xAE
    { 0xE06E, 0xF0AF }, // U+E06E = 0xF0 0xAF
    { 0xE06F, 0xF0B0 }, // U+E06F = 0xF0 0xB0
    { 0xE070, 0xF0B1 }, // U+E070 = 0xF0 0xB1
    { 0xE071, 0xF0B2 }, // U+E071 = 0xF0 0xB2
    { 0xE072, 0xF0B3 }, // U+E072 = 0xF0 0xB3
    { 0xE073, 0xF0B4 }, // U+E073 = 0xF0 0xB4
    { 0xE074, 0xF0B5 }, // U+E074 = 0xF0 0xB5
    { 0xE075, 0xF0B6 }, // U+E075 = 0xF0 0xB6
    { 0xE076, 0xF0B7 }, // U+E076 = 0xF0 0xB7
    { 0xE077, 0xF0B8 }, // U+E077 = 0xF0 0xB8
    { 0xE078, 0xF0B9 }, // U+E078 = 0xF0 0xB9
    { 0xE079, 0xF0BA }, // U+E079 = 0xF0 0xBA
    { 0xE07A, 0xF0BB }, // U+E07A = 0xF0 0xBB
    { 0xE07B, 0xF0BC }, // U+E07B = 0xF0 0xBC
    { 0xE07C, 0xF0BD }, // U+E07C = 0xF0 0xBD
    { 0xE07D, 0xF0BE }, // U+E07D = 0xF0 0xBE
    { 0xE07E, 0xF0BF }, // U+E07E = 0xF0 0xBF
    { 0xE07F, 0xF0C0 }, // U+E07F = 0xF0 0xC0
    { 0xE080, 0xF0C1 }, // U+E080 = 0xF0 0xC1
    { 0xE081, 0xF0C2 }, // U+E081 = 0xF0 0xC2
    { 0xE082, 0xF0C3 }, // U+E082 = 0xF0 0xC3
    { 0xE083, 0xF0C4 }, // U+E083 = 0xF0 0xC4
    { 0xE084, 0xF0C5 }, // U+E084 = 0xF0 0xC5
    { 0xE085, 0xF0C6 }, // U+E085 = 0xF0 0xC6
    { 0xE086, 0xF0C7 }, // U+E086 = 0xF0 0xC7
    { 0xE087, 0xF0C8 }, // U+E087 = 0xF0 0xC8
    { 0xE088, 0xF0C9 }, // U+E088 = 0xF0 0xC9
    { 0xE089, 0xF0CA }, // U+E089 = 0xF0 0xCA
    { 0xE08A, 0xF0CB }, // U+E08A = 0xF0 0xCB
    { 0xE08B, 0xF0CC }, // U+E08B = 0xF0 0xCC
    { 0xE08C, 0xF0CD }, // U+E08C = 0xF0 0xCD
    { 0xE08D, 0xF0CE }, // U+E08D = 0xF0 0xCE
    { 0xE08E, 0xF0CF }, // U+E08E = 0xF0 0xCF
    { 0xE08F, 0xF0D0 }, // U+E08F = 0xF0 0xD0
    { 0xE090, 0xF0D1 }, // U+E090 = 0xF0 0xD1
    { 0xE091, 0xF0D2 }, // U+E091 = 0xF0 0xD2
    { 0xE092, 0xF0D3 }, // U+E092 = 0xF0 0xD3
    { 0xE093, 0xF0D4 }, // U+E093 = 0xF0 0xD4
    { 0xE094, 0xF0D5 }, // U+E094 = 0xF0 0xD5
    { 0xE095, 0xF0D6 }, // U+E095 = 0xF0 0xD6
    { 0xE096, 0xF0D7 }, // U+E096 = 0xF0 0xD7
    { 0xE097, 0xF0D8 }, // U+E097 = 0xF0 0xD8
    { 0xE098, 0xF0D9 }, // U+E098 = 0xF0 0xD9
    { 0xE099, 0xF0DA }, // U+E099 = 0xF0 0xDA
    { 0xE09A, 0xF0DB }, // U+E09A = 0xF0 0xDB
    { 0xE09B, 0xF0DC }, // U+E09B = 0xF0 0xDC
    { 0xE09C, 0xF0DD }, // U+E09C = 0xF0 0xDD
    { 0xE09D, 0xF0DE }, // U+E09D = 0xF0 0xDE
    { 0xE09E, 0xF0DF }, // U+E09E = 0xF0 0xDF
    { 0xE09F, 0xF0E0 }, // U+E09F = 0xF0 0xE0
    { 0xE0A0, 0xF0E1 }, // U+E0A0 = 0xF0 0xE1
    { 0xE0A1, 0xF0E2 }, // U+E0A1 = 0xF0 0xE2
    { 0xE0A2, 0xF0E3 }, // U+E0A2 = 0xF0 0xE3
    { 0xE0A3, 0xF0E4 }, // U+E0A3 = 0xF0 0xE4
    { 0xE0A4, 0xF0E5 }, // U+E0A4 = 0xF0 0xE5
    { 0xE0A5, 0xF0E6 }, // U+E0A5 = 0xF0 0xE6
    { 0xE0A6, 0xF0E7 }, // U+E0A6 = 0xF0 0xE7
    { 0xE0A7, 0xF0E8 }, // U+E0A7 = 0xF0 0xE8
    { 0xE0A8, 0xF0E9 }, // U+E0A8 = 0xF0 0xE9
    { 0xE0A9, 0xF0EA }, // U+E0A9 = 0xF0 0xEA
    { 0xE0AA, 0xF0EB }, // U+E0AA = 0xF0 0xEB
    { 0xE0AB, 0xF0EC }, // U+E0AB = 0xF0 0xEC
    { 0xE0AC, 0xF0ED }, // U+E0AC = 0xF0 0xED
    { 0xE0AD, 0xF0EE }, // U+E0AD = 0xF0 0xEE
    { 0xE0AE, 0xF0EF }, // U+E0AE = 0xF0 0xEF
    { 0xE0AF, 0xF0F0 }, // U+E0AF = 0xF0 0xF0
    { 0xE0B0, 0xF0F1 }, // U+E0B0 = 0xF0 0xF1
    { 0xE0B1, 0xF0F2 }, // U+E0B1 = 0xF0 0xF2
    { 0xE0B2, 0xF0F3 }, // U+E0B2 = 0xF0 0xF3
    { 0xE0B3, 0xF0F4 }, // U+E0B3 = 0xF0 0xF4
    { 0xE0B4, 0xF0F5 }, // U+E0B4 = 0xF0 0xF5
    { 0xE0B5, 0xF0F6 }, // U+E0B5 = 0xF0 0xF6
    { 0xE0B6, 0xF0F7 }, // U+E0B6 = 0xF0 0xF7
    { 0xE0B7, 0xF0F8 }, // U+E0B7 = 0xF0 0xF8
    { 0xE0B8, 0xF0F9 }, // U+E0B8 = 0xF0 0xF9
    { 0xE0B9, 0xF0FA }, // U+E0B9 = 0xF0 0xFA
    { 0xE0BA, 0xF0FB }, // U+E0BA = 0xF0 0xFB
    { 0xE0BB, 0xF0FC }, // U+E0BB = 0xF0 0xFC
    { 0xE0BC, 0xF140 }, // U+E0BC = 0xF1 0x40
    { 0xE0BD, 0xF141 }, // U+E0BD = 0xF1 0x41
    { 0xE0BE, 0xF142 }, // U+E0BE = 0xF1 0x42
    { 0xE0BF, 0xF143 }, // U+E0BF = 0xF1 0x43
    { 0xE0C0, 0xF144 }, // U+E0C0 = 0xF1 0x44
    { 0xE0C1, 0xF145 }, // U+E0C1 = 0xF1 0x45
    { 0xE0C2, 0xF146 }, // U+E0C2 = 0xF1 0x46
    { 0xE0C3, 0xF147 }, // U+E0C3 = 0xF1 0x47
    { 0xE0C4, 0xF148 }, // U+E0C4 = 0xF1 0x48
    { 0xE0C5, 0xF149 }, // U+E0C5 = 0xF1 0x49
    { 0xE0C6, 0xF14A }, // U+E0C6 = 0xF1 0x4A
    { 0xE0C7, 0xF14B }, // U+E0C7 = 0xF1 0x4B
    { 0xE0C8, 0xF14C }, // U+E0C8 = 0xF1 0x4C
    { 0xE0C9, 0xF14D }, // U+E0C9 = 0xF1 0x4D
    { 0xE0CA, 0xF14E }, // U+E0CA = 0xF1 0x4E
    { 0xE0CB, 0xF14F }, // U+E0CB = 0xF1 0x4F
    { 0xE0CC, 0xF150 }, // U+E0CC = 0xF1 0x50
    { 0xE0CD, 0xF151 }, // U+E0CD = 0xF1 0x51
    { 0xE0CE, 0xF152 }, // U+E0CE = 0xF1 0x52
    { 0xE0CF, 0xF153 }, // U+E0CF = 0xF1 0x53
    { 0xE0D0, 0xF154 }, // U+E0D0 = 0xF1 0x54
    { 0xE0D1, 0xF155 }, // U+E0D1 = 0xF1 0x55
    { 0xE0D2, 0xF156 }, // U+E0D2 = 0xF1 0x56
    { 0xE0D3, 0xF157 }, // U+E0D3 = 0xF1 0x57
    { 0xE0D4, 0xF158 }, // U+E0D4 = 0xF1 0x58
    { 0xE0D5, 0xF159 }, // U+E0D5 = 0xF1 0x59
    { 0xE0D6, 0xF15A }, // U+E0D6 = 0xF1 0x5A
    { 0xE0D7, 0xF15B }, // U+E0D7 = 0xF1 0x5B
    { 0xE0D8, 0xF15C }, // U+E0D8 = 0xF1 0x5C
    { 0xE0D9, 0xF15D }, // U+E0D9 = 0xF1 0x5D
    { 0xE0DA, 0xF15E }, // U+E0DA = 0xF1 0x5E
    { 0xE0DB, 0xF15F }, // U+E0DB = 0xF1 0x5F
    { 0xE0DC, 0xF160 }, // U+E0DC = 0xF1 0x60
    { 0xE0DD, 0xF161 }, // U+E0DD = 0xF1 0x61
    { 0xE0DE, 0xF162 }, // U+E0DE = 0xF1 0x62
    { 0xE0DF, 0xF163 }, // U+E0DF = 0xF1 0x63
    { 0xE0E0, 0xF164 }, // U+E0E0 = 0xF1 0x64
    { 0xE0E1, 0xF165 }, // U+E0E1 = 0xF1 0x65
    { 0xE0E2, 0xF166 }, // U+E0E2 = 0xF1 0x66
    { 0xE0E3, 0xF167 }, // U+E0E3 = 0xF1 0x67
    { 0xE0E4, 0xF168 }, // U+E0E4 = 0xF1 0x68
    { 0xE0E5, 0xF169 }, // U+E0E5 = 0xF1 0x69
    { 0xE0E6, 0xF16A }, // U+E0E6 = 0xF1 0x6A
    { 0xE0E7, 0xF16B }, // U+E0E7 = 0xF1 0x6B
    { 0xE0E8, 0xF16C }, // U+E0E8 = 0xF1 0x6C
    { 0xE0E9, 0xF16D }, // U+E0E9 = 0xF1 0x6D
    { 0xE0EA, 0xF16E }, // U+E0EA = 0xF1 0x6E
    { 0xE0EB, 0xF16F }, // U+E0EB = 0xF1 0x6F
    { 0xE0EC, 0xF170 }, // U+E0EC = 0xF1 0x70
    { 0xE0ED, 0xF171 }, // U+E0ED = 0xF1 0x71
    { 0xE0EE, 0xF172 }, // U+E0EE = 0xF1 0x72
    { 0xE0EF, 0xF173 }, // U+E0EF = 0xF1 0x73
    { 0xE0F0, 0xF174 }, // U+E0F0 = 0xF1 0x74
    { 0xE0F1, 0xF175 }, // U+E0F1 = 0xF1 0x75
    { 0xE0F2, 0xF176 }, // U+E0F2 = 0xF1 0x76
    { 0xE0F3, 0xF177 }, // U+E0F3 = 0xF1 0x77
    { 0xE0F4, 0xF178 }, // U+E0F4 = 0xF1 0x78
    { 0xE0F5, 0xF179 }, // U+E0F5 = 0xF1 0x79
    { 0xE0F6, 0xF17A }, // U+E0F6 = 0xF1 0x7A
    { 0xE0F7, 0xF17B }, // U+E0F7 = 0xF1 0x7B
    { 0xE0F8, 0xF17C }, // U+E0F8 = 0xF1 0x7C
    { 0xE0F9, 0xF17D }, // U+E0F9 = 0xF1 0x7D
    { 0xE0FA, 0xF17E }, // U+E0FA = 0xF1 0x7E
    { 0xE0FB, 0xF180 }, // U+E0FB = 0xF1 0x80
    { 0xE0FC, 0xF181 }, // U+E0FC = 0xF1 0x81
    { 0xE0FD, 0xF182 }, // U+E0FD = 0xF1 0x82
    { 0xE0FE, 0xF183 }, // U+E0FE = 0xF1 0x83
    { 0xE0FF, 0xF184 }, // U+E0FF = 0xF1 0x84
    { 0xE100, 0xF185 }, // U+E100 = 0xF1 0x85
    { 0xE101, 0xF186 }, // U+E101 = 0xF1 0x86
    { 0xE102, 0xF187 }, // U+E102 = 0xF1 0x87
    { 0xE103, 0xF188 }, // U+E103 = 0xF1 0x88
    { 0xE104, 0xF189 }, // U+E104 = 0xF1 0x89
    { 0xE105, 0xF18A }, // U+E105 = 0xF1 0x8A
    { 0xE106, 0xF18B }, // U+E106 = 0xF1 0x8B
    { 0xE107, 0xF18C }, // U+E107 = 0xF1 0x8C
    { 0xE108, 0xF18D }, // U+E108 = 0xF1 0x8D
    { 0xE109, 0xF18E }, // U+E109 = 0xF1 0x8E
    { 0xE10A, 0xF18F }, // U+E10A = 0xF1 0x8F
    { 0xE10B, 0xF190 }, // U+E10B = 0xF1 0x90
    { 0xE10C, 0xF191 }, // U+E10C = 0xF1 0x91
    { 0xE10D, 0xF192 }, // U+E10D = 0xF1 0x92
    { 0xE10E, 0xF193 }, // U+E10E = 0xF1 0x93
    { 0xE10F, 0xF194 }, // U+E10F = 0xF1 0x94
    { 0xE110, 0xF195 }, // U+E110 = 0xF1 0x95
    { 0xE111, 0xF196 }, // U+E111 = 0xF1 0x96
    { 0xE112, 0xF197 }, // U+E112 = 0xF1 0x97
    { 0xE113, 0xF198 }, // U+E113 = 0xF1 0x98
    { 0xE114, 0xF199 }, // U+E114 = 0xF1 0x99
    { 0xE115, 0xF19A }, // U+E115 = 0xF1 0x9A
    { 0xE116, 0xF19B }, // U+E116 = 0xF1 0x9B
    { 0xE117, 0xF19C }, // U+E117 = 0xF1 0x9C
    { 0xE118, 0xF19D }, // U+E118 = 0xF1 0x9D
    { 0xE119, 0xF19E }, // U+E119 = 0xF1 0x9E
    { 0xE11A, 0xF19F }, // U+E11A = 0xF1 0x9F
    { 0xE11B, 0xF1A0 }, // U+E11B = 0xF1 0xA0
    { 0xE11C, 0xF1A1 }, // U+E11C = 0xF1 0xA1
    { 0xE11D, 0xF1A2 }, // U+E11D = 0xF1 0xA2
    { 0xE11E, 0xF1A3 }, // U+E11E = 0xF1 0xA3
    { 0xE11F, 0xF1A4 }, // U+E11F = 0xF1 0xA4
    { 0xE120, 0xF1A5 }, // U+E120 = 0xF1 0xA5
    { 0xE121, 0xF1A6 }, // U+E121 = 0xF1 0xA6
    { 0xE122, 0xF1A7 }, // U+E122 = 0xF1 0xA7
    { 0xE123, 0xF1A8 }, // U+E123 = 0xF1 0xA8
    { 0xE124, 0xF1A9 }, // U+E124 = 0xF1 0xA9
    { 0xE125, 0xF1AA }, // U+E125 = 0xF1 0xAA
    { 0xE126, 0xF1AB }, // U+E126 = 0xF1 0xAB
    { 0xE127, 0xF1AC }, // U+E127 = 0xF1 0xAC
    { 0xE128, 0xF1AD }, // U+E128 = 0xF1 0xAD
    { 0xE129, 0xF1AE }, // U+E129 = 0xF1 0xAE
    { 0xE12A, 0xF1AF }, // U+E12A = 0xF1 0xAF
    { 0xE12B, 0xF1B0 }, // U+E12B = 0xF1 0xB0
    { 0xE12C, 0xF1B1 }, // U+E12C = 0xF1 0xB1
    { 0xE12D, 0xF1B2 }, // U+E12D = 0xF1 0xB2
    { 0xE12E, 0xF1B3 }, // U+E12E = 0xF1 0xB3
    { 0xE12F, 0xF1B4 }, // U+E12F = 0xF1 0xB4
    { 0xE130, 0xF1B5 }, // U+E130 = 0xF1 0xB5
    { 0xE131, 0xF1B6 }, // U+E131 = 0xF1 0xB6
    { 0xE132, 0xF1B7 }, // U+E132 = 0xF1 0xB7
    { 0xE133, 0xF1B8 }, // U+E133 = 0xF1 0xB8
    { 0xE134, 0xF1B9 }, // U+E134 = 0xF1 0xB9
    { 0xE135, 0xF1BA }, // U+E135 = 0xF1 0xBA
    { 0xE136, 0xF1BB }, // U+E136 = 0xF1 0xBB
    { 0xE137, 0xF1BC }, // U+E137 = 0xF1 0xBC
    { 0xE138, 0xF1BD }, // U+E138 = 0xF1 0xBD
    { 0xE139, 0xF1BE }, // U+E139 = 0xF1 0xBE
    { 0xE13A, 0xF1BF }, // U+E13A = 0xF1 0xBF
    { 0xE13B, 0xF1C0 }, // U+E13B = 0xF1 0xC0
    { 0xE13C, 0xF1C1 }, // U+E13C = 0xF1 0xC1
    { 0xE13D, 0xF1C2 }, // U+E13D = 0xF1 0xC2
    { 0xE13E, 0xF1C3 }, // U+E13E = 0xF1 0xC3
    { 0xE13F, 0xF1C4 }, // U+E13F = 0xF1 0xC4
    { 0xE140, 0xF1C5 }, // U+E140 = 0xF1 0xC5
    { 0xE141, 0xF1C6 }, // U+E141 = 0xF1 0xC6
    { 0xE142, 0xF1C7 }, // U+E142 = 0xF1 0xC7
    { 0xE143, 0xF1C8 }, // U+E143 = 0xF1 0xC8
    { 0xE144, 0xF1C9 }, // U+E144 = 0xF1 0xC9
    { 0xE145, 0xF1CA }, // U+E145 = 0xF1 0xCA
    { 0xE146, 0xF1CB }, // U+E146 = 0xF1 0xCB
    { 0xE147, 0xF1CC }, // U+E147 = 0xF1 0xCC
    { 0xE148, 0xF1CD }, // U+E148 = 0xF1 0xCD
    { 0xE149, 0xF1CE }, // U+E149 = 0xF1 0xCE
    { 0xE14A, 0xF1CF }, // U+E14A = 0xF1 0xCF
    { 0xE14B, 0xF1D0 }, // U+E14B = 0xF1 0xD0
    { 0xE14C, 0xF1D1 }, // U+E14C = 0xF1 0xD1
    { 0xE14D, 0xF1D2 }, // U+E14D = 0xF1 0xD2
    { 0xE14E, 0xF1D3 }, // U+E14E = 0xF1 0xD3
    { 0xE14F, 0xF1D4 }, // U+E14F = 0xF1 0xD4
    { 0xE150, 0xF1D5 }, // U+E150 = 0xF1 0xD5
    { 0xE151, 0xF1D6 }, // U+E151 = 0xF1 0xD6
    { 0xE152, 0xF1D7 }, // U+E152 = 0xF1 0xD7
    { 0xE153, 0xF1D8 }, // U+E153 = 0xF1 0xD8
    { 0xE154, 0xF1D9 }, // U+E154 = 0xF1 0xD9
    { 0xE155, 0xF1DA }, // U+E155 = 0xF1 0xDA
    { 0xE156, 0xF1DB }, // U+E156 = 0xF1 0xDB
    { 0xE157, 0xF1DC }, // U+E157 = 0xF1 0xDC
    { 0xE158, 0xF1DD }, // U+E158 = 0xF1 0xDD
    { 0xE159, 0xF1DE }, // U+E159 = 0xF1 0xDE
    { 0xE15A, 0xF1DF }, // U+E15A = 0xF1 0xDF
    { 0xE15B, 0xF1E0 }, // U+E15B = 0xF1 0xE0
    { 0xE15C, 0xF1E1 }, // U+E15C = 0xF1 0xE1
    { 0xE15D, 0xF1E2 }, // U+E15D = 0xF1 0xE2
    { 0xE15E, 0xF1E3 }, // U+E15E = 0xF1 0xE3
    { 0xE15F, 0xF1E4 }, // U+E15F = 0xF1 0xE4
    { 0xE160, 0xF1E5 }, // U+E160 = 0xF1 0xE5
    { 0xE161, 0xF1E6 }, // U+E161 = 0xF1 0xE6
    { 0xE162, 0xF1E7 }, // U+E162 = 0xF1 0xE7
    { 0xE163, 0xF1E8 }, // U+E163 = 0xF1 0xE8
    { 0xE164, 0xF1E9 }, // U+E164 = 0xF1 0xE9
    { 0xE165, 0xF1EA }, // U+E165 = 0xF1 0xEA
    { 0xE166, 0xF1EB }, // U+E166 = 0xF1 0xEB
    { 0xE167, 0xF1EC }, // U+E167 = 0xF1 0xEC
    { 0xE168, 0xF1ED }, // U+E168 = 0xF1 0xED
    { 0xE169, 0xF1EE }, // U+E169 = 0xF1 0xEE
    { 0xE16A, 0xF1EF }, // U+E16A = 0xF1 0xEF
    { 0xE16B, 0xF1F0 }, // U+E16B = 0xF1 0xF0
    { 0xE16C, 0xF1F1 }, // U+E16C = 0xF1 0xF1
    { 0xE16D, 0xF1F2 }, // U+E16D = 0xF1 0xF2
    { 0xE16E, 0xF1F3 }, // U+E16E = 0xF1 0xF3
    { 0xE16F, 0xF1F4 }, // U+E16F = 0xF1 0xF4
    { 0xE170, 0xF1F5 }, // U+E170 = 0xF1 0xF5
    { 0xE171, 0xF1F6 }, // U+E171 = 0xF1 0xF6
    { 0xE172, 0xF1F7 }, // U+E172 = 0xF1 0xF7
    { 0xE173, 0xF1F8 }, // U+E173 = 0xF1 0xF8
    { 0xE174, 0xF1F9 }, // U+E174 = 0xF1 0xF9
    { 0xE175, 0xF1FA }, // U+E175 = 0xF1 0xFA
    { 0xE176, 0xF1FB }, // U+E176 = 0xF1 0xFB
    { 0xE177, 0xF1FC }, // U+E177 = 0xF1 0xFC
    { 0xE178, 0xF240 }, // U+E178 = 0xF2 0x40
    { 0xE179, 0xF241 }, // U+E179 = 0xF2 0x41
    { 0xE17A, 0xF242 }, // U+E17A = 0xF2 0x42
    { 0xE17B, 0xF243 }, // U+E17B = 0xF2 0x43
    { 0xE17C, 0xF244 }, // U+E17C = 0xF2 0x44
    { 0xE17D, 0xF245 }, // U+E17D = 0xF2 0x45
    { 0xE17E, 0xF246 }, // U+E17E = 0xF2 0x46
    { 0xE17F, 0xF247 }, // U+E17F = 0xF2 0x47
    { 0xE180, 0xF248 }, // U+E180 = 0xF2 0x48
    { 0xE181, 0xF249 }, // U+E181 = 0xF2 0x49
    { 0xE182, 0xF24A }, // U+E182 = 0xF2 0x4A
    { 0xE183, 0xF24B }, // U+E183 = 0xF2 0x4B
    { 0xE184, 0xF24C }, // U+E184 = 0xF2 0x4C
    { 0xE185, 0xF24D }, // U+E185 = 0xF2 0x4D
    { 0xE186, 0xF24E }, // U+E186 = 0xF2 0x4E
    { 0xE187, 0xF24F }, // U+E187 = 0xF2 0x4F
    { 0xE188, 0xF250 }, // U+E188 = 0xF2 0x50
    { 0xE189, 0xF251 }, // U+E189 = 0xF2 0x51
    { 0xE18A, 0xF252 }, // U+E18A = 0xF2 0x52
    { 0xE18B, 0xF253 }, // U+E18B = 0xF2 0x53
    { 0xE18C, 0xF254 }, // U+E18C = 0xF2 0x54
    { 0xE18D, 0xF255 }, // U+E18D = 0xF2 0x55
    { 0xE18E, 0xF256 }, // U+E18E = 0xF2 0x56
    { 0xE18F, 0xF257 }, // U+E18F = 0xF2 0x57
    { 0xE190, 0xF258 }, // U+E190 = 0xF2 0x58
    { 0xE191, 0xF259 }, // U+E191 = 0xF2 0x59
    { 0xE192, 0xF25A }, // U+E192 = 0xF2 0x5A
    { 0xE193, 0xF25B }, // U+E193 = 0xF2 0x5B
    { 0xE194, 0xF25C }, // U+E194 = 0xF2 0x5C
    { 0xE195, 0xF25D }, // U+E195 = 0xF2 0x5D
    { 0xE196, 0xF25E }, // U+E196 = 0xF2 0x5E
    { 0xE197, 0xF25F }, // U+E197 = 0xF2 0x5F
    { 0xE198, 0xF260 }, // U+E198 = 0xF2 0x60
    { 0xE199, 0xF261 }, // U+E199 = 0xF2 0x61
    { 0xE19A, 0xF262 }, // U+E19A = 0xF2 0x62
    { 0xE19B, 0xF263 }, // U+E19B = 0xF2 0x63
    { 0xE19C, 0xF264 }, // U+E19C = 0xF2 0x64
    { 0xE19D, 0xF265 }, // U+E19D = 0xF2 0x65
    { 0xE19E, 0xF266 }, // U+E19E = 0xF2 0x66
    { 0xE19F, 0xF267 }, // U+E19F = 0xF2 0x67
    { 0xE1A0, 0xF268 }, // U+E1A0 = 0xF2 0x68
    { 0xE1A1, 0xF269 }, // U+E1A1 = 0xF2 0x69
    { 0xE1A2, 0xF26A }, // U+E1A2 = 0xF2 0x6A
    { 0xE1A3, 0xF26B }, // U+E1A3 = 0xF2 0x6B
    { 0xE1A4, 0xF26C }, // U+E1A4 = 0xF2 0x6C
    { 0xE1A5, 0xF26D }, // U+E1A5 = 0xF2 0x6D
    { 0xE1A6, 0xF26E }, // U+E1A6 = 0xF2 0x6E
    { 0xE1A7, 0xF26F }, // U+E1A7 = 0xF2 0x6F
    { 0xE1A8, 0xF270 }, // U+E1A8 = 0xF2 0x70
    { 0xE1A9, 0xF271 }, // U+E1A9 = 0xF2 0x71
    { 0xE1AA, 0xF272 }, // U+E1AA = 0xF2 0x72
    { 0xE1AB, 0xF273 }, // U+E1AB = 0xF2 0x73
    { 0xE1AC, 0xF274 }, // U+E1AC = 0xF2 0x74
    { 0xE1AD, 0xF275 }, // U+E1AD = 0xF2 0x75
    { 0xE1AE, 0xF276 }, // U+E1AE = 0xF2 0x76
    { 0xE1AF, 0xF277 }, // U+E1AF = 0xF2 0x77
    { 0xE1B0, 0xF278 }, // U+E1B0 = 0xF2 0x78
    { 0xE1B1, 0xF279 }, // U+E1B1 = 0xF2 0x79
    { 0xE1B2, 0xF27A }, // U+E1B2 = 0xF2 0x7A
    { 0xE1B3, 0xF27B }, // U+E1B3 = 0xF2 0x7B
    { 0xE1B4, 0xF27C }, // U+E1B4 = 0xF2 0x7C
    { 0xE1B5, 0xF27D }, // U+E1B5 = 0xF2 0x7D
    { 0xE1B6, 0xF27E }, // U+E1B6 = 0xF2 0x7E
    { 0xE1B7, 0xF280 }, // U+E1B7 = 0xF2 0x80
    { 0xE1B8, 0xF281 }, // U+E1B8 = 0xF2 0x81
    { 0xE1B9, 0xF282 }, // U+E1B9 = 0xF2 0x82
    { 0xE1BA, 0xF283 }, // U+E1BA = 0xF2 0x83
    { 0xE1BB, 0xF284 }, // U+E1BB = 0xF2 0x84
    { 0xE1BC, 0xF285 }, // U+E1BC = 0xF2 0x85
    { 0xE1BD, 0xF286 }, // U+E1BD = 0xF2 0x86
    { 0xE1BE, 0xF287 }, // U+E1BE = 0xF2 0x87
    { 0xE1BF, 0xF288 }, // U+E1BF = 0xF2 0x88
    { 0xE1C0, 0xF289 }, // U+E1C0 = 0xF2 0x89
    { 0xE1C1, 0xF28A }, // U+E1C1 = 0xF2 0x8A
    { 0xE1C2, 0xF28B }, // U+E1C2 = 0xF2 0x8B
    { 0xE1C3, 0xF28C }, // U+E1C3 = 0xF2 0x8C
    { 0xE1C4, 0xF28D }, // U+E1C4 = 0xF2 0x8D
    { 0xE1C5, 0xF28E }, // U+E1C5 = 0xF2 0x8E
    { 0xE1C6, 0xF28F }, // U+E1C6 = 0xF2 0x8F
    { 0xE1C7, 0xF290 }, // U+E1C7 = 0xF2 0x90
    { 0xE1C8, 0xF291 }, // U+E1C8 = 0xF2 0x91
    { 0xE1C9, 0xF292 }, // U+E1C9 = 0xF2 0x92
    { 0xE1CA, 0xF293 }, // U+E1CA = 0xF2 0x93
    { 0xE1CB, 0xF294 }, // U+E1CB = 0xF2 0x94
    { 0xE1CC, 0xF295 }, // U+E1CC = 0xF2 0x95
    { 0xE1CD, 0xF296 }, // U+E1CD = 0xF2 0x96
    { 0xE1CE, 0xF297 }, // U+E1CE = 0xF2 0x97
    { 0xE1CF, 0xF298 }, // U+E1CF = 0xF2 0x98
    { 0xE1D0, 0xF299 }, // U+E1D0 = 0xF2 0x99
    { 0xE1D1, 0xF29A }, // U+E1D1 = 0xF2 0x9A
    { 0xE1D2, 0xF29B }, // U+E1D2 = 0xF2 0x9B
    { 0xE1D3, 0xF29C }, // U+E1D3 = 0xF2 0x9C
    { 0xE1D4, 0xF29D }, // U+E1D4 = 0xF2 0x9D
    { 0xE1D5, 0xF29E }, // U+E1D5 = 0xF2 0x9E
    { 0xE1D6, 0xF29F }, // U+E1D6 = 0xF2 0x9F
    { 0xE1D7, 0xF2A0 }, // U+E1D7 = 0xF2 0xA0
    { 0xE1D8, 0xF2A1 }, // U+E1D8 = 0xF2 0xA1
    { 0xE1D9, 0xF2A2 }, // U+E1D9 = 0xF2 0xA2
    { 0xE1DA, 0xF2A3 }, // U+E1DA = 0xF2 0xA3
    { 0xE1DB, 0xF2A4 }, // U+E1DB = 0xF2 0xA4
    { 0xE1DC, 0xF2A5 }, // U+E1DC = 0xF2 0xA5
    { 0xE1DD, 0xF2A6 }, // U+E1DD = 0xF2 0xA6
    { 0xE1DE, 0xF2A7 }, // U+E1DE = 0xF2 0xA7
    { 0xE1DF, 0xF2A8 }, // U+E1DF = 0xF2 0xA8
    { 0xE1E0, 0xF2A9 }, // U+E1E0 = 0xF2 0xA9
    { 0xE1E1, 0xF2AA }, // U+E1E1 = 0xF2 0xAA
    { 0xE1E2, 0xF2AB }, // U+E1E2 = 0xF2 0xAB
    { 0xE1E3, 0xF2AC }, // U+E1E3 = 0xF2 0xAC
    { 0xE1E4, 0xF2AD }, // U+E1E4 = 0xF2 0xAD
    { 0xE1E5, 0xF2AE }, // U+E1E5 = 0xF2 0xAE
    { 0xE1E6, 0xF2AF }, // U+E1E6 = 0xF2 0xAF
    { 0xE1E7, 0xF2B0 }, // U+E1E7 = 0xF2 0xB0
    { 0xE1E8, 0xF2B1 }, // U+E1E8 = 0xF2 0xB1
    { 0xE1E9, 0xF2B2 }, // U+E1E9 = 0xF2 0xB2
    { 0xE1EA, 0xF2B3 }, // U+E1EA = 0xF2 0xB3
    { 0xE1EB, 0xF2B4 }, // U+E1EB = 0xF2 0xB4
    { 0xE1EC, 0xF2B5 }, // U+E1EC = 0xF2 0xB5
    { 0xE1ED, 0xF2B6 }, // U+E1ED = 0xF2 0xB6
    { 0xE1EE, 0xF2B7 }, // U+E1EE = 0xF2 0xB7
    { 0xE1EF, 0xF2B8 }, // U+E1EF = 0xF2 0xB8
    { 0xE1F0, 0xF2B9 }, // U+E1F0 = 0xF2 0xB9
    { 0xE1F1, 0xF2BA }, // U+E1F1 = 0xF2 0xBA
    { 0xE1F2, 0xF2BB }, // U+E1F2 = 0xF2 0xBB
    { 0xE1F3, 0xF2BC }, // U+E1F3 = 0xF2 0xBC
    { 0xE1F4, 0xF2BD }, // U+E1F4 = 0xF2 0xBD
    { 0xE1F5, 0xF2BE }, // U+E1F5 = 0xF2 0xBE
    { 0xE1F6, 0xF2BF }, // U+E1F6 = 0xF2 0xBF
    { 0xE1F7, 0xF2C0 }, // U+E1F7 = 0xF2 0xC0
    { 0xE1F8, 0xF2C1 }, // U+E1F8 = 0xF2 0xC1
    { 0xE1F9, 0xF2C2 }, // U+E1F9 = 0xF2 0xC2
    { 0xE1FA, 0xF2C3 }, // U+E1FA = 0xF2 0xC3
    { 0xE1FB, 0xF2C4 }, // U+E1FB = 0xF2 0xC4
    { 0xE1FC, 0xF2C5 }, // U+E1FC = 0xF2 0xC5
    { 0xE1FD, 0xF2C6 }, // U+E1FD = 0xF2 0xC6
    { 0xE1FE, 0xF2C7 }, // U+E1FE = 0xF2 0xC7
    { 0xE1FF, 0xF2C8 }, // U+E1FF = 0xF2 0xC8
    { 0xE200, 0xF2C9 }, // U+E200 = 0xF2 0xC9
    { 0xE201, 0xF2CA }, // U+E201 = 0xF2 0xCA
    { 0xE202, 0xF2CB }, // U+E202 = 0xF2 0xCB
    { 0xE203, 0xF2CC }, // U+E203 = 0xF2 0xCC
    { 0xE204, 0xF2CD }, // U+E204 = 0xF2 0xCD
    { 0xE205, 0xF2CE }, // U+E205 = 0xF2 0xCE
    { 0xE206, 0xF2CF }, // U+E206 = 0xF2 0xCF
    { 0xE207, 0xF2D0 }, // U+E207 = 0xF2 0xD0
    { 0xE208, 0xF2D1 }, // U+E208 = 0xF2 0xD1
    { 0xE209, 0xF2D2 }, // U+E209 = 0xF2 0xD2
    { 0xE20A, 0xF2D3 }, // U+E20A = 0xF2 0xD3
    { 0xE20B, 0xF2D4 }, // U+E20B = 0xF2 0xD4
    { 0xE20C, 0xF2D5 }, // U+E20C = 0xF2 0xD5
    { 0xE20D, 0xF2D6 }, // U+E20D = 0xF2 0xD6
    { 0xE20E, 0xF2D7 }, // U+E20E = 0xF2 0xD7
    { 0xE20F, 0xF2D8 }, // U+E20F = 0xF2 0xD8
    { 0xE210, 0xF2D9 }, // U+E210 = 0xF2 0xD9
    { 0xE211, 0xF2DA }, // U+E211 = 0xF2 0xDA
    { 0xE212, 0xF2DB }, // U+E212 = 0xF2 0xDB
    { 0xE213, 0xF2DC }, // U+E213 = 0xF2 0xDC
    { 0xE214, 0xF2DD }, // U+E214 = 0xF2 0xDD
    { 0xE215, 0xF2DE }, // U+E215 = 0xF2 0xDE
    { 0xE216, 0xF2DF }, // U+E216 = 0xF2 0xDF
    { 0xE217, 0xF2E0 }, // U+E217 = 0xF2 0xE0
    { 0xE218, 0xF2E1 }, // U+E218 = 0xF2 0xE1
    { 0xE219, 0xF2E2 }, // U+E219 = 0xF2 0xE2
    { 0xE21A, 0xF2E3 }, // U+E21A = 0xF2 0xE3
    { 0xE21B, 0xF2E4 }, // U+E21B = 0xF2 0xE4
    { 0xE21C, 0xF2E5 }, // U+E21C = 0xF2 0xE5
    { 0xE21D, 0xF2E6 }, // U+E21D = 0xF2 0xE6
    { 0xE21E, 0xF2E7 }, // U+E21E = 0xF2 0xE7
    { 0xE21F, 0xF2E8 }, // U+E21F = 0xF2 0xE8
    { 0xE220, 0xF2E9 }, // U+E220 = 0xF2 0xE9
    { 0xE221, 0xF2EA }, // U+E221 = 0xF2 0xEA
    { 0xE222, 0xF2EB }, // U+E222 = 0xF2 0xEB
    { 0xE223, 0xF2EC }, // U+E223 = 0xF2 0xEC
    { 0xE224, 0xF2ED }, // U+E224 = 0xF2 0xED
    { 0xE225, 0xF2EE }, // U+E225 = 0xF2 0xEE
    { 0xE226, 0xF2EF }, // U+E226 = 0xF2 0xEF
    { 0xE227, 0xF2F0 }, // U+E227 = 0xF2 0xF0
    { 0xE228, 0xF2F1 }, // U+E228 = 0xF2 0xF1
    { 0xE229, 0xF2F2 }, // U+E229 = 0xF2 0xF2
    { 0xE22A, 0xF2F3 }, // U+E22A = 0xF2 0xF3
    { 0xE22B, 0xF2F4 }, // U+E22B = 0xF2 0xF4
    { 0xE22C, 0xF2F5 }, // U+E22C = 0xF2 0xF5
    { 0xE22D, 0xF2F6 }, // U+E22D = 0xF2 0xF6
    { 0xE22E, 0xF2F7 }, // U+E22E = 0xF2 0xF7
    { 0xE22F, 0xF2F8 }, // U+E22F = 0xF2 0xF8
    { 0xE230, 0xF2F9 }, // U+E230 = 0xF2 0xF9
    { 0xE231, 0xF2FA }, // U+E231 = 0xF2 0xFA
    { 0xE232, 0xF2FB }, // U+E232 = 0xF2 0xFB
    { 0xE233, 0xF2FC }, // U+E233 = 0xF2 0xFC
    { 0xE234, 0xF340 }, // U+E234 = 0xF3 0x40
    { 0xE235, 0xF341 }, // U+E235 = 0xF3 0x41
    { 0xE236, 0xF342 }, // U+E236 = 0xF3 0x42
    { 0xE237, 0xF343 }, // U+E237 = 0xF3 0x43
    { 0xE238, 0xF344 }, // U+E238 = 0xF3 0x44
    { 0xE239, 0xF345 }, // U+E239 = 0xF3 0x45
    { 0xE23A, 0xF346 }, // U+E23A = 0xF3 0x46
    { 0xE23B, 0xF347 }, // U+E23B = 0xF3 0x47
    { 0xE23C, 0xF348 }, // U+E23C = 0xF3 0x48
    { 0xE23D, 0xF349 }, // U+E23D = 0xF3 0x49
    { 0xE23E, 0xF34A }, // U+E23E = 0xF3 0x4A
    { 0xE23F, 0xF34B }, // U+E23F = 0xF3 0x4B
    { 0xE240, 0xF34C }, // U+E240 = 0xF3 0x4C
    { 0xE241, 0xF34D }, // U+E241 = 0xF3 0x4D
    { 0xE242, 0xF34E }, // U+E242 = 0xF3 0x4E
    { 0xE243, 0xF34F }, // U+E243 = 0xF3 0x4F
    { 0xE244, 0xF350 }, // U+E244 = 0xF3 0x50
    { 0xE245, 0xF351 }, // U+E245 = 0xF3 0x51
    { 0xE246, 0xF352 }, // U+E246 = 0xF3 0x52
    { 0xE247, 0xF353 }, // U+E247 = 0xF3 0x53
    { 0xE248, 0xF354 }, // U+E248 = 0xF3 0x54
    { 0xE249, 0xF355 }, // U+E249 = 0xF3 0x55
    { 0xE24A, 0xF356 }, // U+E24A = 0xF3 0x56
    { 0xE24B, 0xF357 }, // U+E24B = 0xF3 0x57
    { 0xE24C, 0xF358 }, // U+E24C = 0xF3 0x58
    { 0xE24D, 0xF359 }, // U+E24D = 0xF3 0x59
    { 0xE24E, 0xF35A }, // U+E24E = 0xF3 0x5A
    { 0xE24F, 0xF35B }, // U+E24F = 0xF3 0x5B
    { 0xE250, 0xF35C }, // U+E250 = 0xF3 0x5C
    { 0xE251, 0xF35D }, // U+E251 = 0xF3 0x5D
    { 0xE252, 0xF35E }, // U+E252 = 0xF3 0x5E
    { 0xE253, 0xF35F }, // U+E253 = 0xF3 0x5F
    { 0xE254, 0xF360 }, // U+E254 = 0xF3 0x60
    { 0xE255, 0xF361 }, // U+E255 = 0xF3 0x61
    { 0xE256, 0xF362 }, // U+E256 = 0xF3 0x62
    { 0xE257, 0xF363 }, // U+E257 = 0xF3 0x63
    { 0xE258, 0xF364 }, // U+E258 = 0xF3 0x64
    { 0xE259, 0xF365 }, // U+E259 = 0xF3 0x65
    { 0xE25A, 0xF366 }, // U+E25A = 0xF3 0x66
    { 0xE25B, 0xF367 }, // U+E25B = 0xF3 0x67
    { 0xE25C, 0xF368 }, // U+E25C = 0xF3 0x68
    { 0xE25D, 0xF369 }, // U+E25D = 0xF3 0x69
    { 0xE25E, 0xF36A }, // U+E25E = 0xF3 0x6A
    { 0xE25F, 0xF36B }, // U+E25F = 0xF3 0x6B
    { 0xE260, 0xF36C }, // U+E260 = 0xF3 0x6C
    { 0xE261, 0xF36D }, // U+E261 = 0xF3 0x6D
    { 0xE262, 0xF36E }, // U+E262 = 0xF3 0x6E
    { 0xE263, 0xF36F }, // U+E263 = 0xF3 0x6F
    { 0xE264, 0xF370 }, // U+E264 = 0xF3 0x70
    { 0xE265, 0xF371 }, // U+E265 = 0xF3 0x71
    { 0xE266, 0xF372 }, // U+E266 = 0xF3 0x72
    { 0xE267, 0xF373 }, // U+E267 = 0xF3 0x73
    { 0xE268, 0xF374 }, // U+E268 = 0xF3 0x74
    { 0xE269, 0xF375 }, // U+E269 = 0xF3 0x75
    { 0xE26A, 0xF376 }, // U+E26A = 0xF3 0x76
    { 0xE26B, 0xF377 }, // U+E26B = 0xF3 0x77
    { 0xE26C, 0xF378 }, // U+E26C = 0xF3 0x78
    { 0xE26D, 0xF379 }, // U+E26D = 0xF3 0x79
    { 0xE26E, 0xF37A }, // U+E26E = 0xF3 0x7A
    { 0xE26F, 0xF37B }, // U+E26F = 0xF3 0x7B
    { 0xE270, 0xF37C }, // U+E270 = 0xF3 0x7C
    { 0xE271, 0xF37D }, // U+E271 = 0xF3 0x7D
    { 0xE272, 0xF37E }, // U+E272 = 0xF3 0x7E
    { 0xE273, 0xF380 }, // U+E273 = 0xF3 0x80
    { 0xE274, 0xF381 }, // U+E274 = 0xF3 0x81
    { 0xE275, 0xF382 }, // U+E275 = 0xF3 0x82
    { 0xE276, 0xF383 }, // U+E276 = 0xF3 0x83
    { 0xE277, 0xF384 }, // U+E277 = 0xF3 0x84
    { 0xE278, 0xF385 }, // U+E278 = 0xF3 0x85
    { 0xE279, 0xF386 }, // U+E279 = 0xF3 0x86
    { 0xE27A, 0xF387 }, // U+E27A = 0xF3 0x87
    { 0xE27B, 0xF388 }, // U+E27B = 0xF3 0x88
    { 0xE27C, 0xF389 }, // U+E27C = 0xF3 0x89
    { 0xE27D, 0xF38A }, // U+E27D = 0xF3 0x8A
    { 0xE27E, 0xF38B }, // U+E27E = 0xF3 0x8B
    { 0xE27F, 0xF38C }, // U+E27F = 0xF3 0x8C
    { 0xE280, 0xF38D }, // U+E280 = 0xF3 0x8D
    { 0xE281, 0xF38E }, // U+E281 = 0xF3 0x8E
    { 0xE282, 0xF38F }, // U+E282 = 0xF3 0x8F
    { 0xE283, 0xF390 }, // U+E283 = 0xF3 0x90
    { 0xE284, 0xF391 }, // U+E284 = 0xF3 0x91
    { 0xE285, 0xF392 }, // U+E285 = 0xF3 0x92
    { 0xE286, 0xF393 }, // U+E286 = 0xF3 0x93
    { 0xE287, 0xF394 }, // U+E287 = 0xF3 0x94
    { 0xE288, 0xF395 }, // U+E288 = 0xF3 0x95
    { 0xE289, 0xF396 }, // U+E289 = 0xF3 0x96
    { 0xE28A, 0xF397 }, // U+E28A = 0xF3 0x97
    { 0xE28B, 0xF398 }, // U+E28B = 0xF3 0x98
    { 0xE28C, 0xF399 }, // U+E28C = 0xF3 0x99
    { 0xE28D, 0xF39A }, // U+E28D = 0xF3 0x9A
    { 0xE28E, 0xF39B }, // U+E28E = 0xF3 0x9B
    { 0xE28F, 0xF39C }, // U+E28F = 0xF3 0x9C
    { 0xE290, 0xF39D }, // U+E290 = 0xF3 0x9D
    { 0xE291, 0xF39E }, // U+E291 = 0xF3 0x9E
    { 0xE292, 0xF39F }, // U+E292 = 0xF3 0x9F
    { 0xE293, 0xF3A0 }, // U+E293 = 0xF3 0xA0
    { 0xE294, 0xF3A1 }, // U+E294 = 0xF3 0xA1
    { 0xE295, 0xF3A2 }, // U+E295 = 0xF3 0xA2
    { 0xE296, 0xF3A3 }, // U+E296 = 0xF3 0xA3
    { 0xE297, 0xF3A4 }, // U+E297 = 0xF3 0xA4
    { 0xE298, 0xF3A5 }, // U+E298 = 0xF3 0xA5
    { 0xE299, 0xF3A6 }, // U+E299 = 0xF3 0xA6
    { 0xE29A, 0xF3A7 }, // U+E29A = 0xF3 0xA7
    { 0xE29B, 0xF3A8 }, // U+E29B = 0xF3 0xA8
    { 0xE29C, 0xF3A9 }, // U+E29C = 0xF3 0xA9
    { 0xE29D, 0xF3AA }, // U+E29D = 0xF3 0xAA
    { 0xE29E, 0xF3AB }, // U+E29E = 0xF3 0xAB
    { 0xE29F, 0xF3AC }, // U+E29F = 0xF3 0xAC
    { 0xE2A0, 0xF3AD }, // U+E2A0 = 0xF3 0xAD
    { 0xE2A1, 0xF3AE }, // U+E2A1 = 0xF3 0xAE
    { 0xE2A2, 0xF3AF }, // U+E2A2 = 0xF3 0xAF
    { 0xE2A3, 0xF3B0 }, // U+E2A3 = 0xF3 0xB0
    { 0xE2A4, 0xF3B1 }, // U+E2A4 = 0xF3 0xB1
    { 0xE2A5, 0xF3B2 }, // U+E2A5 = 0xF3 0xB2
    { 0xE2A6, 0xF3B3 }, // U+E2A6 = 0xF3 0xB3
    { 0xE2A7, 0xF3B4 }, // U+E2A7 = 0xF3 0xB4
    { 0xE2A8, 0xF3B5 }, // U+E2A8 = 0xF3 0xB5
    { 0xE2A9, 0xF3B6 }, // U+E2A9 = 0xF3 0xB6
    { 0xE2AA, 0xF3B7 }, // U+E2AA = 0xF3 0xB7
    { 0xE2AB, 0xF3B8 }, // U+E2AB = 0xF3 0xB8
    { 0xE2AC, 0xF3B9 }, // U+E2AC = 0xF3 0xB9
    { 0xE2AD, 0xF3BA }, // U+E2AD = 0xF3 0xBA
    { 0xE2AE, 0xF3BB }, // U+E2AE = 0xF3 0xBB
    { 0xE2AF, 0xF3BC }, // U+E2AF = 0xF3 0xBC
    { 0xE2B0, 0xF3BD }, // U+E2B0 = 0xF3 0xBD
    { 0xE2B1, 0xF3BE }, // U+E2B1 = 0xF3 0xBE
    { 0xE2B2, 0xF3BF }, // U+E2B2 = 0xF3 0xBF
    { 0xE2B3, 0xF3C0 }, // U+E2B3 = 0xF3 0xC0
    { 0xE2B4, 0xF3C1 }, // U+E2B4 = 0xF3 0xC1
    { 0xE2B5, 0xF3C2 }, // U+E2B5 = 0xF3 0xC2
    { 0xE2B6, 0xF3C3 }, // U+E2B6 = 0xF3 0xC3
    { 0xE2B7, 0xF3C4 }, // U+E2B7 = 0xF3 0xC4
    { 0xE2B8, 0xF3C5 }, // U+E2B8 = 0xF3 0xC5
    { 0xE2B9, 0xF3C6 }, // U+E2B9 = 0xF3 0xC6
    { 0xE2BA, 0xF3C7 }, // U+E2BA = 0xF3 0xC7
    { 0xE2BB, 0xF3C8 }, // U+E2BB = 0xF3 0xC8
    { 0xE2BC, 0xF3C9 }, // U+E2BC = 0xF3 0xC9
    { 0xE2BD, 0xF3CA }, // U+E2BD = 0xF3 0xCA
    { 0xE2BE, 0xF3CB }, // U+E2BE = 0xF3 0xCB
    { 0xE2BF, 0xF3CC }, // U+E2BF = 0xF3 0xCC
    { 0xE2C0, 0xF3CD }, // U+E2C0 = 0xF3 0xCD
    { 0xE2C1, 0xF3CE }, // U+E2C1 = 0xF3 0xCE
    { 0xE2C2, 0xF3CF }, // U+E2C2 = 0xF3 0xCF
    { 0xE2C3, 0xF3D0 }, // U+E2C3 = 0xF3 0xD0
    { 0xE2C4, 0xF3D1 }, // U+E2C4 = 0xF3 0xD1
    { 0xE2C5, 0xF3D2 }, // U+E2C5 = 0xF3 0xD2
    { 0xE2C6, 0xF3D3 }, // U+E2C6 = 0xF3 0xD3
    { 0xE2C7, 0xF3D4 }, // U+E2C7 = 0xF3 0xD4
    { 0xE2C8, 0xF3D5 }, // U+E2C8 = 0xF3 0xD5
    { 0xE2C9, 0xF3D6 }, // U+E2C9 = 0xF3 0xD6
    { 0xE2CA, 0xF3D7 }, // U+E2CA = 0xF3 0xD7
    { 0xE2CB, 0xF3D8 }, // U+E2CB = 0xF3 0xD8
    { 0xE2CC, 0xF3D9 }, // U+E2CC = 0xF3 0xD9
    { 0xE2CD, 0xF3DA }, // U+E2CD = 0xF3 0xDA
    { 0xE2CE, 0xF3DB }, // U+E2CE = 0xF3 0xDB
    { 0xE2CF, 0xF3DC }, // U+E2CF = 0xF3 0xDC
    { 0xE2D0, 0xF3DD }, // U+E2D0 = 0xF3 0xDD
    { 0xE2D1, 0xF3DE }, // U+E2D1 = 0xF3 0xDE
    { 0xE2D2, 0xF3DF }, // U+E2D2 = 0xF3 0xDF
    { 0xE2D3, 0xF3E0 }, // U+E2D3 = 0xF3 0xE0
    { 0xE2D4, 0xF3E1 }, // U+E2D4 = 0xF3 0xE1
    { 0xE2D5, 0xF3E2 }, // U+E2D5 = 0xF3 0xE2
    { 0xE2D6, 0xF3E3 }, // U+E2D6 = 0xF3 0xE3
    { 0xE2D7, 0xF3E4 }, // U+E2D7 = 0xF3 0xE4
    { 0xE2D8, 0xF3E5 }, // U+E2D8 = 0xF3 0xE5
    { 0xE2D9, 0xF3E6 }, // U+E2D9 = 0xF3 0xE6
    { 0xE2DA, 0xF3E7 }, // U+E2DA = 0xF3 0xE7
    { 0xE2DB, 0xF3E8 }, // U+E2DB = 0xF3 0xE8
    { 0xE2DC, 0xF3E9 }, // U+E2DC = 0xF3 0xE9
    { 0xE2DD, 0xF3EA }, // U+E2DD = 0xF3 0xEA
    { 0xE2DE, 0xF3EB }, // U+E2DE = 0xF3 0xEB
    { 0xE2DF, 0xF3EC }, // U+E2DF = 0xF3 0xEC
    { 0xE2E0, 0xF3ED }, // U+E2E0 = 0xF3 0xED
    { 0xE2E1, 0xF3EE }, // U+E2E1 = 0xF3 0xEE
    { 0xE2E2, 0xF3EF }, // U+E2E2 = 0xF3 0xEF
    { 0xE2E3, 0xF3F0 }, // U+E2E3 = 0xF3 0xF0
    { 0xE2E4, 0xF3F1 }, // U+E2E4 = 0xF3 0xF1
    { 0xE2E5, 0xF3F2 }, // U+E2E5 = 0xF3 0xF2
    { 0xE2E6, 0xF3F3 }, // U+E2E6 = 0xF3 0xF3
    { 0xE2E7, 0xF3F4 }, // U+E2E7 = 0xF3 0xF4
    { 0xE2E8, 0xF3F5 }, // U+E2E8 = 0xF3 0xF5
    { 0xE2E9, 0xF3F6 }, // U+E2E9 = 0xF3 0xF6
    { 0xE2EA, 0xF3F7 }, // U+E2EA = 0xF3 0xF7
    { 0xE2EB, 0xF3F8 }, // U+E2EB = 0xF3 0xF8
    { 0xE2EC, 0xF3F9 }, // U+E2EC = 0xF3 0xF9
    { 0xE2ED, 0xF3FA }, // U+E2ED = 0xF3 0xFA
    { 0xE2EE, 0xF3FB }, // U+E2EE = 0xF3 0xFB
    { 0xE2EF, 0xF3FC }, // U+E2EF = 0xF3 0xFC
    { 0xE2F0, 0xF440 }, // U+E2F0 = 0xF4 0x40
    { 0xE2F1, 0xF441 }, // U+E2F1 = 0xF4 0x41
    { 0xE2F2, 0xF442 }, // U+E2F2 = 0xF4 0x42
    { 0xE2F3, 0xF443 }, // U+E2F3 = 0xF4 0x43
    { 0xE2F4, 0xF444 }, // U+E2F4 = 0xF4 0x44
    { 0xE2F5, 0xF445 }, // U+E2F5 = 0xF4 0x45
    { 0xE2F6, 0xF446 }, // U+E2F6 = 0xF4 0x46
    { 0xE2F7, 0xF447 }, // U+E2F7 = 0xF4 0x47
    { 0xE2F8, 0xF448 }, // U+E2F8 = 0xF4 0x48
    { 0xE2F9, 0xF449 }, // U+E2F9 = 0xF4 0x49
    { 0xE2FA, 0xF44A }, // U+E2FA = 0xF4 0x4A
    { 0xE2FB, 0xF44B }, // U+E2FB = 0xF4 0x4B
    { 0xE2FC, 0xF44C }, // U+E2FC = 0xF4 0x4C
    { 0xE2FD, 0xF44D }, // U+E2FD = 0xF4 0x4D
    { 0xE2FE, 0xF44E }, // U+E2FE = 0xF4 0x4E
    { 0xE2FF, 0xF44F }, // U+E2FF = 0xF4 0x4F
    { 0xE300, 0xF450 }, // U+E300 = 0xF4 0x50
    { 0xE301, 0xF451 }, // U+E301 = 0xF4 0x51
    { 0xE302, 0xF452 }, // U+E302 = 0xF4 0x52
    { 0xE303, 0xF453 }, // U+E303 = 0xF4 0x53
    { 0xE304, 0xF454 }, // U+E304 = 0xF4 0x54
    { 0xE305, 0xF455 }, // U+E305 = 0xF4 0x55
    { 0xE306, 0xF456 }, // U+E306 = 0xF4 0x56
    { 0xE307, 0xF457 }, // U+E307 = 0xF4 0x57
    { 0xE308, 0xF458 }, // U+E308 = 0xF4 0x58
    { 0xE309, 0xF459 }, // U+E309 = 0xF4 0x59
    { 0xE30A, 0xF45A }, // U+E30A = 0xF4 0x5A
    { 0xE30B, 0xF45B }, // U+E30B = 0xF4 0x5B
    { 0xE30C, 0xF45C }, // U+E30C = 0xF4 0x5C
    { 0xE30D, 0xF45D }, // U+E30D = 0xF4 0x5D
    { 0xE30E, 0xF45E }, // U+E30E = 0xF4 0x5E
    { 0xE30F, 0xF45F }, // U+E30F = 0xF4 0x5F
    { 0xE310, 0xF460 }, // U+E310 = 0xF4 0x60
    { 0xE311, 0xF461 }, // U+E311 = 0xF4 0x61
    { 0xE312, 0xF462 }, // U+E312 = 0xF4 0x62
    { 0xE313, 0xF463 }, // U+E313 = 0xF4 0x63
    { 0xE314, 0xF464 }, // U+E314 = 0xF4 0x64
    { 0xE315, 0xF465 }, // U+E315 = 0xF4 0x65
    { 0xE316, 0xF466 }, // U+E316 = 0xF4 0x66
    { 0xE317, 0xF467 }, // U+E317 = 0xF4 0x67
    { 0xE318, 0xF468 }, // U+E318 = 0xF4 0x68
    { 0xE319, 0xF469 }, // U+E319 = 0xF4 0x69
    { 0xE31A, 0xF46A }, // U+E31A = 0xF4 0x6A
    { 0xE31B, 0xF46B }, // U+E31B = 0xF4 0x6B
    { 0xE31C, 0xF46C }, // U+E31C = 0xF4 0x6C
    { 0xE31D, 0xF46D }, // U+E31D = 0xF4 0x6D
    { 0xE31E, 0xF46E }, // U+E31E = 0xF4 0x6E
    { 0xE31F, 0xF46F }, // U+E31F = 0xF4 0x6F
    { 0xE320, 0xF470 }, // U+E320 = 0xF4 0x70
    { 0xE321, 0xF471 }, // U+E321 = 0xF4 0x71
    { 0xE322, 0xF472 }, // U+E322 = 0xF4 0x72
    { 0xE323, 0xF473 }, // U+E323 = 0xF4 0x73
    { 0xE324, 0xF474 }, // U+E324 = 0xF4 0x74
    { 0xE325, 0xF475 }, // U+E325 = 0xF4 0x75
    { 0xE326, 0xF476 }, // U+E326 = 0xF4 0x76
    { 0xE327, 0xF477 }, // U+E327 = 0xF4 0x77
    { 0xE328, 0xF478 }, // U+E328 = 0xF4 0x78
    { 0xE329, 0xF479 }, // U+E329 = 0xF4 0x79
    { 0xE32A, 0xF47A }, // U+E32A = 0xF4 0x7A
    { 0xE32B, 0xF47B }, // U+E32B = 0xF4 0x7B
    { 0xE32C, 0xF47C }, // U+E32C = 0xF4 0x7C
    { 0xE32D, 0xF47D }, // U+E32D = 0xF4 0x7D
    { 0xE32E, 0xF47E }, // U+E32E = 0xF4 0x7E
    { 0xE32F, 0xF480 }, // U+E32F = 0xF4 0x80
    { 0xE330, 0xF481 }, // U+E330 = 0xF4 0x81
    { 0xE331, 0xF482 }, // U+E331 = 0xF4 0x82
    { 0xE332, 0xF483 }, // U+E332 = 0xF4 0x83
    { 0xE333, 0xF484 }, // U+E333 = 0xF4 0x84
    { 0xE334, 0xF485 }, // U+E334 = 0xF4 0x85
    { 0xE335, 0xF486 }, // U+E335 = 0xF4 0x86
    { 0xE336, 0xF487 }, // U+E336 = 0xF4 0x87
    { 0xE337, 0xF488 }, // U+E337 = 0xF4 0x88
    { 0xE338, 0xF489 }, // U+E338 = 0xF4 0x89
    { 0xE339, 0xF48A }, // U+E339 = 0xF4 0x8A
    { 0xE33A, 0xF48B }, // U+E33A = 0xF4 0x8B
    { 0xE33B, 0xF48C }, // U+E33B = 0xF4 0x8C
    { 0xE33C, 0xF48D }, // U+E33C = 0xF4 0x8D
    { 0xE33D, 0xF48E }, // U+E33D = 0xF4 0x8E
    { 0xE33E, 0xF48F }, // U+E33E = 0xF4 0x8F
    { 0xE33F, 0xF490 }, // U+E33F = 0xF4 0x90
    { 0xE340, 0xF491 }, // U+E340 = 0xF4 0x91
    { 0xE341, 0xF492 }, // U+E341 = 0xF4 0x92
    { 0xE342, 0xF493 }, // U+E342 = 0xF4 0x93
    { 0xE343, 0xF494 }, // U+E343 = 0xF4 0x94
    { 0xE344, 0xF495 }, // U+E344 = 0xF4 0x95
    { 0xE345, 0xF496 }, // U+E345 = 0xF4 0x96
    { 0xE346, 0xF497 }, // U+E346 = 0xF4 0x97
    { 0xE347, 0xF498 }, // U+E347 = 0xF4 0x98
    { 0xE348, 0xF499 }, // U+E348 = 0xF4 0x99
    { 0xE349, 0xF49A }, // U+E349 = 0xF4 0x9A
    { 0xE34A, 0xF49B }, // U+E34A = 0xF4 0x9B
    { 0xE34B, 0xF49C }, // U+E34B = 0xF4 0x9C
    { 0xE34C, 0xF49D }, // U+E34C = 0xF4 0x9D
    { 0xE34D, 0xF49E }, // U+E34D = 0xF4 0x9E
    { 0xE34E, 0xF49F }, // U+E34E = 0xF4 0x9F
    { 0xE34F, 0xF4A0 }, // U+E34F = 0xF4 0xA0
    { 0xE350, 0xF4A1 }, // U+E350 = 0xF4 0xA1
    { 0xE351, 0xF4A2 }, // U+E351 = 0xF4 0xA2
    { 0xE352, 0xF4A3 }, // U+E352 = 0xF4 0xA3
    { 0xE353, 0xF4A4 }, // U+E353 = 0xF4 0xA4
    { 0xE354, 0xF4A5 }, // U+E354 = 0xF4 0xA5
    { 0xE355, 0xF4A6 }, // U+E355 = 0xF4 0xA6
    { 0xE356, 0xF4A7 }, // U+E356 = 0xF4 0xA7
    { 0xE357, 0xF4A8 }, // U+E357 = 0xF4 0xA8
    { 0xE358, 0xF4A9 }, // U+E358 = 0xF4 0xA9
    { 0xE359, 0xF4AA }, // U+E359 = 0xF4 0xAA
    { 0xE35A, 0xF4AB }, // U+E35A = 0xF4 0xAB
    { 0xE35B, 0xF4AC }, // U+E35B = 0xF4 0xAC
    { 0xE35C, 0xF4AD }, // U+E35C = 0xF4 0xAD
    { 0xE35D, 0xF4AE }, // U+E35D = 0xF4 0xAE
    { 0xE35E, 0xF4AF }, // U+E35E = 0xF4 0xAF
    { 0xE35F, 0xF4B0 }, // U+E35F = 0xF4 0xB0
    { 0xE360, 0xF4B1 }, // U+E360 = 0xF4 0xB1
    { 0xE361, 0xF4B2 }, // U+E361 = 0xF4 0xB2
    { 0xE362, 0xF4B3 }, // U+E362 = 0xF4 0xB3
    { 0xE363, 0xF4B4 }, // U+E363 = 0xF4 0xB4
    { 0xE364, 0xF4B5 }, // U+E364 = 0xF4 0xB5
    { 0xE365, 0xF4B6 }, // U+E365 = 0xF4 0xB6
    { 0xE366, 0xF4B7 }, // U+E366 = 0xF4 0xB7
    { 0xE367, 0xF4B8 }, // U+E367 = 0xF4 0xB8
    { 0xE368, 0xF4B9 }, // U+E368 = 0xF4 0xB9
    { 0xE369, 0xF4BA }, // U+E369 = 0xF4 0xBA
    { 0xE36A, 0xF4BB }, // U+E36A = 0xF4 0xBB
    { 0xE36B, 0xF4BC }, // U+E36B = 0xF4 0xBC
    { 0xE36C, 0xF4BD }, // U+E36C = 0xF4 0xBD
    { 0xE36D, 0xF4BE }, // U+E36D = 0xF4 0xBE
    { 0xE36E, 0xF4BF }, // U+E36E = 0xF4 0xBF
    { 0xE36F, 0xF4C0 }, // U+E36F = 0xF4 0xC0
    { 0xE370, 0xF4C1 }, // U+E370 = 0xF4 0xC1
    { 0xE371, 0xF4C2 }, // U+E371 = 0xF4 0xC2
    { 0xE372, 0xF4C3 }, // U+E372 = 0xF4 0xC3
    { 0xE373, 0xF4C4 }, // U+E373 = 0xF4 0xC4
    { 0xE374, 0xF4C5 }, // U+E374 = 0xF4 0xC5
    { 0xE375, 0xF4C6 }, // U+E375 = 0xF4 0xC6
    { 0xE376, 0xF4C7 }, // U+E376 = 0xF4 0xC7
    { 0xE377, 0xF4C8 }, // U+E377 = 0xF4 0xC8
    { 0xE378, 0xF4C9 }, // U+E378 = 0xF4 0xC9
    { 0xE379, 0xF4CA }, // U+E379 = 0xF4 0xCA
    { 0xE37A, 0xF4CB }, // U+E37A = 0xF4 0xCB
    { 0xE37B, 0xF4CC }, // U+E37B = 0xF4 0xCC
    { 0xE37C, 0xF4CD }, // U+E37C = 0xF4 0xCD
    { 0xE37D, 0xF4CE }, // U+E37D = 0xF4 0xCE
    { 0xE37E, 0xF4CF }, // U+E37E = 0xF4 0xCF
    { 0xE37F, 0xF4D0 }, // U+E37F = 0xF4 0xD0
    { 0xE380, 0xF4D1 }, // U+E380 = 0xF4 0xD1
    { 0xE381, 0xF4D2 }, // U+E381 = 0xF4 0xD2
    { 0xE382, 0xF4D3 }, // U+E382 = 0xF4 0xD3
    { 0xE383, 0xF4D4 }, // U+E383 = 0xF4 0xD4
    { 0xE384, 0xF4D5 }, // U+E384 = 0xF4 0xD5
    { 0xE385, 0xF4D6 }, // U+E385 = 0xF4 0xD6
    { 0xE386, 0xF4D7 }, // U+E386 = 0xF4 0xD7
    { 0xE387, 0xF4D8 }, // U+E387 = 0xF4 0xD8
    { 0xE388, 0xF4D9 }, // U+E388 = 0xF4 0xD9
    { 0xE389, 0xF4DA }, // U+E389 = 0xF4 0xDA
    { 0xE38A, 0xF4DB }, // U+E38A = 0xF4 0xDB
    { 0xE38B, 0xF4DC }, // U+E38B = 0xF4 0xDC
    { 0xE38C, 0xF4DD }, // U+E38C = 0xF4 0xDD
    { 0xE38D, 0xF4DE }, // U+E38D = 0xF4 0xDE
    { 0xE38E, 0xF4DF }, // U+E38E = 0xF4 0xDF
    { 0xE38F, 0xF4E0 }, // U+E38F = 0xF4 0xE0
    { 0xE390, 0xF4E1 }, // U+E390 = 0xF4 0xE1
    { 0xE391, 0xF4E2 }, // U+E391 = 0xF4 0xE2
    { 0xE392, 0xF4E3 }, // U+E392 = 0xF4 0xE3
    { 0xE393, 0xF4E4 }, // U+E393 = 0xF4 0xE4
    { 0xE394, 0xF4E5 }, // U+E394 = 0xF4 0xE5
    { 0xE395, 0xF4E6 }, // U+E395 = 0xF4 0xE6
    { 0xE396, 0xF4E7 }, // U+E396 = 0xF4 0xE7
    { 0xE397, 0xF4E8 }, // U+E397 = 0xF4 0xE8
    { 0xE398, 0xF4E9 }, // U+E398 = 0xF4 0xE9
    { 0xE399, 0xF4EA }, // U+E399 = 0xF4 0xEA
    { 0xE39A, 0xF4EB }, // U+E39A = 0xF4 0xEB
    { 0xE39B, 0xF4EC }, // U+E39B = 0xF4 0xEC
    { 0xE39C, 0xF4ED }, // U+E39C = 0xF4 0xED
    { 0xE39D, 0xF4EE }, // U+E39D = 0xF4 0xEE
    { 0xE39E, 0xF4EF }, // U+E39E = 0xF4 0xEF
    { 0xE39F, 0xF4F0 }, // U+E39F = 0xF4 0xF0
    { 0xE3A0, 0xF4F1 }, // U+E3A0 = 0xF4 0xF1
    { 0xE3A1, 0xF4F2 }, // U+E3A1 = 0xF4 0xF2
    { 0xE3A2, 0xF4F3 }, // U+E3A2 = 0xF4 0xF3
    { 0xE3A3, 0xF4F4 }, // U+E3A3 = 0xF4 0xF4
    { 0xE3A4, 0xF4F5 }, // U+E3A4 = 0xF4 0xF5
    { 0xE3A5, 0xF4F6 }, // U+E3A5 = 0xF4 0xF6
    { 0xE3A6, 0xF4F7 }, // U+E3A6 = 0xF4 0xF7
    { 0xE3A7, 0xF4F8 }, // U+E3A7 = 0xF4 0xF8
    { 0xE3A8, 0xF4F9 }, // U+E3A8 = 0xF4 0xF9
    { 0xE3A9, 0xF4FA }, // U+E3A9 = 0xF4 0xFA
    { 0xE3AA, 0xF4FB }, // U+E3AA = 0xF4 0xFB
    { 0xE3AB, 0xF4FC }, // U+E3AB = 0xF4 0xFC
    { 0xE3AC, 0xF540 }, // U+E3AC = 0xF5 0x40
    { 0xE3AD, 0xF541 }, // U+E3AD = 0xF5 0x41
    { 0xE3AE, 0xF542 }, // U+E3AE = 0xF5 0x42
    { 0xE3AF, 0xF543 }, // U+E3AF = 0xF5 0x43
    { 0xE3B0, 0xF544 }, // U+E3B0 = 0xF5 0x44
    { 0xE3B1, 0xF545 }, // U+E3B1 = 0xF5 0x45
    { 0xE3B2, 0xF546 }, // U+E3B2 = 0xF5 0x46
    { 0xE3B3, 0xF547 }, // U+E3B3 = 0xF5 0x47
    { 0xE3B4, 0xF548 }, // U+E3B4 = 0xF5 0x48
    { 0xE3B5, 0xF549 }, // U+E3B5 = 0xF5 0x49
    { 0xE3B6, 0xF54A }, // U+E3B6 = 0xF5 0x4A
    { 0xE3B7, 0xF54B }, // U+E3B7 = 0xF5 0x4B
    { 0xE3B8, 0xF54C }, // U+E3B8 = 0xF5 0x4C
    { 0xE3B9, 0xF54D }, // U+E3B9 = 0xF5 0x4D
    { 0xE3BA, 0xF54E }, // U+E3BA = 0xF5 0x4E
    { 0xE3BB, 0xF54F }, // U+E3BB = 0xF5 0x4F
    { 0xE3BC, 0xF550 }, // U+E3BC = 0xF5 0x50
    { 0xE3BD, 0xF551 }, // U+E3BD = 0xF5 0x51
    { 0xE3BE, 0xF552 }, // U+E3BE = 0xF5 0x52
    { 0xE3BF, 0xF553 }, // U+E3BF = 0xF5 0x53
    { 0xE3C0, 0xF554 }, // U+E3C0 = 0xF5 0x54
    { 0xE3C1, 0xF555 }, // U+E3C1 = 0xF5 0x55
    { 0xE3C2, 0xF556 }, // U+E3C2 = 0xF5 0x56
    { 0xE3C3, 0xF557 }, // U+E3C3 = 0xF5 0x57
    { 0xE3C4, 0xF558 }, // U+E3C4 = 0xF5 0x58
    { 0xE3C5, 0xF559 }, // U+E3C5 = 0xF5 0x59
    { 0xE3C6, 0xF55A }, // U+E3C6 = 0xF5 0x5A
    { 0xE3C7, 0xF55B }, // U+E3C7 = 0xF5 0x5B
    { 0xE3C8, 0xF55C }, // U+E3C8 = 0xF5 0x5C
    { 0xE3C9, 0xF55D }, // U+E3C9 = 0xF5 0x5D
    { 0xE3CA, 0xF55E }, // U+E3CA = 0xF5 0x5E
    { 0xE3CB, 0xF55F }, // U+E3CB = 0xF5 0x5F
    { 0xE3CC, 0xF560 }, // U+E3CC = 0xF5 0x60
    { 0xE3CD, 0xF561 }, // U+E3CD = 0xF5 0x61
    { 0xE3CE, 0xF562 }, // U+E3CE = 0xF5 0x62
    { 0xE3CF, 0xF563 }, // U+E3CF = 0xF5 0x63
    { 0xE3D0, 0xF564 }, // U+E3D0 = 0xF5 0x64
    { 0xE3D1, 0xF565 }, // U+E3D1 = 0xF5 0x65
    { 0xE3D2, 0xF566 }, // U+E3D2 = 0xF5 0x66
    { 0xE3D3, 0xF567 }, // U+E3D3 = 0xF5 0x67
    { 0xE3D4, 0xF568 }, // U+E3D4 = 0xF5 0x68
    { 0xE3D5, 0xF569 }, // U+E3D5 = 0xF5 0x69
    { 0xE3D6, 0xF56A }, // U+E3D6 = 0xF5 0x6A
    { 0xE3D7, 0xF56B }, // U+E3D7 = 0xF5 0x6B
    { 0xE3D8, 0xF56C }, // U+E3D8 = 0xF5 0x6C
    { 0xE3D9, 0xF56D }, // U+E3D9 = 0xF5 0x6D
    { 0xE3DA, 0xF56E }, // U+E3DA = 0xF5 0x6E
    { 0xE3DB, 0xF56F }, // U+E3DB = 0xF5 0x6F
    { 0xE3DC, 0xF570 }, // U+E3DC = 0xF5 0x70
    { 0xE3DD, 0xF571 }, // U+E3DD = 0xF5 0x71
    { 0xE3DE, 0xF572 }, // U+E3DE = 0xF5 0x72
    { 0xE3DF, 0xF573 }, // U+E3DF = 0xF5 0x73
    { 0xE3E0, 0xF574 }, // U+E3E0 = 0xF5 0x74
    { 0xE3E1, 0xF575 }, // U+E3E1 = 0xF5 0x75
    { 0xE3E2, 0xF576 }, // U+E3E2 = 0xF5 0x76
    { 0xE3E3, 0xF577 }, // U+E3E3 = 0xF5 0x77
    { 0xE3E4, 0xF578 }, // U+E3E4 = 0xF5 0x78
    { 0xE3E5, 0xF579 }, // U+E3E5 = 0xF5 0x79
    { 0xE3E6, 0xF57A }, // U+E3E6 = 0xF5 0x7A
    { 0xE3E7, 0xF57B }, // U+E3E7 = 0xF5 0x7B
    { 0xE3E8, 0xF57C }, // U+E3E8 = 0xF5 0x7C
    { 0xE3E9, 0xF57D }, // U+E3E9 = 0xF5 0x7D
    { 0xE3EA, 0xF57E }, // U+E3EA = 0xF5 0x7E
    { 0xE3EB, 0xF580 }, // U+E3EB = 0xF5 0x80
    { 0xE3EC, 0xF581 }, // U+E3EC = 0xF5 0x81
    { 0xE3ED, 0xF582 }, // U+E3ED = 0xF5 0x82
    { 0xE3EE, 0xF583 }, // U+E3EE = 0xF5 0x83
    { 0xE3EF, 0xF584 }, // U+E3EF = 0xF5 0x84
    { 0xE3F0, 0xF585 }, // U+E3F0 = 0xF5 0x85
    { 0xE3F1, 0xF586 }, // U+E3F1 = 0xF5 0x86
    { 0xE3F2, 0xF587 }, // U+E3F2 = 0xF5 0x87
    { 0xE3F3, 0xF588 }, // U+E3F3 = 0xF5 0x88
    { 0xE3F4, 0xF589 }, // U+E3F4 = 0xF5 0x89
    { 0xE3F5, 0xF58A }, // U+E3F5 = 0xF5 0x8A
    { 0xE3F6, 0xF58B }, // U+E3F6 = 0xF5 0x8B
    { 0xE3F7, 0xF58C }, // U+E3F7 = 0xF5 0x8C
    { 0xE3F8, 0xF58D }, // U+E3F8 = 0xF5 0x8D
    { 0xE3F9, 0xF58E }, // U+E3F9 = 0xF5 0x8E
    { 0xE3FA, 0xF58F }, // U+E3FA = 0xF5 0x8F
    { 0xE3FB, 0xF590 }, // U+E3FB = 0xF5 0x90
    { 0xE3FC, 0xF591 }, // U+E3FC = 0xF5 0x91
    { 0xE3FD, 0xF592 }, // U+E3FD = 0xF5 0x92
    { 0xE3FE, 0xF593 }, // U+E3FE = 0xF5 0x93
    { 0xE3FF, 0xF594 }, // U+E3FF = 0xF5 0x94
    { 0xE400, 0xF595 }, // U+E400 = 0xF5 0x95
    { 0xE401, 0xF596 }, // U+E401 = 0xF5 0x96
    { 0xE402, 0xF597 }, // U+E402 = 0xF5 0x97
    { 0xE403, 0xF598 }, // U+E403 = 0xF5 0x98
    { 0xE404, 0xF599 }, // U+E404 = 0xF5 0x99
    { 0xE405, 0xF59A }, // U+E405 = 0xF5 0x9A
    { 0xE406, 0xF59B }, // U+E406 = 0xF5 0x9B
    { 0xE407, 0xF59C }, // U+E407 = 0xF5 0x9C
    { 0xE408, 0xF59D }, // U+E408 = 0xF5 0x9D
    { 0xE409, 0xF59E }, // U+E409 = 0xF5 0x9E
    { 0xE40A, 0xF59F }, // U+E40A = 0xF5 0x9F
    { 0xE40B, 0xF5A0 }, // U+E40B = 0xF5 0xA0
    { 0xE40C, 0xF5A1 }, // U+E40C = 0xF5 0xA1
    { 0xE40D, 0xF5A2 }, // U+E40D = 0xF5 0xA2
    { 0xE40E, 0xF5A3 }, // U+E40E = 0xF5 0xA3
    { 0xE40F, 0xF5A4 }, // U+E40F = 0xF5 0xA4
    { 0xE410, 0xF5A5 }, // U+E410 = 0xF5 0xA5
    { 0xE411, 0xF5A6 }, // U+E411 = 0xF5 0xA6
    { 0xE412, 0xF5A7 }, // U+E412 = 0xF5 0xA7
    { 0xE413, 0xF5A8 }, // U+E413 = 0xF5 0xA8
    { 0xE414, 0xF5A9 }, // U+E414 = 0xF5 0xA9
    { 0xE415, 0xF5AA }, // U+E415 = 0xF5 0xAA
    { 0xE416, 0xF5AB }, // U+E416 = 0xF5 0xAB
    { 0xE417, 0xF5AC }, // U+E417 = 0xF5 0xAC
    { 0xE418, 0xF5AD }, // U+E418 = 0xF5 0xAD
    { 0xE419, 0xF5AE }, // U+E419 = 0xF5 0xAE
    { 0xE41A, 0xF5AF }, // U+E41A = 0xF5 0xAF
    { 0xE41B, 0xF5B0 }, // U+E41B = 0xF5 0xB0
    { 0xE41C, 0xF5B1 }, // U+E41C = 0xF5 0xB1
    { 0xE41D, 0xF5B2 }, // U+E41D = 0xF5 0xB2
    { 0xE41E, 0xF5B3 }, // U+E41E = 0xF5 0xB3
    { 0xE41F, 0xF5B4 }, // U+E41F = 0xF5 0xB4
    { 0xE420, 0xF5B5 }, // U+E420 = 0xF5 0xB5
    { 0xE421, 0xF5B6 }, // U+E421 = 0xF5 0xB6
    { 0xE422, 0xF5B7 }, // U+E422 = 0xF5 0xB7
    { 0xE423, 0xF5B8 }, // U+E423 = 0xF5 0xB8
    { 0xE424, 0xF5B9 }, // U+E424 = 0xF5 0xB9
    { 0xE425, 0xF5BA }, // U+E425 = 0xF5 0xBA
    { 0xE426, 0xF5BB }, // U+E426 = 0xF5 0xBB
    { 0xE427, 0xF5BC }, // U+E427 = 0xF5 0xBC
    { 0xE428, 0xF5BD }, // U+E428 = 0xF5 0xBD
    { 0xE429, 0xF5BE }, // U+E429 = 0xF5 0xBE
    { 0xE42A, 0xF5BF }, // U+E42A = 0xF5 0xBF
    { 0xE42B, 0xF5C0 }, // U+E42B = 0xF5 0xC0
    { 0xE42C, 0xF5C1 }, // U+E42C = 0xF5 0xC1
    { 0xE42D, 0xF5C2 }, // U+E42D = 0xF5 0xC2
    { 0xE42E, 0xF5C3 }, // U+E42E = 0xF5 0xC3
    { 0xE42F, 0xF5C4 }, // U+E42F = 0xF5 0xC4
    { 0xE430, 0xF5C5 }, // U+E430 = 0xF5 0xC5
    { 0xE431, 0xF5C6 }, // U+E431 = 0xF5 0xC6
    { 0xE432, 0xF5C7 }, // U+E432 = 0xF5 0xC7
    { 0xE433, 0xF5C8 }, // U+E433 = 0xF5 0xC8
    { 0xE434, 0xF5C9 }, // U+E434 = 0xF5 0xC9
    { 0xE435, 0xF5CA }, // U+E435 = 0xF5 0xCA
    { 0xE436, 0xF5CB }, // U+E436 = 0xF5 0xCB
    { 0xE437, 0xF5CC }, // U+E437 = 0xF5 0xCC
    { 0xE438, 0xF5CD }, // U+E438 = 0xF5 0xCD
    { 0xE439, 0xF5CE }, // U+E439 = 0xF5 0xCE
    { 0xE43A, 0xF5CF }, // U+E43A = 0xF5 0xCF
    { 0xE43B, 0xF5D0 }, // U+E43B = 0xF5 0xD0
    { 0xE43C, 0xF5D1 }, // U+E43C = 0xF5 0xD1
    { 0xE43D, 0xF5D2 }, // U+E43D = 0xF5 0xD2
    { 0xE43E, 0xF5D3 }, // U+E43E = 0xF5 0xD3
    { 0xE43F, 0xF5D4 }, // U+E43F = 0xF5 0xD4
    { 0xE440, 0xF5D5 }, // U+E440 = 0xF5 0xD5
    { 0xE441, 0xF5D6 }, // U+E441 = 0xF5 0xD6
    { 0xE442, 0xF5D7 }, // U+E442 = 0xF5 0xD7
    { 0xE443, 0xF5D8 }, // U+E443 = 0xF5 0xD8
    { 0xE444, 0xF5D9 }, // U+E444 = 0xF5 0xD9
    { 0xE445, 0xF5DA }, // U+E445 = 0xF5 0xDA
    { 0xE446, 0xF5DB }, // U+E446 = 0xF5 0xDB
    { 0xE447, 0xF5DC }, // U+E447 = 0xF5 0xDC
    { 0xE448, 0xF5DD }, // U+E448 = 0xF5 0xDD
    { 0xE449, 0xF5DE }, // U+E449 = 0xF5 0xDE
    { 0xE44A, 0xF5DF }, // U+E44A = 0xF5 0xDF
    { 0xE44B, 0xF5E0 }, // U+E44B = 0xF5 0xE0
    { 0xE44C, 0xF5E1 }, // U+E44C = 0xF5 0xE1
    { 0xE44D, 0xF5E2 }, // U+E44D = 0xF5 0xE2
    { 0xE44E, 0xF5E3 }, // U+E44E = 0xF5 0xE3
    { 0xE44F, 0xF5E4 }, // U+E44F = 0xF5 0xE4
    { 0xE450, 0xF5E5 }, // U+E450 = 0xF5 0xE5
    { 0xE451, 0xF5E6 }, // U+E451 = 0xF5 0xE6
    { 0xE452, 0xF5E7 }, // U+E452 = 0xF5 0xE7
    { 0xE453, 0xF5E8 }, // U+E453 = 0xF5 0xE8
    { 0xE454, 0xF5E9 }, // U+E454 = 0xF5 0xE9
    { 0xE455, 0xF5EA }, // U+E455 = 0xF5 0xEA
    { 0xE456, 0xF5EB }, // U+E456 = 0xF5 0xEB
    { 0xE457, 0xF5EC }, // U+E457 = 0xF5 0xEC
    { 0xE458, 0xF5ED }, // U+E458 = 0xF5 0xED
    { 0xE459, 0xF5EE }, // U+E459 = 0xF5 0xEE
    { 0xE45A, 0xF5EF }, // U+E45A = 0xF5 0xEF
    { 0xE45B, 0xF5F0 }, // U+E45B = 0xF5 0xF0
    { 0xE45C, 0xF5F1 }, // U+E45C = 0xF5 0xF1
    { 0xE45D, 0xF5F2 }, // U+E45D = 0xF5 0xF2
    { 0xE45E, 0xF5F3 }, // U+E45E = 0xF5 0xF3
    { 0xE45F, 0xF5F4 }, // U+E45F = 0xF5 0xF4
    { 0xE460, 0xF5F5 }, // U+E460 = 0xF5 0xF5
    { 0xE461, 0xF5F6 }, // U+E461 = 0xF5 0xF6
    { 0xE462, 0xF5F7 }, // U+E462 = 0xF5 0xF7
    { 0xE463, 0xF5F8 }, // U+E463 = 0xF5 0xF8
    { 0xE464, 0xF5F9 }, // U+E464 = 0xF5 0xF9
    { 0xE465, 0xF5FA }, // U+E465 = 0xF5 0xFA
    { 0xE466, 0xF5FB }, // U+E466 = 0xF5 0xFB
    { 0xE467, 0xF5FC }, // U+E467 = 0xF5 0xFC
    { 0xE468, 0xF640 }, // U+E468 = 0xF6 0x40
    { 0xE469, 0xF641 }, // U+E469 = 0xF6 0x41
    { 0xE46A, 0xF642 }, // U+E46A = 0xF6 0x42
    { 0xE46B, 0xF643 }, // U+E46B = 0xF6 0x43
    { 0xE46C, 0xF644 }, // U+E46C = 0xF6 0x44
    { 0xE46D, 0xF645 }, // U+E46D = 0xF6 0x45
    { 0xE46E, 0xF646 }, // U+E46E = 0xF6 0x46
    { 0xE46F, 0xF647 }, // U+E46F = 0xF6 0x47
    { 0xE470, 0xF648 }, // U+E470 = 0xF6 0x48
    { 0xE471, 0xF649 }, // U+E471 = 0xF6 0x49
    { 0xE472, 0xF64A }, // U+E472 = 0xF6 0x4A
    { 0xE473, 0xF64B }, // U+E473 = 0xF6 0x4B
    { 0xE474, 0xF64C }, // U+E474 = 0xF6 0x4C
    { 0xE475, 0xF64D }, // U+E475 = 0xF6 0x4D
    { 0xE476, 0xF64E }, // U+E476 = 0xF6 0x4E
    { 0xE477, 0xF64F }, // U+E477 = 0xF6 0x4F
    { 0xE478, 0xF650 }, // U+E478 = 0xF6 0x50
    { 0xE479, 0xF651 }, // U+E479 = 0xF6 0x51
    { 0xE47A, 0xF652 }, // U+E47A = 0xF6 0x52
    { 0xE47B, 0xF653 }, // U+E47B = 0xF6 0x53
    { 0xE47C, 0xF654 }, // U+E47C = 0xF6 0x54
    { 0xE47D, 0xF655 }, // U+E47D = 0xF6 0x55
    { 0xE47E, 0xF656 }, // U+E47E = 0xF6 0x56
    { 0xE47F, 0xF657 }, // U+E47F = 0xF6 0x57
    { 0xE480, 0xF658 }, // U+E480 = 0xF6 0x58
    { 0xE481, 0xF659 }, // U+E481 = 0xF6 0x59
    { 0xE482, 0xF65A }, // U+E482 = 0xF6 0x5A
    { 0xE483, 0xF65B }, // U+E483 = 0xF6 0x5B
    { 0xE484, 0xF65C }, // U+E484 = 0xF6 0x5C
    { 0xE485, 0xF65D }, // U+E485 = 0xF6 0x5D
    { 0xE486, 0xF65E }, // U+E486 = 0xF6 0x5E
    { 0xE487, 0xF65F }, // U+E487 = 0xF6 0x5F
    { 0xE488, 0xF660 }, // U+E488 = 0xF6 0x60
    { 0xE489, 0xF661 }, // U+E489 = 0xF6 0x61
    { 0xE48A, 0xF662 }, // U+E48A = 0xF6 0x62
    { 0xE48B, 0xF663 }, // U+E48B = 0xF6 0x63
    { 0xE48C, 0xF664 }, // U+E48C = 0xF6 0x64
    { 0xE48D, 0xF665 }, // U+E48D = 0xF6 0x65
    { 0xE48E, 0xF666 }, // U+E48E = 0xF6 0x66
    { 0xE48F, 0xF667 }, // U+E48F = 0xF6 0x67
    { 0xE490, 0xF668 }, // U+E490 = 0xF6 0x68
    { 0xE491, 0xF669 }, // U+E491 = 0xF6 0x69
    { 0xE492, 0xF66A }, // U+E492 = 0xF6 0x6A
    { 0xE493, 0xF66B }, // U+E493 = 0xF6 0x6B
    { 0xE494, 0xF66C }, // U+E494 = 0xF6 0x6C
    { 0xE495, 0xF66D }, // U+E495 = 0xF6 0x6D
    { 0xE496, 0xF66E }, // U+E496 = 0xF6 0x6E
    { 0xE497, 0xF66F }, // U+E497 = 0xF6 0x6F
    { 0xE498, 0xF670 }, // U+E498 = 0xF6 0x70
    { 0xE499, 0xF671 }, // U+E499 = 0xF6 0x71
    { 0xE49A, 0xF672 }, // U+E49A = 0xF6 0x72
    { 0xE49B, 0xF673 }, // U+E49B = 0xF6 0x73
    { 0xE49C, 0xF674 }, // U+E49C = 0xF6 0x74
    { 0xE49D, 0xF675 }, // U+E49D = 0xF6 0x75
    { 0xE49E, 0xF676 }, // U+E49E = 0xF6 0x76
    { 0xE49F, 0xF677 }, // U+E49F = 0xF6 0x77
    { 0xE4A0, 0xF678 }, // U+E4A0 = 0xF6 0x78
    { 0xE4A1, 0xF679 }, // U+E4A1 = 0xF6 0x79
    { 0xE4A2, 0xF67A }, // U+E4A2 = 0xF6 0x7A
    { 0xE4A3, 0xF67B }, // U+E4A3 = 0xF6 0x7B
    { 0xE4A4, 0xF67C }, // U+E4A4 = 0xF6 0x7C
    { 0xE4A5, 0xF67D }, // U+E4A5 = 0xF6 0x7D
    { 0xE4A6, 0xF67E }, // U+E4A6 = 0xF6 0x7E
    { 0xE4A7, 0xF680 }, // U+E4A7 = 0xF6 0x80
    { 0xE4A8, 0xF681 }, // U+E4A8 = 0xF6 0x81
    { 0xE4A9, 0xF682 }, // U+E4A9 = 0xF6 0x82
    { 0xE4AA, 0xF683 }, // U+E4AA = 0xF6 0x83
    { 0xE4AB, 0xF684 }, // U+E4AB = 0xF6 0x84
    { 0xE4AC, 0xF685 }, // U+E4AC = 0xF6 0x85
    { 0xE4AD, 0xF686 }, // U+E4AD = 0xF6 0x86
    { 0xE4AE, 0xF687 }, // U+E4AE = 0xF6 0x87
    { 0xE4AF, 0xF688 }, // U+E4AF = 0xF6 0x88
    { 0xE4B0, 0xF689 }, // U+E4B0 = 0xF6 0x89
    { 0xE4B1, 0xF68A }, // U+E4B1 = 0xF6 0x8A
    { 0xE4B2, 0xF68B }, // U+E4B2 = 0xF6 0x8B
    { 0xE4B3, 0xF68C }, // U+E4B3 = 0xF6 0x8C
    { 0xE4B4, 0xF68D }, // U+E4B4 = 0xF6 0x8D
    { 0xE4B5, 0xF68E }, // U+E4B5 = 0xF6 0x8E
    { 0xE4B6, 0xF68F }, // U+E4B6 = 0xF6 0x8F
    { 0xE4B7, 0xF690 }, // U+E4B7 = 0xF6 0x90
    { 0xE4B8, 0xF691 }, // U+E4B8 = 0xF6 0x91
    { 0xE4B9, 0xF692 }, // U+E4B9 = 0xF6 0x92
    { 0xE4BA, 0xF693 }, // U+E4BA = 0xF6 0x93
    { 0xE4BB, 0xF694 }, // U+E4BB = 0xF6 0x94
    { 0xE4BC, 0xF695 }, // U+E4BC = 0xF6 0x95
    { 0xE4BD, 0xF696 }, // U+E4BD = 0xF6 0x96
    { 0xE4BE, 0xF697 }, // U+E4BE = 0xF6 0x97
    { 0xE4BF, 0xF698 }, // U+E4BF = 0xF6 0x98
    { 0xE4C0, 0xF699 }, // U+E4C0 = 0xF6 0x99
    { 0xE4C1, 0xF69A }, // U+E4C1 = 0xF6 0x9A
    { 0xE4C2, 0xF69B }, // U+E4C2 = 0xF6 0x9B
    { 0xE4C3, 0xF69C }, // U+E4C3 = 0xF6 0x9C
    { 0xE4C4, 0xF69D }, // U+E4C4 = 0xF6 0x9D
    { 0xE4C5, 0xF69E }, // U+E4C5 = 0xF6 0x9E
    { 0xE4C6, 0xF69F }, // U+E4C6 = 0xF6 0x9F
    { 0xE4C7, 0xF6A0 }, // U+E4C7 = 0xF6 0xA0
    { 0xE4C8, 0xF6A1 }, // U+E4C8 = 0xF6 0xA1
    { 0xE4C9, 0xF6A2 }, // U+E4C9 = 0xF6 0xA2
    { 0xE4CA, 0xF6A3 }, // U+E4CA = 0xF6 0xA3
    { 0xE4CB, 0xF6A4 }, // U+E4CB = 0xF6 0xA4
    { 0xE4CC, 0xF6A5 }, // U+E4CC = 0xF6 0xA5
    { 0xE4CD, 0xF6A6 }, // U+E4CD = 0xF6 0xA6
    { 0xE4CE, 0xF6A7 }, // U+E4CE = 0xF6 0xA7
    { 0xE4CF, 0xF6A8 }, // U+E4CF = 0xF6 0xA8
    { 0xE4D0, 0xF6A9 }, // U+E4D0 = 0xF6 0xA9
    { 0xE4D1, 0xF6AA }, // U+E4D1 = 0xF6 0xAA
    { 0xE4D2, 0xF6AB }, // U+E4D2 = 0xF6 0xAB
    { 0xE4D3, 0xF6AC }, // U+E4D3 = 0xF6 0xAC
    { 0xE4D4, 0xF6AD }, // U+E4D4 = 0xF6 0xAD
    { 0xE4D5, 0xF6AE }, // U+E4D5 = 0xF6 0xAE
    { 0xE4D6, 0xF6AF }, // U+E4D6 = 0xF6 0xAF
    { 0xE4D7, 0xF6B0 }, // U+E4D7 = 0xF6 0xB0
    { 0xE4D8, 0xF6B1 }, // U+E4D8 = 0xF6 0xB1
    { 0xE4D9, 0xF6B2 }, // U+E4D9 = 0xF6 0xB2
    { 0xE4DA, 0xF6B3 }, // U+E4DA = 0xF6 0xB3
    { 0xE4DB, 0xF6B4 }, // U+E4DB = 0xF6 0xB4
    { 0xE4DC, 0xF6B5 }, // U+E4DC = 0xF6 0xB5
    { 0xE4DD, 0xF6B6 }, // U+E4DD = 0xF6 0xB6
    { 0xE4DE, 0xF6B7 }, // U+E4DE = 0xF6 0xB7
    { 0xE4DF, 0xF6B8 }, // U+E4DF = 0xF6 0xB8
    { 0xE4E0, 0xF6B9 }, // U+E4E0 = 0xF6 0xB9
    { 0xE4E1, 0xF6BA }, // U+E4E1 = 0xF6 0xBA
    { 0xE4E2, 0xF6BB }, // U+E4E2 = 0xF6 0xBB
    { 0xE4E3, 0xF6BC }, // U+E4E3 = 0xF6 0xBC
    { 0xE4E4, 0xF6BD }, // U+E4E4 = 0xF6 0xBD
    { 0xE4E5, 0xF6BE }, // U+E4E5 = 0xF6 0xBE
    { 0xE4E6, 0xF6BF }, // U+E4E6 = 0xF6 0xBF
    { 0xE4E7, 0xF6C0 }, // U+E4E7 = 0xF6 0xC0
    { 0xE4E8, 0xF6C1 }, // U+E4E8 = 0xF6 0xC1
    { 0xE4E9, 0xF6C2 }, // U+E4E9 = 0xF6 0xC2
    { 0xE4EA, 0xF6C3 }, // U+E4EA = 0xF6 0xC3
    { 0xE4EB, 0xF6C4 }, // U+E4EB = 0xF6 0xC4
    { 0xE4EC, 0xF6C5 }, // U+E4EC = 0xF6 0xC5
    { 0xE4ED, 0xF6C6 }, // U+E4ED = 0xF6 0xC6
    { 0xE4EE, 0xF6C7 }, // U+E4EE = 0xF6 0xC7
    { 0xE4EF, 0xF6C8 }, // U+E4EF = 0xF6 0xC8
    { 0xE4F0, 0xF6C9 }, // U+E4F0 = 0xF6 0xC9
    { 0xE4F1, 0xF6CA }, // U+E4F1 = 0xF6 0xCA
    { 0xE4F2, 0xF6CB }, // U+E4F2 = 0xF6 0xCB
    { 0xE4F3, 0xF6CC }, // U+E4F3 = 0xF6 0xCC
    { 0xE4F4, 0xF6CD }, // U+E4F4 = 0xF6 0xCD
    { 0xE4F5, 0xF6CE }, // U+E4F5 = 0xF6 0xCE
    { 0xE4F6, 0xF6CF }, // U+E4F6 = 0xF6 0xCF
    { 0xE4F7, 0xF6D0 }, // U+E4F7 = 0xF6 0xD0
    { 0xE4F8, 0xF6D1 }, // U+E4F8 = 0xF6 0xD1
    { 0xE4F9, 0xF6D2 }, // U+E4F9 = 0xF6 0xD2
    { 0xE4FA, 0xF6D3 }, // U+E4FA = 0xF6 0xD3
    { 0xE4FB, 0xF6D4 }, // U+E4FB = 0xF6 0xD4
    { 0xE4FC, 0xF6D5 }, // U+E4FC = 0xF6 0xD5
    { 0xE4FD, 0xF6D6 }, // U+E4FD = 0xF6 0xD6
    { 0xE4FE, 0xF6D7 }, // U+E4FE = 0xF6 0xD7
    { 0xE4FF, 0xF6D8 }, // U+E4FF = 0xF6 0xD8
    { 0xE500, 0xF6D9 }, // U+E500 = 0xF6 0xD9
    { 0xE501, 0xF6DA }, // U+E501 = 0xF6 0xDA
    { 0xE502, 0xF6DB }, // U+E502 = 0xF6 0xDB
    { 0xE503, 0xF6DC }, // U+E503 = 0xF6 0xDC
    { 0xE504, 0xF6DD }, // U+E504 = 0xF6 0xDD
    { 0xE505, 0xF6DE }, // U+E505 = 0xF6 0xDE
    { 0xE506, 0xF6DF }, // U+E506 = 0xF6 0xDF
    { 0xE507, 0xF6E0 }, // U+E507 = 0xF6 0xE0
    { 0xE508, 0xF6E1 }, // U+E508 = 0xF6 0xE1
    { 0xE509, 0xF6E2 }, // U+E509 = 0xF6 0xE2
    { 0xE50A, 0xF6E3 }, // U+E50A = 0xF6 0xE3
    { 0xE50B, 0xF6E4 }, // U+E50B = 0xF6 0xE4
    { 0xE50C, 0xF6E5 }, // U+E50C = 0xF6 0xE5
    { 0xE50D, 0xF6E6 }, // U+E50D = 0xF6 0xE6
    { 0xE50E, 0xF6E7 }, // U+E50E = 0xF6 0xE7
    { 0xE50F, 0xF6E8 }, // U+E50F = 0xF6 0xE8
    { 0xE510, 0xF6E9 }, // U+E510 = 0xF6 0xE9
    { 0xE511, 0xF6EA }, // U+E511 = 0xF6 0xEA
    { 0xE512, 0xF6EB }, // U+E512 = 0xF6 0xEB
    { 0xE513, 0xF6EC }, // U+E513 = 0xF6 0xEC
    { 0xE514, 0xF6ED }, // U+E514 = 0xF6 0xED
    { 0xE515, 0xF6EE }, // U+E515 = 0xF6 0xEE
    { 0xE516, 0xF6EF }, // U+E516 = 0xF6 0xEF
    { 0xE517, 0xF6F0 }, // U+E517 = 0xF6 0xF0
    { 0xE518, 0xF6F1 }, // U+E518 = 0xF6 0xF1
    { 0xE519, 0xF6F2 }, // U+E519 = 0xF6 0xF2
    { 0xE51A, 0xF6F3 }, // U+E51A = 0xF6 0xF3
    { 0xE51B, 0xF6F4 }, // U+E51B = 0xF6 0xF4
    { 0xE51C, 0xF6F5 }, // U+E51C = 0xF6 0xF5
    { 0xE51D, 0xF6F6 }, // U+E51D = 0xF6 0xF6
    { 0xE51E, 0xF6F7 }, // U+E51E = 0xF6 0xF7
    { 0xE51F, 0xF6F8 }, // U+E51F = 0xF6 0xF8
    { 0xE520, 0xF6F9 }, // U+E520 = 0xF6 0xF9
    { 0xE521, 0xF6FA }, // U+E521 = 0xF6 0xFA
    { 0xE522, 0xF6FB }, // U+E522 = 0xF6 0xFB
    { 0xE523, 0xF6FC }, // U+E523 = 0xF6 0xFC
    { 0xE524, 0xF740 }, // U+E524 = 0xF7 0x40
    { 0xE525, 0xF741 }, // U+E525 = 0xF7 0x41
    { 0xE526, 0xF742 }, // U+E526 = 0xF7 0x42
    { 0xE527, 0xF743 }, // U+E527 = 0xF7 0x43
    { 0xE528, 0xF744 }, // U+E528 = 0xF7 0x44
    { 0xE529, 0xF745 }, // U+E529 = 0xF7 0x45
    { 0xE52A, 0xF746 }, // U+E52A = 0xF7 0x46
    { 0xE52B, 0xF747 }, // U+E52B = 0xF7 0x47
    { 0xE52C, 0xF748 }, // U+E52C = 0xF7 0x48
    { 0xE52D, 0xF749 }, // U+E52D = 0xF7 0x49
    { 0xE52E, 0xF74A }, // U+E52E = 0xF7 0x4A
    { 0xE52F, 0xF74B }, // U+E52F = 0xF7 0x4B
    { 0xE530, 0xF74C }, // U+E530 = 0xF7 0x4C
    { 0xE531, 0xF74D }, // U+E531 = 0xF7 0x4D
    { 0xE532, 0xF74E }, // U+E532 = 0xF7 0x4E
    { 0xE533, 0xF74F }, // U+E533 = 0xF7 0x4F
    { 0xE534, 0xF750 }, // U+E534 = 0xF7 0x50
    { 0xE535, 0xF751 }, // U+E535 = 0xF7 0x51
    { 0xE536, 0xF752 }, // U+E536 = 0xF7 0x52
    { 0xE537, 0xF753 }, // U+E537 = 0xF7 0x53
    { 0xE538, 0xF754 }, // U+E538 = 0xF7 0x54
    { 0xE539, 0xF755 }, // U+E539 = 0xF7 0x55
    { 0xE53A, 0xF756 }, // U+E53A = 0xF7 0x56
    { 0xE53B, 0xF757 }, // U+E53B = 0xF7 0x57
    { 0xE53C, 0xF758 }, // U+E53C = 0xF7 0x58
    { 0xE53D, 0xF759 }, // U+E53D = 0xF7 0x59
    { 0xE53E, 0xF75A }, // U+E53E = 0xF7 0x5A
    { 0xE53F, 0xF75B }, // U+E53F = 0xF7 0x5B
    { 0xE540, 0xF75C }, // U+E540 = 0xF7 0x5C
    { 0xE541, 0xF75D }, // U+E541 = 0xF7 0x5D
    { 0xE542, 0xF75E }, // U+E542 = 0xF7 0x5E
    { 0xE543, 0xF75F }, // U+E543 = 0xF7 0x5F
    { 0xE544, 0xF760 }, // U+E544 = 0xF7 0x60
    { 0xE545, 0xF761 }, // U+E545 = 0xF7 0x61
    { 0xE546, 0xF762 }, // U+E546 = 0xF7 0x62
    { 0xE547, 0xF763 }, // U+E547 = 0xF7 0x63
    { 0xE548, 0xF764 }, // U+E548 = 0xF7 0x64
    { 0xE549, 0xF765 }, // U+E549 = 0xF7 0x65
    { 0xE54A, 0xF766 }, // U+E54A = 0xF7 0x66
    { 0xE54B, 0xF767 }, // U+E54B = 0xF7 0x67
    { 0xE54C, 0xF768 }, // U+E54C = 0xF7 0x68
    { 0xE54D, 0xF769 }, // U+E54D = 0xF7 0x69
    { 0xE54E, 0xF76A }, // U+E54E = 0xF7 0x6A
    { 0xE54F, 0xF76B }, // U+E54F = 0xF7 0x6B
    { 0xE550, 0xF76C }, // U+E550 = 0xF7 0x6C
    { 0xE551, 0xF76D }, // U+E551 = 0xF7 0x6D
    { 0xE552, 0xF76E }, // U+E552 = 0xF7 0x6E
    { 0xE553, 0xF76F }, // U+E553 = 0xF7 0x6F
    { 0xE554, 0xF770 }, // U+E554 = 0xF7 0x70
    { 0xE555, 0xF771 }, // U+E555 = 0xF7 0x71
    { 0xE556, 0xF772 }, // U+E556 = 0xF7 0x72
    { 0xE557, 0xF773 }, // U+E557 = 0xF7 0x73
    { 0xE558, 0xF774 }, // U+E558 = 0xF7 0x74
    { 0xE559, 0xF775 }, // U+E559 = 0xF7 0x75
    { 0xE55A, 0xF776 }, // U+E55A = 0xF7 0x76
    { 0xE55B, 0xF777 }, // U+E55B = 0xF7 0x77
    { 0xE55C, 0xF778 }, // U+E55C = 0xF7 0x78
    { 0xE55D, 0xF779 }, // U+E55D = 0xF7 0x79
    { 0xE55E, 0xF77A }, // U+E55E = 0xF7 0x7A
    { 0xE55F, 0xF77B }, // U+E55F = 0xF7 0x7B
    { 0xE560, 0xF77C }, // U+E560 = 0xF7 0x7C
    { 0xE561, 0xF77D }, // U+E561 = 0xF7 0x7D
    { 0xE562, 0xF77E }, // U+E562 = 0xF7 0x7E
    { 0xE563, 0xF780 }, // U+E563 = 0xF7 0x80
    { 0xE564, 0xF781 }, // U+E564 = 0xF7 0x81
    { 0xE565, 0xF782 }, // U+E565 = 0xF7 0x82
    { 0xE566, 0xF783 }, // U+E566 = 0xF7 0x83
    { 0xE567, 0xF784 }, // U+E567 = 0xF7 0x84
    { 0xE568, 0xF785 }, // U+E568 = 0xF7 0x85
    { 0xE569, 0xF786 }, // U+E569 = 0xF7 0x86
    { 0xE56A, 0xF787 }, // U+E56A = 0xF7 0x87
    { 0xE56B, 0xF788 }, // U+E56B = 0xF7 0x88
    { 0xE56C, 0xF789 }, // U+E56C = 0xF7 0x89
    { 0xE56D, 0xF78A }, // U+E56D = 0xF7 0x8A
    { 0xE56E, 0xF78B }, // U+E56E = 0xF7 0x8B
    { 0xE56F, 0xF78C }, // U+E56F = 0xF7 0x8C
    { 0xE570, 0xF78D }, // U+E570 = 0xF7 0x8D
    { 0xE571, 0xF78E }, // U+E571 = 0xF7 0x8E
    { 0xE572, 0xF78F }, // U+E572 = 0xF7 0x8F
    { 0xE573, 0xF790 }, // U+E573 = 0xF7 0x90
    { 0xE574, 0xF791 }, // U+E574 = 0xF7 0x91
    { 0xE575, 0xF792 }, // U+E575 = 0xF7 0x92
    { 0xE576, 0xF793 }, // U+E576 = 0xF7 0x93
    { 0xE577, 0xF794 }, // U+E577 = 0xF7 0x94
    { 0xE578, 0xF795 }, // U+E578 = 0xF7 0x95
    { 0xE579, 0xF796 }, // U+E579 = 0xF7 0x96
    { 0xE57A, 0xF797 }, // U+E57A = 0xF7 0x97
    { 0xE57B, 0xF798 }, // U+E57B = 0xF7 0x98
    { 0xE57C, 0xF799 }, // U+E57C = 0xF7 0x99
    { 0xE57D, 0xF79A }, // U+E57D = 0xF7 0x9A
    { 0xE57E, 0xF79B }, // U+E57E = 0xF7 0x9B
    { 0xE57F, 0xF79C }, // U+E57F = 0xF7 0x9C
    { 0xE580, 0xF79D }, // U+E580 = 0xF7 0x9D
    { 0xE581, 0xF79E }, // U+E581 = 0xF7 0x9E
    { 0xE582, 0xF79F }, // U+E582 = 0xF7 0x9F
    { 0xE583, 0xF7A0 }, // U+E583 = 0xF7 0xA0
    { 0xE584, 0xF7A1 }, // U+E584 = 0xF7 0xA1
    { 0xE585, 0xF7A2 }, // U+E585 = 0xF7 0xA2
    { 0xE586, 0xF7A3 }, // U+E586 = 0xF7 0xA3
    { 0xE587, 0xF7A4 }, // U+E587 = 0xF7 0xA4
    { 0xE588, 0xF7A5 }, // U+E588 = 0xF7 0xA5
    { 0xE589, 0xF7A6 }, // U+E589 = 0xF7 0xA6
    { 0xE58A, 0xF7A7 }, // U+E58A = 0xF7 0xA7
    { 0xE58B, 0xF7A8 }, // U+E58B = 0xF7 0xA8
    { 0xE58C, 0xF7A9 }, // U+E58C = 0xF7 0xA9
    { 0xE58D, 0xF7AA }, // U+E58D = 0xF7 0xAA
    { 0xE58E, 0xF7AB }, // U+E58E = 0xF7 0xAB
    { 0xE58F, 0xF7AC }, // U+E58F = 0xF7 0xAC
    { 0xE590, 0xF7AD }, // U+E590 = 0xF7 0xAD
    { 0xE591, 0xF7AE }, // U+E591 = 0xF7 0xAE
    { 0xE592, 0xF7AF }, // U+E592 = 0xF7 0xAF
    { 0xE593, 0xF7B0 }, // U+E593 = 0xF7 0xB0
    { 0xE594, 0xF7B1 }, // U+E594 = 0xF7 0xB1
    { 0xE595, 0xF7B2 }, // U+E595 = 0xF7 0xB2
    { 0xE596, 0xF7B3 }, // U+E596 = 0xF7 0xB3
    { 0xE597, 0xF7B4 }, // U+E597 = 0xF7 0xB4
    { 0xE598, 0xF7B5 }, // U+E598 = 0xF7 0xB5
    { 0xE599, 0xF7B6 }, // U+E599 = 0xF7 0xB6
    { 0xE59A, 0xF7B7 }, // U+E59A = 0xF7 0xB7
    { 0xE59B, 0xF7B8 }, // U+E59B = 0xF7 0xB8
    { 0xE59C, 0xF7B9 }, // U+E59C = 0xF7 0xB9
    { 0xE59D, 0xF7BA }, // U+E59D = 0xF7 0xBA
    { 0xE59E, 0xF7BB }, // U+E59E = 0xF7 0xBB
    { 0xE59F, 0xF7BC }, // U+E59F = 0xF7 0xBC
    { 0xE5A0, 0xF7BD }, // U+E5A0 = 0xF7 0xBD
    { 0xE5A1, 0xF7BE }, // U+E5A1 = 0xF7 0xBE
    { 0xE5A2, 0xF7BF }, // U+E5A2 = 0xF7 0xBF
    { 0xE5A3, 0xF7C0 }, // U+E5A3 = 0xF7 0xC0
    { 0xE5A4, 0xF7C1 }, // U+E5A4 = 0xF7 0xC1
    { 0xE5A5, 0xF7C2 }, // U+E5A5 = 0xF7 0xC2
    { 0xE5A6, 0xF7C3 }, // U+E5A6 = 0xF7 0xC3
    { 0xE5A7, 0xF7C4 }, // U+E5A7 = 0xF7 0xC4
    { 0xE5A8, 0xF7C5 }, // U+E5A8 = 0xF7 0xC5
    { 0xE5A9, 0xF7C6 }, // U+E5A9 = 0xF7 0xC6
    { 0xE5AA, 0xF7C7 }, // U+E5AA = 0xF7 0xC7
    { 0xE5AB, 0xF7C8 }, // U+E5AB = 0xF7 0xC8
    { 0xE5AC, 0xF7C9 }, // U+E5AC = 0xF7 0xC9
    { 0xE5AD, 0xF7CA }, // U+E5AD = 0xF7 0xCA
    { 0xE5AE, 0xF7CB }, // U+E5AE = 0xF7 0xCB
    { 0xE5AF, 0xF7CC }, // U+E5AF = 0xF7 0xCC
    { 0xE5B0, 0xF7CD }, // U+E5B0 = 0xF7 0xCD
    { 0xE5B1, 0xF7CE }, // U+E5B1 = 0xF7 0xCE
    { 0xE5B2, 0xF7CF }, // U+E5B2 = 0xF7 0xCF
    { 0xE5B3, 0xF7D0 }, // U+E5B3 = 0xF7 0xD0
    { 0xE5B4, 0xF7D1 }, // U+E5B4 = 0xF7 0xD1
    { 0xE5B5, 0xF7D2 }, // U+E5B5 = 0xF7 0xD2
    { 0xE5B6, 0xF7D3 }, // U+E5B6 = 0xF7 0xD3
    { 0xE5B7, 0xF7D4 }, // U+E5B7 = 0xF7 0xD4
    { 0xE5B8, 0xF7D5 }, // U+E5B8 = 0xF7 0xD5
    { 0xE5B9, 0xF7D6 }, // U+E5B9 = 0xF7 0xD6
    { 0xE5BA, 0xF7D7 }, // U+E5BA = 0xF7 0xD7
    { 0xE5BB, 0xF7D8 }, // U+E5BB = 0xF7 0xD8
    { 0xE5BC, 0xF7D9 }, // U+E5BC = 0xF7 0xD9
    { 0xE5BD, 0xF7DA }, // U+E5BD = 0xF7 0xDA
    { 0xE5BE, 0xF7DB }, // U+E5BE = 0xF7 0xDB
    { 0xE5BF, 0xF7DC }, // U+E5BF = 0xF7 0xDC
    { 0xE5C0, 0xF7DD }, // U+E5C0 = 0xF7 0xDD
    { 0xE5C1, 0xF7DE }, // U+E5C1 = 0xF7 0xDE
    { 0xE5C2, 0xF7DF }, // U+E5C2 = 0xF7 0xDF
    { 0xE5C3, 0xF7E0 }, // U+E5C3 = 0xF7 0xE0
    { 0xE5C4, 0xF7E1 }, // U+E5C4 = 0xF7 0xE1
    { 0xE5C5, 0xF7E2 }, // U+E5C5 = 0xF7 0xE2
    { 0xE5C6, 0xF7E3 }, // U+E5C6 = 0xF7 0xE3
    { 0xE5C7, 0xF7E4 }, // U+E5C7 = 0xF7 0xE4
    { 0xE5C8, 0xF7E5 }, // U+E5C8 = 0xF7 0xE5
    { 0xE5C9, 0xF7E6 }, // U+E5C9 = 0xF7 0xE6
    { 0xE5CA, 0xF7E7 }, // U+E5CA = 0xF7 0xE7
    { 0xE5CB, 0xF7E8 }, // U+E5CB = 0xF7 0xE8
    { 0xE5CC, 0xF7E9 }, // U+E5CC = 0xF7 0xE9
    { 0xE5CD, 0xF7EA }, // U+E5CD = 0xF7 0xEA
    { 0xE5CE, 0xF7EB }, // U+E5CE = 0xF7 0xEB
    { 0xE5CF, 0xF7EC }, // U+E5CF = 0xF7 0xEC
    { 0xE5D0, 0xF7ED }, // U+E5D0 = 0xF7 0xED
    { 0xE5D1, 0xF7EE }, // U+E5D1 = 0xF7 0xEE
    { 0xE5D2, 0xF7EF }, // U+E5D2 = 0xF7 0xEF
    { 0xE5D3, 0xF7F0 }, // U+E5D3 = 0xF7 0xF0
    { 0xE5D4, 0xF7F1 }, // U+E5D4 = 0xF7 0xF1
    { 0xE5D5, 0xF7F2 }, // U+E5D5 = 0xF7 0xF2
    { 0xE5D6, 0xF7F3 }, // U+E5D6 = 0xF7 0xF3
    { 0xE5D7, 0xF7F4 }, // U+E5D7 = 0xF7 0xF4
    { 0xE5D8, 0xF7F5 }, // U+E5D8 = 0xF7 0xF5
    { 0xE5D9, 0xF7F6 }, // U+E5D9 = 0xF7 0xF6
    { 0xE5DA, 0xF7F7 }, // U+E5DA = 0xF7 0xF7
    { 0xE5DB, 0xF7F8 }, // U+E5DB = 0xF7 0xF8
    { 0xE5DC, 0xF7F9 }, // U+E5DC = 0xF7 0xF9
    { 0xE5DD, 0xF7FA }, // U+E5DD = 0xF7 0xFA
    { 0xE5DE, 0xF7FB }, // U+E5DE = 0xF7 0xFB
    { 0xE5DF, 0xF7FC }, // U+E5DF = 0xF7 0xFC
    { 0xE5E0, 0xF840 }, // U+E5E0 = 0xF8 0x40
    { 0xE5E1, 0xF841 }, // U+E5E1 = 0xF8 0x41
    { 0xE5E2, 0xF842 }, // U+E5E2 = 0xF8 0x42
    { 0xE5E3, 0xF843 }, // U+E5E3 = 0xF8 0x43
    { 0xE5E4, 0xF844 }, // U+E5E4 = 0xF8 0x44
    { 0xE5E5, 0xF845 }, // U+E5E5 = 0xF8 0x45
    { 0xE5E6, 0xF846 }, // U+E5E6 = 0xF8 0x46
    { 0xE5E7, 0xF847 }, // U+E5E7 = 0xF8 0x47
    { 0xE5E8, 0xF848 }, // U+E5E8 = 0xF8 0x48
    { 0xE5E9, 0xF849 }, // U+E5E9 = 0xF8 0x49
    { 0xE5EA, 0xF84A }, // U+E5EA = 0xF8 0x4A
    { 0xE5EB, 0xF84B }, // U+E5EB = 0xF8 0x4B
    { 0xE5EC, 0xF84C }, // U+E5EC = 0xF8 0x4C
    { 0xE5ED, 0xF84D }, // U+E5ED = 0xF8 0x4D
    { 0xE5EE, 0xF84E }, // U+E5EE = 0xF8 0x4E
    { 0xE5EF, 0xF84F }, // U+E5EF = 0xF8 0x4F
    { 0xE5F0, 0xF850 }, // U+E5F0 = 0xF8 0x50
    { 0xE5F1, 0xF851 }, // U+E5F1 = 0xF8 0x51
    { 0xE5F2, 0xF852 }, // U+E5F2 = 0xF8 0x52
    { 0xE5F3, 0xF853 }, // U+E5F3 = 0xF8 0x53
    { 0xE5F4, 0xF854 }, // U+E5F4 = 0xF8 0x54
    { 0xE5F5, 0xF855 }, // U+E5F5 = 0xF8 0x55
    { 0xE5F6, 0xF856 }, // U+E5F6 = 0xF8 0x56
    { 0xE5F7, 0xF857 }, // U+E5F7 = 0xF8 0x57
    { 0xE5F8, 0xF858 }, // U+E5F8 = 0xF8 0x58
    { 0xE5F9, 0xF859 }, // U+E5F9 = 0xF8 0x59
    { 0xE5FA, 0xF85A }, // U+E5FA = 0xF8 0x5A
    { 0xE5FB, 0xF85B }, // U+E5FB = 0xF8 0x5B
    { 0xE5FC, 0xF85C }, // U+E5FC = 0xF8 0x5C
    { 0xE5FD, 0xF85D }, // U+E5FD = 0xF8 0x5D
    { 0xE5FE, 0xF85E }, // U+E5FE = 0xF8 0x5E
    { 0xE5FF, 0xF85F }, // U+E5FF = 0xF8 0x5F
    { 0xE600, 0xF860 }, // U+E600 = 0xF8 0x60
    { 0xE601, 0xF861 }, // U+E601 = 0xF8 0x61
    { 0xE602, 0xF862 }, // U+E602 = 0xF8 0x62
    { 0xE603, 0xF863 }, // U+E603 = 0xF8 0x63
    { 0xE604, 0xF864 }, // U+E604 = 0xF8 0x64
    { 0xE605, 0xF865 }, // U+E605 = 0xF8 0x65
    { 0xE606, 0xF866 }, // U+E606 = 0xF8 0x66
    { 0xE607, 0xF867 }, // U+E607 = 0xF8 0x67
    { 0xE608, 0xF868 }, // U+E608 = 0xF8 0x68
    { 0xE609, 0xF869 }, // U+E609 = 0xF8 0x69
    { 0xE60A, 0xF86A }, // U+E60A = 0xF8 0x6A
    { 0xE60B, 0xF86B }, // U+E60B = 0xF8 0x6B
    { 0xE60C, 0xF86C }, // U+E60C = 0xF8 0x6C
    { 0xE60D, 0xF86D }, // U+E60D = 0xF8 0x6D
    { 0xE60E, 0xF86E }, // U+E60E = 0xF8 0x6E
    { 0xE60F, 0xF86F }, // U+E60F = 0xF8 0x6F
    { 0xE610, 0xF870 }, // U+E610 = 0xF8 0x70
    { 0xE611, 0xF871 }, // U+E611 = 0xF8 0x71
    { 0xE612, 0xF872 }, // U+E612 = 0xF8 0x72
    { 0xE613, 0xF873 }, // U+E613 = 0xF8 0x73
    { 0xE614, 0xF874 }, // U+E614 = 0xF8 0x74
    { 0xE615, 0xF875 }, // U+E615 = 0xF8 0x75
    { 0xE616, 0xF876 }, // U+E616 = 0xF8 0x76
    { 0xE617, 0xF877 }, // U+E617 = 0xF8 0x77
    { 0xE618, 0xF878 }, // U+E618 = 0xF8 0x78
    { 0xE619, 0xF879 }, // U+E619 = 0xF8 0x79
    { 0xE61A, 0xF87A }, // U+E61A = 0xF8 0x7A
    { 0xE61B, 0xF87B }, // U+E61B = 0xF8 0x7B
    { 0xE61C, 0xF87C }, // U+E61C = 0xF8 0x7C
    { 0xE61D, 0xF87D }, // U+E61D = 0xF8 0x7D
    { 0xE61E, 0xF87E }, // U+E61E = 0xF8 0x7E
    { 0xE61F, 0xF880 }, // U+E61F = 0xF8 0x80
    { 0xE620, 0xF881 }, // U+E620 = 0xF8 0x81
    { 0xE621, 0xF882 }, // U+E621 = 0xF8 0x82
    { 0xE622, 0xF883 }, // U+E622 = 0xF8 0x83
    { 0xE623, 0xF884 }, // U+E623 = 0xF8 0x84
    { 0xE624, 0xF885 }, // U+E624 = 0xF8 0x85
    { 0xE625, 0xF886 }, // U+E625 = 0xF8 0x86
    { 0xE626, 0xF887 }, // U+E626 = 0xF8 0x87
    { 0xE627, 0xF888 }, // U+E627 = 0xF8 0x88
    { 0xE628, 0xF889 }, // U+E628 = 0xF8 0x89
    { 0xE629, 0xF88A }, // U+E629 = 0xF8 0x8A
    { 0xE62A, 0xF88B }, // U+E62A = 0xF8 0x8B
    { 0xE62B, 0xF88C }, // U+E62B = 0xF8 0x8C
    { 0xE62C, 0xF88D }, // U+E62C = 0xF8 0x8D
    { 0xE62D, 0xF88E }, // U+E62D = 0xF8 0x8E
    { 0xE62E, 0xF88F }, // U+E62E = 0xF8 0x8F
    { 0xE62F, 0xF890 }, // U+E62F = 0xF8 0x90
    { 0xE630, 0xF891 }, // U+E630 = 0xF8 0x91
    { 0xE631, 0xF892 }, // U+E631 = 0xF8 0x92
    { 0xE632, 0xF893 }, // U+E632 = 0xF8 0x93
    { 0xE633, 0xF894 }, // U+E633 = 0xF8 0x94
    { 0xE634, 0xF895 }, // U+E634 = 0xF8 0x95
    { 0xE635, 0xF896 }, // U+E635 = 0xF8 0x96
    { 0xE636, 0xF897 }, // U+E636 = 0xF8 0x97
    { 0xE637, 0xF898 }, // U+E637 = 0xF8 0x98
    { 0xE638, 0xF899 }, // U+E638 = 0xF8 0x99
    { 0xE639, 0xF89A }, // U+E639 = 0xF8 0x9A
    { 0xE63A, 0xF89B }, // U+E63A = 0xF8 0x9B
    { 0xE63B, 0xF89C }, // U+E63B = 0xF8 0x9C
    { 0xE63C, 0xF89D }, // U+E63C = 0xF8 0x9D
    { 0xE63D, 0xF89E }, // U+E63D = 0xF8 0x9E
    { 0xE63E, 0xF89F }, // U+E63E = 0xF8 0x9F
    { 0xE63F, 0xF8A0 }, // U+E63F = 0xF8 0xA0
    { 0xE640, 0xF8A1 }, // U+E640 = 0xF8 0xA1
    { 0xE641, 0xF8A2 }, // U+E641 = 0xF8 0xA2
    { 0xE642, 0xF8A3 }, // U+E642 = 0xF8 0xA3
    { 0xE643, 0xF8A4 }, // U+E643 = 0xF8 0xA4
    { 0xE644, 0xF8A5 }, // U+E644 = 0xF8 0xA5
    { 0xE645, 0xF8A6 }, // U+E645 = 0xF8 0xA6
    { 0xE646, 0xF8A7 }, // U+E646 = 0xF8 0xA7
    { 0xE647, 0xF8A8 }, // U+E647 = 0xF8 0xA8
    { 0xE648, 0xF8A9 }, // U+E648 = 0xF8 0xA9
    { 0xE649, 0xF8AA }, // U+E649 = 0xF8 0xAA
    { 0xE64A, 0xF8AB }, // U+E64A = 0xF8 0xAB
    { 0xE64B, 0xF8AC }, // U+E64B = 0xF8 0xAC
    { 0xE64C, 0xF8AD }, // U+E64C = 0xF8 0xAD
    { 0xE64D, 0xF8AE }, // U+E64D = 0xF8 0xAE
    { 0xE64E, 0xF8AF }, // U+E64E = 0xF8 0xAF
    { 0xE64F, 0xF8B0 }, // U+E64F = 0xF8 0xB0
    { 0xE650, 0xF8B1 }, // U+E650 = 0xF8 0xB1
    { 0xE651, 0xF8B2 }, // U+E651 = 0xF8 0xB2
    { 0xE652, 0xF8B3 }, // U+E652 = 0xF8 0xB3
    { 0xE653, 0xF8B4 }, // U+E653 = 0xF8 0xB4
    { 0xE654, 0xF8B5 }, // U+E654 = 0xF8 0xB5
    { 0xE655, 0xF8B6 }, // U+E655 = 0xF8 0xB6
    { 0xE656, 0xF8B7 }, // U+E656 = 0xF8 0xB7
    { 0xE657, 0xF8B8 }, // U+E657 = 0xF8 0xB8
    { 0xE658, 0xF8B9 }, // U+E658 = 0xF8 0xB9
    { 0xE659, 0xF8BA }, // U+E659 = 0xF8 0xBA
    { 0xE65A, 0xF8BB }, // U+E65A = 0xF8 0xBB
    { 0xE65B, 0xF8BC }, // U+E65B = 0xF8 0xBC
    { 0xE65C, 0xF8BD }, // U+E65C = 0xF8 0xBD
    { 0xE65D, 0xF8BE }, // U+E65D = 0xF8 0xBE
    { 0xE65E, 0xF8BF }, // U+E65E = 0xF8 0xBF
    { 0xE65F, 0xF8C0 }, // U+E65F = 0xF8 0xC0
    { 0xE660, 0xF8C1 }, // U+E660 = 0xF8 0xC1
    { 0xE661, 0xF8C2 }, // U+E661 = 0xF8 0xC2
    { 0xE662, 0xF8C3 }, // U+E662 = 0xF8 0xC3
    { 0xE663, 0xF8C4 }, // U+E663 = 0xF8 0xC4
    { 0xE664, 0xF8C5 }, // U+E664 = 0xF8 0xC5
    { 0xE665, 0xF8C6 }, // U+E665 = 0xF8 0xC6
    { 0xE666, 0xF8C7 }, // U+E666 = 0xF8 0xC7
    { 0xE667, 0xF8C8 }, // U+E667 = 0xF8 0xC8
    { 0xE668, 0xF8C9 }, // U+E668 = 0xF8 0xC9
    { 0xE669, 0xF8CA }, // U+E669 = 0xF8 0xCA
    { 0xE66A, 0xF8CB }, // U+E66A = 0xF8 0xCB
    { 0xE66B, 0xF8CC }, // U+E66B = 0xF8 0xCC
    { 0xE66C, 0xF8CD }, // U+E66C = 0xF8 0xCD
    { 0xE66D, 0xF8CE }, // U+E66D = 0xF8 0xCE
    { 0xE66E, 0xF8CF }, // U+E66E = 0xF8 0xCF
    { 0xE66F, 0xF8D0 }, // U+E66F = 0xF8 0xD0
    { 0xE670, 0xF8D1 }, // U+E670 = 0xF8 0xD1
    { 0xE671, 0xF8D2 }, // U+E671 = 0xF8 0xD2
    { 0xE672, 0xF8D3 }, // U+E672 = 0xF8 0xD3
    { 0xE673, 0xF8D4 }, // U+E673 = 0xF8 0xD4
    { 0xE674, 0xF8D5 }, // U+E674 = 0xF8 0xD5
    { 0xE675, 0xF8D6 }, // U+E675 = 0xF8 0xD6
    { 0xE676, 0xF8D7 }, // U+E676 = 0xF8 0xD7
    { 0xE677, 0xF8D8 }, // U+E677 = 0xF8 0xD8
    { 0xE678, 0xF8D9 }, // U+E678 = 0xF8 0xD9
    { 0xE679, 0xF8DA }, // U+E679 = 0xF8 0xDA
    { 0xE67A, 0xF8DB }, // U+E67A = 0xF8 0xDB
    { 0xE67B, 0xF8DC }, // U+E67B = 0xF8 0xDC
    { 0xE67C, 0xF8DD }, // U+E67C = 0xF8 0xDD
    { 0xE67D, 0xF8DE }, // U+E67D = 0xF8 0xDE
    { 0xE67E, 0xF8DF }, // U+E67E = 0xF8 0xDF
    { 0xE67F, 0xF8E0 }, // U+E67F = 0xF8 0xE0
    { 0xE680, 0xF8E1 }, // U+E680 = 0xF8 0xE1
    { 0xE681, 0xF8E2 }, // U+E681 = 0xF8 0xE2
    { 0xE682, 0xF8E3 }, // U+E682 = 0xF8 0xE3
    { 0xE683, 0xF8E4 }, // U+E683 = 0xF8 0xE4
    { 0xE684, 0xF8E5 }, // U+E684 = 0xF8 0xE5
    { 0xE685, 0xF8E6 }, // U+E685 = 0xF8 0xE6
    { 0xE686, 0xF8E7 }, // U+E686 = 0xF8 0xE7
    { 0xE687, 0xF8E8 }, // U+E687 = 0xF8 0xE8
    { 0xE688, 0xF8E9 }, // U+E688 = 0xF8 0xE9
    { 0xE689, 0xF8EA }, // U+E689 = 0xF8 0xEA
    { 0xE68A, 0xF8EB }, // U+E68A = 0xF8 0xEB
    { 0xE68B, 0xF8EC }, // U+E68B = 0xF8 0xEC
    { 0xE68C, 0xF8ED }, // U+E68C = 0xF8 0xED
    { 0xE68D, 0xF8EE }, // U+E68D = 0xF8 0xEE
    { 0xE68E, 0xF8EF }, // U+E68E = 0xF8 0xEF
    { 0xE68F, 0xF8F0 }, // U+E68F = 0xF8 0xF0
    { 0xE690, 0xF8F1 }, // U+E690 = 0xF8 0xF1
    { 0xE691, 0xF8F2 }, // U+E691 = 0xF8 0xF2
    { 0xE692, 0xF8F3 }, // U+E692 = 0xF8 0xF3
    { 0xE693, 0xF8F4 }, // U+E693 = 0xF8 0xF4
    { 0xE694, 0xF8F5 }, // U+E694 = 0xF8 0xF5
    { 0xE695, 0xF8F6 }, // U+E695 = 0xF8 0xF6
    { 0xE696, 0xF8F7 }, // U+E696 = 0xF8 0xF7
    { 0xE697, 0xF8F8 }, // U+E697 = 0xF8 0xF8
    { 0xE698, 0xF8F9 }, // U+E698 = 0xF8 0xF9
    { 0xE699, 0xF8FA }, // U+E699 = 0xF8 0xFA
    { 0xE69A, 0xF8FB }, // U+E69A = 0xF8 0xFB
    { 0xE69B, 0xF8FC }, // U+E69B = 0xF8 0xFC
    { 0xE69C, 0xF940 }, // U+E69C = 0xF9 0x40
    { 0xE69D, 0xF941 }, // U+E69D = 0xF9 0x41
    { 0xE69E, 0xF942 }, // U+E69E = 0xF9 0x42
    { 0xE69F, 0xF943 }, // U+E69F = 0xF9 0x43
    { 0xE6A0, 0xF944 }, // U+E6A0 = 0xF9 0x44
    { 0xE6A1, 0xF945 }, // U+E6A1 = 0xF9 0x45
    { 0xE6A2, 0xF946 }, // U+E6A2 = 0xF9 0x46
    { 0xE6A3, 0xF947 }, // U+E6A3 = 0xF9 0x47
    { 0xE6A4, 0xF948 }, // U+E6A4 = 0xF9 0x48
    { 0xE6A5, 0xF949 }, // U+E6A5 = 0xF9 0x49
    { 0xE6A6, 0xF94A }, // U+E6A6 = 0xF9 0x4A
    { 0xE6A7, 0xF94B }, // U+E6A7 = 0xF9 0x4B
    { 0xE6A8, 0xF94C }, // U+E6A8 = 0xF9 0x4C
    { 0xE6A9, 0xF94D }, // U+E6A9 = 0xF9 0x4D
    { 0xE6AA, 0xF94E }, // U+E6AA = 0xF9 0x4E
    { 0xE6AB, 0xF94F }, // U+E6AB = 0xF9 0x4F
    { 0xE6AC, 0xF950 }, // U+E6AC = 0xF9 0x50
    { 0xE6AD, 0xF951 }, // U+E6AD = 0xF9 0x51
    { 0xE6AE, 0xF952 }, // U+E6AE = 0xF9 0x52
    { 0xE6AF, 0xF953 }, // U+E6AF = 0xF9 0x53
    { 0xE6B0, 0xF954 }, // U+E6B0 = 0xF9 0x54
    { 0xE6B1, 0xF955 }, // U+E6B1 = 0xF9 0x55
    { 0xE6B2, 0xF956 }, // U+E6B2 = 0xF9 0x56
    { 0xE6B3, 0xF957 }, // U+E6B3 = 0xF9 0x57
    { 0xE6B4, 0xF958 }, // U+E6B4 = 0xF9 0x58
    { 0xE6B5, 0xF959 }, // U+E6B5 = 0xF9 0x59
    { 0xE6B6, 0xF95A }, // U+E6B6 = 0xF9 0x5A
    { 0xE6B7, 0xF95B }, // U+E6B7 = 0xF9 0x5B
    { 0xE6B8, 0xF95C }, // U+E6B8 = 0xF9 0x5C
    { 0xE6B9, 0xF95D }, // U+E6B9 = 0xF9 0x5D
    { 0xE6BA, 0xF95E }, // U+E6BA = 0xF9 0x5E
    { 0xE6BB, 0xF95F }, // U+E6BB = 0xF9 0x5F
    { 0xE6BC, 0xF960 }, // U+E6BC = 0xF9 0x60
    { 0xE6BD, 0xF961 }, // U+E6BD = 0xF9 0x61
    { 0xE6BE, 0xF962 }, // U+E6BE = 0xF9 0x62
    { 0xE6BF, 0xF963 }, // U+E6BF = 0xF9 0x63
    { 0xE6C0, 0xF964 }, // U+E6C0 = 0xF9 0x64
    { 0xE6C1, 0xF965 }, // U+E6C1 = 0xF9 0x65
    { 0xE6C2, 0xF966 }, // U+E6C2 = 0xF9 0x66
    { 0xE6C3, 0xF967 }, // U+E6C3 = 0xF9 0x67
    { 0xE6C4, 0xF968 }, // U+E6C4 = 0xF9 0x68
    { 0xE6C5, 0xF969 }, // U+E6C5 = 0xF9 0x69
    { 0xE6C6, 0xF96A }, // U+E6C6 = 0xF9 0x6A
    { 0xE6C7, 0xF96B }, // U+E6C7 = 0xF9 0x6B
    { 0xE6C8, 0xF96C }, // U+E6C8 = 0xF9 0x6C
    { 0xE6C9, 0xF96D }, // U+E6C9 = 0xF9 0x6D
    { 0xE6CA, 0xF96E }, // U+E6CA = 0xF9 0x6E
    { 0xE6CB, 0xF96F }, // U+E6CB = 0xF9 0x6F
    { 0xE6CC, 0xF970 }, // U+E6CC = 0xF9 0x70
    { 0xE6CD, 0xF971 }, // U+E6CD = 0xF9 0x71
    { 0xE6CE, 0xF972 }, // U+E6CE = 0xF9 0x72
    { 0xE6CF, 0xF973 }, // U+E6CF = 0xF9 0x73
    { 0xE6D0, 0xF974 }, // U+E6D0 = 0xF9 0x74
    { 0xE6D1, 0xF975 }, // U+E6D1 = 0xF9 0x75
    { 0xE6D2, 0xF976 }, // U+E6D2 = 0xF9 0x76
    { 0xE6D3, 0xF977 }, // U+E6D3 = 0xF9 0x77
    { 0xE6D4, 0xF978 }, // U+E6D4 = 0xF9 0x78
    { 0xE6D5, 0xF979 }, // U+E6D5 = 0xF9 0x79
    { 0xE6D6, 0xF97A }, // U+E6D6 = 0xF9 0x7A
    { 0xE6D7, 0xF97B }, // U+E6D7 = 0xF9 0x7B
    { 0xE6D8, 0xF97C }, // U+E6D8 = 0xF9 0x7C
    { 0xE6D9, 0xF97D }, // U+E6D9 = 0xF9 0x7D
    { 0xE6DA, 0xF97E }, // U+E6DA = 0xF9 0x7E
    { 0xE6DB, 0xF980 }, // U+E6DB = 0xF9 0x80
    { 0xE6DC, 0xF981 }, // U+E6DC = 0xF9 0x81
    { 0xE6DD, 0xF982 }, // U+E6DD = 0xF9 0x82
    { 0xE6DE, 0xF983 }, // U+E6DE = 0xF9 0x83
    { 0xE6DF, 0xF984 }, // U+E6DF = 0xF9 0x84
    { 0xE6E0, 0xF985 }, // U+E6E0 = 0xF9 0x85
    { 0xE6E1, 0xF986 }, // U+E6E1 = 0xF9 0x86
    { 0xE6E2, 0xF987 }, // U+E6E2 = 0xF9 0x87
    { 0xE6E3, 0xF988 }, // U+E6E3 = 0xF9 0x88
    { 0xE6E4, 0xF989 }, // U+E6E4 = 0xF9 0x89
    { 0xE6E5, 0xF98A }, // U+E6E5 = 0xF9 0x8A
    { 0xE6E6, 0xF98B }, // U+E6E6 = 0xF9 0x8B
    { 0xE6E7, 0xF98C }, // U+E6E7 = 0xF9 0x8C
    { 0xE6E8, 0xF98D }, // U+E6E8 = 0xF9 0x8D
    { 0xE6E9, 0xF98E }, // U+E6E9 = 0xF9 0x8E
    { 0xE6EA, 0xF98F }, // U+E6EA = 0xF9 0x8F
    { 0xE6EB, 0xF990 }, // U+E6EB = 0xF9 0x90
    { 0xE6EC, 0xF991 }, // U+E6EC = 0xF9 0x91
    { 0xE6ED, 0xF992 }, // U+E6ED = 0xF9 0x92
    { 0xE6EE, 0xF993 }, // U+E6EE = 0xF9 0x93
    { 0xE6EF, 0xF994 }, // U+E6EF = 0xF9 0x94
    { 0xE6F0, 0xF995 }, // U+E6F0 = 0xF9 0x95
    { 0xE6F1, 0xF996 }, // U+E6F1 = 0xF9 0x96
    { 0xE6F2, 0xF997 }, // U+E6F2 = 0xF9 0x97
    { 0xE6F3, 0xF998 }, // U+E6F3 = 0xF9 0x98
    { 0xE6F4, 0xF999 }, // U+E6F4 = 0xF9 0x99
    { 0xE6F5, 0xF99A }, // U+E6F5 = 0xF9 0x9A
    { 0xE6F6, 0xF99B }, // U+E6F6 = 0xF9 0x9B
    { 0xE6F7, 0xF99C }, // U+E6F7 = 0xF9 0x9C
    { 0xE6F8, 0xF99D }, // U+E6F8 = 0xF9 0x9D
    { 0xE6F9, 0xF99E }, // U+E6F9 = 0xF9 0x9E
    { 0xE6FA, 0xF99F }, // U+E6FA = 0xF9 0x9F
    { 0xE6FB, 0xF9A0 }, // U+E6FB = 0xF9 0xA0
    { 0xE6FC, 0xF9A1 }, // U+E6FC = 0xF9 0xA1
    { 0xE6FD, 0xF9A2 }, // U+E6FD = 0xF9 0xA2
    { 0xE6FE, 0xF9A3 }, // U+E6FE = 0xF9 0xA3
    { 0xE6FF, 0xF9A4 }, // U+E6FF = 0xF9 0xA4
    { 0xE700, 0xF9A5 }, // U+E700 = 0xF9 0xA5
    { 0xE701, 0xF9A6 }, // U+E701 = 0xF9 0xA6
    { 0xE702, 0xF9A7 }, // U+E702 = 0xF9 0xA7
    { 0xE703, 0xF9A8 }, // U+E703 = 0xF9 0xA8
    { 0xE704, 0xF9A9 }, // U+E704 = 0xF9 0xA9
    { 0xE705, 0xF9AA }, // U+E705 = 0xF9 0xAA
    { 0xE706, 0xF9AB }, // U+E706 = 0xF9 0xAB
    { 0xE707, 0xF9AC }, // U+E707 = 0xF9 0xAC
    { 0xE708, 0xF9AD }, // U+E708 = 0xF9 0xAD
    { 0xE709, 0xF9AE }, // U+E709 = 0xF9 0xAE
    { 0xE70A, 0xF9AF }, // U+E70A = 0xF9 0xAF
    { 0xE70B, 0xF9B0 }, // U+E70B = 0xF9 0xB0
    { 0xE70C, 0xF9B1 }, // U+E70C = 0xF9 0xB1
    { 0xE70D, 0xF9B2 }, // U+E70D = 0xF9 0xB2
    { 0xE70E, 0xF9B3 }, // U+E70E = 0xF9 0xB3
    { 0xE70F, 0xF9B4 }, // U+E70F = 0xF9 0xB4
    { 0xE710, 0xF9B5 }, // U+E710 = 0xF9 0xB5
    { 0xE711, 0xF9B6 }, // U+E711 = 0xF9 0xB6
    { 0xE712, 0xF9B7 }, // U+E712 = 0xF9 0xB7
    { 0xE713, 0xF9B8 }, // U+E713 = 0xF9 0xB8
    { 0xE714, 0xF9B9 }, // U+E714 = 0xF9 0xB9
    { 0xE715, 0xF9BA }, // U+E715 = 0xF9 0xBA
    { 0xE716, 0xF9BB }, // U+E716 = 0xF9 0xBB
    { 0xE717, 0xF9BC }, // U+E717 = 0xF9 0xBC
    { 0xE718, 0xF9BD }, // U+E718 = 0xF9 0xBD
    { 0xE719, 0xF9BE }, // U+E719 = 0xF9 0xBE
    { 0xE71A, 0xF9BF }, // U+E71A = 0xF9 0xBF
    { 0xE71B, 0xF9C0 }, // U+E71B = 0xF9 0xC0
    { 0xE71C, 0xF9C1 }, // U+E71C = 0xF9 0xC1
    { 0xE71D, 0xF9C2 }, // U+E71D = 0xF9 0xC2
    { 0xE71E, 0xF9C3 }, // U+E71E = 0xF9 0xC3
    { 0xE71F, 0xF9C4 }, // U+E71F = 0xF9 0xC4
    { 0xE720, 0xF9C5 }, // U+E720 = 0xF9 0xC5
    { 0xE721, 0xF9C6 }, // U+E721 = 0xF9 0xC6
    { 0xE722, 0xF9C7 }, // U+E722 = 0xF9 0xC7
    { 0xE723, 0xF9C8 }, // U+E723 = 0xF9 0xC8
    { 0xE724, 0xF9C9 }, // U+E724 = 0xF9 0xC9
    { 0xE725, 0xF9CA }, // U+E725 = 0xF9 0xCA
    { 0xE726, 0xF9CB }, // U+E726 = 0xF9 0xCB
    { 0xE727, 0xF9CC }, // U+E727 = 0xF9 0xCC
    { 0xE728, 0xF9CD }, // U+E728 = 0xF9 0xCD
    { 0xE729, 0xF9CE }, // U+E729 = 0xF9 0xCE
    { 0xE72A, 0xF9CF }, // U+E72A = 0xF9 0xCF
    { 0xE72B, 0xF9D0 }, // U+E72B = 0xF9 0xD0
    { 0xE72C, 0xF9D1 }, // U+E72C = 0xF9 0xD1
    { 0xE72D, 0xF9D2 }, // U+E72D = 0xF9 0xD2
    { 0xE72E, 0xF9D3 }, // U+E72E = 0xF9 0xD3
    { 0xE72F, 0xF9D4 }, // U+E72F = 0xF9 0xD4
    { 0xE730, 0xF9D5 }, // U+E730 = 0xF9 0xD5
    { 0xE731, 0xF9D6 }, // U+E731 = 0xF9 0xD6
    { 0xE732, 0xF9D7 }, // U+E732 = 0xF9 0xD7
    { 0xE733, 0xF9D8 }, // U+E733 = 0xF9 0xD8
    { 0xE734, 0xF9D9 }, // U+E734 = 0xF9 0xD9
    { 0xE735, 0xF9DA }, // U+E735 = 0xF9 0xDA
    { 0xE736, 0xF9DB }, // U+E736 = 0xF9 0xDB
    { 0xE737, 0xF9DC }, // U+E737 = 0xF9 0xDC
    { 0xE738, 0xF9DD }, // U+E738 = 0xF9 0xDD
    { 0xE739, 0xF9DE }, // U+E739 = 0xF9 0xDE
    { 0xE73A, 0xF9DF }, // U+E73A = 0xF9 0xDF
    { 0xE73B, 0xF9E0 }, // U+E73B = 0xF9 0xE0
    { 0xE73C, 0xF9E1 }, // U+E73C = 0xF9 0xE1
    { 0xE73D, 0xF9E2 }, // U+E73D = 0xF9 0xE2
    { 0xE73E, 0xF9E3 }, // U+E73E = 0xF9 0xE3
    { 0xE73F, 0xF9E4 }, // U+E73F = 0xF9 0xE4
    { 0xE740, 0xF9E5 }, // U+E740 = 0xF9 0xE5
    { 0xE741, 0xF9E6 }, // U+E741 = 0xF9 0xE6
    { 0xE742, 0xF9E7 }, // U+E742 = 0xF9 0xE7
    { 0xE743, 0xF9E8 }, // U+E743 = 0xF9 0xE8
    { 0xE744, 0xF9E9 }, // U+E744 = 0xF9 0xE9
    { 0xE745, 0xF9EA }, // U+E745 = 0xF9 0xEA
    { 0xE746, 0xF9EB }, // U+E746 = 0xF9 0xEB
    { 0xE747, 0xF9EC }, // U+E747 = 0xF9 0xEC
    { 0xE748, 0xF9ED }, // U+E748 = 0xF9 0xED
    { 0xE749, 0xF9EE }, // U+E749 = 0xF9 0xEE
    { 0xE74A, 0xF9EF }, // U+E74A = 0xF9 0xEF
    { 0xE74B, 0xF9F0 }, // U+E74B = 0xF9 0xF0
    { 0xE74C, 0xF9F1 }, // U+E74C = 0xF9 0xF1
    { 0xE74D, 0xF9F2 }, // U+E74D = 0xF9 0xF2
    { 0xE74E, 0xF9F3 }, // U+E74E = 0xF9 0xF3
    { 0xE74F, 0xF9F4 }, // U+E74F = 0xF9 0xF4
    { 0xE750, 0xF9F5 }, // U+E750 = 0xF9 0xF5
    { 0xE751, 0xF9F6 }, // U+E751 = 0xF9 0xF6
    { 0xE752, 0xF9F7 }, // U+E752 = 0xF9 0xF7
    { 0xE753, 0xF9F8 }, // U+E753 = 0xF9 0xF8
    { 0xE754, 0xF9F9 }, // U+E754 = 0xF9 0xF9
    { 0xE755, 0xF9FA }, // U+E755 = 0xF9 0xFA
    { 0xE756, 0xF9FB }, // U+E756 = 0xF9 0xFB
    { 0xE757, 0xF9FC }, // U+E757 = 0xF9 0xFC
    { 0xF8F0, 0x00A0 }, // U+F8F0 = 0xA0
    { 0xF8F1, 0x00FD }, // U+F8F1 = 0xFD
    { 0xF8F2, 0x00FE }, // U+F8F2 = 0xFE
    { 0xF8F3, 0x00FF }, // U+F8F3 = 0xFF
    { 0xF929, 0xFAE0 }, // U+F929 = 0xFA 0xE0
    { 0xF9DC, 0xFBE9 }, // U+F9DC = 0xFB 0xE9
    { 0xFA0E, 0xFA90 }, // U+FA0E = 0xFA 0x90
    { 0xFA0F, 0xFA9B }, // U+FA0F = 0xFA 0x9B
    { 0xFA10, 0xFA9C }, // U+FA10 = 0xFA 0x9C
    { 0xFA11, 0xFAB1 }, // U+FA11 = 0xFA 0xB1
    { 0xFA12, 0xFAD8 }, // U+FA12 = 0xFA 0xD8
    { 0xFA13, 0xFAE8 }, // U+FA13 = 0xFA 0xE8
    { 0xFA14, 0xFAEA }, // U+FA14 = 0xFA 0xEA
    { 0xFA15, 0xFB58 }, // U+FA15 = 0xFB 0x58
    { 0xFA16, 0xFB5E }, // U+FA16 = 0xFB 0x5E
    { 0xFA17, 0xFB75 }, // U+FA17 = 0xFB 0x75
    { 0xFA18, 0xFB7D }, // U+FA18 = 0xFB 0x7D
    { 0xFA19, 0xFB7E }, // U+FA19 = 0xFB 0x7E
    { 0xFA1A, 0xFB80 }, // U+FA1A = 0xFB 0x80
    { 0xFA1B, 0xFB82 }, // U+FA1B = 0xFB 0x82
    { 0xFA1C, 0xFB86 }, // U+FA1C = 0xFB 0x86
    { 0xFA1D, 0xFB89 }, // U+FA1D = 0xFB 0x89
    { 0xFA1E, 0xFB92 }, // U+FA1E = 0xFB 0x92
    { 0xFA1F, 0xFB9D }, // U+FA1F = 0xFB 0x9D
    { 0xFA20, 0xFB9F }, // U+FA20 = 0xFB 0x9F
    { 0xFA21, 0xFBA0 }, // U+FA21 = 0xFB 0xA0
    { 0xFA22, 0xFBA9 }, // U+FA22 = 0xFB 0xA9
    { 0xFA23, 0xFBB1 }, // U+FA23 = 0xFB 0xB1
    { 0xFA24, 0xFBB3 }, // U+FA24 = 0xFB 0xB3
    { 0xFA25, 0xFBB4 }, // U+FA25 = 0xFB 0xB4
    { 0xFA26, 0xFBB7 }, // U+FA26 = 0xFB 0xB7
    { 0xFA27, 0xFBD3 }, // U+FA27 = 0xFB 0xD3
    { 0xFA28, 0xFBDA }, // U+FA28 = 0xFB 0xDA
    { 0xFA29, 0xFBEA }, // U+FA29 = 0xFB 0xEA
    { 0xFA2A, 0xFBF6 }, // U+FA2A = 0xFB 0xF6
    { 0xFA2B, 0xFBF7 }, // U+FA2B = 0xFB 0xF7
    { 0xFA2C, 0xFBF9 }, // U+FA2C = 0xFB 0xF9
    { 0xFA2D, 0xFC49 }, // U+FA2D = 0xFC 0x49
    { 0xFF01, 0x8149 }, // U+FF01 = 0x81 0x49
    { 0xFF02, 0xFA57 }, // U+FF02 = 0xFA 0x57
    { 0xFF03, 0x8194 }, // U+FF03 = 0x81 0x94
    { 0xFF04, 0x8190 }, // U+FF04 = 0x81 0x90
    { 0xFF05, 0x8193 }, // U+FF05 = 0x81 0x93
    { 0xFF06, 0x8195 }, // U+FF06 = 0x81 0x95
    { 0xFF07, 0xFA56 }, // U+FF07 = 0xFA 0x56
    { 0xFF08, 0x8169 }, // U+FF08 = 0x81 0x69
    { 0xFF09, 0x816A }, // U+FF09 = 0x81 0x6A
    { 0xFF0A, 0x8196 }, // U+FF0A = 0x81 0x96
    { 0xFF0B, 0x817B }, // U+FF0B = 0x81 0x7B
    { 0xFF0C, 0x8143 }, // U+FF0C = 0x81 0x43
    { 0xFF0D, 0x817C }, // U+FF0D = 0x81 0x7C
    { 0xFF0E, 0x8144 }, // U+FF0E = 0x81 0x44
    { 0xFF0F, 0x815E }, // U+FF0F = 0x81 0x5E
    { 0xFF10, 0x824F }, // U+FF10 = 0x82 0x4F
    { 0xFF11, 0x8250 }, // U+FF11 = 0x82 0x50
    { 0xFF12, 0x8251 }, // U+FF12 = 0x82 0x51
    { 0xFF13, 0x8252 }, // U+FF13 = 0x82 0x52
    { 0xFF14, 0x8253 }, // U+FF14 = 0x82 0x53
    { 0xFF15, 0x8254 }, // U+FF15 = 0x82 0x54
    { 0xFF16, 0x8255 }, // U+FF16 = 0x82 0x55
    { 0xFF17, 0x8256 }, // U+FF17 = 0x82 0x56
    { 0xFF18, 0x8257 }, // U+FF18 = 0x82 0x57
    { 0xFF19, 0x8258 }, // U+FF19 = 0x82 0x58
    { 0xFF1A, 0x8146 }, // U+FF1A = 0x81 0x46
    { 0xFF1B, 0x8147 }, // U+FF1B = 0x81 0x47
    { 0xFF1C, 0x8183 }, // U+FF1C = 0x81 0x83
    { 0xFF1D, 0x8181 }, // U+FF1D = 0x81 0x81
    { 0xFF1E, 0x8184 }, // U+FF1E = 0x81 0x84
    { 0xFF1F, 0x8148 }, // U+FF1F = 0x81 0x48
    { 0xFF20, 0x8197 }, // U+FF20 = 0x81 0x97
    { 0xFF21, 0x8260 }, // U+FF21 = 0x82 0x60
    { 0xFF22, 0x8261 }, // U+FF22 = 0x82 0x61
    { 0xFF23, 0x8262 }, // U+FF23 = 0x82 0x62
    { 0xFF24, 0x8263 }, // U+FF24 = 0x82 0x63
    { 0xFF25, 0x8264 }, // U+FF25 = 0x82 0x64
    { 0xFF26, 0x8265 }, // U+FF26 = 0x82 0x65
    { 0xFF27, 0x8266 }, // U+FF27 = 0x82 0x66
    { 0xFF28, 0x8267 }, // U+FF28 = 0x82 0x67
    { 0xFF29, 0x8268 }, // U+FF29 = 0x82 0x68
    { 0xFF2A, 0x8269 }, // U+FF2A = 0x82 0x69
    { 0xFF2B, 0x826A }, // U+FF2B = 0x82 0x6A
    { 0xFF2C, 0x826B }, // U+FF2C = 0x82 0x6B
    { 0xFF2D, 0x826C }, // U+FF2D = 0x82 0x6C
    { 0xFF2E, 0x826D }, // U+FF2E = 0x82 0x6D
    { 0xFF2F, 0x826E }, // U+FF2F = 0x82 0x6E
    { 0xFF30, 0x826F }, // U+FF30 = 0x82 0x6F
    { 0xFF31, 0x8270 }, // U+FF31 = 0x82 0x70
    { 0xFF32, 0x8271 }, // U+FF32 = 0x82 0x71
    { 0xFF33, 0x8272 }, // U+FF33 = 0x82 0x72
    { 0xFF34, 0x8273 }, // U+FF34 = 0x82 0x73
    { 0xFF35, 0x8274 }, // U+FF35 = 0x82 0x74
    { 0xFF36, 0x8275 }, // U+FF36 = 0x82 0x75
    { 0xFF37, 0x8276 }, // U+FF37 = 0x82 0x76
    { 0xFF38, 0x8277 }, // U+FF38 = 0x82 0x77
    { 0xFF39, 0x8278 }, // U+FF39 = 0x82 0x78
    { 0xFF3A, 0x8279 }, // U+FF3A = 0x82 0x79
    { 0xFF3B, 0x816D }, // U+FF3B = 0x81 0x6D
    { 0xFF3C, 0x815F }, // U+FF3C = 0x81 0x5F
    { 0xFF3D, 0x816E }, // U+FF3D = 0x81 0x6E
    { 0xFF3E, 0x814F }, // U+FF3E = 0x81 0x4F
    { 0xFF3F, 0x8151 }, // U+FF3F = 0x81 0x51
    { 0xFF40, 0x814D }, // U+FF40 = 0x81 0x4D
    { 0xFF41, 0x8281 }, // U+FF41 = 0x82 0x81
    { 0xFF42, 0x8282 }, // U+FF42 = 0x82 0x82
    { 0xFF43, 0x8283 }, // U+FF43 = 0x82 0x83
    { 0xFF44, 0x8284 }, // U+FF44 = 0x82 0x84
    { 0xFF45, 0x8285 }, // U+FF45 = 0x82 0x85
    { 0xFF46, 0x8286 }, // U+FF46 = 0x82 0x86
    { 0xFF47, 0x8287 }, // U+FF47 = 0x82 0x87
    { 0xFF48, 0x8288 }, // U+FF48 = 0x82 0x88
    { 0xFF49, 0x8289 }, // U+FF49 = 0x82 0x89
    { 0xFF4A, 0x828A }, // U+FF4A = 0x82 0x8A
    { 0xFF4B, 0x828B }, // U+FF4B = 0x82 0x8B
    { 0xFF4C, 0x828C }, // U+FF4C = 0x82 0x8C
    { 0xFF4D, 0x828D }, // U+FF4D = 0x82 0x8D
    { 0xFF4E, 0x828E }, // U+FF4E = 0x82 0x8E
    { 0xFF4F, 0x828F }, // U+FF4F = 0x82 0x8F
    { 0xFF50, 0x8290 }, // U+FF50 = 0x82 0x90
    { 0xFF51, 0x8291 }, // U+FF51 = 0x82 0x91
    { 0xFF52, 0x8292 }, // U+FF52 = 0x82 0x92
    { 0xFF53, 0x8293 }, // U+FF53 = 0x82 0x93
    { 0xFF54, 0x8294 }, // U+FF54 = 0x82 0x94
    { 0xFF55, 0x8295 }, // U+FF55 = 0x82 0x95
    { 0xFF56, 0x8296 }, // U+FF56 = 0x82 0x96
    { 0xFF57, 0x8297 }, // U+FF57 = 0x82 0x97
    { 0xFF58, 0x8298 }, // U+FF58 = 0x82 0x98
    { 0xFF59, 0x8299 }, // U+FF59 = 0x82 0x99
    { 0xFF5A, 0x829A }, // U+FF5A = 0x82 0x9A
    { 0xFF5B, 0x816F }, // U+FF5B = 0x81 0x6F
    { 0xFF5C, 0x8162 }, // U+FF5C = 0x81 0x62
    { 0xFF5D, 0x8170 }, // U+FF5D = 0x81 0x70
    { 0xFF5E, 0x8160 }, // U+FF5E = 0x81 0x60
    { 0xFF61, 0x00A1 }, // U+FF61 = 0xA1
    { 0xFF62, 0x00A2 }, // U+FF62 = 0xA2
    { 0xFF63, 0x00A3 }, // U+FF63 = 0xA3
    { 0xFF64, 0x00A4 }, // U+FF64 = 0xA4
    { 0xFF65, 0x00A5 }, // U+FF65 = 0xA5
    { 0xFF66, 0x00A6 }, // U+FF66 = 0xA6
    { 0xFF67, 0x00A7 }, // U+FF67 = 0xA7
    { 0xFF68, 0x00A8 }, // U+FF68 = 0xA8
    { 0xFF69, 0x00A9 }, // U+FF69 = 0xA9
    { 0xFF6A, 0x00AA }, // U+FF6A = 0xAA
    { 0xFF6B, 0x00AB }, // U+FF6B = 0xAB
    { 0xFF6C, 0x00AC }, // U+FF6C = 0xAC
    { 0xFF6D, 0x00AD }, // U+FF6D = 0xAD
    { 0xFF6E, 0x00AE }, // U+FF6E = 0xAE
    { 0xFF6F, 0x00AF }, // U+FF6F = 0xAF
    { 0xFF70, 0x00B0 }, // U+FF70 = 0xB0
    { 0xFF71, 0x00B1 }, // U+FF71 = 0xB1
    { 0xFF72, 0x00B2 }, // U+FF72 = 0xB2
    { 0xFF73, 0x00B3 }, // U+FF73 = 0xB3
    { 0xFF74, 0x00B4 }, // U+FF74 = 0xB4
    { 0xFF75, 0x00B5 }, // U+FF75 = 0xB5
    { 0xFF76, 0x00B6 }, // U+FF76 = 0xB6
    { 0xFF77, 0x00B7 }, // U+FF77 = 0xB7
    { 0xFF78, 0x00B8 }, // U+FF78 = 0xB8
    { 0xFF79, 0x00B9 }, // U+FF79 = 0xB9
    { 0xFF7A, 0x00BA }, // U+FF7A = 0xBA
    { 0xFF7B, 0x00BB }, // U+FF7B = 0xBB
    { 0xFF7C, 0x00BC }, // U+FF7C = 0xBC
    { 0xFF7D, 0x00BD }, // U+FF7D = 0xBD
    { 0xFF7E, 0x00BE }, // U+FF7E = 0xBE
    { 0xFF7F, 0x00BF }, // U+FF7F = 0xBF
    { 0xFF80, 0x00C0 }, // U+FF80 = 0xC0
    { 0xFF81, 0x00C1 }, // U+FF81 = 0xC1
    { 0xFF82, 0x00C2 }, // U+FF82 = 0xC2
    { 0xFF83, 0x00C3 }, // U+FF83 = 0xC3
    { 0xFF84, 0x00C4 }, // U+FF84 = 0xC4
    { 0xFF85, 0x00C5 }, // U+FF85 = 0xC5
    { 0xFF86, 0x00C6 }, // U+FF86 = 0xC6
    { 0xFF87, 0x00C7 }, // U+FF87 = 0xC7
    { 0xFF88, 0x00C8 }, // U+FF88 = 0xC8
    { 0xFF89, 0x00C9 }, // U+FF89 = 0xC9
    { 0xFF8A, 0x00CA }, // U+FF8A = 0xCA
    { 0xFF8B, 0x00CB }, // U+FF8B = 0xCB
    { 0xFF8C, 0x00CC }, // U+FF8C = 0xCC
    { 0xFF8D, 0x00CD }, // U+FF8D = 0xCD
    { 0xFF8E, 0x00CE }, // U+FF8E = 0xCE
    { 0xFF8F, 0x00CF }, // U+FF8F = 0xCF
    { 0xFF90, 0x00D0 }, // U+FF90 = 0xD0
    { 0xFF91, 0x00D1 }, // U+FF91 = 0xD1
    { 0xFF92, 0x00D2 }, // U+FF92 = 0xD2
    { 0xFF93, 0x00D3 }, // U+FF93 = 0xD3
    { 0xFF94, 0x00D4 }, // U+FF94 = 0xD4
    { 0xFF95, 0x00D5 }, // U+FF95 = 0xD5
    { 0xFF96, 0x00D6 }, // U+FF96 = 0xD6
    { 0xFF97, 0x00D7 }, // U+FF97 = 0xD7
    { 0xFF98, 0x00D8 }, // U+FF98 = 0xD8
    { 0xFF99, 0x00D9 }, // U+FF99 = 0xD9
    { 0xFF9A, 0x00DA }, // U+FF9A = 0xDA
    { 0xFF9B, 0x00DB }, // U+FF9B = 0xDB
    { 0xFF9C, 0x00DC }, // U+FF9C = 0xDC
    { 0xFF9D, 0x00DD }, // U+FF9D = 0xDD
    { 0xFF9E, 0x00DE }, // U+FF9E = 0xDE
    { 0xFF9F, 0x00DF }, // U+FF9F = 0xDF
    { 0xFFE0, 0x8191 }, // U+FFE0 = 0x81 0x91
    { 0xFFE1, 0x8192 }, // U+FFE1 = 0x81 0x92
    { 0xFFE2, 0x81CA }, // U+FFE2 = 0x81 0xCA
    { 0xFFE3, 0x8150 }, // U+FFE3 = 0x81 0x50
    { 0xFFE4, 0xFA55 }, // U+FFE4 = 0xFA 0x55
    { 0xFFE5, 0x818F }, // U+FFE5 = 0x81 0x8F
};
// 9402 encodable codepoints (196 single-byte, 9206 double-byte)
